1	2
1	3
1	4
2	3
2	4
2	5
2	7
2	45
2	48
2	49
3	4
3	45
3	48
3	485
3	486
3	529
4	5
4	7
4	485
4	486
4	489
5	6
5	7
5	8
6	7
6	8
6	9
6	11
6	49
6	52
6	53
7	8
7	48
7	49
7	52
7	486
7	489
7	490
7	533
8	9
8	11
8	489
8	490
8	493
9	10
9	11
9	12
10	11
10	12
10	13
10	15
10	53
10	56
10	57
11	12
11	52
11	53
11	56
11	490
11	493
11	494
11	537
12	13
12	15
12	493
12	494
12	497
13	14
13	15
13	16
14	15
14	16
14	17
14	19
14	57
14	60
14	61
15	16
15	56
15	57
15	60
15	494
15	497
15	498
15	541
16	17
16	19
16	497
16	498
16	501
17	18
17	19
17	20
18	19
18	20
18	21
18	23
18	61
18	64
18	65
19	20
19	60
19	61
19	64
19	498
19	501
19	502
19	545
20	21
20	23
20	501
20	502
20	505
21	22
21	23
21	24
22	23
22	24
22	25
22	27
22	65
22	68
22	69
23	24
23	64
23	65
23	68
23	502
23	505
23	506
23	549
24	25
24	27
24	505
24	506
24	509
25	26
25	27
25	28
26	27
26	28
26	29
26	31
26	69
26	72
26	73
27	28
27	68
27	69
27	72
27	506
27	509
27	510
27	553
28	29
28	31
28	509
28	510
28	513
29	30
29	31
29	32
30	31
30	32
30	33
30	35
30	73
30	76
30	77
31	32
31	72
31	73
31	76
31	510
31	513
31	514
31	557
32	33
32	35
32	513
32	514
32	517
33	34
33	35
33	36
34	35
34	36
34	37
34	39
34	77
34	80
34	81
35	36
35	76
35	77
35	80
35	514
35	517
35	518
35	561
36	37
36	39
36	517
36	518
36	521
37	38
37	39
37	40
38	39
38	40
38	41
38	43
38	81
38	84
38	85
39	40
39	80
39	81
39	84
39	518
39	521
39	522
39	565
40	41
40	43
40	521
40	522
40	525
41	42
41	43
41	44
42	43
42	44
42	85
42	88
43	44
43	84
43	85
43	88
43	522
43	525
43	526
43	569
44	525
44	526
45	46
45	47
45	48
46	47
46	48
46	49
46	51
46	89
46	92
46	93
47	48
47	89
47	92
47	529
47	530
47	573
48	49
48	51
48	486
48	529
48	530
48	533
49	50
49	51
49	52
50	51
50	52
50	53
50	55
50	93
50	96
50	97
51	52
51	92
51	93
51	96
51	530
51	533
51	534
51	577
52	53
52	55
52	490
52	533
52	534
52	537
53	54
53	55
53	56
54	55
54	56
54	57
54	59
54	97
54	100
54	101
55	56
55	96
55	97
55	100
55	534
55	537
55	538
55	581
56	57
56	59
56	494
56	537
56	538
56	541
57	58
57	59
57	60
58	59
58	60
58	61
58	63
58	101
58	104
58	105
59	60
59	100
59	101
59	104
59	538
59	541
59	542
59	585
60	61
60	63
60	498
60	541
60	542
60	545
61	62
61	63
61	64
62	63
62	64
62	65
62	67
62	105
62	108
62	109
63	64
63	104
63	105
63	108
63	542
63	545
63	546
63	589
64	65
64	67
64	502
64	545
64	546
64	549
65	66
65	67
65	68
66	67
66	68
66	69
66	71
66	109
66	112
66	113
67	68
67	108
67	109
67	112
67	546
67	549
67	550
67	593
68	69
68	71
68	506
68	549
68	550
68	553
69	70
69	71
69	72
70	71
70	72
70	73
70	75
70	113
70	116
70	117
71	72
71	112
71	113
71	116
71	550
71	553
71	554
71	597
72	73
72	75
72	510
72	553
72	554
72	557
73	74
73	75
73	76
74	75
74	76
74	77
74	79
74	117
74	120
74	121
75	76
75	116
75	117
75	120
75	554
75	557
75	558
75	601
76	77
76	79
76	514
76	557
76	558
76	561
77	78
77	79
77	80
78	79
78	80
78	81
78	83
78	121
78	124
78	125
79	80
79	120
79	121
79	124
79	558
79	561
79	562
79	605
80	81
80	83
80	518
80	561
80	562
80	565
81	82
81	83
81	84
82	83
82	84
82	85
82	87
82	125
82	128
82	129
83	84
83	124
83	125
83	128
83	562
83	565
83	566
83	609
84	85
84	87
84	522
84	565
84	566
84	569
85	86
85	87
85	88
86	87
86	88
86	129
86	132
87	88
87	128
87	129
87	132
87	566
87	569
87	570
87	613
88	526
88	569
88	570
89	90
89	91
89	92
90	91
90	92
90	93
90	95
90	133
90	136
90	137
91	92
91	133
91	136
91	573
91	574
91	617
92	93
92	95
92	530
92	573
92	574
92	577
93	94
93	95
93	96
94	95
94	96
94	97
94	99
94	137
94	140
94	141
95	96
95	136
95	137
95	140
95	574
95	577
95	578
95	621
96	97
96	99
96	534
96	577
96	578
96	581
97	98
97	99
97	100
98	99
98	100
98	101
98	103
98	141
98	144
98	145
99	100
99	140
99	141
99	144
99	578
99	581
99	582
99	625
100	101
100	103
100	538
100	581
100	582
100	585
101	102
101	103
101	104
102	103
102	104
102	105
102	107
102	145
102	148
102	149
103	104
103	144
103	145
103	148
103	582
103	585
103	586
103	629
104	105
104	107
104	542
104	585
104	586
104	589
105	106
105	107
105	108
106	107
106	108
106	109
106	111
106	149
106	152
106	153
107	108
107	148
107	149
107	152
107	586
107	589
107	590
107	633
108	109
108	111
108	546
108	589
108	590
108	593
109	110
109	111
109	112
110	111
110	112
110	113
110	115
110	153
110	156
110	157
111	112
111	152
111	153
111	156
111	590
111	593
111	594
111	637
112	113
112	115
112	550
112	593
112	594
112	597
113	114
113	115
113	116
114	115
114	116
114	117
114	119
114	157
114	160
114	161
115	116
115	156
115	157
115	160
115	594
115	597
115	598
115	641
116	117
116	119
116	554
116	597
116	598
116	601
117	118
117	119
117	120
118	119
118	120
118	121
118	123
118	161
118	164
118	165
119	120
119	160
119	161
119	164
119	598
119	601
119	602
119	645
120	121
120	123
120	558
120	601
120	602
120	605
121	122
121	123
121	124
122	123
122	124
122	125
122	127
122	165
122	168
122	169
123	124
123	164
123	165
123	168
123	602
123	605
123	606
123	649
124	125
124	127
124	562
124	605
124	606
124	609
125	126
125	127
125	128
126	127
126	128
126	129
126	131
126	169
126	172
126	173
127	128
127	168
127	169
127	172
127	606
127	609
127	610
127	653
128	129
128	131
128	566
128	609
128	610
128	613
129	130
129	131
129	132
130	131
130	132
130	173
130	176
131	132
131	172
131	173
131	176
131	610
131	613
131	614
131	657
132	570
132	613
132	614
133	134
133	135
133	136
134	135
134	136
134	137
134	139
134	177
134	180
134	181
135	136
135	177
135	180
135	617
135	618
135	661
136	137
136	139
136	574
136	617
136	618
136	621
137	138
137	139
137	140
138	139
138	140
138	141
138	143
138	181
138	184
138	185
139	140
139	180
139	181
139	184
139	618
139	621
139	622
139	665
140	141
140	143
140	578
140	621
140	622
140	625
141	142
141	143
141	144
142	143
142	144
142	145
142	147
142	185
142	188
142	189
143	144
143	184
143	185
143	188
143	622
143	625
143	626
143	669
144	145
144	147
144	582
144	625
144	626
144	629
145	146
145	147
145	148
146	147
146	148
146	149
146	151
146	189
146	192
146	193
147	148
147	188
147	189
147	192
147	626
147	629
147	630
147	673
148	149
148	151
148	586
148	629
148	630
148	633
149	150
149	151
149	152
150	151
150	152
150	153
150	155
150	193
150	196
150	197
151	152
151	192
151	193
151	196
151	630
151	633
151	634
151	677
152	153
152	155
152	590
152	633
152	634
152	637
153	154
153	155
153	156
154	155
154	156
154	157
154	159
154	197
154	200
154	201
155	156
155	196
155	197
155	200
155	634
155	637
155	638
155	681
156	157
156	159
156	594
156	637
156	638
156	641
157	158
157	159
157	160
158	159
158	160
158	161
158	163
158	201
158	204
158	205
159	160
159	200
159	201
159	204
159	638
159	641
159	642
159	685
160	161
160	163
160	598
160	641
160	642
160	645
161	162
161	163
161	164
162	163
162	164
162	165
162	167
162	205
162	208
162	209
163	164
163	204
163	205
163	208
163	642
163	645
163	646
163	689
164	165
164	167
164	602
164	645
164	646
164	649
165	166
165	167
165	168
166	167
166	168
166	169
166	171
166	209
166	212
166	213
167	168
167	208
167	209
167	212
167	646
167	649
167	650
167	693
168	169
168	171
168	606
168	649
168	650
168	653
169	170
169	171
169	172
170	171
170	172
170	173
170	175
170	213
170	216
170	217
171	172
171	212
171	213
171	216
171	650
171	653
171	654
171	697
172	173
172	175
172	610
172	653
172	654
172	657
173	174
173	175
173	176
174	175
174	176
174	217
174	220
175	176
175	216
175	217
175	220
175	654
175	657
175	658
175	701
176	614
176	657
176	658
177	178
177	179
177	180
178	179
178	180
178	181
178	183
178	221
178	224
178	225
179	180
179	221
179	224
179	661
179	662
179	705
180	181
180	183
180	618
180	661
180	662
180	665
181	182
181	183
181	184
182	183
182	184
182	185
182	187
182	225
182	228
182	229
183	184
183	224
183	225
183	228
183	662
183	665
183	666
183	709
184	185
184	187
184	622
184	665
184	666
184	669
185	186
185	187
185	188
186	187
186	188
186	189
186	191
186	229
186	232
186	233
187	188
187	228
187	229
187	232
187	666
187	669
187	670
187	713
188	189
188	191
188	626
188	669
188	670
188	673
189	190
189	191
189	192
190	191
190	192
190	193
190	195
190	233
190	236
190	237
191	192
191	232
191	233
191	236
191	670
191	673
191	674
191	717
192	193
192	195
192	630
192	673
192	674
192	677
193	194
193	195
193	196
194	195
194	196
194	197
194	199
194	237
194	240
194	241
195	196
195	236
195	237
195	240
195	674
195	677
195	678
195	721
196	197
196	199
196	634
196	677
196	678
196	681
197	198
197	199
197	200
198	199
198	200
198	201
198	203
198	241
198	244
198	245
199	200
199	240
199	241
199	244
199	678
199	681
199	682
199	725
200	201
200	203
200	638
200	681
200	682
200	685
201	202
201	203
201	204
202	203
202	204
202	205
202	207
202	245
202	248
202	249
203	204
203	244
203	245
203	248
203	682
203	685
203	686
203	729
204	205
204	207
204	642
204	685
204	686
204	689
205	206
205	207
205	208
206	207
206	208
206	209
206	211
206	249
206	252
206	253
207	208
207	248
207	249
207	252
207	686
207	689
207	690
207	733
208	209
208	211
208	646
208	689
208	690
208	693
209	210
209	211
209	212
210	211
210	212
210	213
210	215
210	253
210	256
210	257
211	212
211	252
211	253
211	256
211	690
211	693
211	694
211	737
212	213
212	215
212	650
212	693
212	694
212	697
213	214
213	215
213	216
214	215
214	216
214	217
214	219
214	257
214	260
214	261
215	216
215	256
215	257
215	260
215	694
215	697
215	698
215	741
216	217
216	219
216	654
216	697
216	698
216	701
217	218
217	219
217	220
218	219
218	220
218	261
218	264
219	220
219	260
219	261
219	264
219	698
219	701
219	702
219	745
220	658
220	701
220	702
221	222
221	223
221	224
222	223
222	224
222	225
222	227
222	265
222	268
222	269
223	224
223	265
223	268
223	705
223	706
223	749
224	225
224	227
224	662
224	705
224	706
224	709
225	226
225	227
225	228
226	227
226	228
226	229
226	231
226	269
226	272
226	273
227	228
227	268
227	269
227	272
227	706
227	709
227	710
227	753
228	229
228	231
228	666
228	709
228	710
228	713
229	230
229	231
229	232
230	231
230	232
230	233
230	235
230	273
230	276
230	277
231	232
231	272
231	273
231	276
231	710
231	713
231	714
231	757
232	233
232	235
232	670
232	713
232	714
232	717
233	234
233	235
233	236
234	235
234	236
234	237
234	239
234	277
234	280
234	281
235	236
235	276
235	277
235	280
235	714
235	717
235	718
235	761
236	237
236	239
236	674
236	717
236	718
236	721
237	238
237	239
237	240
238	239
238	240
238	241
238	243
238	281
238	284
238	285
239	240
239	280
239	281
239	284
239	718
239	721
239	722
239	765
240	241
240	243
240	678
240	721
240	722
240	725
241	242
241	243
241	244
242	243
242	244
242	245
242	247
242	285
242	288
242	289
243	244
243	284
243	285
243	288
243	722
243	725
243	726
243	769
244	245
244	247
244	682
244	725
244	726
244	729
245	246
245	247
245	248
246	247
246	248
246	249
246	251
246	289
246	292
246	293
247	248
247	288
247	289
247	292
247	726
247	729
247	730
247	773
248	249
248	251
248	686
248	729
248	730
248	733
249	250
249	251
249	252
250	251
250	252
250	253
250	255
250	293
250	296
250	297
251	252
251	292
251	293
251	296
251	730
251	733
251	734
251	777
252	253
252	255
252	690
252	733
252	734
252	737
253	254
253	255
253	256
254	255
254	256
254	257
254	259
254	297
254	300
254	301
255	256
255	296
255	297
255	300
255	734
255	737
255	738
255	781
256	257
256	259
256	694
256	737
256	738
256	741
257	258
257	259
257	260
258	259
258	260
258	261
258	263
258	301
258	304
258	305
259	260
259	300
259	301
259	304
259	738
259	741
259	742
259	785
260	261
260	263
260	698
260	741
260	742
260	745
261	262
261	263
261	264
262	263
262	264
262	305
262	308
263	264
263	304
263	305
263	308
263	742
263	745
263	746
263	789
264	702
264	745
264	746
265	266
265	267
265	268
266	267
266	268
266	269
266	271
266	309
266	312
266	313
267	268
267	309
267	312
267	749
267	750
267	793
268	269
268	271
268	706
268	749
268	750
268	753
269	270
269	271
269	272
270	271
270	272
270	273
270	275
270	313
270	316
270	317
271	272
271	312
271	313
271	316
271	750
271	753
271	754
271	797
272	273
272	275
272	710
272	753
272	754
272	757
273	274
273	275
273	276
274	275
274	276
274	277
274	279
274	317
274	320
274	321
275	276
275	316
275	317
275	320
275	754
275	757
275	758
275	801
276	277
276	279
276	714
276	757
276	758
276	761
277	278
277	279
277	280
278	279
278	280
278	281
278	283
278	321
278	324
278	325
279	280
279	320
279	321
279	324
279	758
279	761
279	762
279	805
280	281
280	283
280	718
280	761
280	762
280	765
281	282
281	283
281	284
282	283
282	284
282	285
282	287
282	325
282	328
282	329
283	284
283	324
283	325
283	328
283	762
283	765
283	766
283	809
284	285
284	287
284	722
284	765
284	766
284	769
285	286
285	287
285	288
286	287
286	288
286	289
286	291
286	329
286	332
286	333
287	288
287	328
287	329
287	332
287	766
287	769
287	770
287	813
288	289
288	291
288	726
288	769
288	770
288	773
289	290
289	291
289	292
290	291
290	292
290	293
290	295
290	333
290	336
290	337
291	292
291	332
291	333
291	336
291	770
291	773
291	774
291	817
292	293
292	295
292	730
292	773
292	774
292	777
293	294
293	295
293	296
294	295
294	296
294	297
294	299
294	337
294	340
294	341
295	296
295	336
295	337
295	340
295	774
295	777
295	778
295	821
296	297
296	299
296	734
296	777
296	778
296	781
297	298
297	299
297	300
298	299
298	300
298	301
298	303
298	341
298	344
298	345
299	300
299	340
299	341
299	344
299	778
299	781
299	782
299	825
300	301
300	303
300	738
300	781
300	782
300	785
301	302
301	303
301	304
302	303
302	304
302	305
302	307
302	345
302	348
302	349
303	304
303	344
303	345
303	348
303	782
303	785
303	786
303	829
304	305
304	307
304	742
304	785
304	786
304	789
305	306
305	307
305	308
306	307
306	308
306	349
306	352
307	308
307	348
307	349
307	352
307	786
307	789
307	790
307	833
308	746
308	789
308	790
309	310
309	311
309	312
310	311
310	312
310	313
310	315
310	353
310	356
310	357
311	312
311	353
311	356
311	793
311	794
311	837
312	313
312	315
312	750
312	793
312	794
312	797
313	314
313	315
313	316
314	315
314	316
314	317
314	319
314	357
314	360
314	361
315	316
315	356
315	357
315	360
315	794
315	797
315	798
315	841
316	317
316	319
316	754
316	797
316	798
316	801
317	318
317	319
317	320
318	319
318	320
318	321
318	323
318	361
318	364
318	365
319	320
319	360
319	361
319	364
319	798
319	801
319	802
319	845
320	321
320	323
320	758
320	801
320	802
320	805
321	322
321	323
321	324
322	323
322	324
322	325
322	327
322	365
322	368
322	369
323	324
323	364
323	365
323	368
323	802
323	805
323	806
323	849
324	325
324	327
324	762
324	805
324	806
324	809
325	326
325	327
325	328
326	327
326	328
326	329
326	331
326	369
326	372
326	373
327	328
327	368
327	369
327	372
327	806
327	809
327	810
327	853
328	329
328	331
328	766
328	809
328	810
328	813
329	330
329	331
329	332
330	331
330	332
330	333
330	335
330	373
330	376
330	377
331	332
331	372
331	373
331	376
331	810
331	813
331	814
331	857
332	333
332	335
332	770
332	813
332	814
332	817
333	334
333	335
333	336
334	335
334	336
334	337
334	339
334	377
334	380
334	381
335	336
335	376
335	377
335	380
335	814
335	817
335	818
335	861
336	337
336	339
336	774
336	817
336	818
336	821
337	338
337	339
337	340
338	339
338	340
338	341
338	343
338	381
338	384
338	385
339	340
339	380
339	381
339	384
339	818
339	821
339	822
339	865
340	341
340	343
340	778
340	821
340	822
340	825
341	342
341	343
341	344
342	343
342	344
342	345
342	347
342	385
342	388
342	389
343	344
343	384
343	385
343	388
343	822
343	825
343	826
343	869
344	345
344	347
344	782
344	825
344	826
344	829
345	346
345	347
345	348
346	347
346	348
346	349
346	351
346	389
346	392
346	393
347	348
347	388
347	389
347	392
347	826
347	829
347	830
347	873
348	349
348	351
348	786
348	829
348	830
348	833
349	350
349	351
349	352
350	351
350	352
350	393
350	396
351	352
351	392
351	393
351	396
351	830
351	833
351	834
351	877
352	790
352	833
352	834
353	354
353	355
353	356
354	355
354	356
354	357
354	359
354	397
354	400
354	401
355	356
355	397
355	400
355	837
355	838
355	881
356	357
356	359
356	794
356	837
356	838
356	841
357	358
357	359
357	360
358	359
358	360
358	361
358	363
358	401
358	404
358	405
359	360
359	400
359	401
359	404
359	838
359	841
359	842
359	885
360	361
360	363
360	798
360	841
360	842
360	845
361	362
361	363
361	364
362	363
362	364
362	365
362	367
362	405
362	408
362	409
363	364
363	404
363	405
363	408
363	842
363	845
363	846
363	889
364	365
364	367
364	802
364	845
364	846
364	849
365	366
365	367
365	368
366	367
366	368
366	369
366	371
366	409
366	412
366	413
367	368
367	408
367	409
367	412
367	846
367	849
367	850
367	893
368	369
368	371
368	806
368	849
368	850
368	853
369	370
369	371
369	372
370	371
370	372
370	373
370	375
370	413
370	416
370	417
371	372
371	412
371	413
371	416
371	850
371	853
371	854
371	897
372	373
372	375
372	810
372	853
372	854
372	857
373	374
373	375
373	376
374	375
374	376
374	377
374	379
374	417
374	420
374	421
375	376
375	416
375	417
375	420
375	854
375	857
375	858
375	901
376	377
376	379
376	814
376	857
376	858
376	861
377	378
377	379
377	380
378	379
378	380
378	381
378	383
378	421
378	424
378	425
379	380
379	420
379	421
379	424
379	858
379	861
379	862
379	905
380	381
380	383
380	818
380	861
380	862
380	865
381	382
381	383
381	384
382	383
382	384
382	385
382	387
382	425
382	428
382	429
383	384
383	424
383	425
383	428
383	862
383	865
383	866
383	909
384	385
384	387
384	822
384	865
384	866
384	869
385	386
385	387
385	388
386	387
386	388
386	389
386	391
386	429
386	432
386	433
387	388
387	428
387	429
387	432
387	866
387	869
387	870
387	913
388	389
388	391
388	826
388	869
388	870
388	873
389	390
389	391
389	392
390	391
390	392
390	393
390	395
390	433
390	436
390	437
391	392
391	432
391	433
391	436
391	870
391	873
391	874
391	917
392	393
392	395
392	830
392	873
392	874
392	877
393	394
393	395
393	396
394	395
394	396
394	437
394	440
395	396
395	436
395	437
395	440
395	874
395	877
395	878
395	921
396	834
396	877
396	878
397	398
397	399
397	400
398	399
398	400
398	401
398	403
398	441
398	444
398	445
399	400
399	441
399	444
399	881
399	882
399	925
400	401
400	403
400	838
400	881
400	882
400	885
401	402
401	403
401	404
402	403
402	404
402	405
402	407
402	445
402	448
402	449
403	404
403	444
403	445
403	448
403	882
403	885
403	886
403	929
404	405
404	407
404	842
404	885
404	886
404	889
405	406
405	407
405	408
406	407
406	408
406	409
406	411
406	449
406	452
406	453
407	408
407	448
407	449
407	452
407	886
407	889
407	890
407	933
408	409
408	411
408	846
408	889
408	890
408	893
409	410
409	411
409	412
410	411
410	412
410	413
410	415
410	453
410	456
410	457
411	412
411	452
411	453
411	456
411	890
411	893
411	894
411	937
412	413
412	415
412	850
412	893
412	894
412	897
413	414
413	415
413	416
414	415
414	416
414	417
414	419
414	457
414	460
414	461
415	416
415	456
415	457
415	460
415	894
415	897
415	898
415	941
416	417
416	419
416	854
416	897
416	898
416	901
417	418
417	419
417	420
418	419
418	420
418	421
418	423
418	461
418	464
418	465
419	420
419	460
419	461
419	464
419	898
419	901
419	902
419	945
420	421
420	423
420	858
420	901
420	902
420	905
421	422
421	423
421	424
422	423
422	424
422	425
422	427
422	465
422	468
422	469
423	424
423	464
423	465
423	468
423	902
423	905
423	906
423	949
424	425
424	427
424	862
424	905
424	906
424	909
425	426
425	427
425	428
426	427
426	428
426	429
426	431
426	469
426	472
426	473
427	428
427	468
427	469
427	472
427	906
427	909
427	910
427	953
428	429
428	431
428	866
428	909
428	910
428	913
429	430
429	431
429	432
430	431
430	432
430	433
430	435
430	473
430	476
430	477
431	432
431	472
431	473
431	476
431	910
431	913
431	914
431	957
432	433
432	435
432	870
432	913
432	914
432	917
433	434
433	435
433	436
434	435
434	436
434	437
434	439
434	477
434	480
434	481
435	436
435	476
435	477
435	480
435	914
435	917
435	918
435	961
436	437
436	439
436	874
436	917
436	918
436	921
437	438
437	439
437	440
438	439
438	440
438	481
438	484
439	440
439	480
439	481
439	484
439	918
439	921
439	922
439	965
440	878
440	921
440	922
441	442
441	443
441	444
442	443
442	444
442	445
442	447
443	444
443	925
443	926
444	445
444	447
444	882
444	925
444	926
444	929
445	446
445	447
445	448
446	447
446	448
446	449
446	451
447	448
447	926
447	929
447	930
448	449
448	451
448	886
448	929
448	930
448	933
449	450
449	451
449	452
450	451
450	452
450	453
450	455
451	452
451	930
451	933
451	934
452	453
452	455
452	890
452	933
452	934
452	937
453	454
453	455
453	456
454	455
454	456
454	457
454	459
455	456
455	934
455	937
455	938
456	457
456	459
456	894
456	937
456	938
456	941
457	458
457	459
457	460
458	459
458	460
458	461
458	463
459	460
459	938
459	941
459	942
460	461
460	463
460	898
460	941
460	942
460	945
461	462
461	463
461	464
462	463
462	464
462	465
462	467
463	464
463	942
463	945
463	946
464	465
464	467
464	902
464	945
464	946
464	949
465	466
465	467
465	468
466	467
466	468
466	469
466	471
467	468
467	946
467	949
467	950
468	469
468	471
468	906
468	949
468	950
468	953
469	470
469	471
469	472
470	471
470	472
470	473
470	475
471	472
471	950
471	953
471	954
472	473
472	475
472	910
472	953
472	954
472	957
473	474
473	475
473	476
474	475
474	476
474	477
474	479
475	476
475	954
475	957
475	958
476	477
476	479
476	914
476	957
476	958
476	961
477	478
477	479
477	480
478	479
478	480
478	481
478	483
479	480
479	958
479	961
479	962
480	481
480	483
480	918
480	961
480	962
480	965
481	482
481	483
481	484
482	483
482	484
483	484
483	962
483	965
483	966
484	922
484	965
484	966
485	486
485	487
485	488
486	487
486	488
486	489
486	491
486	529
486	532
486	533
487	488
487	529
487	532
487	969
487	970
487	1013
488	489
488	491
488	969
488	970
488	973
489	490
489	491
489	492
490	491
490	492
490	493
490	495
490	533
490	536
490	537
491	492
491	532
491	533
491	536
491	970
491	973
491	974
491	1017
492	493
492	495
492	973
492	974
492	977
493	494
493	495
493	496
494	495
494	496
494	497
494	499
494	537
494	540
494	541
495	496
495	536
495	537
495	540
495	974
495	977
495	978
495	1021
496	497
496	499
496	977
496	978
496	981
497	498
497	499
497	500
498	499
498	500
498	501
498	503
498	541
498	544
498	545
499	500
499	540
499	541
499	544
499	978
499	981
499	982
499	1025
500	501
500	503
500	981
500	982
500	985
501	502
501	503
501	504
502	503
502	504
502	505
502	507
502	545
502	548
502	549
503	504
503	544
503	545
503	548
503	982
503	985
503	986
503	1029
504	505
504	507
504	985
504	986
504	989
505	506
505	507
505	508
506	507
506	508
506	509
506	511
506	549
506	552
506	553
507	508
507	548
507	549
507	552
507	986
507	989
507	990
507	1033
508	509
508	511
508	989
508	990
508	993
509	510
509	511
509	512
510	511
510	512
510	513
510	515
510	553
510	556
510	557
511	512
511	552
511	553
511	556
511	990
511	993
511	994
511	1037
512	513
512	515
512	993
512	994
512	997
513	514
513	515
513	516
514	515
514	516
514	517
514	519
514	557
514	560
514	561
515	516
515	556
515	557
515	560
515	994
515	997
515	998
515	1041
516	517
516	519
516	997
516	998
516	1001
517	518
517	519
517	520
518	519
518	520
518	521
518	523
518	561
518	564
518	565
519	520
519	560
519	561
519	564
519	998
519	1001
519	1002
519	1045
520	521
520	523
520	1001
520	1002
520	1005
521	522
521	523
521	524
522	523
522	524
522	525
522	527
522	565
522	568
522	569
523	524
523	564
523	565
523	568
523	1002
523	1005
523	1006
523	1049
524	525
524	527
524	1005
524	1006
524	1009
525	526
525	527
525	528
526	527
526	528
526	569
526	572
527	528
527	568
527	569
527	572
527	1006
527	1009
527	1010
527	1053
528	1009
528	1010
529	530
529	531
529	532
530	531
530	532
530	533
530	535
530	573
530	576
530	577
531	532
531	573
531	576
531	1013
531	1014
531	1057
532	533
532	535
532	970
532	1013
532	1014
532	1017
533	534
533	535
533	536
534	535
534	536
534	537
534	539
534	577
534	580
534	581
535	536
535	576
535	577
535	580
535	1014
535	1017
535	1018
535	1061
536	537
536	539
536	974
536	1017
536	1018
536	1021
537	538
537	539
537	540
538	539
538	540
538	541
538	543
538	581
538	584
538	585
539	540
539	580
539	581
539	584
539	1018
539	1021
539	1022
539	1065
540	541
540	543
540	978
540	1021
540	1022
540	1025
541	542
541	543
541	544
542	543
542	544
542	545
542	547
542	585
542	588
542	589
543	544
543	584
543	585
543	588
543	1022
543	1025
543	1026
543	1069
544	545
544	547
544	982
544	1025
544	1026
544	1029
545	546
545	547
545	548
546	547
546	548
546	549
546	551
546	589
546	592
546	593
547	548
547	588
547	589
547	592
547	1026
547	1029
547	1030
547	1073
548	549
548	551
548	986
548	1029
548	1030
548	1033
549	550
549	551
549	552
550	551
550	552
550	553
550	555
550	593
550	596
550	597
551	552
551	592
551	593
551	596
551	1030
551	1033
551	1034
551	1077
552	553
552	555
552	990
552	1033
552	1034
552	1037
553	554
553	555
553	556
554	555
554	556
554	557
554	559
554	597
554	600
554	601
555	556
555	596
555	597
555	600
555	1034
555	1037
555	1038
555	1081
556	557
556	559
556	994
556	1037
556	1038
556	1041
557	558
557	559
557	560
558	559
558	560
558	561
558	563
558	601
558	604
558	605
559	560
559	600
559	601
559	604
559	1038
559	1041
559	1042
559	1085
560	561
560	563
560	998
560	1041
560	1042
560	1045
561	562
561	563
561	564
562	563
562	564
562	565
562	567
562	605
562	608
562	609
563	564
563	604
563	605
563	608
563	1042
563	1045
563	1046
563	1089
564	565
564	567
564	1002
564	1045
564	1046
564	1049
565	566
565	567
565	568
566	567
566	568
566	569
566	571
566	609
566	612
566	613
567	568
567	608
567	609
567	612
567	1046
567	1049
567	1050
567	1093
568	569
568	571
568	1006
568	1049
568	1050
568	1053
569	570
569	571
569	572
570	571
570	572
570	613
570	616
571	572
571	612
571	613
571	616
571	1050
571	1053
571	1054
571	1097
572	1010
572	1053
572	1054
573	574
573	575
573	576
574	575
574	576
574	577
574	579
574	617
574	620
574	621
575	576
575	617
575	620
575	1057
575	1058
575	1101
576	577
576	579
576	1014
576	1057
576	1058
576	1061
577	578
577	579
577	580
578	579
578	580
578	581
578	583
578	621
578	624
578	625
579	580
579	620
579	621
579	624
579	1058
579	1061
579	1062
579	1105
580	581
580	583
580	1018
580	1061
580	1062
580	1065
581	582
581	583
581	584
582	583
582	584
582	585
582	587
582	625
582	628
582	629
583	584
583	624
583	625
583	628
583	1062
583	1065
583	1066
583	1109
584	585
584	587
584	1022
584	1065
584	1066
584	1069
585	586
585	587
585	588
586	587
586	588
586	589
586	591
586	629
586	632
586	633
587	588
587	628
587	629
587	632
587	1066
587	1069
587	1070
587	1113
588	589
588	591
588	1026
588	1069
588	1070
588	1073
589	590
589	591
589	592
590	591
590	592
590	593
590	595
590	633
590	636
590	637
591	592
591	632
591	633
591	636
591	1070
591	1073
591	1074
591	1117
592	593
592	595
592	1030
592	1073
592	1074
592	1077
593	594
593	595
593	596
594	595
594	596
594	597
594	599
594	637
594	640
594	641
595	596
595	636
595	637
595	640
595	1074
595	1077
595	1078
595	1121
596	597
596	599
596	1034
596	1077
596	1078
596	1081
597	598
597	599
597	600
598	599
598	600
598	601
598	603
598	641
598	644
598	645
599	600
599	640
599	641
599	644
599	1078
599	1081
599	1082
599	1125
600	601
600	603
600	1038
600	1081
600	1082
600	1085
601	602
601	603
601	604
602	603
602	604
602	605
602	607
602	645
602	648
602	649
603	604
603	644
603	645
603	648
603	1082
603	1085
603	1086
603	1129
604	605
604	607
604	1042
604	1085
604	1086
604	1089
605	606
605	607
605	608
606	607
606	608
606	609
606	611
606	649
606	652
606	653
607	608
607	648
607	649
607	652
607	1086
607	1089
607	1090
607	1133
608	609
608	611
608	1046
608	1089
608	1090
608	1093
609	610
609	611
609	612
610	611
610	612
610	613
610	615
610	653
610	656
610	657
611	612
611	652
611	653
611	656
611	1090
611	1093
611	1094
611	1137
612	613
612	615
612	1050
612	1093
612	1094
612	1097
613	614
613	615
613	616
614	615
614	616
614	657
614	660
615	616
615	656
615	657
615	660
615	1094
615	1097
615	1098
615	1141
616	1054
616	1097
616	1098
617	618
617	619
617	620
618	619
618	620
618	621
618	623
618	661
618	664
618	665
619	620
619	661
619	664
619	1101
619	1102
619	1145
620	621
620	623
620	1058
620	1101
620	1102
620	1105
621	622
621	623
621	624
622	623
622	624
622	625
622	627
622	665
622	668
622	669
623	624
623	664
623	665
623	668
623	1102
623	1105
623	1106
623	1149
624	625
624	627
624	1062
624	1105
624	1106
624	1109
625	626
625	627
625	628
626	627
626	628
626	629
626	631
626	669
626	672
626	673
627	628
627	668
627	669
627	672
627	1106
627	1109
627	1110
627	1153
628	629
628	631
628	1066
628	1109
628	1110
628	1113
629	630
629	631
629	632
630	631
630	632
630	633
630	635
630	673
630	676
630	677
631	632
631	672
631	673
631	676
631	1110
631	1113
631	1114
631	1157
632	633
632	635
632	1070
632	1113
632	1114
632	1117
633	634
633	635
633	636
634	635
634	636
634	637
634	639
634	677
634	680
634	681
635	636
635	676
635	677
635	680
635	1114
635	1117
635	1118
635	1161
636	637
636	639
636	1074
636	1117
636	1118
636	1121
637	638
637	639
637	640
638	639
638	640
638	641
638	643
638	681
638	684
638	685
639	640
639	680
639	681
639	684
639	1118
639	1121
639	1122
639	1165
640	641
640	643
640	1078
640	1121
640	1122
640	1125
641	642
641	643
641	644
642	643
642	644
642	645
642	647
642	685
642	688
642	689
643	644
643	684
643	685
643	688
643	1122
643	1125
643	1126
643	1169
644	645
644	647
644	1082
644	1125
644	1126
644	1129
645	646
645	647
645	648
646	647
646	648
646	649
646	651
646	689
646	692
646	693
647	648
647	688
647	689
647	692
647	1126
647	1129
647	1130
647	1173
648	649
648	651
648	1086
648	1129
648	1130
648	1133
649	650
649	651
649	652
650	651
650	652
650	653
650	655
650	693
650	696
650	697
651	652
651	692
651	693
651	696
651	1130
651	1133
651	1134
651	1177
652	653
652	655
652	1090
652	1133
652	1134
652	1137
653	654
653	655
653	656
654	655
654	656
654	657
654	659
654	697
654	700
654	701
655	656
655	696
655	697
655	700
655	1134
655	1137
655	1138
655	1181
656	657
656	659
656	1094
656	1137
656	1138
656	1141
657	658
657	659
657	660
658	659
658	660
658	701
658	704
659	660
659	700
659	701
659	704
659	1138
659	1141
659	1142
659	1185
660	1098
660	1141
660	1142
661	662
661	663
661	664
662	663
662	664
662	665
662	667
662	705
662	708
662	709
663	664
663	705
663	708
663	1145
663	1146
663	1189
664	665
664	667
664	1102
664	1145
664	1146
664	1149
665	666
665	667
665	668
666	667
666	668
666	669
666	671
666	709
666	712
666	713
667	668
667	708
667	709
667	712
667	1146
667	1149
667	1150
667	1193
668	669
668	671
668	1106
668	1149
668	1150
668	1153
669	670
669	671
669	672
670	671
670	672
670	673
670	675
670	713
670	716
670	717
671	672
671	712
671	713
671	716
671	1150
671	1153
671	1154
671	1197
672	673
672	675
672	1110
672	1153
672	1154
672	1157
673	674
673	675
673	676
674	675
674	676
674	677
674	679
674	717
674	720
674	721
675	676
675	716
675	717
675	720
675	1154
675	1157
675	1158
675	1201
676	677
676	679
676	1114
676	1157
676	1158
676	1161
677	678
677	679
677	680
678	679
678	680
678	681
678	683
678	721
678	724
678	725
679	680
679	720
679	721
679	724
679	1158
679	1161
679	1162
679	1205
680	681
680	683
680	1118
680	1161
680	1162
680	1165
681	682
681	683
681	684
682	683
682	684
682	685
682	687
682	725
682	728
682	729
683	684
683	724
683	725
683	728
683	1162
683	1165
683	1166
683	1209
684	685
684	687
684	1122
684	1165
684	1166
684	1169
685	686
685	687
685	688
686	687
686	688
686	689
686	691
686	729
686	732
686	733
687	688
687	728
687	729
687	732
687	1166
687	1169
687	1170
687	1213
688	689
688	691
688	1126
688	1169
688	1170
688	1173
689	690
689	691
689	692
690	691
690	692
690	693
690	695
690	733
690	736
690	737
691	692
691	732
691	733
691	736
691	1170
691	1173
691	1174
691	1217
692	693
692	695
692	1130
692	1173
692	1174
692	1177
693	694
693	695
693	696
694	695
694	696
694	697
694	699
694	737
694	740
694	741
695	696
695	736
695	737
695	740
695	1174
695	1177
695	1178
695	1221
696	697
696	699
696	1134
696	1177
696	1178
696	1181
697	698
697	699
697	700
698	699
698	700
698	701
698	703
698	741
698	744
698	745
699	700
699	740
699	741
699	744
699	1178
699	1181
699	1182
699	1225
700	701
700	703
700	1138
700	1181
700	1182
700	1185
701	702
701	703
701	704
702	703
702	704
702	745
702	748
703	704
703	744
703	745
703	748
703	1182
703	1185
703	1186
703	1229
704	1142
704	1185
704	1186
705	706
705	707
705	708
706	707
706	708
706	709
706	711
706	749
706	752
706	753
707	708
707	749
707	752
707	1189
707	1190
707	1233
708	709
708	711
708	1146
708	1189
708	1190
708	1193
709	710
709	711
709	712
710	711
710	712
710	713
710	715
710	753
710	756
710	757
711	712
711	752
711	753
711	756
711	1190
711	1193
711	1194
711	1237
712	713
712	715
712	1150
712	1193
712	1194
712	1197
713	714
713	715
713	716
714	715
714	716
714	717
714	719
714	757
714	760
714	761
715	716
715	756
715	757
715	760
715	1194
715	1197
715	1198
715	1241
716	717
716	719
716	1154
716	1197
716	1198
716	1201
717	718
717	719
717	720
718	719
718	720
718	721
718	723
718	761
718	764
718	765
719	720
719	760
719	761
719	764
719	1198
719	1201
719	1202
719	1245
720	721
720	723
720	1158
720	1201
720	1202
720	1205
721	722
721	723
721	724
722	723
722	724
722	725
722	727
722	765
722	768
722	769
723	724
723	764
723	765
723	768
723	1202
723	1205
723	1206
723	1249
724	725
724	727
724	1162
724	1205
724	1206
724	1209
725	726
725	727
725	728
726	727
726	728
726	729
726	731
726	769
726	772
726	773
727	728
727	768
727	769
727	772
727	1206
727	1209
727	1210
727	1253
728	729
728	731
728	1166
728	1209
728	1210
728	1213
729	730
729	731
729	732
730	731
730	732
730	733
730	735
730	773
730	776
730	777
731	732
731	772
731	773
731	776
731	1210
731	1213
731	1214
731	1257
732	733
732	735
732	1170
732	1213
732	1214
732	1217
733	734
733	735
733	736
734	735
734	736
734	737
734	739
734	777
734	780
734	781
735	736
735	776
735	777
735	780
735	1214
735	1217
735	1218
735	1261
736	737
736	739
736	1174
736	1217
736	1218
736	1221
737	738
737	739
737	740
738	739
738	740
738	741
738	743
738	781
738	784
738	785
739	740
739	780
739	781
739	784
739	1218
739	1221
739	1222
739	1265
740	741
740	743
740	1178
740	1221
740	1222
740	1225
741	742
741	743
741	744
742	743
742	744
742	745
742	747
742	785
742	788
742	789
743	744
743	784
743	785
743	788
743	1222
743	1225
743	1226
743	1269
744	745
744	747
744	1182
744	1225
744	1226
744	1229
745	746
745	747
745	748
746	747
746	748
746	789
746	792
747	748
747	788
747	789
747	792
747	1226
747	1229
747	1230
747	1273
748	1186
748	1229
748	1230
749	750
749	751
749	752
750	751
750	752
750	753
750	755
750	793
750	796
750	797
751	752
751	793
751	796
751	1233
751	1234
751	1277
752	753
752	755
752	1190
752	1233
752	1234
752	1237
753	754
753	755
753	756
754	755
754	756
754	757
754	759
754	797
754	800
754	801
755	756
755	796
755	797
755	800
755	1234
755	1237
755	1238
755	1281
756	757
756	759
756	1194
756	1237
756	1238
756	1241
757	758
757	759
757	760
758	759
758	760
758	761
758	763
758	801
758	804
758	805
759	760
759	800
759	801
759	804
759	1238
759	1241
759	1242
759	1285
760	761
760	763
760	1198
760	1241
760	1242
760	1245
761	762
761	763
761	764
762	763
762	764
762	765
762	767
762	805
762	808
762	809
763	764
763	804
763	805
763	808
763	1242
763	1245
763	1246
763	1289
764	765
764	767
764	1202
764	1245
764	1246
764	1249
765	766
765	767
765	768
766	767
766	768
766	769
766	771
766	809
766	812
766	813
767	768
767	808
767	809
767	812
767	1246
767	1249
767	1250
767	1293
768	769
768	771
768	1206
768	1249
768	1250
768	1253
769	770
769	771
769	772
770	771
770	772
770	773
770	775
770	813
770	816
770	817
771	772
771	812
771	813
771	816
771	1250
771	1253
771	1254
771	1297
772	773
772	775
772	1210
772	1253
772	1254
772	1257
773	774
773	775
773	776
774	775
774	776
774	777
774	779
774	817
774	820
774	821
775	776
775	816
775	817
775	820
775	1254
775	1257
775	1258
775	1301
776	777
776	779
776	1214
776	1257
776	1258
776	1261
777	778
777	779
777	780
778	779
778	780
778	781
778	783
778	821
778	824
778	825
779	780
779	820
779	821
779	824
779	1258
779	1261
779	1262
779	1305
780	781
780	783
780	1218
780	1261
780	1262
780	1265
781	782
781	783
781	784
782	783
782	784
782	785
782	787
782	825
782	828
782	829
783	784
783	824
783	825
783	828
783	1262
783	1265
783	1266
783	1309
784	785
784	787
784	1222
784	1265
784	1266
784	1269
785	786
785	787
785	788
786	787
786	788
786	789
786	791
786	829
786	832
786	833
787	788
787	828
787	829
787	832
787	1266
787	1269
787	1270
787	1313
788	789
788	791
788	1226
788	1269
788	1270
788	1273
789	790
789	791
789	792
790	791
790	792
790	833
790	836
791	792
791	832
791	833
791	836
791	1270
791	1273
791	1274
791	1317
792	1230
792	1273
792	1274
793	794
793	795
793	796
794	795
794	796
794	797
794	799
794	837
794	840
794	841
795	796
795	837
795	840
795	1277
795	1278
795	1321
796	797
796	799
796	1234
796	1277
796	1278
796	1281
797	798
797	799
797	800
798	799
798	800
798	801
798	803
798	841
798	844
798	845
799	800
799	840
799	841
799	844
799	1278
799	1281
799	1282
799	1325
800	801
800	803
800	1238
800	1281
800	1282
800	1285
801	802
801	803
801	804
802	803
802	804
802	805
802	807
802	845
802	848
802	849
803	804
803	844
803	845
803	848
803	1282
803	1285
803	1286
803	1329
804	805
804	807
804	1242
804	1285
804	1286
804	1289
805	806
805	807
805	808
806	807
806	808
806	809
806	811
806	849
806	852
806	853
807	808
807	848
807	849
807	852
807	1286
807	1289
807	1290
807	1333
808	809
808	811
808	1246
808	1289
808	1290
808	1293
809	810
809	811
809	812
810	811
810	812
810	813
810	815
810	853
810	856
810	857
811	812
811	852
811	853
811	856
811	1290
811	1293
811	1294
811	1337
812	813
812	815
812	1250
812	1293
812	1294
812	1297
813	814
813	815
813	816
814	815
814	816
814	817
814	819
814	857
814	860
814	861
815	816
815	856
815	857
815	860
815	1294
815	1297
815	1298
815	1341
816	817
816	819
816	1254
816	1297
816	1298
816	1301
817	818
817	819
817	820
818	819
818	820
818	821
818	823
818	861
818	864
818	865
819	820
819	860
819	861
819	864
819	1298
819	1301
819	1302
819	1345
820	821
820	823
820	1258
820	1301
820	1302
820	1305
821	822
821	823
821	824
822	823
822	824
822	825
822	827
822	865
822	868
822	869
823	824
823	864
823	865
823	868
823	1302
823	1305
823	1306
823	1349
824	825
824	827
824	1262
824	1305
824	1306
824	1309
825	826
825	827
825	828
826	827
826	828
826	829
826	831
826	869
826	872
826	873
827	828
827	868
827	869
827	872
827	1306
827	1309
827	1310
827	1353
828	829
828	831
828	1266
828	1309
828	1310
828	1313
829	830
829	831
829	832
830	831
830	832
830	833
830	835
830	873
830	876
830	877
831	832
831	872
831	873
831	876
831	1310
831	1313
831	1314
831	1357
832	833
832	835
832	1270
832	1313
832	1314
832	1317
833	834
833	835
833	836
834	835
834	836
834	877
834	880
835	836
835	876
835	877
835	880
835	1314
835	1317
835	1318
835	1361
836	1274
836	1317
836	1318
837	838
837	839
837	840
838	839
838	840
838	841
838	843
838	881
838	884
838	885
839	840
839	881
839	884
839	1321
839	1322
839	1365
840	841
840	843
840	1278
840	1321
840	1322
840	1325
841	842
841	843
841	844
842	843
842	844
842	845
842	847
842	885
842	888
842	889
843	844
843	884
843	885
843	888
843	1322
843	1325
843	1326
843	1369
844	845
844	847
844	1282
844	1325
844	1326
844	1329
845	846
845	847
845	848
846	847
846	848
846	849
846	851
846	889
846	892
846	893
847	848
847	888
847	889
847	892
847	1326
847	1329
847	1330
847	1373
848	849
848	851
848	1286
848	1329
848	1330
848	1333
849	850
849	851
849	852
850	851
850	852
850	853
850	855
850	893
850	896
850	897
851	852
851	892
851	893
851	896
851	1330
851	1333
851	1334
851	1377
852	853
852	855
852	1290
852	1333
852	1334
852	1337
853	854
853	855
853	856
854	855
854	856
854	857
854	859
854	897
854	900
854	901
855	856
855	896
855	897
855	900
855	1334
855	1337
855	1338
855	1381
856	857
856	859
856	1294
856	1337
856	1338
856	1341
857	858
857	859
857	860
858	859
858	860
858	861
858	863
858	901
858	904
858	905
859	860
859	900
859	901
859	904
859	1338
859	1341
859	1342
859	1385
860	861
860	863
860	1298
860	1341
860	1342
860	1345
861	862
861	863
861	864
862	863
862	864
862	865
862	867
862	905
862	908
862	909
863	864
863	904
863	905
863	908
863	1342
863	1345
863	1346
863	1389
864	865
864	867
864	1302
864	1345
864	1346
864	1349
865	866
865	867
865	868
866	867
866	868
866	869
866	871
866	909
866	912
866	913
867	868
867	908
867	909
867	912
867	1346
867	1349
867	1350
867	1393
868	869
868	871
868	1306
868	1349
868	1350
868	1353
869	870
869	871
869	872
870	871
870	872
870	873
870	875
870	913
870	916
870	917
871	872
871	912
871	913
871	916
871	1350
871	1353
871	1354
871	1397
872	873
872	875
872	1310
872	1353
872	1354
872	1357
873	874
873	875
873	876
874	875
874	876
874	877
874	879
874	917
874	920
874	921
875	876
875	916
875	917
875	920
875	1354
875	1357
875	1358
875	1401
876	877
876	879
876	1314
876	1357
876	1358
876	1361
877	878
877	879
877	880
878	879
878	880
878	921
878	924
879	880
879	920
879	921
879	924
879	1358
879	1361
879	1362
879	1405
880	1318
880	1361
880	1362
881	882
881	883
881	884
882	883
882	884
882	885
882	887
882	925
882	928
882	929
883	884
883	925
883	928
883	1365
883	1366
883	1409
884	885
884	887
884	1322
884	1365
884	1366
884	1369
885	886
885	887
885	888
886	887
886	888
886	889
886	891
886	929
886	932
886	933
887	888
887	928
887	929
887	932
887	1366
887	1369
887	1370
887	1413
888	889
888	891
888	1326
888	1369
888	1370
888	1373
889	890
889	891
889	892
890	891
890	892
890	893
890	895
890	933
890	936
890	937
891	892
891	932
891	933
891	936
891	1370
891	1373
891	1374
891	1417
892	893
892	895
892	1330
892	1373
892	1374
892	1377
893	894
893	895
893	896
894	895
894	896
894	897
894	899
894	937
894	940
894	941
895	896
895	936
895	937
895	940
895	1374
895	1377
895	1378
895	1421
896	897
896	899
896	1334
896	1377
896	1378
896	1381
897	898
897	899
897	900
898	899
898	900
898	901
898	903
898	941
898	944
898	945
899	900
899	940
899	941
899	944
899	1378
899	1381
899	1382
899	1425
900	901
900	903
900	1338
900	1381
900	1382
900	1385
901	902
901	903
901	904
902	903
902	904
902	905
902	907
902	945
902	948
902	949
903	904
903	944
903	945
903	948
903	1382
903	1385
903	1386
903	1429
904	905
904	907
904	1342
904	1385
904	1386
904	1389
905	906
905	907
905	908
906	907
906	908
906	909
906	911
906	949
906	952
906	953
907	908
907	948
907	949
907	952
907	1386
907	1389
907	1390
907	1433
908	909
908	911
908	1346
908	1389
908	1390
908	1393
909	910
909	911
909	912
910	911
910	912
910	913
910	915
910	953
910	956
910	957
911	912
911	952
911	953
911	956
911	1390
911	1393
911	1394
911	1437
912	913
912	915
912	1350
912	1393
912	1394
912	1397
913	914
913	915
913	916
914	915
914	916
914	917
914	919
914	957
914	960
914	961
915	916
915	956
915	957
915	960
915	1394
915	1397
915	1398
915	1441
916	917
916	919
916	1354
916	1397
916	1398
916	1401
917	918
917	919
917	920
918	919
918	920
918	921
918	923
918	961
918	964
918	965
919	920
919	960
919	961
919	964
919	1398
919	1401
919	1402
919	1445
920	921
920	923
920	1358
920	1401
920	1402
920	1405
921	922
921	923
921	924
922	923
922	924
922	965
922	968
923	924
923	964
923	965
923	968
923	1402
923	1405
923	1406
923	1449
924	1362
924	1405
924	1406
925	926
925	927
925	928
926	927
926	928
926	929
926	931
927	928
927	1409
927	1410
928	929
928	931
928	1366
928	1409
928	1410
928	1413
929	930
929	931
929	932
930	931
930	932
930	933
930	935
931	932
931	1410
931	1413
931	1414
932	933
932	935
932	1370
932	1413
932	1414
932	1417
933	934
933	935
933	936
934	935
934	936
934	937
934	939
935	936
935	1414
935	1417
935	1418
936	937
936	939
936	1374
936	1417
936	1418
936	1421
937	938
937	939
937	940
938	939
938	940
938	941
938	943
939	940
939	1418
939	1421
939	1422
940	941
940	943
940	1378
940	1421
940	1422
940	1425
941	942
941	943
941	944
942	943
942	944
942	945
942	947
943	944
943	1422
943	1425
943	1426
944	945
944	947
944	1382
944	1425
944	1426
944	1429
945	946
945	947
945	948
946	947
946	948
946	949
946	951
947	948
947	1426
947	1429
947	1430
948	949
948	951
948	1386
948	1429
948	1430
948	1433
949	950
949	951
949	952
950	951
950	952
950	953
950	955
951	952
951	1430
951	1433
951	1434
952	953
952	955
952	1390
952	1433
952	1434
952	1437
953	954
953	955
953	956
954	955
954	956
954	957
954	959
955	956
955	1434
955	1437
955	1438
956	957
956	959
956	1394
956	1437
956	1438
956	1441
957	958
957	959
957	960
958	959
958	960
958	961
958	963
959	960
959	1438
959	1441
959	1442
960	961
960	963
960	1398
960	1441
960	1442
960	1445
961	962
961	963
961	964
962	963
962	964
962	965
962	967
963	964
963	1442
963	1445
963	1446
964	965
964	967
964	1402
964	1445
964	1446
964	1449
965	966
965	967
965	968
966	967
966	968
967	968
967	1446
967	1449
967	1450
968	1406
968	1449
968	1450
969	970
969	971
969	972
970	971
970	972
970	973
970	975
970	1013
970	1016
970	1017
971	972
971	1013
971	1016
971	1453
971	1454
971	1497
972	973
972	975
972	1453
972	1454
972	1457
973	974
973	975
973	976
974	975
974	976
974	977
974	979
974	1017
974	1020
974	1021
975	976
975	1016
975	1017
975	1020
975	1454
975	1457
975	1458
975	1501
976	977
976	979
976	1457
976	1458
976	1461
977	978
977	979
977	980
978	979
978	980
978	981
978	983
978	1021
978	1024
978	1025
979	980
979	1020
979	1021
979	1024
979	1458
979	1461
979	1462
979	1505
980	981
980	983
980	1461
980	1462
980	1465
981	982
981	983
981	984
982	983
982	984
982	985
982	987
982	1025
982	1028
982	1029
983	984
983	1024
983	1025
983	1028
983	1462
983	1465
983	1466
983	1509
984	985
984	987
984	1465
984	1466
984	1469
985	986
985	987
985	988
986	987
986	988
986	989
986	991
986	1029
986	1032
986	1033
987	988
987	1028
987	1029
987	1032
987	1466
987	1469
987	1470
987	1513
988	989
988	991
988	1469
988	1470
988	1473
989	990
989	991
989	992
990	991
990	992
990	993
990	995
990	1033
990	1036
990	1037
991	992
991	1032
991	1033
991	1036
991	1470
991	1473
991	1474
991	1517
992	993
992	995
992	1473
992	1474
992	1477
993	994
993	995
993	996
994	995
994	996
994	997
994	999
994	1037
994	1040
994	1041
995	996
995	1036
995	1037
995	1040
995	1474
995	1477
995	1478
995	1521
996	997
996	999
996	1477
996	1478
996	1481
997	998
997	999
997	1000
998	999
998	1000
998	1001
998	1003
998	1041
998	1044
998	1045
999	1000
999	1040
999	1041
999	1044
999	1478
999	1481
999	1482
999	1525
1000	1001
1000	1003
1000	1481
1000	1482
1000	1485
1001	1002
1001	1003
1001	1004
1002	1003
1002	1004
1002	1005
1002	1007
1002	1045
1002	1048
1002	1049
1003	1004
1003	1044
1003	1045
1003	1048
1003	1482
1003	1485
1003	1486
1003	1529
1004	1005
1004	1007
1004	1485
1004	1486
1004	1489
1005	1006
1005	1007
1005	1008
1006	1007
1006	1008
1006	1009
1006	1011
1006	1049
1006	1052
1006	1053
1007	1008
1007	1048
1007	1049
1007	1052
1007	1486
1007	1489
1007	1490
1007	1533
1008	1009
1008	1011
1008	1489
1008	1490
1008	1493
1009	1010
1009	1011
1009	1012
1010	1011
1010	1012
1010	1053
1010	1056
1011	1012
1011	1052
1011	1053
1011	1056
1011	1490
1011	1493
1011	1494
1011	1537
1012	1493
1012	1494
1013	1014
1013	1015
1013	1016
1014	1015
1014	1016
1014	1017
1014	1019
1014	1057
1014	1060
1014	1061
1015	1016
1015	1057
1015	1060
1015	1497
1015	1498
1015	1541
1016	1017
1016	1019
1016	1454
1016	1497
1016	1498
1016	1501
1017	1018
1017	1019
1017	1020
1018	1019
1018	1020
1018	1021
1018	1023
1018	1061
1018	1064
1018	1065
1019	1020
1019	1060
1019	1061
1019	1064
1019	1498
1019	1501
1019	1502
1019	1545
1020	1021
1020	1023
1020	1458
1020	1501
1020	1502
1020	1505
1021	1022
1021	1023
1021	1024
1022	1023
1022	1024
1022	1025
1022	1027
1022	1065
1022	1068
1022	1069
1023	1024
1023	1064
1023	1065
1023	1068
1023	1502
1023	1505
1023	1506
1023	1549
1024	1025
1024	1027
1024	1462
1024	1505
1024	1506
1024	1509
1025	1026
1025	1027
1025	1028
1026	1027
1026	1028
1026	1029
1026	1031
1026	1069
1026	1072
1026	1073
1027	1028
1027	1068
1027	1069
1027	1072
1027	1506
1027	1509
1027	1510
1027	1553
1028	1029
1028	1031
1028	1466
1028	1509
1028	1510
1028	1513
1029	1030
1029	1031
1029	1032
1030	1031
1030	1032
1030	1033
1030	1035
1030	1073
1030	1076
1030	1077
1031	1032
1031	1072
1031	1073
1031	1076
1031	1510
1031	1513
1031	1514
1031	1557
1032	1033
1032	1035
1032	1470
1032	1513
1032	1514
1032	1517
1033	1034
1033	1035
1033	1036
1034	1035
1034	1036
1034	1037
1034	1039
1034	1077
1034	1080
1034	1081
1035	1036
1035	1076
1035	1077
1035	1080
1035	1514
1035	1517
1035	1518
1035	1561
1036	1037
1036	1039
1036	1474
1036	1517
1036	1518
1036	1521
1037	1038
1037	1039
1037	1040
1038	1039
1038	1040
1038	1041
1038	1043
1038	1081
1038	1084
1038	1085
1039	1040
1039	1080
1039	1081
1039	1084
1039	1518
1039	1521
1039	1522
1039	1565
1040	1041
1040	1043
1040	1478
1040	1521
1040	1522
1040	1525
1041	1042
1041	1043
1041	1044
1042	1043
1042	1044
1042	1045
1042	1047
1042	1085
1042	1088
1042	1089
1043	1044
1043	1084
1043	1085
1043	1088
1043	1522
1043	1525
1043	1526
1043	1569
1044	1045
1044	1047
1044	1482
1044	1525
1044	1526
1044	1529
1045	1046
1045	1047
1045	1048
1046	1047
1046	1048
1046	1049
1046	1051
1046	1089
1046	1092
1046	1093
1047	1048
1047	1088
1047	1089
1047	1092
1047	1526
1047	1529
1047	1530
1047	1573
1048	1049
1048	1051
1048	1486
1048	1529
1048	1530
1048	1533
1049	1050
1049	1051
1049	1052
1050	1051
1050	1052
1050	1053
1050	1055
1050	1093
1050	1096
1050	1097
1051	1052
1051	1092
1051	1093
1051	1096
1051	1530
1051	1533
1051	1534
1051	1577
1052	1053
1052	1055
1052	1490
1052	1533
1052	1534
1052	1537
1053	1054
1053	1055
1053	1056
1054	1055
1054	1056
1054	1097
1054	1100
1055	1056
1055	1096
1055	1097
1055	1100
1055	1534
1055	1537
1055	1538
1055	1581
1056	1494
1056	1537
1056	1538
1057	1058
1057	1059
1057	1060
1058	1059
1058	1060
1058	1061
1058	1063
1058	1101
1058	1104
1058	1105
1059	1060
1059	1101
1059	1104
1059	1541
1059	1542
1059	1585
1060	1061
1060	1063
1060	1498
1060	1541
1060	1542
1060	1545
1061	1062
1061	1063
1061	1064
1062	1063
1062	1064
1062	1065
1062	1067
1062	1105
1062	1108
1062	1109
1063	1064
1063	1104
1063	1105
1063	1108
1063	1542
1063	1545
1063	1546
1063	1589
1064	1065
1064	1067
1064	1502
1064	1545
1064	1546
1064	1549
1065	1066
1065	1067
1065	1068
1066	1067
1066	1068
1066	1069
1066	1071
1066	1109
1066	1112
1066	1113
1067	1068
1067	1108
1067	1109
1067	1112
1067	1546
1067	1549
1067	1550
1067	1593
1068	1069
1068	1071
1068	1506
1068	1549
1068	1550
1068	1553
1069	1070
1069	1071
1069	1072
1070	1071
1070	1072
1070	1073
1070	1075
1070	1113
1070	1116
1070	1117
1071	1072
1071	1112
1071	1113
1071	1116
1071	1550
1071	1553
1071	1554
1071	1597
1072	1073
1072	1075
1072	1510
1072	1553
1072	1554
1072	1557
1073	1074
1073	1075
1073	1076
1074	1075
1074	1076
1074	1077
1074	1079
1074	1117
1074	1120
1074	1121
1075	1076
1075	1116
1075	1117
1075	1120
1075	1554
1075	1557
1075	1558
1075	1601
1076	1077
1076	1079
1076	1514
1076	1557
1076	1558
1076	1561
1077	1078
1077	1079
1077	1080
1078	1079
1078	1080
1078	1081
1078	1083
1078	1121
1078	1124
1078	1125
1079	1080
1079	1120
1079	1121
1079	1124
1079	1558
1079	1561
1079	1562
1079	1605
1080	1081
1080	1083
1080	1518
1080	1561
1080	1562
1080	1565
1081	1082
1081	1083
1081	1084
1082	1083
1082	1084
1082	1085
1082	1087
1082	1125
1082	1128
1082	1129
1083	1084
1083	1124
1083	1125
1083	1128
1083	1562
1083	1565
1083	1566
1083	1609
1084	1085
1084	1087
1084	1522
1084	1565
1084	1566
1084	1569
1085	1086
1085	1087
1085	1088
1086	1087
1086	1088
1086	1089
1086	1091
1086	1129
1086	1132
1086	1133
1087	1088
1087	1128
1087	1129
1087	1132
1087	1566
1087	1569
1087	1570
1087	1613
1088	1089
1088	1091
1088	1526
1088	1569
1088	1570
1088	1573
1089	1090
1089	1091
1089	1092
1090	1091
1090	1092
1090	1093
1090	1095
1090	1133
1090	1136
1090	1137
1091	1092
1091	1132
1091	1133
1091	1136
1091	1570
1091	1573
1091	1574
1091	1617
1092	1093
1092	1095
1092	1530
1092	1573
1092	1574
1092	1577
1093	1094
1093	1095
1093	1096
1094	1095
1094	1096
1094	1097
1094	1099
1094	1137
1094	1140
1094	1141
1095	1096
1095	1136
1095	1137
1095	1140
1095	1574
1095	1577
1095	1578
1095	1621
1096	1097
1096	1099
1096	1534
1096	1577
1096	1578
1096	1581
1097	1098
1097	1099
1097	1100
1098	1099
1098	1100
1098	1141
1098	1144
1099	1100
1099	1140
1099	1141
1099	1144
1099	1578
1099	1581
1099	1582
1099	1625
1100	1538
1100	1581
1100	1582
1101	1102
1101	1103
1101	1104
1102	1103
1102	1104
1102	1105
1102	1107
1102	1145
1102	1148
1102	1149
1103	1104
1103	1145
1103	1148
1103	1585
1103	1586
1103	1629
1104	1105
1104	1107
1104	1542
1104	1585
1104	1586
1104	1589
1105	1106
1105	1107
1105	1108
1106	1107
1106	1108
1106	1109
1106	1111
1106	1149
1106	1152
1106	1153
1107	1108
1107	1148
1107	1149
1107	1152
1107	1586
1107	1589
1107	1590
1107	1633
1108	1109
1108	1111
1108	1546
1108	1589
1108	1590
1108	1593
1109	1110
1109	1111
1109	1112
1110	1111
1110	1112
1110	1113
1110	1115
1110	1153
1110	1156
1110	1157
1111	1112
1111	1152
1111	1153
1111	1156
1111	1590
1111	1593
1111	1594
1111	1637
1112	1113
1112	1115
1112	1550
1112	1593
1112	1594
1112	1597
1113	1114
1113	1115
1113	1116
1114	1115
1114	1116
1114	1117
1114	1119
1114	1157
1114	1160
1114	1161
1115	1116
1115	1156
1115	1157
1115	1160
1115	1594
1115	1597
1115	1598
1115	1641
1116	1117
1116	1119
1116	1554
1116	1597
1116	1598
1116	1601
1117	1118
1117	1119
1117	1120
1118	1119
1118	1120
1118	1121
1118	1123
1118	1161
1118	1164
1118	1165
1119	1120
1119	1160
1119	1161
1119	1164
1119	1598
1119	1601
1119	1602
1119	1645
1120	1121
1120	1123
1120	1558
1120	1601
1120	1602
1120	1605
1121	1122
1121	1123
1121	1124
1122	1123
1122	1124
1122	1125
1122	1127
1122	1165
1122	1168
1122	1169
1123	1124
1123	1164
1123	1165
1123	1168
1123	1602
1123	1605
1123	1606
1123	1649
1124	1125
1124	1127
1124	1562
1124	1605
1124	1606
1124	1609
1125	1126
1125	1127
1125	1128
1126	1127
1126	1128
1126	1129
1126	1131
1126	1169
1126	1172
1126	1173
1127	1128
1127	1168
1127	1169
1127	1172
1127	1606
1127	1609
1127	1610
1127	1653
1128	1129
1128	1131
1128	1566
1128	1609
1128	1610
1128	1613
1129	1130
1129	1131
1129	1132
1130	1131
1130	1132
1130	1133
1130	1135
1130	1173
1130	1176
1130	1177
1131	1132
1131	1172
1131	1173
1131	1176
1131	1610
1131	1613
1131	1614
1131	1657
1132	1133
1132	1135
1132	1570
1132	1613
1132	1614
1132	1617
1133	1134
1133	1135
1133	1136
1134	1135
1134	1136
1134	1137
1134	1139
1134	1177
1134	1180
1134	1181
1135	1136
1135	1176
1135	1177
1135	1180
1135	1614
1135	1617
1135	1618
1135	1661
1136	1137
1136	1139
1136	1574
1136	1617
1136	1618
1136	1621
1137	1138
1137	1139
1137	1140
1138	1139
1138	1140
1138	1141
1138	1143
1138	1181
1138	1184
1138	1185
1139	1140
1139	1180
1139	1181
1139	1184
1139	1618
1139	1621
1139	1622
1139	1665
1140	1141
1140	1143
1140	1578
1140	1621
1140	1622
1140	1625
1141	1142
1141	1143
1141	1144
1142	1143
1142	1144
1142	1185
1142	1188
1143	1144
1143	1184
1143	1185
1143	1188
1143	1622
1143	1625
1143	1626
1143	1669
1144	1582
1144	1625
1144	1626
1145	1146
1145	1147
1145	1148
1146	1147
1146	1148
1146	1149
1146	1151
1146	1189
1146	1192
1146	1193
1147	1148
1147	1189
1147	1192
1147	1629
1147	1630
1147	1673
1148	1149
1148	1151
1148	1586
1148	1629
1148	1630
1148	1633
1149	1150
1149	1151
1149	1152
1150	1151
1150	1152
1150	1153
1150	1155
1150	1193
1150	1196
1150	1197
1151	1152
1151	1192
1151	1193
1151	1196
1151	1630
1151	1633
1151	1634
1151	1677
1152	1153
1152	1155
1152	1590
1152	1633
1152	1634
1152	1637
1153	1154
1153	1155
1153	1156
1154	1155
1154	1156
1154	1157
1154	1159
1154	1197
1154	1200
1154	1201
1155	1156
1155	1196
1155	1197
1155	1200
1155	1634
1155	1637
1155	1638
1155	1681
1156	1157
1156	1159
1156	1594
1156	1637
1156	1638
1156	1641
1157	1158
1157	1159
1157	1160
1158	1159
1158	1160
1158	1161
1158	1163
1158	1201
1158	1204
1158	1205
1159	1160
1159	1200
1159	1201
1159	1204
1159	1638
1159	1641
1159	1642
1159	1685
1160	1161
1160	1163
1160	1598
1160	1641
1160	1642
1160	1645
1161	1162
1161	1163
1161	1164
1162	1163
1162	1164
1162	1165
1162	1167
1162	1205
1162	1208
1162	1209
1163	1164
1163	1204
1163	1205
1163	1208
1163	1642
1163	1645
1163	1646
1163	1689
1164	1165
1164	1167
1164	1602
1164	1645
1164	1646
1164	1649
1165	1166
1165	1167
1165	1168
1166	1167
1166	1168
1166	1169
1166	1171
1166	1209
1166	1212
1166	1213
1167	1168
1167	1208
1167	1209
1167	1212
1167	1646
1167	1649
1167	1650
1167	1693
1168	1169
1168	1171
1168	1606
1168	1649
1168	1650
1168	1653
1169	1170
1169	1171
1169	1172
1170	1171
1170	1172
1170	1173
1170	1175
1170	1213
1170	1216
1170	1217
1171	1172
1171	1212
1171	1213
1171	1216
1171	1650
1171	1653
1171	1654
1171	1697
1172	1173
1172	1175
1172	1610
1172	1653
1172	1654
1172	1657
1173	1174
1173	1175
1173	1176
1174	1175
1174	1176
1174	1177
1174	1179
1174	1217
1174	1220
1174	1221
1175	1176
1175	1216
1175	1217
1175	1220
1175	1654
1175	1657
1175	1658
1175	1701
1176	1177
1176	1179
1176	1614
1176	1657
1176	1658
1176	1661
1177	1178
1177	1179
1177	1180
1178	1179
1178	1180
1178	1181
1178	1183
1178	1221
1178	1224
1178	1225
1179	1180
1179	1220
1179	1221
1179	1224
1179	1658
1179	1661
1179	1662
1179	1705
1180	1181
1180	1183
1180	1618
1180	1661
1180	1662
1180	1665
1181	1182
1181	1183
1181	1184
1182	1183
1182	1184
1182	1185
1182	1187
1182	1225
1182	1228
1182	1229
1183	1184
1183	1224
1183	1225
1183	1228
1183	1662
1183	1665
1183	1666
1183	1709
1184	1185
1184	1187
1184	1622
1184	1665
1184	1666
1184	1669
1185	1186
1185	1187
1185	1188
1186	1187
1186	1188
1186	1229
1186	1232
1187	1188
1187	1228
1187	1229
1187	1232
1187	1666
1187	1669
1187	1670
1187	1713
1188	1626
1188	1669
1188	1670
1189	1190
1189	1191
1189	1192
1190	1191
1190	1192
1190	1193
1190	1195
1190	1233
1190	1236
1190	1237
1191	1192
1191	1233
1191	1236
1191	1673
1191	1674
1191	1717
1192	1193
1192	1195
1192	1630
1192	1673
1192	1674
1192	1677
1193	1194
1193	1195
1193	1196
1194	1195
1194	1196
1194	1197
1194	1199
1194	1237
1194	1240
1194	1241
1195	1196
1195	1236
1195	1237
1195	1240
1195	1674
1195	1677
1195	1678
1195	1721
1196	1197
1196	1199
1196	1634
1196	1677
1196	1678
1196	1681
1197	1198
1197	1199
1197	1200
1198	1199
1198	1200
1198	1201
1198	1203
1198	1241
1198	1244
1198	1245
1199	1200
1199	1240
1199	1241
1199	1244
1199	1678
1199	1681
1199	1682
1199	1725
1200	1201
1200	1203
1200	1638
1200	1681
1200	1682
1200	1685
1201	1202
1201	1203
1201	1204
1202	1203
1202	1204
1202	1205
1202	1207
1202	1245
1202	1248
1202	1249
1203	1204
1203	1244
1203	1245
1203	1248
1203	1682
1203	1685
1203	1686
1203	1729
1204	1205
1204	1207
1204	1642
1204	1685
1204	1686
1204	1689
1205	1206
1205	1207
1205	1208
1206	1207
1206	1208
1206	1209
1206	1211
1206	1249
1206	1252
1206	1253
1207	1208
1207	1248
1207	1249
1207	1252
1207	1686
1207	1689
1207	1690
1207	1733
1208	1209
1208	1211
1208	1646
1208	1689
1208	1690
1208	1693
1209	1210
1209	1211
1209	1212
1210	1211
1210	1212
1210	1213
1210	1215
1210	1253
1210	1256
1210	1257
1211	1212
1211	1252
1211	1253
1211	1256
1211	1690
1211	1693
1211	1694
1211	1737
1212	1213
1212	1215
1212	1650
1212	1693
1212	1694
1212	1697
1213	1214
1213	1215
1213	1216
1214	1215
1214	1216
1214	1217
1214	1219
1214	1257
1214	1260
1214	1261
1215	1216
1215	1256
1215	1257
1215	1260
1215	1694
1215	1697
1215	1698
1215	1741
1216	1217
1216	1219
1216	1654
1216	1697
1216	1698
1216	1701
1217	1218
1217	1219
1217	1220
1218	1219
1218	1220
1218	1221
1218	1223
1218	1261
1218	1264
1218	1265
1219	1220
1219	1260
1219	1261
1219	1264
1219	1698
1219	1701
1219	1702
1219	1745
1220	1221
1220	1223
1220	1658
1220	1701
1220	1702
1220	1705
1221	1222
1221	1223
1221	1224
1222	1223
1222	1224
1222	1225
1222	1227
1222	1265
1222	1268
1222	1269
1223	1224
1223	1264
1223	1265
1223	1268
1223	1702
1223	1705
1223	1706
1223	1749
1224	1225
1224	1227
1224	1662
1224	1705
1224	1706
1224	1709
1225	1226
1225	1227
1225	1228
1226	1227
1226	1228
1226	1229
1226	1231
1226	1269
1226	1272
1226	1273
1227	1228
1227	1268
1227	1269
1227	1272
1227	1706
1227	1709
1227	1710
1227	1753
1228	1229
1228	1231
1228	1666
1228	1709
1228	1710
1228	1713
1229	1230
1229	1231
1229	1232
1230	1231
1230	1232
1230	1273
1230	1276
1231	1232
1231	1272
1231	1273
1231	1276
1231	1710
1231	1713
1231	1714
1231	1757
1232	1670
1232	1713
1232	1714
1233	1234
1233	1235
1233	1236
1234	1235
1234	1236
1234	1237
1234	1239
1234	1277
1234	1280
1234	1281
1235	1236
1235	1277
1235	1280
1235	1717
1235	1718
1235	1761
1236	1237
1236	1239
1236	1674
1236	1717
1236	1718
1236	1721
1237	1238
1237	1239
1237	1240
1238	1239
1238	1240
1238	1241
1238	1243
1238	1281
1238	1284
1238	1285
1239	1240
1239	1280
1239	1281
1239	1284
1239	1718
1239	1721
1239	1722
1239	1765
1240	1241
1240	1243
1240	1678
1240	1721
1240	1722
1240	1725
1241	1242
1241	1243
1241	1244
1242	1243
1242	1244
1242	1245
1242	1247
1242	1285
1242	1288
1242	1289
1243	1244
1243	1284
1243	1285
1243	1288
1243	1722
1243	1725
1243	1726
1243	1769
1244	1245
1244	1247
1244	1682
1244	1725
1244	1726
1244	1729
1245	1246
1245	1247
1245	1248
1246	1247
1246	1248
1246	1249
1246	1251
1246	1289
1246	1292
1246	1293
1247	1248
1247	1288
1247	1289
1247	1292
1247	1726
1247	1729
1247	1730
1247	1773
1248	1249
1248	1251
1248	1686
1248	1729
1248	1730
1248	1733
1249	1250
1249	1251
1249	1252
1250	1251
1250	1252
1250	1253
1250	1255
1250	1293
1250	1296
1250	1297
1251	1252
1251	1292
1251	1293
1251	1296
1251	1730
1251	1733
1251	1734
1251	1777
1252	1253
1252	1255
1252	1690
1252	1733
1252	1734
1252	1737
1253	1254
1253	1255
1253	1256
1254	1255
1254	1256
1254	1257
1254	1259
1254	1297
1254	1300
1254	1301
1255	1256
1255	1296
1255	1297
1255	1300
1255	1734
1255	1737
1255	1738
1255	1781
1256	1257
1256	1259
1256	1694
1256	1737
1256	1738
1256	1741
1257	1258
1257	1259
1257	1260
1258	1259
1258	1260
1258	1261
1258	1263
1258	1301
1258	1304
1258	1305
1259	1260
1259	1300
1259	1301
1259	1304
1259	1738
1259	1741
1259	1742
1259	1785
1260	1261
1260	1263
1260	1698
1260	1741
1260	1742
1260	1745
1261	1262
1261	1263
1261	1264
1262	1263
1262	1264
1262	1265
1262	1267
1262	1305
1262	1308
1262	1309
1263	1264
1263	1304
1263	1305
1263	1308
1263	1742
1263	1745
1263	1746
1263	1789
1264	1265
1264	1267
1264	1702
1264	1745
1264	1746
1264	1749
1265	1266
1265	1267
1265	1268
1266	1267
1266	1268
1266	1269
1266	1271
1266	1309
1266	1312
1266	1313
1267	1268
1267	1308
1267	1309
1267	1312
1267	1746
1267	1749
1267	1750
1267	1793
1268	1269
1268	1271
1268	1706
1268	1749
1268	1750
1268	1753
1269	1270
1269	1271
1269	1272
1270	1271
1270	1272
1270	1273
1270	1275
1270	1313
1270	1316
1270	1317
1271	1272
1271	1312
1271	1313
1271	1316
1271	1750
1271	1753
1271	1754
1271	1797
1272	1273
1272	1275
1272	1710
1272	1753
1272	1754
1272	1757
1273	1274
1273	1275
1273	1276
1274	1275
1274	1276
1274	1317
1274	1320
1275	1276
1275	1316
1275	1317
1275	1320
1275	1754
1275	1757
1275	1758
1275	1801
1276	1714
1276	1757
1276	1758
1277	1278
1277	1279
1277	1280
1278	1279
1278	1280
1278	1281
1278	1283
1278	1321
1278	1324
1278	1325
1279	1280
1279	1321
1279	1324
1279	1761
1279	1762
1279	1805
1280	1281
1280	1283
1280	1718
1280	1761
1280	1762
1280	1765
1281	1282
1281	1283
1281	1284
1282	1283
1282	1284
1282	1285
1282	1287
1282	1325
1282	1328
1282	1329
1283	1284
1283	1324
1283	1325
1283	1328
1283	1762
1283	1765
1283	1766
1283	1809
1284	1285
1284	1287
1284	1722
1284	1765
1284	1766
1284	1769
1285	1286
1285	1287
1285	1288
1286	1287
1286	1288
1286	1289
1286	1291
1286	1329
1286	1332
1286	1333
1287	1288
1287	1328
1287	1329
1287	1332
1287	1766
1287	1769
1287	1770
1287	1813
1288	1289
1288	1291
1288	1726
1288	1769
1288	1770
1288	1773
1289	1290
1289	1291
1289	1292
1290	1291
1290	1292
1290	1293
1290	1295
1290	1333
1290	1336
1290	1337
1291	1292
1291	1332
1291	1333
1291	1336
1291	1770
1291	1773
1291	1774
1291	1817
1292	1293
1292	1295
1292	1730
1292	1773
1292	1774
1292	1777
1293	1294
1293	1295
1293	1296
1294	1295
1294	1296
1294	1297
1294	1299
1294	1337
1294	1340
1294	1341
1295	1296
1295	1336
1295	1337
1295	1340
1295	1774
1295	1777
1295	1778
1295	1821
1296	1297
1296	1299
1296	1734
1296	1777
1296	1778
1296	1781
1297	1298
1297	1299
1297	1300
1298	1299
1298	1300
1298	1301
1298	1303
1298	1341
1298	1344
1298	1345
1299	1300
1299	1340
1299	1341
1299	1344
1299	1778
1299	1781
1299	1782
1299	1825
1300	1301
1300	1303
1300	1738
1300	1781
1300	1782
1300	1785
1301	1302
1301	1303
1301	1304
1302	1303
1302	1304
1302	1305
1302	1307
1302	1345
1302	1348
1302	1349
1303	1304
1303	1344
1303	1345
1303	1348
1303	1782
1303	1785
1303	1786
1303	1829
1304	1305
1304	1307
1304	1742
1304	1785
1304	1786
1304	1789
1305	1306
1305	1307
1305	1308
1306	1307
1306	1308
1306	1309
1306	1311
1306	1349
1306	1352
1306	1353
1307	1308
1307	1348
1307	1349
1307	1352
1307	1786
1307	1789
1307	1790
1307	1833
1308	1309
1308	1311
1308	1746
1308	1789
1308	1790
1308	1793
1309	1310
1309	1311
1309	1312
1310	1311
1310	1312
1310	1313
1310	1315
1310	1353
1310	1356
1310	1357
1311	1312
1311	1352
1311	1353
1311	1356
1311	1790
1311	1793
1311	1794
1311	1837
1312	1313
1312	1315
1312	1750
1312	1793
1312	1794
1312	1797
1313	1314
1313	1315
1313	1316
1314	1315
1314	1316
1314	1317
1314	1319
1314	1357
1314	1360
1314	1361
1315	1316
1315	1356
1315	1357
1315	1360
1315	1794
1315	1797
1315	1798
1315	1841
1316	1317
1316	1319
1316	1754
1316	1797
1316	1798
1316	1801
1317	1318
1317	1319
1317	1320
1318	1319
1318	1320
1318	1361
1318	1364
1319	1320
1319	1360
1319	1361
1319	1364
1319	1798
1319	1801
1319	1802
1319	1845
1320	1758
1320	1801
1320	1802
1321	1322
1321	1323
1321	1324
1322	1323
1322	1324
1322	1325
1322	1327
1322	1365
1322	1368
1322	1369
1323	1324
1323	1365
1323	1368
1323	1805
1323	1806
1323	1849
1324	1325
1324	1327
1324	1762
1324	1805
1324	1806
1324	1809
1325	1326
1325	1327
1325	1328
1326	1327
1326	1328
1326	1329
1326	1331
1326	1369
1326	1372
1326	1373
1327	1328
1327	1368
1327	1369
1327	1372
1327	1806
1327	1809
1327	1810
1327	1853
1328	1329
1328	1331
1328	1766
1328	1809
1328	1810
1328	1813
1329	1330
1329	1331
1329	1332
1330	1331
1330	1332
1330	1333
1330	1335
1330	1373
1330	1376
1330	1377
1331	1332
1331	1372
1331	1373
1331	1376
1331	1810
1331	1813
1331	1814
1331	1857
1332	1333
1332	1335
1332	1770
1332	1813
1332	1814
1332	1817
1333	1334
1333	1335
1333	1336
1334	1335
1334	1336
1334	1337
1334	1339
1334	1377
1334	1380
1334	1381
1335	1336
1335	1376
1335	1377
1335	1380
1335	1814
1335	1817
1335	1818
1335	1861
1336	1337
1336	1339
1336	1774
1336	1817
1336	1818
1336	1821
1337	1338
1337	1339
1337	1340
1338	1339
1338	1340
1338	1341
1338	1343
1338	1381
1338	1384
1338	1385
1339	1340
1339	1380
1339	1381
1339	1384
1339	1818
1339	1821
1339	1822
1339	1865
1340	1341
1340	1343
1340	1778
1340	1821
1340	1822
1340	1825
1341	1342
1341	1343
1341	1344
1342	1343
1342	1344
1342	1345
1342	1347
1342	1385
1342	1388
1342	1389
1343	1344
1343	1384
1343	1385
1343	1388
1343	1822
1343	1825
1343	1826
1343	1869
1344	1345
1344	1347
1344	1782
1344	1825
1344	1826
1344	1829
1345	1346
1345	1347
1345	1348
1346	1347
1346	1348
1346	1349
1346	1351
1346	1389
1346	1392
1346	1393
1347	1348
1347	1388
1347	1389
1347	1392
1347	1826
1347	1829
1347	1830
1347	1873
1348	1349
1348	1351
1348	1786
1348	1829
1348	1830
1348	1833
1349	1350
1349	1351
1349	1352
1350	1351
1350	1352
1350	1353
1350	1355
1350	1393
1350	1396
1350	1397
1351	1352
1351	1392
1351	1393
1351	1396
1351	1830
1351	1833
1351	1834
1351	1877
1352	1353
1352	1355
1352	1790
1352	1833
1352	1834
1352	1837
1353	1354
1353	1355
1353	1356
1354	1355
1354	1356
1354	1357
1354	1359
1354	1397
1354	1400
1354	1401
1355	1356
1355	1396
1355	1397
1355	1400
1355	1834
1355	1837
1355	1838
1355	1881
1356	1357
1356	1359
1356	1794
1356	1837
1356	1838
1356	1841
1357	1358
1357	1359
1357	1360
1358	1359
1358	1360
1358	1361
1358	1363
1358	1401
1358	1404
1358	1405
1359	1360
1359	1400
1359	1401
1359	1404
1359	1838
1359	1841
1359	1842
1359	1885
1360	1361
1360	1363
1360	1798
1360	1841
1360	1842
1360	1845
1361	1362
1361	1363
1361	1364
1362	1363
1362	1364
1362	1405
1362	1408
1363	1364
1363	1404
1363	1405
1363	1408
1363	1842
1363	1845
1363	1846
1363	1889
1364	1802
1364	1845
1364	1846
1365	1366
1365	1367
1365	1368
1366	1367
1366	1368
1366	1369
1366	1371
1366	1409
1366	1412
1366	1413
1367	1368
1367	1409
1367	1412
1367	1849
1367	1850
1367	1893
1368	1369
1368	1371
1368	1806
1368	1849
1368	1850
1368	1853
1369	1370
1369	1371
1369	1372
1370	1371
1370	1372
1370	1373
1370	1375
1370	1413
1370	1416
1370	1417
1371	1372
1371	1412
1371	1413
1371	1416
1371	1850
1371	1853
1371	1854
1371	1897
1372	1373
1372	1375
1372	1810
1372	1853
1372	1854
1372	1857
1373	1374
1373	1375
1373	1376
1374	1375
1374	1376
1374	1377
1374	1379
1374	1417
1374	1420
1374	1421
1375	1376
1375	1416
1375	1417
1375	1420
1375	1854
1375	1857
1375	1858
1375	1901
1376	1377
1376	1379
1376	1814
1376	1857
1376	1858
1376	1861
1377	1378
1377	1379
1377	1380
1378	1379
1378	1380
1378	1381
1378	1383
1378	1421
1378	1424
1378	1425
1379	1380
1379	1420
1379	1421
1379	1424
1379	1858
1379	1861
1379	1862
1379	1905
1380	1381
1380	1383
1380	1818
1380	1861
1380	1862
1380	1865
1381	1382
1381	1383
1381	1384
1382	1383
1382	1384
1382	1385
1382	1387
1382	1425
1382	1428
1382	1429
1383	1384
1383	1424
1383	1425
1383	1428
1383	1862
1383	1865
1383	1866
1383	1909
1384	1385
1384	1387
1384	1822
1384	1865
1384	1866
1384	1869
1385	1386
1385	1387
1385	1388
1386	1387
1386	1388
1386	1389
1386	1391
1386	1429
1386	1432
1386	1433
1387	1388
1387	1428
1387	1429
1387	1432
1387	1866
1387	1869
1387	1870
1387	1913
1388	1389
1388	1391
1388	1826
1388	1869
1388	1870
1388	1873
1389	1390
1389	1391
1389	1392
1390	1391
1390	1392
1390	1393
1390	1395
1390	1433
1390	1436
1390	1437
1391	1392
1391	1432
1391	1433
1391	1436
1391	1870
1391	1873
1391	1874
1391	1917
1392	1393
1392	1395
1392	1830
1392	1873
1392	1874
1392	1877
1393	1394
1393	1395
1393	1396
1394	1395
1394	1396
1394	1397
1394	1399
1394	1437
1394	1440
1394	1441
1395	1396
1395	1436
1395	1437
1395	1440
1395	1874
1395	1877
1395	1878
1395	1921
1396	1397
1396	1399
1396	1834
1396	1877
1396	1878
1396	1881
1397	1398
1397	1399
1397	1400
1398	1399
1398	1400
1398	1401
1398	1403
1398	1441
1398	1444
1398	1445
1399	1400
1399	1440
1399	1441
1399	1444
1399	1878
1399	1881
1399	1882
1399	1925
1400	1401
1400	1403
1400	1838
1400	1881
1400	1882
1400	1885
1401	1402
1401	1403
1401	1404
1402	1403
1402	1404
1402	1405
1402	1407
1402	1445
1402	1448
1402	1449
1403	1404
1403	1444
1403	1445
1403	1448
1403	1882
1403	1885
1403	1886
1403	1929
1404	1405
1404	1407
1404	1842
1404	1885
1404	1886
1404	1889
1405	1406
1405	1407
1405	1408
1406	1407
1406	1408
1406	1449
1406	1452
1407	1408
1407	1448
1407	1449
1407	1452
1407	1886
1407	1889
1407	1890
1407	1933
1408	1846
1408	1889
1408	1890
1409	1410
1409	1411
1409	1412
1410	1411
1410	1412
1410	1413
1410	1415
1411	1412
1411	1893
1411	1894
1412	1413
1412	1415
1412	1850
1412	1893
1412	1894
1412	1897
1413	1414
1413	1415
1413	1416
1414	1415
1414	1416
1414	1417
1414	1419
1415	1416
1415	1894
1415	1897
1415	1898
1416	1417
1416	1419
1416	1854
1416	1897
1416	1898
1416	1901
1417	1418
1417	1419
1417	1420
1418	1419
1418	1420
1418	1421
1418	1423
1419	1420
1419	1898
1419	1901
1419	1902
1420	1421
1420	1423
1420	1858
1420	1901
1420	1902
1420	1905
1421	1422
1421	1423
1421	1424
1422	1423
1422	1424
1422	1425
1422	1427
1423	1424
1423	1902
1423	1905
1423	1906
1424	1425
1424	1427
1424	1862
1424	1905
1424	1906
1424	1909
1425	1426
1425	1427
1425	1428
1426	1427
1426	1428
1426	1429
1426	1431
1427	1428
1427	1906
1427	1909
1427	1910
1428	1429
1428	1431
1428	1866
1428	1909
1428	1910
1428	1913
1429	1430
1429	1431
1429	1432
1430	1431
1430	1432
1430	1433
1430	1435
1431	1432
1431	1910
1431	1913
1431	1914
1432	1433
1432	1435
1432	1870
1432	1913
1432	1914
1432	1917
1433	1434
1433	1435
1433	1436
1434	1435
1434	1436
1434	1437
1434	1439
1435	1436
1435	1914
1435	1917
1435	1918
1436	1437
1436	1439
1436	1874
1436	1917
1436	1918
1436	1921
1437	1438
1437	1439
1437	1440
1438	1439
1438	1440
1438	1441
1438	1443
1439	1440
1439	1918
1439	1921
1439	1922
1440	1441
1440	1443
1440	1878
1440	1921
1440	1922
1440	1925
1441	1442
1441	1443
1441	1444
1442	1443
1442	1444
1442	1445
1442	1447
1443	1444
1443	1922
1443	1925
1443	1926
1444	1445
1444	1447
1444	1882
1444	1925
1444	1926
1444	1929
1445	1446
1445	1447
1445	1448
1446	1447
1446	1448
1446	1449
1446	1451
1447	1448
1447	1926
1447	1929
1447	1930
1448	1449
1448	1451
1448	1886
1448	1929
1448	1930
1448	1933
1449	1450
1449	1451
1449	1452
1450	1451
1450	1452
1451	1452
1451	1930
1451	1933
1451	1934
1452	1890
1452	1933
1452	1934
1453	1454
1453	1455
1453	1456
1454	1455
1454	1456
1454	1457
1454	1459
1454	1497
1454	1500
1454	1501
1455	1456
1455	1497
1455	1500
1455	1937
1455	1938
1455	1981
1456	1457
1456	1459
1456	1937
1456	1938
1456	1941
1457	1458
1457	1459
1457	1460
1458	1459
1458	1460
1458	1461
1458	1463
1458	1501
1458	1504
1458	1505
1459	1460
1459	1500
1459	1501
1459	1504
1459	1938
1459	1941
1459	1942
1459	1985
1460	1461
1460	1463
1460	1941
1460	1942
1460	1945
1461	1462
1461	1463
1461	1464
1462	1463
1462	1464
1462	1465
1462	1467
1462	1505
1462	1508
1462	1509
1463	1464
1463	1504
1463	1505
1463	1508
1463	1942
1463	1945
1463	1946
1463	1989
1464	1465
1464	1467
1464	1945
1464	1946
1464	1949
1465	1466
1465	1467
1465	1468
1466	1467
1466	1468
1466	1469
1466	1471
1466	1509
1466	1512
1466	1513
1467	1468
1467	1508
1467	1509
1467	1512
1467	1946
1467	1949
1467	1950
1467	1993
1468	1469
1468	1471
1468	1949
1468	1950
1468	1953
1469	1470
1469	1471
1469	1472
1470	1471
1470	1472
1470	1473
1470	1475
1470	1513
1470	1516
1470	1517
1471	1472
1471	1512
1471	1513
1471	1516
1471	1950
1471	1953
1471	1954
1471	1997
1472	1473
1472	1475
1472	1953
1472	1954
1472	1957
1473	1474
1473	1475
1473	1476
1474	1475
1474	1476
1474	1477
1474	1479
1474	1517
1474	1520
1474	1521
1475	1476
1475	1516
1475	1517
1475	1520
1475	1954
1475	1957
1475	1958
1475	2001
1476	1477
1476	1479
1476	1957
1476	1958
1476	1961
1477	1478
1477	1479
1477	1480
1478	1479
1478	1480
1478	1481
1478	1483
1478	1521
1478	1524
1478	1525
1479	1480
1479	1520
1479	1521
1479	1524
1479	1958
1479	1961
1479	1962
1479	2005
1480	1481
1480	1483
1480	1961
1480	1962
1480	1965
1481	1482
1481	1483
1481	1484
1482	1483
1482	1484
1482	1485
1482	1487
1482	1525
1482	1528
1482	1529
1483	1484
1483	1524
1483	1525
1483	1528
1483	1962
1483	1965
1483	1966
1483	2009
1484	1485
1484	1487
1484	1965
1484	1966
1484	1969
1485	1486
1485	1487
1485	1488
1486	1487
1486	1488
1486	1489
1486	1491
1486	1529
1486	1532
1486	1533
1487	1488
1487	1528
1487	1529
1487	1532
1487	1966
1487	1969
1487	1970
1487	2013
1488	1489
1488	1491
1488	1969
1488	1970
1488	1973
1489	1490
1489	1491
1489	1492
1490	1491
1490	1492
1490	1493
1490	1495
1490	1533
1490	1536
1490	1537
1491	1492
1491	1532
1491	1533
1491	1536
1491	1970
1491	1973
1491	1974
1491	2017
1492	1493
1492	1495
1492	1973
1492	1974
1492	1977
1493	1494
1493	1495
1493	1496
1494	1495
1494	1496
1494	1537
1494	1540
1495	1496
1495	1536
1495	1537
1495	1540
1495	1974
1495	1977
1495	1978
1495	2021
1496	1977
1496	1978
1497	1498
1497	1499
1497	1500
1498	1499
1498	1500
1498	1501
1498	1503
1498	1541
1498	1544
1498	1545
1499	1500
1499	1541
1499	1544
1499	1981
1499	1982
1499	2025
1500	1501
1500	1503
1500	1938
1500	1981
1500	1982
1500	1985
1501	1502
1501	1503
1501	1504
1502	1503
1502	1504
1502	1505
1502	1507
1502	1545
1502	1548
1502	1549
1503	1504
1503	1544
1503	1545
1503	1548
1503	1982
1503	1985
1503	1986
1503	2029
1504	1505
1504	1507
1504	1942
1504	1985
1504	1986
1504	1989
1505	1506
1505	1507
1505	1508
1506	1507
1506	1508
1506	1509
1506	1511
1506	1549
1506	1552
1506	1553
1507	1508
1507	1548
1507	1549
1507	1552
1507	1986
1507	1989
1507	1990
1507	2033
1508	1509
1508	1511
1508	1946
1508	1989
1508	1990
1508	1993
1509	1510
1509	1511
1509	1512
1510	1511
1510	1512
1510	1513
1510	1515
1510	1553
1510	1556
1510	1557
1511	1512
1511	1552
1511	1553
1511	1556
1511	1990
1511	1993
1511	1994
1511	2037
1512	1513
1512	1515
1512	1950
1512	1993
1512	1994
1512	1997
1513	1514
1513	1515
1513	1516
1514	1515
1514	1516
1514	1517
1514	1519
1514	1557
1514	1560
1514	1561
1515	1516
1515	1556
1515	1557
1515	1560
1515	1994
1515	1997
1515	1998
1515	2041
1516	1517
1516	1519
1516	1954
1516	1997
1516	1998
1516	2001
1517	1518
1517	1519
1517	1520
1518	1519
1518	1520
1518	1521
1518	1523
1518	1561
1518	1564
1518	1565
1519	1520
1519	1560
1519	1561
1519	1564
1519	1998
1519	2001
1519	2002
1519	2045
1520	1521
1520	1523
1520	1958
1520	2001
1520	2002
1520	2005
1521	1522
1521	1523
1521	1524
1522	1523
1522	1524
1522	1525
1522	1527
1522	1565
1522	1568
1522	1569
1523	1524
1523	1564
1523	1565
1523	1568
1523	2002
1523	2005
1523	2006
1523	2049
1524	1525
1524	1527
1524	1962
1524	2005
1524	2006
1524	2009
1525	1526
1525	1527
1525	1528
1526	1527
1526	1528
1526	1529
1526	1531
1526	1569
1526	1572
1526	1573
1527	1528
1527	1568
1527	1569
1527	1572
1527	2006
1527	2009
1527	2010
1527	2053
1528	1529
1528	1531
1528	1966
1528	2009
1528	2010
1528	2013
1529	1530
1529	1531
1529	1532
1530	1531
1530	1532
1530	1533
1530	1535
1530	1573
1530	1576
1530	1577
1531	1532
1531	1572
1531	1573
1531	1576
1531	2010
1531	2013
1531	2014
1531	2057
1532	1533
1532	1535
1532	1970
1532	2013
1532	2014
1532	2017
1533	1534
1533	1535
1533	1536
1534	1535
1534	1536
1534	1537
1534	1539
1534	1577
1534	1580
1534	1581
1535	1536
1535	1576
1535	1577
1535	1580
1535	2014
1535	2017
1535	2018
1535	2061
1536	1537
1536	1539
1536	1974
1536	2017
1536	2018
1536	2021
1537	1538
1537	1539
1537	1540
1538	1539
1538	1540
1538	1581
1538	1584
1539	1540
1539	1580
1539	1581
1539	1584
1539	2018
1539	2021
1539	2022
1539	2065
1540	1978
1540	2021
1540	2022
1541	1542
1541	1543
1541	1544
1542	1543
1542	1544
1542	1545
1542	1547
1542	1585
1542	1588
1542	1589
1543	1544
1543	1585
1543	1588
1543	2025
1543	2026
1543	2069
1544	1545
1544	1547
1544	1982
1544	2025
1544	2026
1544	2029
1545	1546
1545	1547
1545	1548
1546	1547
1546	1548
1546	1549
1546	1551
1546	1589
1546	1592
1546	1593
1547	1548
1547	1588
1547	1589
1547	1592
1547	2026
1547	2029
1547	2030
1547	2073
1548	1549
1548	1551
1548	1986
1548	2029
1548	2030
1548	2033
1549	1550
1549	1551
1549	1552
1550	1551
1550	1552
1550	1553
1550	1555
1550	1593
1550	1596
1550	1597
1551	1552
1551	1592
1551	1593
1551	1596
1551	2030
1551	2033
1551	2034
1551	2077
1552	1553
1552	1555
1552	1990
1552	2033
1552	2034
1552	2037
1553	1554
1553	1555
1553	1556
1554	1555
1554	1556
1554	1557
1554	1559
1554	1597
1554	1600
1554	1601
1555	1556
1555	1596
1555	1597
1555	1600
1555	2034
1555	2037
1555	2038
1555	2081
1556	1557
1556	1559
1556	1994
1556	2037
1556	2038
1556	2041
1557	1558
1557	1559
1557	1560
1558	1559
1558	1560
1558	1561
1558	1563
1558	1601
1558	1604
1558	1605
1559	1560
1559	1600
1559	1601
1559	1604
1559	2038
1559	2041
1559	2042
1559	2085
1560	1561
1560	1563
1560	1998
1560	2041
1560	2042
1560	2045
1561	1562
1561	1563
1561	1564
1562	1563
1562	1564
1562	1565
1562	1567
1562	1605
1562	1608
1562	1609
1563	1564
1563	1604
1563	1605
1563	1608
1563	2042
1563	2045
1563	2046
1563	2089
1564	1565
1564	1567
1564	2002
1564	2045
1564	2046
1564	2049
1565	1566
1565	1567
1565	1568
1566	1567
1566	1568
1566	1569
1566	1571
1566	1609
1566	1612
1566	1613
1567	1568
1567	1608
1567	1609
1567	1612
1567	2046
1567	2049
1567	2050
1567	2093
1568	1569
1568	1571
1568	2006
1568	2049
1568	2050
1568	2053
1569	1570
1569	1571
1569	1572
1570	1571
1570	1572
1570	1573
1570	1575
1570	1613
1570	1616
1570	1617
1571	1572
1571	1612
1571	1613
1571	1616
1571	2050
1571	2053
1571	2054
1571	2097
1572	1573
1572	1575
1572	2010
1572	2053
1572	2054
1572	2057
1573	1574
1573	1575
1573	1576
1574	1575
1574	1576
1574	1577
1574	1579
1574	1617
1574	1620
1574	1621
1575	1576
1575	1616
1575	1617
1575	1620
1575	2054
1575	2057
1575	2058
1575	2101
1576	1577
1576	1579
1576	2014
1576	2057
1576	2058
1576	2061
1577	1578
1577	1579
1577	1580
1578	1579
1578	1580
1578	1581
1578	1583
1578	1621
1578	1624
1578	1625
1579	1580
1579	1620
1579	1621
1579	1624
1579	2058
1579	2061
1579	2062
1579	2105
1580	1581
1580	1583
1580	2018
1580	2061
1580	2062
1580	2065
1581	1582
1581	1583
1581	1584
1582	1583
1582	1584
1582	1625
1582	1628
1583	1584
1583	1624
1583	1625
1583	1628
1583	2062
1583	2065
1583	2066
1583	2109
1584	2022
1584	2065
1584	2066
1585	1586
1585	1587
1585	1588
1586	1587
1586	1588
1586	1589
1586	1591
1586	1629
1586	1632
1586	1633
1587	1588
1587	1629
1587	1632
1587	2069
1587	2070
1587	2113
1588	1589
1588	1591
1588	2026
1588	2069
1588	2070
1588	2073
1589	1590
1589	1591
1589	1592
1590	1591
1590	1592
1590	1593
1590	1595
1590	1633
1590	1636
1590	1637
1591	1592
1591	1632
1591	1633
1591	1636
1591	2070
1591	2073
1591	2074
1591	2117
1592	1593
1592	1595
1592	2030
1592	2073
1592	2074
1592	2077
1593	1594
1593	1595
1593	1596
1594	1595
1594	1596
1594	1597
1594	1599
1594	1637
1594	1640
1594	1641
1595	1596
1595	1636
1595	1637
1595	1640
1595	2074
1595	2077
1595	2078
1595	2121
1596	1597
1596	1599
1596	2034
1596	2077
1596	2078
1596	2081
1597	1598
1597	1599
1597	1600
1598	1599
1598	1600
1598	1601
1598	1603
1598	1641
1598	1644
1598	1645
1599	1600
1599	1640
1599	1641
1599	1644
1599	2078
1599	2081
1599	2082
1599	2125
1600	1601
1600	1603
1600	2038
1600	2081
1600	2082
1600	2085
1601	1602
1601	1603
1601	1604
1602	1603
1602	1604
1602	1605
1602	1607
1602	1645
1602	1648
1602	1649
1603	1604
1603	1644
1603	1645
1603	1648
1603	2082
1603	2085
1603	2086
1603	2129
1604	1605
1604	1607
1604	2042
1604	2085
1604	2086
1604	2089
1605	1606
1605	1607
1605	1608
1606	1607
1606	1608
1606	1609
1606	1611
1606	1649
1606	1652
1606	1653
1607	1608
1607	1648
1607	1649
1607	1652
1607	2086
1607	2089
1607	2090
1607	2133
1608	1609
1608	1611
1608	2046
1608	2089
1608	2090
1608	2093
1609	1610
1609	1611
1609	1612
1610	1611
1610	1612
1610	1613
1610	1615
1610	1653
1610	1656
1610	1657
1611	1612
1611	1652
1611	1653
1611	1656
1611	2090
1611	2093
1611	2094
1611	2137
1612	1613
1612	1615
1612	2050
1612	2093
1612	2094
1612	2097
1613	1614
1613	1615
1613	1616
1614	1615
1614	1616
1614	1617
1614	1619
1614	1657
1614	1660
1614	1661
1615	1616
1615	1656
1615	1657
1615	1660
1615	2094
1615	2097
1615	2098
1615	2141
1616	1617
1616	1619
1616	2054
1616	2097
1616	2098
1616	2101
1617	1618
1617	1619
1617	1620
1618	1619
1618	1620
1618	1621
1618	1623
1618	1661
1618	1664
1618	1665
1619	1620
1619	1660
1619	1661
1619	1664
1619	2098
1619	2101
1619	2102
1619	2145
1620	1621
1620	1623
1620	2058
1620	2101
1620	2102
1620	2105
1621	1622
1621	1623
1621	1624
1622	1623
1622	1624
1622	1625
1622	1627
1622	1665
1622	1668
1622	1669
1623	1624
1623	1664
1623	1665
1623	1668
1623	2102
1623	2105
1623	2106
1623	2149
1624	1625
1624	1627
1624	2062
1624	2105
1624	2106
1624	2109
1625	1626
1625	1627
1625	1628
1626	1627
1626	1628
1626	1669
1626	1672
1627	1628
1627	1668
1627	1669
1627	1672
1627	2106
1627	2109
1627	2110
1627	2153
1628	2066
1628	2109
1628	2110
1629	1630
1629	1631
1629	1632
1630	1631
1630	1632
1630	1633
1630	1635
1630	1673
1630	1676
1630	1677
1631	1632
1631	1673
1631	1676
1631	2113
1631	2114
1631	2157
1632	1633
1632	1635
1632	2070
1632	2113
1632	2114
1632	2117
1633	1634
1633	1635
1633	1636
1634	1635
1634	1636
1634	1637
1634	1639
1634	1677
1634	1680
1634	1681
1635	1636
1635	1676
1635	1677
1635	1680
1635	2114
1635	2117
1635	2118
1635	2161
1636	1637
1636	1639
1636	2074
1636	2117
1636	2118
1636	2121
1637	1638
1637	1639
1637	1640
1638	1639
1638	1640
1638	1641
1638	1643
1638	1681
1638	1684
1638	1685
1639	1640
1639	1680
1639	1681
1639	1684
1639	2118
1639	2121
1639	2122
1639	2165
1640	1641
1640	1643
1640	2078
1640	2121
1640	2122
1640	2125
1641	1642
1641	1643
1641	1644
1642	1643
1642	1644
1642	1645
1642	1647
1642	1685
1642	1688
1642	1689
1643	1644
1643	1684
1643	1685
1643	1688
1643	2122
1643	2125
1643	2126
1643	2169
1644	1645
1644	1647
1644	2082
1644	2125
1644	2126
1644	2129
1645	1646
1645	1647
1645	1648
1646	1647
1646	1648
1646	1649
1646	1651
1646	1689
1646	1692
1646	1693
1647	1648
1647	1688
1647	1689
1647	1692
1647	2126
1647	2129
1647	2130
1647	2173
1648	1649
1648	1651
1648	2086
1648	2129
1648	2130
1648	2133
1649	1650
1649	1651
1649	1652
1650	1651
1650	1652
1650	1653
1650	1655
1650	1693
1650	1696
1650	1697
1651	1652
1651	1692
1651	1693
1651	1696
1651	2130
1651	2133
1651	2134
1651	2177
1652	1653
1652	1655
1652	2090
1652	2133
1652	2134
1652	2137
1653	1654
1653	1655
1653	1656
1654	1655
1654	1656
1654	1657
1654	1659
1654	1697
1654	1700
1654	1701
1655	1656
1655	1696
1655	1697
1655	1700
1655	2134
1655	2137
1655	2138
1655	2181
1656	1657
1656	1659
1656	2094
1656	2137
1656	2138
1656	2141
1657	1658
1657	1659
1657	1660
1658	1659
1658	1660
1658	1661
1658	1663
1658	1701
1658	1704
1658	1705
1659	1660
1659	1700
1659	1701
1659	1704
1659	2138
1659	2141
1659	2142
1659	2185
1660	1661
1660	1663
1660	2098
1660	2141
1660	2142
1660	2145
1661	1662
1661	1663
1661	1664
1662	1663
1662	1664
1662	1665
1662	1667
1662	1705
1662	1708
1662	1709
1663	1664
1663	1704
1663	1705
1663	1708
1663	2142
1663	2145
1663	2146
1663	2189
1664	1665
1664	1667
1664	2102
1664	2145
1664	2146
1664	2149
1665	1666
1665	1667
1665	1668
1666	1667
1666	1668
1666	1669
1666	1671
1666	1709
1666	1712
1666	1713
1667	1668
1667	1708
1667	1709
1667	1712
1667	2146
1667	2149
1667	2150
1667	2193
1668	1669
1668	1671
1668	2106
1668	2149
1668	2150
1668	2153
1669	1670
1669	1671
1669	1672
1670	1671
1670	1672
1670	1713
1670	1716
1671	1672
1671	1712
1671	1713
1671	1716
1671	2150
1671	2153
1671	2154
1671	2197
1672	2110
1672	2153
1672	2154
1673	1674
1673	1675
1673	1676
1674	1675
1674	1676
1674	1677
1674	1679
1674	1717
1674	1720
1674	1721
1675	1676
1675	1717
1675	1720
1675	2157
1675	2158
1675	2201
1676	1677
1676	1679
1676	2114
1676	2157
1676	2158
1676	2161
1677	1678
1677	1679
1677	1680
1678	1679
1678	1680
1678	1681
1678	1683
1678	1721
1678	1724
1678	1725
1679	1680
1679	1720
1679	1721
1679	1724
1679	2158
1679	2161
1679	2162
1679	2205
1680	1681
1680	1683
1680	2118
1680	2161
1680	2162
1680	2165
1681	1682
1681	1683
1681	1684
1682	1683
1682	1684
1682	1685
1682	1687
1682	1725
1682	1728
1682	1729
1683	1684
1683	1724
1683	1725
1683	1728
1683	2162
1683	2165
1683	2166
1683	2209
1684	1685
1684	1687
1684	2122
1684	2165
1684	2166
1684	2169
1685	1686
1685	1687
1685	1688
1686	1687
1686	1688
1686	1689
1686	1691
1686	1729
1686	1732
1686	1733
1687	1688
1687	1728
1687	1729
1687	1732
1687	2166
1687	2169
1687	2170
1687	2213
1688	1689
1688	1691
1688	2126
1688	2169
1688	2170
1688	2173
1689	1690
1689	1691
1689	1692
1690	1691
1690	1692
1690	1693
1690	1695
1690	1733
1690	1736
1690	1737
1691	1692
1691	1732
1691	1733
1691	1736
1691	2170
1691	2173
1691	2174
1691	2217
1692	1693
1692	1695
1692	2130
1692	2173
1692	2174
1692	2177
1693	1694
1693	1695
1693	1696
1694	1695
1694	1696
1694	1697
1694	1699
1694	1737
1694	1740
1694	1741
1695	1696
1695	1736
1695	1737
1695	1740
1695	2174
1695	2177
1695	2178
1695	2221
1696	1697
1696	1699
1696	2134
1696	2177
1696	2178
1696	2181
1697	1698
1697	1699
1697	1700
1698	1699
1698	1700
1698	1701
1698	1703
1698	1741
1698	1744
1698	1745
1699	1700
1699	1740
1699	1741
1699	1744
1699	2178
1699	2181
1699	2182
1699	2225
1700	1701
1700	1703
1700	2138
1700	2181
1700	2182
1700	2185
1701	1702
1701	1703
1701	1704
1702	1703
1702	1704
1702	1705
1702	1707
1702	1745
1702	1748
1702	1749
1703	1704
1703	1744
1703	1745
1703	1748
1703	2182
1703	2185
1703	2186
1703	2229
1704	1705
1704	1707
1704	2142
1704	2185
1704	2186
1704	2189
1705	1706
1705	1707
1705	1708
1706	1707
1706	1708
1706	1709
1706	1711
1706	1749
1706	1752
1706	1753
1707	1708
1707	1748
1707	1749
1707	1752
1707	2186
1707	2189
1707	2190
1707	2233
1708	1709
1708	1711
1708	2146
1708	2189
1708	2190
1708	2193
1709	1710
1709	1711
1709	1712
1710	1711
1710	1712
1710	1713
1710	1715
1710	1753
1710	1756
1710	1757
1711	1712
1711	1752
1711	1753
1711	1756
1711	2190
1711	2193
1711	2194
1711	2237
1712	1713
1712	1715
1712	2150
1712	2193
1712	2194
1712	2197
1713	1714
1713	1715
1713	1716
1714	1715
1714	1716
1714	1757
1714	1760
1715	1716
1715	1756
1715	1757
1715	1760
1715	2194
1715	2197
1715	2198
1715	2241
1716	2154
1716	2197
1716	2198
1717	1718
1717	1719
1717	1720
1718	1719
1718	1720
1718	1721
1718	1723
1718	1761
1718	1764
1718	1765
1719	1720
1719	1761
1719	1764
1719	2201
1719	2202
1719	2245
1720	1721
1720	1723
1720	2158
1720	2201
1720	2202
1720	2205
1721	1722
1721	1723
1721	1724
1722	1723
1722	1724
1722	1725
1722	1727
1722	1765
1722	1768
1722	1769
1723	1724
1723	1764
1723	1765
1723	1768
1723	2202
1723	2205
1723	2206
1723	2249
1724	1725
1724	1727
1724	2162
1724	2205
1724	2206
1724	2209
1725	1726
1725	1727
1725	1728
1726	1727
1726	1728
1726	1729
1726	1731
1726	1769
1726	1772
1726	1773
1727	1728
1727	1768
1727	1769
1727	1772
1727	2206
1727	2209
1727	2210
1727	2253
1728	1729
1728	1731
1728	2166
1728	2209
1728	2210
1728	2213
1729	1730
1729	1731
1729	1732
1730	1731
1730	1732
1730	1733
1730	1735
1730	1773
1730	1776
1730	1777
1731	1732
1731	1772
1731	1773
1731	1776
1731	2210
1731	2213
1731	2214
1731	2257
1732	1733
1732	1735
1732	2170
1732	2213
1732	2214
1732	2217
1733	1734
1733	1735
1733	1736
1734	1735
1734	1736
1734	1737
1734	1739
1734	1777
1734	1780
1734	1781
1735	1736
1735	1776
1735	1777
1735	1780
1735	2214
1735	2217
1735	2218
1735	2261
1736	1737
1736	1739
1736	2174
1736	2217
1736	2218
1736	2221
1737	1738
1737	1739
1737	1740
1738	1739
1738	1740
1738	1741
1738	1743
1738	1781
1738	1784
1738	1785
1739	1740
1739	1780
1739	1781
1739	1784
1739	2218
1739	2221
1739	2222
1739	2265
1740	1741
1740	1743
1740	2178
1740	2221
1740	2222
1740	2225
1741	1742
1741	1743
1741	1744
1742	1743
1742	1744
1742	1745
1742	1747
1742	1785
1742	1788
1742	1789
1743	1744
1743	1784
1743	1785
1743	1788
1743	2222
1743	2225
1743	2226
1743	2269
1744	1745
1744	1747
1744	2182
1744	2225
1744	2226
1744	2229
1745	1746
1745	1747
1745	1748
1746	1747
1746	1748
1746	1749
1746	1751
1746	1789
1746	1792
1746	1793
1747	1748
1747	1788
1747	1789
1747	1792
1747	2226
1747	2229
1747	2230
1747	2273
1748	1749
1748	1751
1748	2186
1748	2229
1748	2230
1748	2233
1749	1750
1749	1751
1749	1752
1750	1751
1750	1752
1750	1753
1750	1755
1750	1793
1750	1796
1750	1797
1751	1752
1751	1792
1751	1793
1751	1796
1751	2230
1751	2233
1751	2234
1751	2277
1752	1753
1752	1755
1752	2190
1752	2233
1752	2234
1752	2237
1753	1754
1753	1755
1753	1756
1754	1755
1754	1756
1754	1757
1754	1759
1754	1797
1754	1800
1754	1801
1755	1756
1755	1796
1755	1797
1755	1800
1755	2234
1755	2237
1755	2238
1755	2281
1756	1757
1756	1759
1756	2194
1756	2237
1756	2238
1756	2241
1757	1758
1757	1759
1757	1760
1758	1759
1758	1760
1758	1801
1758	1804
1759	1760
1759	1800
1759	1801
1759	1804
1759	2238
1759	2241
1759	2242
1759	2285
1760	2198
1760	2241
1760	2242
1761	1762
1761	1763
1761	1764
1762	1763
1762	1764
1762	1765
1762	1767
1762	1805
1762	1808
1762	1809
1763	1764
1763	1805
1763	1808
1763	2245
1763	2246
1763	2289
1764	1765
1764	1767
1764	2202
1764	2245
1764	2246
1764	2249
1765	1766
1765	1767
1765	1768
1766	1767
1766	1768
1766	1769
1766	1771
1766	1809
1766	1812
1766	1813
1767	1768
1767	1808
1767	1809
1767	1812
1767	2246
1767	2249
1767	2250
1767	2293
1768	1769
1768	1771
1768	2206
1768	2249
1768	2250
1768	2253
1769	1770
1769	1771
1769	1772
1770	1771
1770	1772
1770	1773
1770	1775
1770	1813
1770	1816
1770	1817
1771	1772
1771	1812
1771	1813
1771	1816
1771	2250
1771	2253
1771	2254
1771	2297
1772	1773
1772	1775
1772	2210
1772	2253
1772	2254
1772	2257
1773	1774
1773	1775
1773	1776
1774	1775
1774	1776
1774	1777
1774	1779
1774	1817
1774	1820
1774	1821
1775	1776
1775	1816
1775	1817
1775	1820
1775	2254
1775	2257
1775	2258
1775	2301
1776	1777
1776	1779
1776	2214
1776	2257
1776	2258
1776	2261
1777	1778
1777	1779
1777	1780
1778	1779
1778	1780
1778	1781
1778	1783
1778	1821
1778	1824
1778	1825
1779	1780
1779	1820
1779	1821
1779	1824
1779	2258
1779	2261
1779	2262
1779	2305
1780	1781
1780	1783
1780	2218
1780	2261
1780	2262
1780	2265
1781	1782
1781	1783
1781	1784
1782	1783
1782	1784
1782	1785
1782	1787
1782	1825
1782	1828
1782	1829
1783	1784
1783	1824
1783	1825
1783	1828
1783	2262
1783	2265
1783	2266
1783	2309
1784	1785
1784	1787
1784	2222
1784	2265
1784	2266
1784	2269
1785	1786
1785	1787
1785	1788
1786	1787
1786	1788
1786	1789
1786	1791
1786	1829
1786	1832
1786	1833
1787	1788
1787	1828
1787	1829
1787	1832
1787	2266
1787	2269
1787	2270
1787	2313
1788	1789
1788	1791
1788	2226
1788	2269
1788	2270
1788	2273
1789	1790
1789	1791
1789	1792
1790	1791
1790	1792
1790	1793
1790	1795
1790	1833
1790	1836
1790	1837
1791	1792
1791	1832
1791	1833
1791	1836
1791	2270
1791	2273
1791	2274
1791	2317
1792	1793
1792	1795
1792	2230
1792	2273
1792	2274
1792	2277
1793	1794
1793	1795
1793	1796
1794	1795
1794	1796
1794	1797
1794	1799
1794	1837
1794	1840
1794	1841
1795	1796
1795	1836
1795	1837
1795	1840
1795	2274
1795	2277
1795	2278
1795	2321
1796	1797
1796	1799
1796	2234
1796	2277
1796	2278
1796	2281
1797	1798
1797	1799
1797	1800
1798	1799
1798	1800
1798	1801
1798	1803
1798	1841
1798	1844
1798	1845
1799	1800
1799	1840
1799	1841
1799	1844
1799	2278
1799	2281
1799	2282
1799	2325
1800	1801
1800	1803
1800	2238
1800	2281
1800	2282
1800	2285
1801	1802
1801	1803
1801	1804
1802	1803
1802	1804
1802	1845
1802	1848
1803	1804
1803	1844
1803	1845
1803	1848
1803	2282
1803	2285
1803	2286
1803	2329
1804	2242
1804	2285
1804	2286
1805	1806
1805	1807
1805	1808
1806	1807
1806	1808
1806	1809
1806	1811
1806	1849
1806	1852
1806	1853
1807	1808
1807	1849
1807	1852
1807	2289
1807	2290
1807	2333
1808	1809
1808	1811
1808	2246
1808	2289
1808	2290
1808	2293
1809	1810
1809	1811
1809	1812
1810	1811
1810	1812
1810	1813
1810	1815
1810	1853
1810	1856
1810	1857
1811	1812
1811	1852
1811	1853
1811	1856
1811	2290
1811	2293
1811	2294
1811	2337
1812	1813
1812	1815
1812	2250
1812	2293
1812	2294
1812	2297
1813	1814
1813	1815
1813	1816
1814	1815
1814	1816
1814	1817
1814	1819
1814	1857
1814	1860
1814	1861
1815	1816
1815	1856
1815	1857
1815	1860
1815	2294
1815	2297
1815	2298
1815	2341
1816	1817
1816	1819
1816	2254
1816	2297
1816	2298
1816	2301
1817	1818
1817	1819
1817	1820
1818	1819
1818	1820
1818	1821
1818	1823
1818	1861
1818	1864
1818	1865
1819	1820
1819	1860
1819	1861
1819	1864
1819	2298
1819	2301
1819	2302
1819	2345
1820	1821
1820	1823
1820	2258
1820	2301
1820	2302
1820	2305
1821	1822
1821	1823
1821	1824
1822	1823
1822	1824
1822	1825
1822	1827
1822	1865
1822	1868
1822	1869
1823	1824
1823	1864
1823	1865
1823	1868
1823	2302
1823	2305
1823	2306
1823	2349
1824	1825
1824	1827
1824	2262
1824	2305
1824	2306
1824	2309
1825	1826
1825	1827
1825	1828
1826	1827
1826	1828
1826	1829
1826	1831
1826	1869
1826	1872
1826	1873
1827	1828
1827	1868
1827	1869
1827	1872
1827	2306
1827	2309
1827	2310
1827	2353
1828	1829
1828	1831
1828	2266
1828	2309
1828	2310
1828	2313
1829	1830
1829	1831
1829	1832
1830	1831
1830	1832
1830	1833
1830	1835
1830	1873
1830	1876
1830	1877
1831	1832
1831	1872
1831	1873
1831	1876
1831	2310
1831	2313
1831	2314
1831	2357
1832	1833
1832	1835
1832	2270
1832	2313
1832	2314
1832	2317
1833	1834
1833	1835
1833	1836
1834	1835
1834	1836
1834	1837
1834	1839
1834	1877
1834	1880
1834	1881
1835	1836
1835	1876
1835	1877
1835	1880
1835	2314
1835	2317
1835	2318
1835	2361
1836	1837
1836	1839
1836	2274
1836	2317
1836	2318
1836	2321
1837	1838
1837	1839
1837	1840
1838	1839
1838	1840
1838	1841
1838	1843
1838	1881
1838	1884
1838	1885
1839	1840
1839	1880
1839	1881
1839	1884
1839	2318
1839	2321
1839	2322
1839	2365
1840	1841
1840	1843
1840	2278
1840	2321
1840	2322
1840	2325
1841	1842
1841	1843
1841	1844
1842	1843
1842	1844
1842	1845
1842	1847
1842	1885
1842	1888
1842	1889
1843	1844
1843	1884
1843	1885
1843	1888
1843	2322
1843	2325
1843	2326
1843	2369
1844	1845
1844	1847
1844	2282
1844	2325
1844	2326
1844	2329
1845	1846
1845	1847
1845	1848
1846	1847
1846	1848
1846	1889
1846	1892
1847	1848
1847	1888
1847	1889
1847	1892
1847	2326
1847	2329
1847	2330
1847	2373
1848	2286
1848	2329
1848	2330
1849	1850
1849	1851
1849	1852
1850	1851
1850	1852
1850	1853
1850	1855
1850	1893
1850	1896
1850	1897
1851	1852
1851	1893
1851	1896
1851	2333
1851	2334
1851	2377
1852	1853
1852	1855
1852	2290
1852	2333
1852	2334
1852	2337
1853	1854
1853	1855
1853	1856
1854	1855
1854	1856
1854	1857
1854	1859
1854	1897
1854	1900
1854	1901
1855	1856
1855	1896
1855	1897
1855	1900
1855	2334
1855	2337
1855	2338
1855	2381
1856	1857
1856	1859
1856	2294
1856	2337
1856	2338
1856	2341
1857	1858
1857	1859
1857	1860
1858	1859
1858	1860
1858	1861
1858	1863
1858	1901
1858	1904
1858	1905
1859	1860
1859	1900
1859	1901
1859	1904
1859	2338
1859	2341
1859	2342
1859	2385
1860	1861
1860	1863
1860	2298
1860	2341
1860	2342
1860	2345
1861	1862
1861	1863
1861	1864
1862	1863
1862	1864
1862	1865
1862	1867
1862	1905
1862	1908
1862	1909
1863	1864
1863	1904
1863	1905
1863	1908
1863	2342
1863	2345
1863	2346
1863	2389
1864	1865
1864	1867
1864	2302
1864	2345
1864	2346
1864	2349
1865	1866
1865	1867
1865	1868
1866	1867
1866	1868
1866	1869
1866	1871
1866	1909
1866	1912
1866	1913
1867	1868
1867	1908
1867	1909
1867	1912
1867	2346
1867	2349
1867	2350
1867	2393
1868	1869
1868	1871
1868	2306
1868	2349
1868	2350
1868	2353
1869	1870
1869	1871
1869	1872
1870	1871
1870	1872
1870	1873
1870	1875
1870	1913
1870	1916
1870	1917
1871	1872
1871	1912
1871	1913
1871	1916
1871	2350
1871	2353
1871	2354
1871	2397
1872	1873
1872	1875
1872	2310
1872	2353
1872	2354
1872	2357
1873	1874
1873	1875
1873	1876
1874	1875
1874	1876
1874	1877
1874	1879
1874	1917
1874	1920
1874	1921
1875	1876
1875	1916
1875	1917
1875	1920
1875	2354
1875	2357
1875	2358
1875	2401
1876	1877
1876	1879
1876	2314
1876	2357
1876	2358
1876	2361
1877	1878
1877	1879
1877	1880
1878	1879
1878	1880
1878	1881
1878	1883
1878	1921
1878	1924
1878	1925
1879	1880
1879	1920
1879	1921
1879	1924
1879	2358
1879	2361
1879	2362
1879	2405
1880	1881
1880	1883
1880	2318
1880	2361
1880	2362
1880	2365
1881	1882
1881	1883
1881	1884
1882	1883
1882	1884
1882	1885
1882	1887
1882	1925
1882	1928
1882	1929
1883	1884
1883	1924
1883	1925
1883	1928
1883	2362
1883	2365
1883	2366
1883	2409
1884	1885
1884	1887
1884	2322
1884	2365
1884	2366
1884	2369
1885	1886
1885	1887
1885	1888
1886	1887
1886	1888
1886	1889
1886	1891
1886	1929
1886	1932
1886	1933
1887	1888
1887	1928
1887	1929
1887	1932
1887	2366
1887	2369
1887	2370
1887	2413
1888	1889
1888	1891
1888	2326
1888	2369
1888	2370
1888	2373
1889	1890
1889	1891
1889	1892
1890	1891
1890	1892
1890	1933
1890	1936
1891	1892
1891	1932
1891	1933
1891	1936
1891	2370
1891	2373
1891	2374
1891	2417
1892	2330
1892	2373
1892	2374
1893	1894
1893	1895
1893	1896
1894	1895
1894	1896
1894	1897
1894	1899
1895	1896
1895	2377
1895	2378
1896	1897
1896	1899
1896	2334
1896	2377
1896	2378
1896	2381
1897	1898
1897	1899
1897	1900
1898	1899
1898	1900
1898	1901
1898	1903
1899	1900
1899	2378
1899	2381
1899	2382
1900	1901
1900	1903
1900	2338
1900	2381
1900	2382
1900	2385
1901	1902
1901	1903
1901	1904
1902	1903
1902	1904
1902	1905
1902	1907
1903	1904
1903	2382
1903	2385
1903	2386
1904	1905
1904	1907
1904	2342
1904	2385
1904	2386
1904	2389
1905	1906
1905	1907
1905	1908
1906	1907
1906	1908
1906	1909
1906	1911
1907	1908
1907	2386
1907	2389
1907	2390
1908	1909
1908	1911
1908	2346
1908	2389
1908	2390
1908	2393
1909	1910
1909	1911
1909	1912
1910	1911
1910	1912
1910	1913
1910	1915
1911	1912
1911	2390
1911	2393
1911	2394
1912	1913
1912	1915
1912	2350
1912	2393
1912	2394
1912	2397
1913	1914
1913	1915
1913	1916
1914	1915
1914	1916
1914	1917
1914	1919
1915	1916
1915	2394
1915	2397
1915	2398
1916	1917
1916	1919
1916	2354
1916	2397
1916	2398
1916	2401
1917	1918
1917	1919
1917	1920
1918	1919
1918	1920
1918	1921
1918	1923
1919	1920
1919	2398
1919	2401
1919	2402
1920	1921
1920	1923
1920	2358
1920	2401
1920	2402
1920	2405
1921	1922
1921	1923
1921	1924
1922	1923
1922	1924
1922	1925
1922	1927
1923	1924
1923	2402
1923	2405
1923	2406
1924	1925
1924	1927
1924	2362
1924	2405
1924	2406
1924	2409
1925	1926
1925	1927
1925	1928
1926	1927
1926	1928
1926	1929
1926	1931
1927	1928
1927	2406
1927	2409
1927	2410
1928	1929
1928	1931
1928	2366
1928	2409
1928	2410
1928	2413
1929	1930
1929	1931
1929	1932
1930	1931
1930	1932
1930	1933
1930	1935
1931	1932
1931	2410
1931	2413
1931	2414
1932	1933
1932	1935
1932	2370
1932	2413
1932	2414
1932	2417
1933	1934
1933	1935
1933	1936
1934	1935
1934	1936
1935	1936
1935	2414
1935	2417
1935	2418
1936	2374
1936	2417
1936	2418
1937	1938
1937	1939
1937	1940
1938	1939
1938	1940
1938	1941
1938	1943
1938	1981
1938	1984
1938	1985
1939	1940
1939	1981
1939	1984
1939	2421
1939	2422
1939	2465
1940	1941
1940	1943
1940	2421
1940	2422
1940	2425
1941	1942
1941	1943
1941	1944
1942	1943
1942	1944
1942	1945
1942	1947
1942	1985
1942	1988
1942	1989
1943	1944
1943	1984
1943	1985
1943	1988
1943	2422
1943	2425
1943	2426
1943	2469
1944	1945
1944	1947
1944	2425
1944	2426
1944	2429
1945	1946
1945	1947
1945	1948
1946	1947
1946	1948
1946	1949
1946	1951
1946	1989
1946	1992
1946	1993
1947	1948
1947	1988
1947	1989
1947	1992
1947	2426
1947	2429
1947	2430
1947	2473
1948	1949
1948	1951
1948	2429
1948	2430
1948	2433
1949	1950
1949	1951
1949	1952
1950	1951
1950	1952
1950	1953
1950	1955
1950	1993
1950	1996
1950	1997
1951	1952
1951	1992
1951	1993
1951	1996
1951	2430
1951	2433
1951	2434
1951	2477
1952	1953
1952	1955
1952	2433
1952	2434
1952	2437
1953	1954
1953	1955
1953	1956
1954	1955
1954	1956
1954	1957
1954	1959
1954	1997
1954	2000
1954	2001
1955	1956
1955	1996
1955	1997
1955	2000
1955	2434
1955	2437
1955	2438
1955	2481
1956	1957
1956	1959
1956	2437
1956	2438
1956	2441
1957	1958
1957	1959
1957	1960
1958	1959
1958	1960
1958	1961
1958	1963
1958	2001
1958	2004
1958	2005
1959	1960
1959	2000
1959	2001
1959	2004
1959	2438
1959	2441
1959	2442
1959	2485
1960	1961
1960	1963
1960	2441
1960	2442
1960	2445
1961	1962
1961	1963
1961	1964
1962	1963
1962	1964
1962	1965
1962	1967
1962	2005
1962	2008
1962	2009
1963	1964
1963	2004
1963	2005
1963	2008
1963	2442
1963	2445
1963	2446
1963	2489
1964	1965
1964	1967
1964	2445
1964	2446
1964	2449
1965	1966
1965	1967
1965	1968
1966	1967
1966	1968
1966	1969
1966	1971
1966	2009
1966	2012
1966	2013
1967	1968
1967	2008
1967	2009
1967	2012
1967	2446
1967	2449
1967	2450
1967	2493
1968	1969
1968	1971
1968	2449
1968	2450
1968	2453
1969	1970
1969	1971
1969	1972
1970	1971
1970	1972
1970	1973
1970	1975
1970	2013
1970	2016
1970	2017
1971	1972
1971	2012
1971	2013
1971	2016
1971	2450
1971	2453
1971	2454
1971	2497
1972	1973
1972	1975
1972	2453
1972	2454
1972	2457
1973	1974
1973	1975
1973	1976
1974	1975
1974	1976
1974	1977
1974	1979
1974	2017
1974	2020
1974	2021
1975	1976
1975	2016
1975	2017
1975	2020
1975	2454
1975	2457
1975	2458
1975	2501
1976	1977
1976	1979
1976	2457
1976	2458
1976	2461
1977	1978
1977	1979
1977	1980
1978	1979
1978	1980
1978	2021
1978	2024
1979	1980
1979	2020
1979	2021
1979	2024
1979	2458
1979	2461
1979	2462
1979	2505
1980	2461
1980	2462
1981	1982
1981	1983
1981	1984
1982	1983
1982	1984
1982	1985
1982	1987
1982	2025
1982	2028
1982	2029
1983	1984
1983	2025
1983	2028
1983	2465
1983	2466
1983	2509
1984	1985
1984	1987
1984	2422
1984	2465
1984	2466
1984	2469
1985	1986
1985	1987
1985	1988
1986	1987
1986	1988
1986	1989
1986	1991
1986	2029
1986	2032
1986	2033
1987	1988
1987	2028
1987	2029
1987	2032
1987	2466
1987	2469
1987	2470
1987	2513
1988	1989
1988	1991
1988	2426
1988	2469
1988	2470
1988	2473
1989	1990
1989	1991
1989	1992
1990	1991
1990	1992
1990	1993
1990	1995
1990	2033
1990	2036
1990	2037
1991	1992
1991	2032
1991	2033
1991	2036
1991	2470
1991	2473
1991	2474
1991	2517
1992	1993
1992	1995
1992	2430
1992	2473
1992	2474
1992	2477
1993	1994
1993	1995
1993	1996
1994	1995
1994	1996
1994	1997
1994	1999
1994	2037
1994	2040
1994	2041
1995	1996
1995	2036
1995	2037
1995	2040
1995	2474
1995	2477
1995	2478
1995	2521
1996	1997
1996	1999
1996	2434
1996	2477
1996	2478
1996	2481
1997	1998
1997	1999
1997	2000
1998	1999
1998	2000
1998	2001
1998	2003
1998	2041
1998	2044
1998	2045
1999	2000
1999	2040
1999	2041
1999	2044
1999	2478
1999	2481
1999	2482
1999	2525
2000	2001
2000	2003
2000	2438
2000	2481
2000	2482
2000	2485
2001	2002
2001	2003
2001	2004
2002	2003
2002	2004
2002	2005
2002	2007
2002	2045
2002	2048
2002	2049
2003	2004
2003	2044
2003	2045
2003	2048
2003	2482
2003	2485
2003	2486
2003	2529
2004	2005
2004	2007
2004	2442
2004	2485
2004	2486
2004	2489
2005	2006
2005	2007
2005	2008
2006	2007
2006	2008
2006	2009
2006	2011
2006	2049
2006	2052
2006	2053
2007	2008
2007	2048
2007	2049
2007	2052
2007	2486
2007	2489
2007	2490
2007	2533
2008	2009
2008	2011
2008	2446
2008	2489
2008	2490
2008	2493
2009	2010
2009	2011
2009	2012
2010	2011
2010	2012
2010	2013
2010	2015
2010	2053
2010	2056
2010	2057
2011	2012
2011	2052
2011	2053
2011	2056
2011	2490
2011	2493
2011	2494
2011	2537
2012	2013
2012	2015
2012	2450
2012	2493
2012	2494
2012	2497
2013	2014
2013	2015
2013	2016
2014	2015
2014	2016
2014	2017
2014	2019
2014	2057
2014	2060
2014	2061
2015	2016
2015	2056
2015	2057
2015	2060
2015	2494
2015	2497
2015	2498
2015	2541
2016	2017
2016	2019
2016	2454
2016	2497
2016	2498
2016	2501
2017	2018
2017	2019
2017	2020
2018	2019
2018	2020
2018	2021
2018	2023
2018	2061
2018	2064
2018	2065
2019	2020
2019	2060
2019	2061
2019	2064
2019	2498
2019	2501
2019	2502
2019	2545
2020	2021
2020	2023
2020	2458
2020	2501
2020	2502
2020	2505
2021	2022
2021	2023
2021	2024
2022	2023
2022	2024
2022	2065
2022	2068
2023	2024
2023	2064
2023	2065
2023	2068
2023	2502
2023	2505
2023	2506
2023	2549
2024	2462
2024	2505
2024	2506
2025	2026
2025	2027
2025	2028
2026	2027
2026	2028
2026	2029
2026	2031
2026	2069
2026	2072
2026	2073
2027	2028
2027	2069
2027	2072
2027	2509
2027	2510
2027	2553
2028	2029
2028	2031
2028	2466
2028	2509
2028	2510
2028	2513
2029	2030
2029	2031
2029	2032
2030	2031
2030	2032
2030	2033
2030	2035
2030	2073
2030	2076
2030	2077
2031	2032
2031	2072
2031	2073
2031	2076
2031	2510
2031	2513
2031	2514
2031	2557
2032	2033
2032	2035
2032	2470
2032	2513
2032	2514
2032	2517
2033	2034
2033	2035
2033	2036
2034	2035
2034	2036
2034	2037
2034	2039
2034	2077
2034	2080
2034	2081
2035	2036
2035	2076
2035	2077
2035	2080
2035	2514
2035	2517
2035	2518
2035	2561
2036	2037
2036	2039
2036	2474
2036	2517
2036	2518
2036	2521
2037	2038
2037	2039
2037	2040
2038	2039
2038	2040
2038	2041
2038	2043
2038	2081
2038	2084
2038	2085
2039	2040
2039	2080
2039	2081
2039	2084
2039	2518
2039	2521
2039	2522
2039	2565
2040	2041
2040	2043
2040	2478
2040	2521
2040	2522
2040	2525
2041	2042
2041	2043
2041	2044
2042	2043
2042	2044
2042	2045
2042	2047
2042	2085
2042	2088
2042	2089
2043	2044
2043	2084
2043	2085
2043	2088
2043	2522
2043	2525
2043	2526
2043	2569
2044	2045
2044	2047
2044	2482
2044	2525
2044	2526
2044	2529
2045	2046
2045	2047
2045	2048
2046	2047
2046	2048
2046	2049
2046	2051
2046	2089
2046	2092
2046	2093
2047	2048
2047	2088
2047	2089
2047	2092
2047	2526
2047	2529
2047	2530
2047	2573
2048	2049
2048	2051
2048	2486
2048	2529
2048	2530
2048	2533
2049	2050
2049	2051
2049	2052
2050	2051
2050	2052
2050	2053
2050	2055
2050	2093
2050	2096
2050	2097
2051	2052
2051	2092
2051	2093
2051	2096
2051	2530
2051	2533
2051	2534
2051	2577
2052	2053
2052	2055
2052	2490
2052	2533
2052	2534
2052	2537
2053	2054
2053	2055
2053	2056
2054	2055
2054	2056
2054	2057
2054	2059
2054	2097
2054	2100
2054	2101
2055	2056
2055	2096
2055	2097
2055	2100
2055	2534
2055	2537
2055	2538
2055	2581
2056	2057
2056	2059
2056	2494
2056	2537
2056	2538
2056	2541
2057	2058
2057	2059
2057	2060
2058	2059
2058	2060
2058	2061
2058	2063
2058	2101
2058	2104
2058	2105
2059	2060
2059	2100
2059	2101
2059	2104
2059	2538
2059	2541
2059	2542
2059	2585
2060	2061
2060	2063
2060	2498
2060	2541
2060	2542
2060	2545
2061	2062
2061	2063
2061	2064
2062	2063
2062	2064
2062	2065
2062	2067
2062	2105
2062	2108
2062	2109
2063	2064
2063	2104
2063	2105
2063	2108
2063	2542
2063	2545
2063	2546
2063	2589
2064	2065
2064	2067
2064	2502
2064	2545
2064	2546
2064	2549
2065	2066
2065	2067
2065	2068
2066	2067
2066	2068
2066	2109
2066	2112
2067	2068
2067	2108
2067	2109
2067	2112
2067	2546
2067	2549
2067	2550
2067	2593
2068	2506
2068	2549
2068	2550
2069	2070
2069	2071
2069	2072
2070	2071
2070	2072
2070	2073
2070	2075
2070	2113
2070	2116
2070	2117
2071	2072
2071	2113
2071	2116
2071	2553
2071	2554
2071	2597
2072	2073
2072	2075
2072	2510
2072	2553
2072	2554
2072	2557
2073	2074
2073	2075
2073	2076
2074	2075
2074	2076
2074	2077
2074	2079
2074	2117
2074	2120
2074	2121
2075	2076
2075	2116
2075	2117
2075	2120
2075	2554
2075	2557
2075	2558
2075	2601
2076	2077
2076	2079
2076	2514
2076	2557
2076	2558
2076	2561
2077	2078
2077	2079
2077	2080
2078	2079
2078	2080
2078	2081
2078	2083
2078	2121
2078	2124
2078	2125
2079	2080
2079	2120
2079	2121
2079	2124
2079	2558
2079	2561
2079	2562
2079	2605
2080	2081
2080	2083
2080	2518
2080	2561
2080	2562
2080	2565
2081	2082
2081	2083
2081	2084
2082	2083
2082	2084
2082	2085
2082	2087
2082	2125
2082	2128
2082	2129
2083	2084
2083	2124
2083	2125
2083	2128
2083	2562
2083	2565
2083	2566
2083	2609
2084	2085
2084	2087
2084	2522
2084	2565
2084	2566
2084	2569
2085	2086
2085	2087
2085	2088
2086	2087
2086	2088
2086	2089
2086	2091
2086	2129
2086	2132
2086	2133
2087	2088
2087	2128
2087	2129
2087	2132
2087	2566
2087	2569
2087	2570
2087	2613
2088	2089
2088	2091
2088	2526
2088	2569
2088	2570
2088	2573
2089	2090
2089	2091
2089	2092
2090	2091
2090	2092
2090	2093
2090	2095
2090	2133
2090	2136
2090	2137
2091	2092
2091	2132
2091	2133
2091	2136
2091	2570
2091	2573
2091	2574
2091	2617
2092	2093
2092	2095
2092	2530
2092	2573
2092	2574
2092	2577
2093	2094
2093	2095
2093	2096
2094	2095
2094	2096
2094	2097
2094	2099
2094	2137
2094	2140
2094	2141
2095	2096
2095	2136
2095	2137
2095	2140
2095	2574
2095	2577
2095	2578
2095	2621
2096	2097
2096	2099
2096	2534
2096	2577
2096	2578
2096	2581
2097	2098
2097	2099
2097	2100
2098	2099
2098	2100
2098	2101
2098	2103
2098	2141
2098	2144
2098	2145
2099	2100
2099	2140
2099	2141
2099	2144
2099	2578
2099	2581
2099	2582
2099	2625
2100	2101
2100	2103
2100	2538
2100	2581
2100	2582
2100	2585
2101	2102
2101	2103
2101	2104
2102	2103
2102	2104
2102	2105
2102	2107
2102	2145
2102	2148
2102	2149
2103	2104
2103	2144
2103	2145
2103	2148
2103	2582
2103	2585
2103	2586
2103	2629
2104	2105
2104	2107
2104	2542
2104	2585
2104	2586
2104	2589
2105	2106
2105	2107
2105	2108
2106	2107
2106	2108
2106	2109
2106	2111
2106	2149
2106	2152
2106	2153
2107	2108
2107	2148
2107	2149
2107	2152
2107	2586
2107	2589
2107	2590
2107	2633
2108	2109
2108	2111
2108	2546
2108	2589
2108	2590
2108	2593
2109	2110
2109	2111
2109	2112
2110	2111
2110	2112
2110	2153
2110	2156
2111	2112
2111	2152
2111	2153
2111	2156
2111	2590
2111	2593
2111	2594
2111	2637
2112	2550
2112	2593
2112	2594
2113	2114
2113	2115
2113	2116
2114	2115
2114	2116
2114	2117
2114	2119
2114	2157
2114	2160
2114	2161
2115	2116
2115	2157
2115	2160
2115	2597
2115	2598
2115	2641
2116	2117
2116	2119
2116	2554
2116	2597
2116	2598
2116	2601
2117	2118
2117	2119
2117	2120
2118	2119
2118	2120
2118	2121
2118	2123
2118	2161
2118	2164
2118	2165
2119	2120
2119	2160
2119	2161
2119	2164
2119	2598
2119	2601
2119	2602
2119	2645
2120	2121
2120	2123
2120	2558
2120	2601
2120	2602
2120	2605
2121	2122
2121	2123
2121	2124
2122	2123
2122	2124
2122	2125
2122	2127
2122	2165
2122	2168
2122	2169
2123	2124
2123	2164
2123	2165
2123	2168
2123	2602
2123	2605
2123	2606
2123	2649
2124	2125
2124	2127
2124	2562
2124	2605
2124	2606
2124	2609
2125	2126
2125	2127
2125	2128
2126	2127
2126	2128
2126	2129
2126	2131
2126	2169
2126	2172
2126	2173
2127	2128
2127	2168
2127	2169
2127	2172
2127	2606
2127	2609
2127	2610
2127	2653
2128	2129
2128	2131
2128	2566
2128	2609
2128	2610
2128	2613
2129	2130
2129	2131
2129	2132
2130	2131
2130	2132
2130	2133
2130	2135
2130	2173
2130	2176
2130	2177
2131	2132
2131	2172
2131	2173
2131	2176
2131	2610
2131	2613
2131	2614
2131	2657
2132	2133
2132	2135
2132	2570
2132	2613
2132	2614
2132	2617
2133	2134
2133	2135
2133	2136
2134	2135
2134	2136
2134	2137
2134	2139
2134	2177
2134	2180
2134	2181
2135	2136
2135	2176
2135	2177
2135	2180
2135	2614
2135	2617
2135	2618
2135	2661
2136	2137
2136	2139
2136	2574
2136	2617
2136	2618
2136	2621
2137	2138
2137	2139
2137	2140
2138	2139
2138	2140
2138	2141
2138	2143
2138	2181
2138	2184
2138	2185
2139	2140
2139	2180
2139	2181
2139	2184
2139	2618
2139	2621
2139	2622
2139	2665
2140	2141
2140	2143
2140	2578
2140	2621
2140	2622
2140	2625
2141	2142
2141	2143
2141	2144
2142	2143
2142	2144
2142	2145
2142	2147
2142	2185
2142	2188
2142	2189
2143	2144
2143	2184
2143	2185
2143	2188
2143	2622
2143	2625
2143	2626
2143	2669
2144	2145
2144	2147
2144	2582
2144	2625
2144	2626
2144	2629
2145	2146
2145	2147
2145	2148
2146	2147
2146	2148
2146	2149
2146	2151
2146	2189
2146	2192
2146	2193
2147	2148
2147	2188
2147	2189
2147	2192
2147	2626
2147	2629
2147	2630
2147	2673
2148	2149
2148	2151
2148	2586
2148	2629
2148	2630
2148	2633
2149	2150
2149	2151
2149	2152
2150	2151
2150	2152
2150	2153
2150	2155
2150	2193
2150	2196
2150	2197
2151	2152
2151	2192
2151	2193
2151	2196
2151	2630
2151	2633
2151	2634
2151	2677
2152	2153
2152	2155
2152	2590
2152	2633
2152	2634
2152	2637
2153	2154
2153	2155
2153	2156
2154	2155
2154	2156
2154	2197
2154	2200
2155	2156
2155	2196
2155	2197
2155	2200
2155	2634
2155	2637
2155	2638
2155	2681
2156	2594
2156	2637
2156	2638
2157	2158
2157	2159
2157	2160
2158	2159
2158	2160
2158	2161
2158	2163
2158	2201
2158	2204
2158	2205
2159	2160
2159	2201
2159	2204
2159	2641
2159	2642
2159	2685
2160	2161
2160	2163
2160	2598
2160	2641
2160	2642
2160	2645
2161	2162
2161	2163
2161	2164
2162	2163
2162	2164
2162	2165
2162	2167
2162	2205
2162	2208
2162	2209
2163	2164
2163	2204
2163	2205
2163	2208
2163	2642
2163	2645
2163	2646
2163	2689
2164	2165
2164	2167
2164	2602
2164	2645
2164	2646
2164	2649
2165	2166
2165	2167
2165	2168
2166	2167
2166	2168
2166	2169
2166	2171
2166	2209
2166	2212
2166	2213
2167	2168
2167	2208
2167	2209
2167	2212
2167	2646
2167	2649
2167	2650
2167	2693
2168	2169
2168	2171
2168	2606
2168	2649
2168	2650
2168	2653
2169	2170
2169	2171
2169	2172
2170	2171
2170	2172
2170	2173
2170	2175
2170	2213
2170	2216
2170	2217
2171	2172
2171	2212
2171	2213
2171	2216
2171	2650
2171	2653
2171	2654
2171	2697
2172	2173
2172	2175
2172	2610
2172	2653
2172	2654
2172	2657
2173	2174
2173	2175
2173	2176
2174	2175
2174	2176
2174	2177
2174	2179
2174	2217
2174	2220
2174	2221
2175	2176
2175	2216
2175	2217
2175	2220
2175	2654
2175	2657
2175	2658
2175	2701
2176	2177
2176	2179
2176	2614
2176	2657
2176	2658
2176	2661
2177	2178
2177	2179
2177	2180
2178	2179
2178	2180
2178	2181
2178	2183
2178	2221
2178	2224
2178	2225
2179	2180
2179	2220
2179	2221
2179	2224
2179	2658
2179	2661
2179	2662
2179	2705
2180	2181
2180	2183
2180	2618
2180	2661
2180	2662
2180	2665
2181	2182
2181	2183
2181	2184
2182	2183
2182	2184
2182	2185
2182	2187
2182	2225
2182	2228
2182	2229
2183	2184
2183	2224
2183	2225
2183	2228
2183	2662
2183	2665
2183	2666
2183	2709
2184	2185
2184	2187
2184	2622
2184	2665
2184	2666
2184	2669
2185	2186
2185	2187
2185	2188
2186	2187
2186	2188
2186	2189
2186	2191
2186	2229
2186	2232
2186	2233
2187	2188
2187	2228
2187	2229
2187	2232
2187	2666
2187	2669
2187	2670
2187	2713
2188	2189
2188	2191
2188	2626
2188	2669
2188	2670
2188	2673
2189	2190
2189	2191
2189	2192
2190	2191
2190	2192
2190	2193
2190	2195
2190	2233
2190	2236
2190	2237
2191	2192
2191	2232
2191	2233
2191	2236
2191	2670
2191	2673
2191	2674
2191	2717
2192	2193
2192	2195
2192	2630
2192	2673
2192	2674
2192	2677
2193	2194
2193	2195
2193	2196
2194	2195
2194	2196
2194	2197
2194	2199
2194	2237
2194	2240
2194	2241
2195	2196
2195	2236
2195	2237
2195	2240
2195	2674
2195	2677
2195	2678
2195	2721
2196	2197
2196	2199
2196	2634
2196	2677
2196	2678
2196	2681
2197	2198
2197	2199
2197	2200
2198	2199
2198	2200
2198	2241
2198	2244
2199	2200
2199	2240
2199	2241
2199	2244
2199	2678
2199	2681
2199	2682
2199	2725
2200	2638
2200	2681
2200	2682
2201	2202
2201	2203
2201	2204
2202	2203
2202	2204
2202	2205
2202	2207
2202	2245
2202	2248
2202	2249
2203	2204
2203	2245
2203	2248
2203	2685
2203	2686
2203	2729
2204	2205
2204	2207
2204	2642
2204	2685
2204	2686
2204	2689
2205	2206
2205	2207
2205	2208
2206	2207
2206	2208
2206	2209
2206	2211
2206	2249
2206	2252
2206	2253
2207	2208
2207	2248
2207	2249
2207	2252
2207	2686
2207	2689
2207	2690
2207	2733
2208	2209
2208	2211
2208	2646
2208	2689
2208	2690
2208	2693
2209	2210
2209	2211
2209	2212
2210	2211
2210	2212
2210	2213
2210	2215
2210	2253
2210	2256
2210	2257
2211	2212
2211	2252
2211	2253
2211	2256
2211	2690
2211	2693
2211	2694
2211	2737
2212	2213
2212	2215
2212	2650
2212	2693
2212	2694
2212	2697
2213	2214
2213	2215
2213	2216
2214	2215
2214	2216
2214	2217
2214	2219
2214	2257
2214	2260
2214	2261
2215	2216
2215	2256
2215	2257
2215	2260
2215	2694
2215	2697
2215	2698
2215	2741
2216	2217
2216	2219
2216	2654
2216	2697
2216	2698
2216	2701
2217	2218
2217	2219
2217	2220
2218	2219
2218	2220
2218	2221
2218	2223
2218	2261
2218	2264
2218	2265
2219	2220
2219	2260
2219	2261
2219	2264
2219	2698
2219	2701
2219	2702
2219	2745
2220	2221
2220	2223
2220	2658
2220	2701
2220	2702
2220	2705
2221	2222
2221	2223
2221	2224
2222	2223
2222	2224
2222	2225
2222	2227
2222	2265
2222	2268
2222	2269
2223	2224
2223	2264
2223	2265
2223	2268
2223	2702
2223	2705
2223	2706
2223	2749
2224	2225
2224	2227
2224	2662
2224	2705
2224	2706
2224	2709
2225	2226
2225	2227
2225	2228
2226	2227
2226	2228
2226	2229
2226	2231
2226	2269
2226	2272
2226	2273
2227	2228
2227	2268
2227	2269
2227	2272
2227	2706
2227	2709
2227	2710
2227	2753
2228	2229
2228	2231
2228	2666
2228	2709
2228	2710
2228	2713
2229	2230
2229	2231
2229	2232
2230	2231
2230	2232
2230	2233
2230	2235
2230	2273
2230	2276
2230	2277
2231	2232
2231	2272
2231	2273
2231	2276
2231	2710
2231	2713
2231	2714
2231	2757
2232	2233
2232	2235
2232	2670
2232	2713
2232	2714
2232	2717
2233	2234
2233	2235
2233	2236
2234	2235
2234	2236
2234	2237
2234	2239
2234	2277
2234	2280
2234	2281
2235	2236
2235	2276
2235	2277
2235	2280
2235	2714
2235	2717
2235	2718
2235	2761
2236	2237
2236	2239
2236	2674
2236	2717
2236	2718
2236	2721
2237	2238
2237	2239
2237	2240
2238	2239
2238	2240
2238	2241
2238	2243
2238	2281
2238	2284
2238	2285
2239	2240
2239	2280
2239	2281
2239	2284
2239	2718
2239	2721
2239	2722
2239	2765
2240	2241
2240	2243
2240	2678
2240	2721
2240	2722
2240	2725
2241	2242
2241	2243
2241	2244
2242	2243
2242	2244
2242	2285
2242	2288
2243	2244
2243	2284
2243	2285
2243	2288
2243	2722
2243	2725
2243	2726
2243	2769
2244	2682
2244	2725
2244	2726
2245	2246
2245	2247
2245	2248
2246	2247
2246	2248
2246	2249
2246	2251
2246	2289
2246	2292
2246	2293
2247	2248
2247	2289
2247	2292
2247	2729
2247	2730
2247	2773
2248	2249
2248	2251
2248	2686
2248	2729
2248	2730
2248	2733
2249	2250
2249	2251
2249	2252
2250	2251
2250	2252
2250	2253
2250	2255
2250	2293
2250	2296
2250	2297
2251	2252
2251	2292
2251	2293
2251	2296
2251	2730
2251	2733
2251	2734
2251	2777
2252	2253
2252	2255
2252	2690
2252	2733
2252	2734
2252	2737
2253	2254
2253	2255
2253	2256
2254	2255
2254	2256
2254	2257
2254	2259
2254	2297
2254	2300
2254	2301
2255	2256
2255	2296
2255	2297
2255	2300
2255	2734
2255	2737
2255	2738
2255	2781
2256	2257
2256	2259
2256	2694
2256	2737
2256	2738
2256	2741
2257	2258
2257	2259
2257	2260
2258	2259
2258	2260
2258	2261
2258	2263
2258	2301
2258	2304
2258	2305
2259	2260
2259	2300
2259	2301
2259	2304
2259	2738
2259	2741
2259	2742
2259	2785
2260	2261
2260	2263
2260	2698
2260	2741
2260	2742
2260	2745
2261	2262
2261	2263
2261	2264
2262	2263
2262	2264
2262	2265
2262	2267
2262	2305
2262	2308
2262	2309
2263	2264
2263	2304
2263	2305
2263	2308
2263	2742
2263	2745
2263	2746
2263	2789
2264	2265
2264	2267
2264	2702
2264	2745
2264	2746
2264	2749
2265	2266
2265	2267
2265	2268
2266	2267
2266	2268
2266	2269
2266	2271
2266	2309
2266	2312
2266	2313
2267	2268
2267	2308
2267	2309
2267	2312
2267	2746
2267	2749
2267	2750
2267	2793
2268	2269
2268	2271
2268	2706
2268	2749
2268	2750
2268	2753
2269	2270
2269	2271
2269	2272
2270	2271
2270	2272
2270	2273
2270	2275
2270	2313
2270	2316
2270	2317
2271	2272
2271	2312
2271	2313
2271	2316
2271	2750
2271	2753
2271	2754
2271	2797
2272	2273
2272	2275
2272	2710
2272	2753
2272	2754
2272	2757
2273	2274
2273	2275
2273	2276
2274	2275
2274	2276
2274	2277
2274	2279
2274	2317
2274	2320
2274	2321
2275	2276
2275	2316
2275	2317
2275	2320
2275	2754
2275	2757
2275	2758
2275	2801
2276	2277
2276	2279
2276	2714
2276	2757
2276	2758
2276	2761
2277	2278
2277	2279
2277	2280
2278	2279
2278	2280
2278	2281
2278	2283
2278	2321
2278	2324
2278	2325
2279	2280
2279	2320
2279	2321
2279	2324
2279	2758
2279	2761
2279	2762
2279	2805
2280	2281
2280	2283
2280	2718
2280	2761
2280	2762
2280	2765
2281	2282
2281	2283
2281	2284
2282	2283
2282	2284
2282	2285
2282	2287
2282	2325
2282	2328
2282	2329
2283	2284
2283	2324
2283	2325
2283	2328
2283	2762
2283	2765
2283	2766
2283	2809
2284	2285
2284	2287
2284	2722
2284	2765
2284	2766
2284	2769
2285	2286
2285	2287
2285	2288
2286	2287
2286	2288
2286	2329
2286	2332
2287	2288
2287	2328
2287	2329
2287	2332
2287	2766
2287	2769
2287	2770
2287	2813
2288	2726
2288	2769
2288	2770
2289	2290
2289	2291
2289	2292
2290	2291
2290	2292
2290	2293
2290	2295
2290	2333
2290	2336
2290	2337
2291	2292
2291	2333
2291	2336
2291	2773
2291	2774
2291	2817
2292	2293
2292	2295
2292	2730
2292	2773
2292	2774
2292	2777
2293	2294
2293	2295
2293	2296
2294	2295
2294	2296
2294	2297
2294	2299
2294	2337
2294	2340
2294	2341
2295	2296
2295	2336
2295	2337
2295	2340
2295	2774
2295	2777
2295	2778
2295	2821
2296	2297
2296	2299
2296	2734
2296	2777
2296	2778
2296	2781
2297	2298
2297	2299
2297	2300
2298	2299
2298	2300
2298	2301
2298	2303
2298	2341
2298	2344
2298	2345
2299	2300
2299	2340
2299	2341
2299	2344
2299	2778
2299	2781
2299	2782
2299	2825
2300	2301
2300	2303
2300	2738
2300	2781
2300	2782
2300	2785
2301	2302
2301	2303
2301	2304
2302	2303
2302	2304
2302	2305
2302	2307
2302	2345
2302	2348
2302	2349
2303	2304
2303	2344
2303	2345
2303	2348
2303	2782
2303	2785
2303	2786
2303	2829
2304	2305
2304	2307
2304	2742
2304	2785
2304	2786
2304	2789
2305	2306
2305	2307
2305	2308
2306	2307
2306	2308
2306	2309
2306	2311
2306	2349
2306	2352
2306	2353
2307	2308
2307	2348
2307	2349
2307	2352
2307	2786
2307	2789
2307	2790
2307	2833
2308	2309
2308	2311
2308	2746
2308	2789
2308	2790
2308	2793
2309	2310
2309	2311
2309	2312
2310	2311
2310	2312
2310	2313
2310	2315
2310	2353
2310	2356
2310	2357
2311	2312
2311	2352
2311	2353
2311	2356
2311	2790
2311	2793
2311	2794
2311	2837
2312	2313
2312	2315
2312	2750
2312	2793
2312	2794
2312	2797
2313	2314
2313	2315
2313	2316
2314	2315
2314	2316
2314	2317
2314	2319
2314	2357
2314	2360
2314	2361
2315	2316
2315	2356
2315	2357
2315	2360
2315	2794
2315	2797
2315	2798
2315	2841
2316	2317
2316	2319
2316	2754
2316	2797
2316	2798
2316	2801
2317	2318
2317	2319
2317	2320
2318	2319
2318	2320
2318	2321
2318	2323
2318	2361
2318	2364
2318	2365
2319	2320
2319	2360
2319	2361
2319	2364
2319	2798
2319	2801
2319	2802
2319	2845
2320	2321
2320	2323
2320	2758
2320	2801
2320	2802
2320	2805
2321	2322
2321	2323
2321	2324
2322	2323
2322	2324
2322	2325
2322	2327
2322	2365
2322	2368
2322	2369
2323	2324
2323	2364
2323	2365
2323	2368
2323	2802
2323	2805
2323	2806
2323	2849
2324	2325
2324	2327
2324	2762
2324	2805
2324	2806
2324	2809
2325	2326
2325	2327
2325	2328
2326	2327
2326	2328
2326	2329
2326	2331
2326	2369
2326	2372
2326	2373
2327	2328
2327	2368
2327	2369
2327	2372
2327	2806
2327	2809
2327	2810
2327	2853
2328	2329
2328	2331
2328	2766
2328	2809
2328	2810
2328	2813
2329	2330
2329	2331
2329	2332
2330	2331
2330	2332
2330	2373
2330	2376
2331	2332
2331	2372
2331	2373
2331	2376
2331	2810
2331	2813
2331	2814
2331	2857
2332	2770
2332	2813
2332	2814
2333	2334
2333	2335
2333	2336
2334	2335
2334	2336
2334	2337
2334	2339
2334	2377
2334	2380
2334	2381
2335	2336
2335	2377
2335	2380
2335	2817
2335	2818
2335	2861
2336	2337
2336	2339
2336	2774
2336	2817
2336	2818
2336	2821
2337	2338
2337	2339
2337	2340
2338	2339
2338	2340
2338	2341
2338	2343
2338	2381
2338	2384
2338	2385
2339	2340
2339	2380
2339	2381
2339	2384
2339	2818
2339	2821
2339	2822
2339	2865
2340	2341
2340	2343
2340	2778
2340	2821
2340	2822
2340	2825
2341	2342
2341	2343
2341	2344
2342	2343
2342	2344
2342	2345
2342	2347
2342	2385
2342	2388
2342	2389
2343	2344
2343	2384
2343	2385
2343	2388
2343	2822
2343	2825
2343	2826
2343	2869
2344	2345
2344	2347
2344	2782
2344	2825
2344	2826
2344	2829
2345	2346
2345	2347
2345	2348
2346	2347
2346	2348
2346	2349
2346	2351
2346	2389
2346	2392
2346	2393
2347	2348
2347	2388
2347	2389
2347	2392
2347	2826
2347	2829
2347	2830
2347	2873
2348	2349
2348	2351
2348	2786
2348	2829
2348	2830
2348	2833
2349	2350
2349	2351
2349	2352
2350	2351
2350	2352
2350	2353
2350	2355
2350	2393
2350	2396
2350	2397
2351	2352
2351	2392
2351	2393
2351	2396
2351	2830
2351	2833
2351	2834
2351	2877
2352	2353
2352	2355
2352	2790
2352	2833
2352	2834
2352	2837
2353	2354
2353	2355
2353	2356
2354	2355
2354	2356
2354	2357
2354	2359
2354	2397
2354	2400
2354	2401
2355	2356
2355	2396
2355	2397
2355	2400
2355	2834
2355	2837
2355	2838
2355	2881
2356	2357
2356	2359
2356	2794
2356	2837
2356	2838
2356	2841
2357	2358
2357	2359
2357	2360
2358	2359
2358	2360
2358	2361
2358	2363
2358	2401
2358	2404
2358	2405
2359	2360
2359	2400
2359	2401
2359	2404
2359	2838
2359	2841
2359	2842
2359	2885
2360	2361
2360	2363
2360	2798
2360	2841
2360	2842
2360	2845
2361	2362
2361	2363
2361	2364
2362	2363
2362	2364
2362	2365
2362	2367
2362	2405
2362	2408
2362	2409
2363	2364
2363	2404
2363	2405
2363	2408
2363	2842
2363	2845
2363	2846
2363	2889
2364	2365
2364	2367
2364	2802
2364	2845
2364	2846
2364	2849
2365	2366
2365	2367
2365	2368
2366	2367
2366	2368
2366	2369
2366	2371
2366	2409
2366	2412
2366	2413
2367	2368
2367	2408
2367	2409
2367	2412
2367	2846
2367	2849
2367	2850
2367	2893
2368	2369
2368	2371
2368	2806
2368	2849
2368	2850
2368	2853
2369	2370
2369	2371
2369	2372
2370	2371
2370	2372
2370	2373
2370	2375
2370	2413
2370	2416
2370	2417
2371	2372
2371	2412
2371	2413
2371	2416
2371	2850
2371	2853
2371	2854
2371	2897
2372	2373
2372	2375
2372	2810
2372	2853
2372	2854
2372	2857
2373	2374
2373	2375
2373	2376
2374	2375
2374	2376
2374	2417
2374	2420
2375	2376
2375	2416
2375	2417
2375	2420
2375	2854
2375	2857
2375	2858
2375	2901
2376	2814
2376	2857
2376	2858
2377	2378
2377	2379
2377	2380
2378	2379
2378	2380
2378	2381
2378	2383
2379	2380
2379	2861
2379	2862
2380	2381
2380	2383
2380	2818
2380	2861
2380	2862
2380	2865
2381	2382
2381	2383
2381	2384
2382	2383
2382	2384
2382	2385
2382	2387
2383	2384
2383	2862
2383	2865
2383	2866
2384	2385
2384	2387
2384	2822
2384	2865
2384	2866
2384	2869
2385	2386
2385	2387
2385	2388
2386	2387
2386	2388
2386	2389
2386	2391
2387	2388
2387	2866
2387	2869
2387	2870
2388	2389
2388	2391
2388	2826
2388	2869
2388	2870
2388	2873
2389	2390
2389	2391
2389	2392
2390	2391
2390	2392
2390	2393
2390	2395
2391	2392
2391	2870
2391	2873
2391	2874
2392	2393
2392	2395
2392	2830
2392	2873
2392	2874
2392	2877
2393	2394
2393	2395
2393	2396
2394	2395
2394	2396
2394	2397
2394	2399
2395	2396
2395	2874
2395	2877
2395	2878
2396	2397
2396	2399
2396	2834
2396	2877
2396	2878
2396	2881
2397	2398
2397	2399
2397	2400
2398	2399
2398	2400
2398	2401
2398	2403
2399	2400
2399	2878
2399	2881
2399	2882
2400	2401
2400	2403
2400	2838
2400	2881
2400	2882
2400	2885
2401	2402
2401	2403
2401	2404
2402	2403
2402	2404
2402	2405
2402	2407
2403	2404
2403	2882
2403	2885
2403	2886
2404	2405
2404	2407
2404	2842
2404	2885
2404	2886
2404	2889
2405	2406
2405	2407
2405	2408
2406	2407
2406	2408
2406	2409
2406	2411
2407	2408
2407	2886
2407	2889
2407	2890
2408	2409
2408	2411
2408	2846
2408	2889
2408	2890
2408	2893
2409	2410
2409	2411
2409	2412
2410	2411
2410	2412
2410	2413
2410	2415
2411	2412
2411	2890
2411	2893
2411	2894
2412	2413
2412	2415
2412	2850
2412	2893
2412	2894
2412	2897
2413	2414
2413	2415
2413	2416
2414	2415
2414	2416
2414	2417
2414	2419
2415	2416
2415	2894
2415	2897
2415	2898
2416	2417
2416	2419
2416	2854
2416	2897
2416	2898
2416	2901
2417	2418
2417	2419
2417	2420
2418	2419
2418	2420
2419	2420
2419	2898
2419	2901
2419	2902
2420	2858
2420	2901
2420	2902
2421	2422
2421	2423
2421	2424
2422	2423
2422	2424
2422	2425
2422	2427
2422	2465
2422	2468
2422	2469
2423	2424
2423	2465
2423	2468
2423	2905
2423	2906
2423	2949
2424	2425
2424	2427
2424	2905
2424	2906
2424	2909
2425	2426
2425	2427
2425	2428
2426	2427
2426	2428
2426	2429
2426	2431
2426	2469
2426	2472
2426	2473
2427	2428
2427	2468
2427	2469
2427	2472
2427	2906
2427	2909
2427	2910
2427	2953
2428	2429
2428	2431
2428	2909
2428	2910
2428	2913
2429	2430
2429	2431
2429	2432
2430	2431
2430	2432
2430	2433
2430	2435
2430	2473
2430	2476
2430	2477
2431	2432
2431	2472
2431	2473
2431	2476
2431	2910
2431	2913
2431	2914
2431	2957
2432	2433
2432	2435
2432	2913
2432	2914
2432	2917
2433	2434
2433	2435
2433	2436
2434	2435
2434	2436
2434	2437
2434	2439
2434	2477
2434	2480
2434	2481
2435	2436
2435	2476
2435	2477
2435	2480
2435	2914
2435	2917
2435	2918
2435	2961
2436	2437
2436	2439
2436	2917
2436	2918
2436	2921
2437	2438
2437	2439
2437	2440
2438	2439
2438	2440
2438	2441
2438	2443
2438	2481
2438	2484
2438	2485
2439	2440
2439	2480
2439	2481
2439	2484
2439	2918
2439	2921
2439	2922
2439	2965
2440	2441
2440	2443
2440	2921
2440	2922
2440	2925
2441	2442
2441	2443
2441	2444
2442	2443
2442	2444
2442	2445
2442	2447
2442	2485
2442	2488
2442	2489
2443	2444
2443	2484
2443	2485
2443	2488
2443	2922
2443	2925
2443	2926
2443	2969
2444	2445
2444	2447
2444	2925
2444	2926
2444	2929
2445	2446
2445	2447
2445	2448
2446	2447
2446	2448
2446	2449
2446	2451
2446	2489
2446	2492
2446	2493
2447	2448
2447	2488
2447	2489
2447	2492
2447	2926
2447	2929
2447	2930
2447	2973
2448	2449
2448	2451
2448	2929
2448	2930
2448	2933
2449	2450
2449	2451
2449	2452
2450	2451
2450	2452
2450	2453
2450	2455
2450	2493
2450	2496
2450	2497
2451	2452
2451	2492
2451	2493
2451	2496
2451	2930
2451	2933
2451	2934
2451	2977
2452	2453
2452	2455
2452	2933
2452	2934
2452	2937
2453	2454
2453	2455
2453	2456
2454	2455
2454	2456
2454	2457
2454	2459
2454	2497
2454	2500
2454	2501
2455	2456
2455	2496
2455	2497
2455	2500
2455	2934
2455	2937
2455	2938
2455	2981
2456	2457
2456	2459
2456	2937
2456	2938
2456	2941
2457	2458
2457	2459
2457	2460
2458	2459
2458	2460
2458	2461
2458	2463
2458	2501
2458	2504
2458	2505
2459	2460
2459	2500
2459	2501
2459	2504
2459	2938
2459	2941
2459	2942
2459	2985
2460	2461
2460	2463
2460	2941
2460	2942
2460	2945
2461	2462
2461	2463
2461	2464
2462	2463
2462	2464
2462	2505
2462	2508
2463	2464
2463	2504
2463	2505
2463	2508
2463	2942
2463	2945
2463	2946
2463	2989
2464	2945
2464	2946
2465	2466
2465	2467
2465	2468
2466	2467
2466	2468
2466	2469
2466	2471
2466	2509
2466	2512
2466	2513
2467	2468
2467	2509
2467	2512
2467	2949
2467	2950
2467	2993
2468	2469
2468	2471
2468	2906
2468	2949
2468	2950
2468	2953
2469	2470
2469	2471
2469	2472
2470	2471
2470	2472
2470	2473
2470	2475
2470	2513
2470	2516
2470	2517
2471	2472
2471	2512
2471	2513
2471	2516
2471	2950
2471	2953
2471	2954
2471	2997
2472	2473
2472	2475
2472	2910
2472	2953
2472	2954
2472	2957
2473	2474
2473	2475
2473	2476
2474	2475
2474	2476
2474	2477
2474	2479
2474	2517
2474	2520
2474	2521
2475	2476
2475	2516
2475	2517
2475	2520
2475	2954
2475	2957
2475	2958
2475	3001
2476	2477
2476	2479
2476	2914
2476	2957
2476	2958
2476	2961
2477	2478
2477	2479
2477	2480
2478	2479
2478	2480
2478	2481
2478	2483
2478	2521
2478	2524
2478	2525
2479	2480
2479	2520
2479	2521
2479	2524
2479	2958
2479	2961
2479	2962
2479	3005
2480	2481
2480	2483
2480	2918
2480	2961
2480	2962
2480	2965
2481	2482
2481	2483
2481	2484
2482	2483
2482	2484
2482	2485
2482	2487
2482	2525
2482	2528
2482	2529
2483	2484
2483	2524
2483	2525
2483	2528
2483	2962
2483	2965
2483	2966
2483	3009
2484	2485
2484	2487
2484	2922
2484	2965
2484	2966
2484	2969
2485	2486
2485	2487
2485	2488
2486	2487
2486	2488
2486	2489
2486	2491
2486	2529
2486	2532
2486	2533
2487	2488
2487	2528
2487	2529
2487	2532
2487	2966
2487	2969
2487	2970
2487	3013
2488	2489
2488	2491
2488	2926
2488	2969
2488	2970
2488	2973
2489	2490
2489	2491
2489	2492
2490	2491
2490	2492
2490	2493
2490	2495
2490	2533
2490	2536
2490	2537
2491	2492
2491	2532
2491	2533
2491	2536
2491	2970
2491	2973
2491	2974
2491	3017
2492	2493
2492	2495
2492	2930
2492	2973
2492	2974
2492	2977
2493	2494
2493	2495
2493	2496
2494	2495
2494	2496
2494	2497
2494	2499
2494	2537
2494	2540
2494	2541
2495	2496
2495	2536
2495	2537
2495	2540
2495	2974
2495	2977
2495	2978
2495	3021
2496	2497
2496	2499
2496	2934
2496	2977
2496	2978
2496	2981
2497	2498
2497	2499
2497	2500
2498	2499
2498	2500
2498	2501
2498	2503
2498	2541
2498	2544
2498	2545
2499	2500
2499	2540
2499	2541
2499	2544
2499	2978
2499	2981
2499	2982
2499	3025
2500	2501
2500	2503
2500	2938
2500	2981
2500	2982
2500	2985
2501	2502
2501	2503
2501	2504
2502	2503
2502	2504
2502	2505
2502	2507
2502	2545
2502	2548
2502	2549
2503	2504
2503	2544
2503	2545
2503	2548
2503	2982
2503	2985
2503	2986
2503	3029
2504	2505
2504	2507
2504	2942
2504	2985
2504	2986
2504	2989
2505	2506
2505	2507
2505	2508
2506	2507
2506	2508
2506	2549
2506	2552
2507	2508
2507	2548
2507	2549
2507	2552
2507	2986
2507	2989
2507	2990
2507	3033
2508	2946
2508	2989
2508	2990
2509	2510
2509	2511
2509	2512
2510	2511
2510	2512
2510	2513
2510	2515
2510	2553
2510	2556
2510	2557
2511	2512
2511	2553
2511	2556
2511	2993
2511	2994
2511	3037
2512	2513
2512	2515
2512	2950
2512	2993
2512	2994
2512	2997
2513	2514
2513	2515
2513	2516
2514	2515
2514	2516
2514	2517
2514	2519
2514	2557
2514	2560
2514	2561
2515	2516
2515	2556
2515	2557
2515	2560
2515	2994
2515	2997
2515	2998
2515	3041
2516	2517
2516	2519
2516	2954
2516	2997
2516	2998
2516	3001
2517	2518
2517	2519
2517	2520
2518	2519
2518	2520
2518	2521
2518	2523
2518	2561
2518	2564
2518	2565
2519	2520
2519	2560
2519	2561
2519	2564
2519	2998
2519	3001
2519	3002
2519	3045
2520	2521
2520	2523
2520	2958
2520	3001
2520	3002
2520	3005
2521	2522
2521	2523
2521	2524
2522	2523
2522	2524
2522	2525
2522	2527
2522	2565
2522	2568
2522	2569
2523	2524
2523	2564
2523	2565
2523	2568
2523	3002
2523	3005
2523	3006
2523	3049
2524	2525
2524	2527
2524	2962
2524	3005
2524	3006
2524	3009
2525	2526
2525	2527
2525	2528
2526	2527
2526	2528
2526	2529
2526	2531
2526	2569
2526	2572
2526	2573
2527	2528
2527	2568
2527	2569
2527	2572
2527	3006
2527	3009
2527	3010
2527	3053
2528	2529
2528	2531
2528	2966
2528	3009
2528	3010
2528	3013
2529	2530
2529	2531
2529	2532
2530	2531
2530	2532
2530	2533
2530	2535
2530	2573
2530	2576
2530	2577
2531	2532
2531	2572
2531	2573
2531	2576
2531	3010
2531	3013
2531	3014
2531	3057
2532	2533
2532	2535
2532	2970
2532	3013
2532	3014
2532	3017
2533	2534
2533	2535
2533	2536
2534	2535
2534	2536
2534	2537
2534	2539
2534	2577
2534	2580
2534	2581
2535	2536
2535	2576
2535	2577
2535	2580
2535	3014
2535	3017
2535	3018
2535	3061
2536	2537
2536	2539
2536	2974
2536	3017
2536	3018
2536	3021
2537	2538
2537	2539
2537	2540
2538	2539
2538	2540
2538	2541
2538	2543
2538	2581
2538	2584
2538	2585
2539	2540
2539	2580
2539	2581
2539	2584
2539	3018
2539	3021
2539	3022
2539	3065
2540	2541
2540	2543
2540	2978
2540	3021
2540	3022
2540	3025
2541	2542
2541	2543
2541	2544
2542	2543
2542	2544
2542	2545
2542	2547
2542	2585
2542	2588
2542	2589
2543	2544
2543	2584
2543	2585
2543	2588
2543	3022
2543	3025
2543	3026
2543	3069
2544	2545
2544	2547
2544	2982
2544	3025
2544	3026
2544	3029
2545	2546
2545	2547
2545	2548
2546	2547
2546	2548
2546	2549
2546	2551
2546	2589
2546	2592
2546	2593
2547	2548
2547	2588
2547	2589
2547	2592
2547	3026
2547	3029
2547	3030
2547	3073
2548	2549
2548	2551
2548	2986
2548	3029
2548	3030
2548	3033
2549	2550
2549	2551
2549	2552
2550	2551
2550	2552
2550	2593
2550	2596
2551	2552
2551	2592
2551	2593
2551	2596
2551	3030
2551	3033
2551	3034
2551	3077
2552	2990
2552	3033
2552	3034
2553	2554
2553	2555
2553	2556
2554	2555
2554	2556
2554	2557
2554	2559
2554	2597
2554	2600
2554	2601
2555	2556
2555	2597
2555	2600
2555	3037
2555	3038
2555	3081
2556	2557
2556	2559
2556	2994
2556	3037
2556	3038
2556	3041
2557	2558
2557	2559
2557	2560
2558	2559
2558	2560
2558	2561
2558	2563
2558	2601
2558	2604
2558	2605
2559	2560
2559	2600
2559	2601
2559	2604
2559	3038
2559	3041
2559	3042
2559	3085
2560	2561
2560	2563
2560	2998
2560	3041
2560	3042
2560	3045
2561	2562
2561	2563
2561	2564
2562	2563
2562	2564
2562	2565
2562	2567
2562	2605
2562	2608
2562	2609
2563	2564
2563	2604
2563	2605
2563	2608
2563	3042
2563	3045
2563	3046
2563	3089
2564	2565
2564	2567
2564	3002
2564	3045
2564	3046
2564	3049
2565	2566
2565	2567
2565	2568
2566	2567
2566	2568
2566	2569
2566	2571
2566	2609
2566	2612
2566	2613
2567	2568
2567	2608
2567	2609
2567	2612
2567	3046
2567	3049
2567	3050
2567	3093
2568	2569
2568	2571
2568	3006
2568	3049
2568	3050
2568	3053
2569	2570
2569	2571
2569	2572
2570	2571
2570	2572
2570	2573
2570	2575
2570	2613
2570	2616
2570	2617
2571	2572
2571	2612
2571	2613
2571	2616
2571	3050
2571	3053
2571	3054
2571	3097
2572	2573
2572	2575
2572	3010
2572	3053
2572	3054
2572	3057
2573	2574
2573	2575
2573	2576
2574	2575
2574	2576
2574	2577
2574	2579
2574	2617
2574	2620
2574	2621
2575	2576
2575	2616
2575	2617
2575	2620
2575	3054
2575	3057
2575	3058
2575	3101
2576	2577
2576	2579
2576	3014
2576	3057
2576	3058
2576	3061
2577	2578
2577	2579
2577	2580
2578	2579
2578	2580
2578	2581
2578	2583
2578	2621
2578	2624
2578	2625
2579	2580
2579	2620
2579	2621
2579	2624
2579	3058
2579	3061
2579	3062
2579	3105
2580	2581
2580	2583
2580	3018
2580	3061
2580	3062
2580	3065
2581	2582
2581	2583
2581	2584
2582	2583
2582	2584
2582	2585
2582	2587
2582	2625
2582	2628
2582	2629
2583	2584
2583	2624
2583	2625
2583	2628
2583	3062
2583	3065
2583	3066
2583	3109
2584	2585
2584	2587
2584	3022
2584	3065
2584	3066
2584	3069
2585	2586
2585	2587
2585	2588
2586	2587
2586	2588
2586	2589
2586	2591
2586	2629
2586	2632
2586	2633
2587	2588
2587	2628
2587	2629
2587	2632
2587	3066
2587	3069
2587	3070
2587	3113
2588	2589
2588	2591
2588	3026
2588	3069
2588	3070
2588	3073
2589	2590
2589	2591
2589	2592
2590	2591
2590	2592
2590	2593
2590	2595
2590	2633
2590	2636
2590	2637
2591	2592
2591	2632
2591	2633
2591	2636
2591	3070
2591	3073
2591	3074
2591	3117
2592	2593
2592	2595
2592	3030
2592	3073
2592	3074
2592	3077
2593	2594
2593	2595
2593	2596
2594	2595
2594	2596
2594	2637
2594	2640
2595	2596
2595	2636
2595	2637
2595	2640
2595	3074
2595	3077
2595	3078
2595	3121
2596	3034
2596	3077
2596	3078
2597	2598
2597	2599
2597	2600
2598	2599
2598	2600
2598	2601
2598	2603
2598	2641
2598	2644
2598	2645
2599	2600
2599	2641
2599	2644
2599	3081
2599	3082
2599	3125
2600	2601
2600	2603
2600	3038
2600	3081
2600	3082
2600	3085
2601	2602
2601	2603
2601	2604
2602	2603
2602	2604
2602	2605
2602	2607
2602	2645
2602	2648
2602	2649
2603	2604
2603	2644
2603	2645
2603	2648
2603	3082
2603	3085
2603	3086
2603	3129
2604	2605
2604	2607
2604	3042
2604	3085
2604	3086
2604	3089
2605	2606
2605	2607
2605	2608
2606	2607
2606	2608
2606	2609
2606	2611
2606	2649
2606	2652
2606	2653
2607	2608
2607	2648
2607	2649
2607	2652
2607	3086
2607	3089
2607	3090
2607	3133
2608	2609
2608	2611
2608	3046
2608	3089
2608	3090
2608	3093
2609	2610
2609	2611
2609	2612
2610	2611
2610	2612
2610	2613
2610	2615
2610	2653
2610	2656
2610	2657
2611	2612
2611	2652
2611	2653
2611	2656
2611	3090
2611	3093
2611	3094
2611	3137
2612	2613
2612	2615
2612	3050
2612	3093
2612	3094
2612	3097
2613	2614
2613	2615
2613	2616
2614	2615
2614	2616
2614	2617
2614	2619
2614	2657
2614	2660
2614	2661
2615	2616
2615	2656
2615	2657
2615	2660
2615	3094
2615	3097
2615	3098
2615	3141
2616	2617
2616	2619
2616	3054
2616	3097
2616	3098
2616	3101
2617	2618
2617	2619
2617	2620
2618	2619
2618	2620
2618	2621
2618	2623
2618	2661
2618	2664
2618	2665
2619	2620
2619	2660
2619	2661
2619	2664
2619	3098
2619	3101
2619	3102
2619	3145
2620	2621
2620	2623
2620	3058
2620	3101
2620	3102
2620	3105
2621	2622
2621	2623
2621	2624
2622	2623
2622	2624
2622	2625
2622	2627
2622	2665
2622	2668
2622	2669
2623	2624
2623	2664
2623	2665
2623	2668
2623	3102
2623	3105
2623	3106
2623	3149
2624	2625
2624	2627
2624	3062
2624	3105
2624	3106
2624	3109
2625	2626
2625	2627
2625	2628
2626	2627
2626	2628
2626	2629
2626	2631
2626	2669
2626	2672
2626	2673
2627	2628
2627	2668
2627	2669
2627	2672
2627	3106
2627	3109
2627	3110
2627	3153
2628	2629
2628	2631
2628	3066
2628	3109
2628	3110
2628	3113
2629	2630
2629	2631
2629	2632
2630	2631
2630	2632
2630	2633
2630	2635
2630	2673
2630	2676
2630	2677
2631	2632
2631	2672
2631	2673
2631	2676
2631	3110
2631	3113
2631	3114
2631	3157
2632	2633
2632	2635
2632	3070
2632	3113
2632	3114
2632	3117
2633	2634
2633	2635
2633	2636
2634	2635
2634	2636
2634	2637
2634	2639
2634	2677
2634	2680
2634	2681
2635	2636
2635	2676
2635	2677
2635	2680
2635	3114
2635	3117
2635	3118
2635	3161
2636	2637
2636	2639
2636	3074
2636	3117
2636	3118
2636	3121
2637	2638
2637	2639
2637	2640
2638	2639
2638	2640
2638	2681
2638	2684
2639	2640
2639	2680
2639	2681
2639	2684
2639	3118
2639	3121
2639	3122
2639	3165
2640	3078
2640	3121
2640	3122
2641	2642
2641	2643
2641	2644
2642	2643
2642	2644
2642	2645
2642	2647
2642	2685
2642	2688
2642	2689
2643	2644
2643	2685
2643	2688
2643	3125
2643	3126
2643	3169
2644	2645
2644	2647
2644	3082
2644	3125
2644	3126
2644	3129
2645	2646
2645	2647
2645	2648
2646	2647
2646	2648
2646	2649
2646	2651
2646	2689
2646	2692
2646	2693
2647	2648
2647	2688
2647	2689
2647	2692
2647	3126
2647	3129
2647	3130
2647	3173
2648	2649
2648	2651
2648	3086
2648	3129
2648	3130
2648	3133
2649	2650
2649	2651
2649	2652
2650	2651
2650	2652
2650	2653
2650	2655
2650	2693
2650	2696
2650	2697
2651	2652
2651	2692
2651	2693
2651	2696
2651	3130
2651	3133
2651	3134
2651	3177
2652	2653
2652	2655
2652	3090
2652	3133
2652	3134
2652	3137
2653	2654
2653	2655
2653	2656
2654	2655
2654	2656
2654	2657
2654	2659
2654	2697
2654	2700
2654	2701
2655	2656
2655	2696
2655	2697
2655	2700
2655	3134
2655	3137
2655	3138
2655	3181
2656	2657
2656	2659
2656	3094
2656	3137
2656	3138
2656	3141
2657	2658
2657	2659
2657	2660
2658	2659
2658	2660
2658	2661
2658	2663
2658	2701
2658	2704
2658	2705
2659	2660
2659	2700
2659	2701
2659	2704
2659	3138
2659	3141
2659	3142
2659	3185
2660	2661
2660	2663
2660	3098
2660	3141
2660	3142
2660	3145
2661	2662
2661	2663
2661	2664
2662	2663
2662	2664
2662	2665
2662	2667
2662	2705
2662	2708
2662	2709
2663	2664
2663	2704
2663	2705
2663	2708
2663	3142
2663	3145
2663	3146
2663	3189
2664	2665
2664	2667
2664	3102
2664	3145
2664	3146
2664	3149
2665	2666
2665	2667
2665	2668
2666	2667
2666	2668
2666	2669
2666	2671
2666	2709
2666	2712
2666	2713
2667	2668
2667	2708
2667	2709
2667	2712
2667	3146
2667	3149
2667	3150
2667	3193
2668	2669
2668	2671
2668	3106
2668	3149
2668	3150
2668	3153
2669	2670
2669	2671
2669	2672
2670	2671
2670	2672
2670	2673
2670	2675
2670	2713
2670	2716
2670	2717
2671	2672
2671	2712
2671	2713
2671	2716
2671	3150
2671	3153
2671	3154
2671	3197
2672	2673
2672	2675
2672	3110
2672	3153
2672	3154
2672	3157
2673	2674
2673	2675
2673	2676
2674	2675
2674	2676
2674	2677
2674	2679
2674	2717
2674	2720
2674	2721
2675	2676
2675	2716
2675	2717
2675	2720
2675	3154
2675	3157
2675	3158
2675	3201
2676	2677
2676	2679
2676	3114
2676	3157
2676	3158
2676	3161
2677	2678
2677	2679
2677	2680
2678	2679
2678	2680
2678	2681
2678	2683
2678	2721
2678	2724
2678	2725
2679	2680
2679	2720
2679	2721
2679	2724
2679	3158
2679	3161
2679	3162
2679	3205
2680	2681
2680	2683
2680	3118
2680	3161
2680	3162
2680	3165
2681	2682
2681	2683
2681	2684
2682	2683
2682	2684
2682	2725
2682	2728
2683	2684
2683	2724
2683	2725
2683	2728
2683	3162
2683	3165
2683	3166
2683	3209
2684	3122
2684	3165
2684	3166
2685	2686
2685	2687
2685	2688
2686	2687
2686	2688
2686	2689
2686	2691
2686	2729
2686	2732
2686	2733
2687	2688
2687	2729
2687	2732
2687	3169
2687	3170
2687	3213
2688	2689
2688	2691
2688	3126
2688	3169
2688	3170
2688	3173
2689	2690
2689	2691
2689	2692
2690	2691
2690	2692
2690	2693
2690	2695
2690	2733
2690	2736
2690	2737
2691	2692
2691	2732
2691	2733
2691	2736
2691	3170
2691	3173
2691	3174
2691	3217
2692	2693
2692	2695
2692	3130
2692	3173
2692	3174
2692	3177
2693	2694
2693	2695
2693	2696
2694	2695
2694	2696
2694	2697
2694	2699
2694	2737
2694	2740
2694	2741
2695	2696
2695	2736
2695	2737
2695	2740
2695	3174
2695	3177
2695	3178
2695	3221
2696	2697
2696	2699
2696	3134
2696	3177
2696	3178
2696	3181
2697	2698
2697	2699
2697	2700
2698	2699
2698	2700
2698	2701
2698	2703
2698	2741
2698	2744
2698	2745
2699	2700
2699	2740
2699	2741
2699	2744
2699	3178
2699	3181
2699	3182
2699	3225
2700	2701
2700	2703
2700	3138
2700	3181
2700	3182
2700	3185
2701	2702
2701	2703
2701	2704
2702	2703
2702	2704
2702	2705
2702	2707
2702	2745
2702	2748
2702	2749
2703	2704
2703	2744
2703	2745
2703	2748
2703	3182
2703	3185
2703	3186
2703	3229
2704	2705
2704	2707
2704	3142
2704	3185
2704	3186
2704	3189
2705	2706
2705	2707
2705	2708
2706	2707
2706	2708
2706	2709
2706	2711
2706	2749
2706	2752
2706	2753
2707	2708
2707	2748
2707	2749
2707	2752
2707	3186
2707	3189
2707	3190
2707	3233
2708	2709
2708	2711
2708	3146
2708	3189
2708	3190
2708	3193
2709	2710
2709	2711
2709	2712
2710	2711
2710	2712
2710	2713
2710	2715
2710	2753
2710	2756
2710	2757
2711	2712
2711	2752
2711	2753
2711	2756
2711	3190
2711	3193
2711	3194
2711	3237
2712	2713
2712	2715
2712	3150
2712	3193
2712	3194
2712	3197
2713	2714
2713	2715
2713	2716
2714	2715
2714	2716
2714	2717
2714	2719
2714	2757
2714	2760
2714	2761
2715	2716
2715	2756
2715	2757
2715	2760
2715	3194
2715	3197
2715	3198
2715	3241
2716	2717
2716	2719
2716	3154
2716	3197
2716	3198
2716	3201
2717	2718
2717	2719
2717	2720
2718	2719
2718	2720
2718	2721
2718	2723
2718	2761
2718	2764
2718	2765
2719	2720
2719	2760
2719	2761
2719	2764
2719	3198
2719	3201
2719	3202
2719	3245
2720	2721
2720	2723
2720	3158
2720	3201
2720	3202
2720	3205
2721	2722
2721	2723
2721	2724
2722	2723
2722	2724
2722	2725
2722	2727
2722	2765
2722	2768
2722	2769
2723	2724
2723	2764
2723	2765
2723	2768
2723	3202
2723	3205
2723	3206
2723	3249
2724	2725
2724	2727
2724	3162
2724	3205
2724	3206
2724	3209
2725	2726
2725	2727
2725	2728
2726	2727
2726	2728
2726	2769
2726	2772
2727	2728
2727	2768
2727	2769
2727	2772
2727	3206
2727	3209
2727	3210
2727	3253
2728	3166
2728	3209
2728	3210
2729	2730
2729	2731
2729	2732
2730	2731
2730	2732
2730	2733
2730	2735
2730	2773
2730	2776
2730	2777
2731	2732
2731	2773
2731	2776
2731	3213
2731	3214
2731	3257
2732	2733
2732	2735
2732	3170
2732	3213
2732	3214
2732	3217
2733	2734
2733	2735
2733	2736
2734	2735
2734	2736
2734	2737
2734	2739
2734	2777
2734	2780
2734	2781
2735	2736
2735	2776
2735	2777
2735	2780
2735	3214
2735	3217
2735	3218
2735	3261
2736	2737
2736	2739
2736	3174
2736	3217
2736	3218
2736	3221
2737	2738
2737	2739
2737	2740
2738	2739
2738	2740
2738	2741
2738	2743
2738	2781
2738	2784
2738	2785
2739	2740
2739	2780
2739	2781
2739	2784
2739	3218
2739	3221
2739	3222
2739	3265
2740	2741
2740	2743
2740	3178
2740	3221
2740	3222
2740	3225
2741	2742
2741	2743
2741	2744
2742	2743
2742	2744
2742	2745
2742	2747
2742	2785
2742	2788
2742	2789
2743	2744
2743	2784
2743	2785
2743	2788
2743	3222
2743	3225
2743	3226
2743	3269
2744	2745
2744	2747
2744	3182
2744	3225
2744	3226
2744	3229
2745	2746
2745	2747
2745	2748
2746	2747
2746	2748
2746	2749
2746	2751
2746	2789
2746	2792
2746	2793
2747	2748
2747	2788
2747	2789
2747	2792
2747	3226
2747	3229
2747	3230
2747	3273
2748	2749
2748	2751
2748	3186
2748	3229
2748	3230
2748	3233
2749	2750
2749	2751
2749	2752
2750	2751
2750	2752
2750	2753
2750	2755
2750	2793
2750	2796
2750	2797
2751	2752
2751	2792
2751	2793
2751	2796
2751	3230
2751	3233
2751	3234
2751	3277
2752	2753
2752	2755
2752	3190
2752	3233
2752	3234
2752	3237
2753	2754
2753	2755
2753	2756
2754	2755
2754	2756
2754	2757
2754	2759
2754	2797
2754	2800
2754	2801
2755	2756
2755	2796
2755	2797
2755	2800
2755	3234
2755	3237
2755	3238
2755	3281
2756	2757
2756	2759
2756	3194
2756	3237
2756	3238
2756	3241
2757	2758
2757	2759
2757	2760
2758	2759
2758	2760
2758	2761
2758	2763
2758	2801
2758	2804
2758	2805
2759	2760
2759	2800
2759	2801
2759	2804
2759	3238
2759	3241
2759	3242
2759	3285
2760	2761
2760	2763
2760	3198
2760	3241
2760	3242
2760	3245
2761	2762
2761	2763
2761	2764
2762	2763
2762	2764
2762	2765
2762	2767
2762	2805
2762	2808
2762	2809
2763	2764
2763	2804
2763	2805
2763	2808
2763	3242
2763	3245
2763	3246
2763	3289
2764	2765
2764	2767
2764	3202
2764	3245
2764	3246
2764	3249
2765	2766
2765	2767
2765	2768
2766	2767
2766	2768
2766	2769
2766	2771
2766	2809
2766	2812
2766	2813
2767	2768
2767	2808
2767	2809
2767	2812
2767	3246
2767	3249
2767	3250
2767	3293
2768	2769
2768	2771
2768	3206
2768	3249
2768	3250
2768	3253
2769	2770
2769	2771
2769	2772
2770	2771
2770	2772
2770	2813
2770	2816
2771	2772
2771	2812
2771	2813
2771	2816
2771	3250
2771	3253
2771	3254
2771	3297
2772	3210
2772	3253
2772	3254
2773	2774
2773	2775
2773	2776
2774	2775
2774	2776
2774	2777
2774	2779
2774	2817
2774	2820
2774	2821
2775	2776
2775	2817
2775	2820
2775	3257
2775	3258
2775	3301
2776	2777
2776	2779
2776	3214
2776	3257
2776	3258
2776	3261
2777	2778
2777	2779
2777	2780
2778	2779
2778	2780
2778	2781
2778	2783
2778	2821
2778	2824
2778	2825
2779	2780
2779	2820
2779	2821
2779	2824
2779	3258
2779	3261
2779	3262
2779	3305
2780	2781
2780	2783
2780	3218
2780	3261
2780	3262
2780	3265
2781	2782
2781	2783
2781	2784
2782	2783
2782	2784
2782	2785
2782	2787
2782	2825
2782	2828
2782	2829
2783	2784
2783	2824
2783	2825
2783	2828
2783	3262
2783	3265
2783	3266
2783	3309
2784	2785
2784	2787
2784	3222
2784	3265
2784	3266
2784	3269
2785	2786
2785	2787
2785	2788
2786	2787
2786	2788
2786	2789
2786	2791
2786	2829
2786	2832
2786	2833
2787	2788
2787	2828
2787	2829
2787	2832
2787	3266
2787	3269
2787	3270
2787	3313
2788	2789
2788	2791
2788	3226
2788	3269
2788	3270
2788	3273
2789	2790
2789	2791
2789	2792
2790	2791
2790	2792
2790	2793
2790	2795
2790	2833
2790	2836
2790	2837
2791	2792
2791	2832
2791	2833
2791	2836
2791	3270
2791	3273
2791	3274
2791	3317
2792	2793
2792	2795
2792	3230
2792	3273
2792	3274
2792	3277
2793	2794
2793	2795
2793	2796
2794	2795
2794	2796
2794	2797
2794	2799
2794	2837
2794	2840
2794	2841
2795	2796
2795	2836
2795	2837
2795	2840
2795	3274
2795	3277
2795	3278
2795	3321
2796	2797
2796	2799
2796	3234
2796	3277
2796	3278
2796	3281
2797	2798
2797	2799
2797	2800
2798	2799
2798	2800
2798	2801
2798	2803
2798	2841
2798	2844
2798	2845
2799	2800
2799	2840
2799	2841
2799	2844
2799	3278
2799	3281
2799	3282
2799	3325
2800	2801
2800	2803
2800	3238
2800	3281
2800	3282
2800	3285
2801	2802
2801	2803
2801	2804
2802	2803
2802	2804
2802	2805
2802	2807
2802	2845
2802	2848
2802	2849
2803	2804
2803	2844
2803	2845
2803	2848
2803	3282
2803	3285
2803	3286
2803	3329
2804	2805
2804	2807
2804	3242
2804	3285
2804	3286
2804	3289
2805	2806
2805	2807
2805	2808
2806	2807
2806	2808
2806	2809
2806	2811
2806	2849
2806	2852
2806	2853
2807	2808
2807	2848
2807	2849
2807	2852
2807	3286
2807	3289
2807	3290
2807	3333
2808	2809
2808	2811
2808	3246
2808	3289
2808	3290
2808	3293
2809	2810
2809	2811
2809	2812
2810	2811
2810	2812
2810	2813
2810	2815
2810	2853
2810	2856
2810	2857
2811	2812
2811	2852
2811	2853
2811	2856
2811	3290
2811	3293
2811	3294
2811	3337
2812	2813
2812	2815
2812	3250
2812	3293
2812	3294
2812	3297
2813	2814
2813	2815
2813	2816
2814	2815
2814	2816
2814	2857
2814	2860
2815	2816
2815	2856
2815	2857
2815	2860
2815	3294
2815	3297
2815	3298
2815	3341
2816	3254
2816	3297
2816	3298
2817	2818
2817	2819
2817	2820
2818	2819
2818	2820
2818	2821
2818	2823
2818	2861
2818	2864
2818	2865
2819	2820
2819	2861
2819	2864
2819	3301
2819	3302
2819	3345
2820	2821
2820	2823
2820	3258
2820	3301
2820	3302
2820	3305
2821	2822
2821	2823
2821	2824
2822	2823
2822	2824
2822	2825
2822	2827
2822	2865
2822	2868
2822	2869
2823	2824
2823	2864
2823	2865
2823	2868
2823	3302
2823	3305
2823	3306
2823	3349
2824	2825
2824	2827
2824	3262
2824	3305
2824	3306
2824	3309
2825	2826
2825	2827
2825	2828
2826	2827
2826	2828
2826	2829
2826	2831
2826	2869
2826	2872
2826	2873
2827	2828
2827	2868
2827	2869
2827	2872
2827	3306
2827	3309
2827	3310
2827	3353
2828	2829
2828	2831
2828	3266
2828	3309
2828	3310
2828	3313
2829	2830
2829	2831
2829	2832
2830	2831
2830	2832
2830	2833
2830	2835
2830	2873
2830	2876
2830	2877
2831	2832
2831	2872
2831	2873
2831	2876
2831	3310
2831	3313
2831	3314
2831	3357
2832	2833
2832	2835
2832	3270
2832	3313
2832	3314
2832	3317
2833	2834
2833	2835
2833	2836
2834	2835
2834	2836
2834	2837
2834	2839
2834	2877
2834	2880
2834	2881
2835	2836
2835	2876
2835	2877
2835	2880
2835	3314
2835	3317
2835	3318
2835	3361
2836	2837
2836	2839
2836	3274
2836	3317
2836	3318
2836	3321
2837	2838
2837	2839
2837	2840
2838	2839
2838	2840
2838	2841
2838	2843
2838	2881
2838	2884
2838	2885
2839	2840
2839	2880
2839	2881
2839	2884
2839	3318
2839	3321
2839	3322
2839	3365
2840	2841
2840	2843
2840	3278
2840	3321
2840	3322
2840	3325
2841	2842
2841	2843
2841	2844
2842	2843
2842	2844
2842	2845
2842	2847
2842	2885
2842	2888
2842	2889
2843	2844
2843	2884
2843	2885
2843	2888
2843	3322
2843	3325
2843	3326
2843	3369
2844	2845
2844	2847
2844	3282
2844	3325
2844	3326
2844	3329
2845	2846
2845	2847
2845	2848
2846	2847
2846	2848
2846	2849
2846	2851
2846	2889
2846	2892
2846	2893
2847	2848
2847	2888
2847	2889
2847	2892
2847	3326
2847	3329
2847	3330
2847	3373
2848	2849
2848	2851
2848	3286
2848	3329
2848	3330
2848	3333
2849	2850
2849	2851
2849	2852
2850	2851
2850	2852
2850	2853
2850	2855
2850	2893
2850	2896
2850	2897
2851	2852
2851	2892
2851	2893
2851	2896
2851	3330
2851	3333
2851	3334
2851	3377
2852	2853
2852	2855
2852	3290
2852	3333
2852	3334
2852	3337
2853	2854
2853	2855
2853	2856
2854	2855
2854	2856
2854	2857
2854	2859
2854	2897
2854	2900
2854	2901
2855	2856
2855	2896
2855	2897
2855	2900
2855	3334
2855	3337
2855	3338
2855	3381
2856	2857
2856	2859
2856	3294
2856	3337
2856	3338
2856	3341
2857	2858
2857	2859
2857	2860
2858	2859
2858	2860
2858	2901
2858	2904
2859	2860
2859	2900
2859	2901
2859	2904
2859	3338
2859	3341
2859	3342
2859	3385
2860	3298
2860	3341
2860	3342
2861	2862
2861	2863
2861	2864
2862	2863
2862	2864
2862	2865
2862	2867
2863	2864
2863	3345
2863	3346
2864	2865
2864	2867
2864	3302
2864	3345
2864	3346
2864	3349
2865	2866
2865	2867
2865	2868
2866	2867
2866	2868
2866	2869
2866	2871
2867	2868
2867	3346
2867	3349
2867	3350
2868	2869
2868	2871
2868	3306
2868	3349
2868	3350
2868	3353
2869	2870
2869	2871
2869	2872
2870	2871
2870	2872
2870	2873
2870	2875
2871	2872
2871	3350
2871	3353
2871	3354
2872	2873
2872	2875
2872	3310
2872	3353
2872	3354
2872	3357
2873	2874
2873	2875
2873	2876
2874	2875
2874	2876
2874	2877
2874	2879
2875	2876
2875	3354
2875	3357
2875	3358
2876	2877
2876	2879
2876	3314
2876	3357
2876	3358
2876	3361
2877	2878
2877	2879
2877	2880
2878	2879
2878	2880
2878	2881
2878	2883
2879	2880
2879	3358
2879	3361
2879	3362
2880	2881
2880	2883
2880	3318
2880	3361
2880	3362
2880	3365
2881	2882
2881	2883
2881	2884
2882	2883
2882	2884
2882	2885
2882	2887
2883	2884
2883	3362
2883	3365
2883	3366
2884	2885
2884	2887
2884	3322
2884	3365
2884	3366
2884	3369
2885	2886
2885	2887
2885	2888
2886	2887
2886	2888
2886	2889
2886	2891
2887	2888
2887	3366
2887	3369
2887	3370
2888	2889
2888	2891
2888	3326
2888	3369
2888	3370
2888	3373
2889	2890
2889	2891
2889	2892
2890	2891
2890	2892
2890	2893
2890	2895
2891	2892
2891	3370
2891	3373
2891	3374
2892	2893
2892	2895
2892	3330
2892	3373
2892	3374
2892	3377
2893	2894
2893	2895
2893	2896
2894	2895
2894	2896
2894	2897
2894	2899
2895	2896
2895	3374
2895	3377
2895	3378
2896	2897
2896	2899
2896	3334
2896	3377
2896	3378
2896	3381
2897	2898
2897	2899
2897	2900
2898	2899
2898	2900
2898	2901
2898	2903
2899	2900
2899	3378
2899	3381
2899	3382
2900	2901
2900	2903
2900	3338
2900	3381
2900	3382
2900	3385
2901	2902
2901	2903
2901	2904
2902	2903
2902	2904
2903	2904
2903	3382
2903	3385
2903	3386
2904	3342
2904	3385
2904	3386
2905	2906
2905	2907
2905	2908
2906	2907
2906	2908
2906	2909
2906	2911
2906	2949
2906	2952
2906	2953
2907	2908
2907	2949
2907	2952
2907	3389
2907	3390
2907	3433
2908	2909
2908	2911
2908	3389
2908	3390
2908	3393
2909	2910
2909	2911
2909	2912
2910	2911
2910	2912
2910	2913
2910	2915
2910	2953
2910	2956
2910	2957
2911	2912
2911	2952
2911	2953
2911	2956
2911	3390
2911	3393
2911	3394
2911	3437
2912	2913
2912	2915
2912	3393
2912	3394
2912	3397
2913	2914
2913	2915
2913	2916
2914	2915
2914	2916
2914	2917
2914	2919
2914	2957
2914	2960
2914	2961
2915	2916
2915	2956
2915	2957
2915	2960
2915	3394
2915	3397
2915	3398
2915	3441
2916	2917
2916	2919
2916	3397
2916	3398
2916	3401
2917	2918
2917	2919
2917	2920
2918	2919
2918	2920
2918	2921
2918	2923
2918	2961
2918	2964
2918	2965
2919	2920
2919	2960
2919	2961
2919	2964
2919	3398
2919	3401
2919	3402
2919	3445
2920	2921
2920	2923
2920	3401
2920	3402
2920	3405
2921	2922
2921	2923
2921	2924
2922	2923
2922	2924
2922	2925
2922	2927
2922	2965
2922	2968
2922	2969
2923	2924
2923	2964
2923	2965
2923	2968
2923	3402
2923	3405
2923	3406
2923	3449
2924	2925
2924	2927
2924	3405
2924	3406
2924	3409
2925	2926
2925	2927
2925	2928
2926	2927
2926	2928
2926	2929
2926	2931
2926	2969
2926	2972
2926	2973
2927	2928
2927	2968
2927	2969
2927	2972
2927	3406
2927	3409
2927	3410
2927	3453
2928	2929
2928	2931
2928	3409
2928	3410
2928	3413
2929	2930
2929	2931
2929	2932
2930	2931
2930	2932
2930	2933
2930	2935
2930	2973
2930	2976
2930	2977
2931	2932
2931	2972
2931	2973
2931	2976
2931	3410
2931	3413
2931	3414
2931	3457
2932	2933
2932	2935
2932	3413
2932	3414
2932	3417
2933	2934
2933	2935
2933	2936
2934	2935
2934	2936
2934	2937
2934	2939
2934	2977
2934	2980
2934	2981
2935	2936
2935	2976
2935	2977
2935	2980
2935	3414
2935	3417
2935	3418
2935	3461
2936	2937
2936	2939
2936	3417
2936	3418
2936	3421
2937	2938
2937	2939
2937	2940
2938	2939
2938	2940
2938	2941
2938	2943
2938	2981
2938	2984
2938	2985
2939	2940
2939	2980
2939	2981
2939	2984
2939	3418
2939	3421
2939	3422
2939	3465
2940	2941
2940	2943
2940	3421
2940	3422
2940	3425
2941	2942
2941	2943
2941	2944
2942	2943
2942	2944
2942	2945
2942	2947
2942	2985
2942	2988
2942	2989
2943	2944
2943	2984
2943	2985
2943	2988
2943	3422
2943	3425
2943	3426
2943	3469
2944	2945
2944	2947
2944	3425
2944	3426
2944	3429
2945	2946
2945	2947
2945	2948
2946	2947
2946	2948
2946	2989
2946	2992
2947	2948
2947	2988
2947	2989
2947	2992
2947	3426
2947	3429
2947	3430
2947	3473
2948	3429
2948	3430
2949	2950
2949	2951
2949	2952
2950	2951
2950	2952
2950	2953
2950	2955
2950	2993
2950	2996
2950	2997
2951	2952
2951	2993
2951	2996
2951	3433
2951	3434
2951	3477
2952	2953
2952	2955
2952	3390
2952	3433
2952	3434
2952	3437
2953	2954
2953	2955
2953	2956
2954	2955
2954	2956
2954	2957
2954	2959
2954	2997
2954	3000
2954	3001
2955	2956
2955	2996
2955	2997
2955	3000
2955	3434
2955	3437
2955	3438
2955	3481
2956	2957
2956	2959
2956	3394
2956	3437
2956	3438
2956	3441
2957	2958
2957	2959
2957	2960
2958	2959
2958	2960
2958	2961
2958	2963
2958	3001
2958	3004
2958	3005
2959	2960
2959	3000
2959	3001
2959	3004
2959	3438
2959	3441
2959	3442
2959	3485
2960	2961
2960	2963
2960	3398
2960	3441
2960	3442
2960	3445
2961	2962
2961	2963
2961	2964
2962	2963
2962	2964
2962	2965
2962	2967
2962	3005
2962	3008
2962	3009
2963	2964
2963	3004
2963	3005
2963	3008
2963	3442
2963	3445
2963	3446
2963	3489
2964	2965
2964	2967
2964	3402
2964	3445
2964	3446
2964	3449
2965	2966
2965	2967
2965	2968
2966	2967
2966	2968
2966	2969
2966	2971
2966	3009
2966	3012
2966	3013
2967	2968
2967	3008
2967	3009
2967	3012
2967	3446
2967	3449
2967	3450
2967	3493
2968	2969
2968	2971
2968	3406
2968	3449
2968	3450
2968	3453
2969	2970
2969	2971
2969	2972
2970	2971
2970	2972
2970	2973
2970	2975
2970	3013
2970	3016
2970	3017
2971	2972
2971	3012
2971	3013
2971	3016
2971	3450
2971	3453
2971	3454
2971	3497
2972	2973
2972	2975
2972	3410
2972	3453
2972	3454
2972	3457
2973	2974
2973	2975
2973	2976
2974	2975
2974	2976
2974	2977
2974	2979
2974	3017
2974	3020
2974	3021
2975	2976
2975	3016
2975	3017
2975	3020
2975	3454
2975	3457
2975	3458
2975	3501
2976	2977
2976	2979
2976	3414
2976	3457
2976	3458
2976	3461
2977	2978
2977	2979
2977	2980
2978	2979
2978	2980
2978	2981
2978	2983
2978	3021
2978	3024
2978	3025
2979	2980
2979	3020
2979	3021
2979	3024
2979	3458
2979	3461
2979	3462
2979	3505
2980	2981
2980	2983
2980	3418
2980	3461
2980	3462
2980	3465
2981	2982
2981	2983
2981	2984
2982	2983
2982	2984
2982	2985
2982	2987
2982	3025
2982	3028
2982	3029
2983	2984
2983	3024
2983	3025
2983	3028
2983	3462
2983	3465
2983	3466
2983	3509
2984	2985
2984	2987
2984	3422
2984	3465
2984	3466
2984	3469
2985	2986
2985	2987
2985	2988
2986	2987
2986	2988
2986	2989
2986	2991
2986	3029
2986	3032
2986	3033
2987	2988
2987	3028
2987	3029
2987	3032
2987	3466
2987	3469
2987	3470
2987	3513
2988	2989
2988	2991
2988	3426
2988	3469
2988	3470
2988	3473
2989	2990
2989	2991
2989	2992
2990	2991
2990	2992
2990	3033
2990	3036
2991	2992
2991	3032
2991	3033
2991	3036
2991	3470
2991	3473
2991	3474
2991	3517
2992	3430
2992	3473
2992	3474
2993	2994
2993	2995
2993	2996
2994	2995
2994	2996
2994	2997
2994	2999
2994	3037
2994	3040
2994	3041
2995	2996
2995	3037
2995	3040
2995	3477
2995	3478
2995	3521
2996	2997
2996	2999
2996	3434
2996	3477
2996	3478
2996	3481
2997	2998
2997	2999
2997	3000
2998	2999
2998	3000
2998	3001
2998	3003
2998	3041
2998	3044
2998	3045
2999	3000
2999	3040
2999	3041
2999	3044
2999	3478
2999	3481
2999	3482
2999	3525
3000	3001
3000	3003
3000	3438
3000	3481
3000	3482
3000	3485
3001	3002
3001	3003
3001	3004
3002	3003
3002	3004
3002	3005
3002	3007
3002	3045
3002	3048
3002	3049
3003	3004
3003	3044
3003	3045
3003	3048
3003	3482
3003	3485
3003	3486
3003	3529
3004	3005
3004	3007
3004	3442
3004	3485
3004	3486
3004	3489
3005	3006
3005	3007
3005	3008
3006	3007
3006	3008
3006	3009
3006	3011
3006	3049
3006	3052
3006	3053
3007	3008
3007	3048
3007	3049
3007	3052
3007	3486
3007	3489
3007	3490
3007	3533
3008	3009
3008	3011
3008	3446
3008	3489
3008	3490
3008	3493
3009	3010
3009	3011
3009	3012
3010	3011
3010	3012
3010	3013
3010	3015
3010	3053
3010	3056
3010	3057
3011	3012
3011	3052
3011	3053
3011	3056
3011	3490
3011	3493
3011	3494
3011	3537
3012	3013
3012	3015
3012	3450
3012	3493
3012	3494
3012	3497
3013	3014
3013	3015
3013	3016
3014	3015
3014	3016
3014	3017
3014	3019
3014	3057
3014	3060
3014	3061
3015	3016
3015	3056
3015	3057
3015	3060
3015	3494
3015	3497
3015	3498
3015	3541
3016	3017
3016	3019
3016	3454
3016	3497
3016	3498
3016	3501
3017	3018
3017	3019
3017	3020
3018	3019
3018	3020
3018	3021
3018	3023
3018	3061
3018	3064
3018	3065
3019	3020
3019	3060
3019	3061
3019	3064
3019	3498
3019	3501
3019	3502
3019	3545
3020	3021
3020	3023
3020	3458
3020	3501
3020	3502
3020	3505
3021	3022
3021	3023
3021	3024
3022	3023
3022	3024
3022	3025
3022	3027
3022	3065
3022	3068
3022	3069
3023	3024
3023	3064
3023	3065
3023	3068
3023	3502
3023	3505
3023	3506
3023	3549
3024	3025
3024	3027
3024	3462
3024	3505
3024	3506
3024	3509
3025	3026
3025	3027
3025	3028
3026	3027
3026	3028
3026	3029
3026	3031
3026	3069
3026	3072
3026	3073
3027	3028
3027	3068
3027	3069
3027	3072
3027	3506
3027	3509
3027	3510
3027	3553
3028	3029
3028	3031
3028	3466
3028	3509
3028	3510
3028	3513
3029	3030
3029	3031
3029	3032
3030	3031
3030	3032
3030	3033
3030	3035
3030	3073
3030	3076
3030	3077
3031	3032
3031	3072
3031	3073
3031	3076
3031	3510
3031	3513
3031	3514
3031	3557
3032	3033
3032	3035
3032	3470
3032	3513
3032	3514
3032	3517
3033	3034
3033	3035
3033	3036
3034	3035
3034	3036
3034	3077
3034	3080
3035	3036
3035	3076
3035	3077
3035	3080
3035	3514
3035	3517
3035	3518
3035	3561
3036	3474
3036	3517
3036	3518
3037	3038
3037	3039
3037	3040
3038	3039
3038	3040
3038	3041
3038	3043
3038	3081
3038	3084
3038	3085
3039	3040
3039	3081
3039	3084
3039	3521
3039	3522
3039	3565
3040	3041
3040	3043
3040	3478
3040	3521
3040	3522
3040	3525
3041	3042
3041	3043
3041	3044
3042	3043
3042	3044
3042	3045
3042	3047
3042	3085
3042	3088
3042	3089
3043	3044
3043	3084
3043	3085
3043	3088
3043	3522
3043	3525
3043	3526
3043	3569
3044	3045
3044	3047
3044	3482
3044	3525
3044	3526
3044	3529
3045	3046
3045	3047
3045	3048
3046	3047
3046	3048
3046	3049
3046	3051
3046	3089
3046	3092
3046	3093
3047	3048
3047	3088
3047	3089
3047	3092
3047	3526
3047	3529
3047	3530
3047	3573
3048	3049
3048	3051
3048	3486
3048	3529
3048	3530
3048	3533
3049	3050
3049	3051
3049	3052
3050	3051
3050	3052
3050	3053
3050	3055
3050	3093
3050	3096
3050	3097
3051	3052
3051	3092
3051	3093
3051	3096
3051	3530
3051	3533
3051	3534
3051	3577
3052	3053
3052	3055
3052	3490
3052	3533
3052	3534
3052	3537
3053	3054
3053	3055
3053	3056
3054	3055
3054	3056
3054	3057
3054	3059
3054	3097
3054	3100
3054	3101
3055	3056
3055	3096
3055	3097
3055	3100
3055	3534
3055	3537
3055	3538
3055	3581
3056	3057
3056	3059
3056	3494
3056	3537
3056	3538
3056	3541
3057	3058
3057	3059
3057	3060
3058	3059
3058	3060
3058	3061
3058	3063
3058	3101
3058	3104
3058	3105
3059	3060
3059	3100
3059	3101
3059	3104
3059	3538
3059	3541
3059	3542
3059	3585
3060	3061
3060	3063
3060	3498
3060	3541
3060	3542
3060	3545
3061	3062
3061	3063
3061	3064
3062	3063
3062	3064
3062	3065
3062	3067
3062	3105
3062	3108
3062	3109
3063	3064
3063	3104
3063	3105
3063	3108
3063	3542
3063	3545
3063	3546
3063	3589
3064	3065
3064	3067
3064	3502
3064	3545
3064	3546
3064	3549
3065	3066
3065	3067
3065	3068
3066	3067
3066	3068
3066	3069
3066	3071
3066	3109
3066	3112
3066	3113
3067	3068
3067	3108
3067	3109
3067	3112
3067	3546
3067	3549
3067	3550
3067	3593
3068	3069
3068	3071
3068	3506
3068	3549
3068	3550
3068	3553
3069	3070
3069	3071
3069	3072
3070	3071
3070	3072
3070	3073
3070	3075
3070	3113
3070	3116
3070	3117
3071	3072
3071	3112
3071	3113
3071	3116
3071	3550
3071	3553
3071	3554
3071	3597
3072	3073
3072	3075
3072	3510
3072	3553
3072	3554
3072	3557
3073	3074
3073	3075
3073	3076
3074	3075
3074	3076
3074	3077
3074	3079
3074	3117
3074	3120
3074	3121
3075	3076
3075	3116
3075	3117
3075	3120
3075	3554
3075	3557
3075	3558
3075	3601
3076	3077
3076	3079
3076	3514
3076	3557
3076	3558
3076	3561
3077	3078
3077	3079
3077	3080
3078	3079
3078	3080
3078	3121
3078	3124
3079	3080
3079	3120
3079	3121
3079	3124
3079	3558
3079	3561
3079	3562
3079	3605
3080	3518
3080	3561
3080	3562
3081	3082
3081	3083
3081	3084
3082	3083
3082	3084
3082	3085
3082	3087
3082	3125
3082	3128
3082	3129
3083	3084
3083	3125
3083	3128
3083	3565
3083	3566
3083	3609
3084	3085
3084	3087
3084	3522
3084	3565
3084	3566
3084	3569
3085	3086
3085	3087
3085	3088
3086	3087
3086	3088
3086	3089
3086	3091
3086	3129
3086	3132
3086	3133
3087	3088
3087	3128
3087	3129
3087	3132
3087	3566
3087	3569
3087	3570
3087	3613
3088	3089
3088	3091
3088	3526
3088	3569
3088	3570
3088	3573
3089	3090
3089	3091
3089	3092
3090	3091
3090	3092
3090	3093
3090	3095
3090	3133
3090	3136
3090	3137
3091	3092
3091	3132
3091	3133
3091	3136
3091	3570
3091	3573
3091	3574
3091	3617
3092	3093
3092	3095
3092	3530
3092	3573
3092	3574
3092	3577
3093	3094
3093	3095
3093	3096
3094	3095
3094	3096
3094	3097
3094	3099
3094	3137
3094	3140
3094	3141
3095	3096
3095	3136
3095	3137
3095	3140
3095	3574
3095	3577
3095	3578
3095	3621
3096	3097
3096	3099
3096	3534
3096	3577
3096	3578
3096	3581
3097	3098
3097	3099
3097	3100
3098	3099
3098	3100
3098	3101
3098	3103
3098	3141
3098	3144
3098	3145
3099	3100
3099	3140
3099	3141
3099	3144
3099	3578
3099	3581
3099	3582
3099	3625
3100	3101
3100	3103
3100	3538
3100	3581
3100	3582
3100	3585
3101	3102
3101	3103
3101	3104
3102	3103
3102	3104
3102	3105
3102	3107
3102	3145
3102	3148
3102	3149
3103	3104
3103	3144
3103	3145
3103	3148
3103	3582
3103	3585
3103	3586
3103	3629
3104	3105
3104	3107
3104	3542
3104	3585
3104	3586
3104	3589
3105	3106
3105	3107
3105	3108
3106	3107
3106	3108
3106	3109
3106	3111
3106	3149
3106	3152
3106	3153
3107	3108
3107	3148
3107	3149
3107	3152
3107	3586
3107	3589
3107	3590
3107	3633
3108	3109
3108	3111
3108	3546
3108	3589
3108	3590
3108	3593
3109	3110
3109	3111
3109	3112
3110	3111
3110	3112
3110	3113
3110	3115
3110	3153
3110	3156
3110	3157
3111	3112
3111	3152
3111	3153
3111	3156
3111	3590
3111	3593
3111	3594
3111	3637
3112	3113
3112	3115
3112	3550
3112	3593
3112	3594
3112	3597
3113	3114
3113	3115
3113	3116
3114	3115
3114	3116
3114	3117
3114	3119
3114	3157
3114	3160
3114	3161
3115	3116
3115	3156
3115	3157
3115	3160
3115	3594
3115	3597
3115	3598
3115	3641
3116	3117
3116	3119
3116	3554
3116	3597
3116	3598
3116	3601
3117	3118
3117	3119
3117	3120
3118	3119
3118	3120
3118	3121
3118	3123
3118	3161
3118	3164
3118	3165
3119	3120
3119	3160
3119	3161
3119	3164
3119	3598
3119	3601
3119	3602
3119	3645
3120	3121
3120	3123
3120	3558
3120	3601
3120	3602
3120	3605
3121	3122
3121	3123
3121	3124
3122	3123
3122	3124
3122	3165
3122	3168
3123	3124
3123	3164
3123	3165
3123	3168
3123	3602
3123	3605
3123	3606
3123	3649
3124	3562
3124	3605
3124	3606
3125	3126
3125	3127
3125	3128
3126	3127
3126	3128
3126	3129
3126	3131
3126	3169
3126	3172
3126	3173
3127	3128
3127	3169
3127	3172
3127	3609
3127	3610
3127	3653
3128	3129
3128	3131
3128	3566
3128	3609
3128	3610
3128	3613
3129	3130
3129	3131
3129	3132
3130	3131
3130	3132
3130	3133
3130	3135
3130	3173
3130	3176
3130	3177
3131	3132
3131	3172
3131	3173
3131	3176
3131	3610
3131	3613
3131	3614
3131	3657
3132	3133
3132	3135
3132	3570
3132	3613
3132	3614
3132	3617
3133	3134
3133	3135
3133	3136
3134	3135
3134	3136
3134	3137
3134	3139
3134	3177
3134	3180
3134	3181
3135	3136
3135	3176
3135	3177
3135	3180
3135	3614
3135	3617
3135	3618
3135	3661
3136	3137
3136	3139
3136	3574
3136	3617
3136	3618
3136	3621
3137	3138
3137	3139
3137	3140
3138	3139
3138	3140
3138	3141
3138	3143
3138	3181
3138	3184
3138	3185
3139	3140
3139	3180
3139	3181
3139	3184
3139	3618
3139	3621
3139	3622
3139	3665
3140	3141
3140	3143
3140	3578
3140	3621
3140	3622
3140	3625
3141	3142
3141	3143
3141	3144
3142	3143
3142	3144
3142	3145
3142	3147
3142	3185
3142	3188
3142	3189
3143	3144
3143	3184
3143	3185
3143	3188
3143	3622
3143	3625
3143	3626
3143	3669
3144	3145
3144	3147
3144	3582
3144	3625
3144	3626
3144	3629
3145	3146
3145	3147
3145	3148
3146	3147
3146	3148
3146	3149
3146	3151
3146	3189
3146	3192
3146	3193
3147	3148
3147	3188
3147	3189
3147	3192
3147	3626
3147	3629
3147	3630
3147	3673
3148	3149
3148	3151
3148	3586
3148	3629
3148	3630
3148	3633
3149	3150
3149	3151
3149	3152
3150	3151
3150	3152
3150	3153
3150	3155
3150	3193
3150	3196
3150	3197
3151	3152
3151	3192
3151	3193
3151	3196
3151	3630
3151	3633
3151	3634
3151	3677
3152	3153
3152	3155
3152	3590
3152	3633
3152	3634
3152	3637
3153	3154
3153	3155
3153	3156
3154	3155
3154	3156
3154	3157
3154	3159
3154	3197
3154	3200
3154	3201
3155	3156
3155	3196
3155	3197
3155	3200
3155	3634
3155	3637
3155	3638
3155	3681
3156	3157
3156	3159
3156	3594
3156	3637
3156	3638
3156	3641
3157	3158
3157	3159
3157	3160
3158	3159
3158	3160
3158	3161
3158	3163
3158	3201
3158	3204
3158	3205
3159	3160
3159	3200
3159	3201
3159	3204
3159	3638
3159	3641
3159	3642
3159	3685
3160	3161
3160	3163
3160	3598
3160	3641
3160	3642
3160	3645
3161	3162
3161	3163
3161	3164
3162	3163
3162	3164
3162	3165
3162	3167
3162	3205
3162	3208
3162	3209
3163	3164
3163	3204
3163	3205
3163	3208
3163	3642
3163	3645
3163	3646
3163	3689
3164	3165
3164	3167
3164	3602
3164	3645
3164	3646
3164	3649
3165	3166
3165	3167
3165	3168
3166	3167
3166	3168
3166	3209
3166	3212
3167	3168
3167	3208
3167	3209
3167	3212
3167	3646
3167	3649
3167	3650
3167	3693
3168	3606
3168	3649
3168	3650
3169	3170
3169	3171
3169	3172
3170	3171
3170	3172
3170	3173
3170	3175
3170	3213
3170	3216
3170	3217
3171	3172
3171	3213
3171	3216
3171	3653
3171	3654
3171	3697
3172	3173
3172	3175
3172	3610
3172	3653
3172	3654
3172	3657
3173	3174
3173	3175
3173	3176
3174	3175
3174	3176
3174	3177
3174	3179
3174	3217
3174	3220
3174	3221
3175	3176
3175	3216
3175	3217
3175	3220
3175	3654
3175	3657
3175	3658
3175	3701
3176	3177
3176	3179
3176	3614
3176	3657
3176	3658
3176	3661
3177	3178
3177	3179
3177	3180
3178	3179
3178	3180
3178	3181
3178	3183
3178	3221
3178	3224
3178	3225
3179	3180
3179	3220
3179	3221
3179	3224
3179	3658
3179	3661
3179	3662
3179	3705
3180	3181
3180	3183
3180	3618
3180	3661
3180	3662
3180	3665
3181	3182
3181	3183
3181	3184
3182	3183
3182	3184
3182	3185
3182	3187
3182	3225
3182	3228
3182	3229
3183	3184
3183	3224
3183	3225
3183	3228
3183	3662
3183	3665
3183	3666
3183	3709
3184	3185
3184	3187
3184	3622
3184	3665
3184	3666
3184	3669
3185	3186
3185	3187
3185	3188
3186	3187
3186	3188
3186	3189
3186	3191
3186	3229
3186	3232
3186	3233
3187	3188
3187	3228
3187	3229
3187	3232
3187	3666
3187	3669
3187	3670
3187	3713
3188	3189
3188	3191
3188	3626
3188	3669
3188	3670
3188	3673
3189	3190
3189	3191
3189	3192
3190	3191
3190	3192
3190	3193
3190	3195
3190	3233
3190	3236
3190	3237
3191	3192
3191	3232
3191	3233
3191	3236
3191	3670
3191	3673
3191	3674
3191	3717
3192	3193
3192	3195
3192	3630
3192	3673
3192	3674
3192	3677
3193	3194
3193	3195
3193	3196
3194	3195
3194	3196
3194	3197
3194	3199
3194	3237
3194	3240
3194	3241
3195	3196
3195	3236
3195	3237
3195	3240
3195	3674
3195	3677
3195	3678
3195	3721
3196	3197
3196	3199
3196	3634
3196	3677
3196	3678
3196	3681
3197	3198
3197	3199
3197	3200
3198	3199
3198	3200
3198	3201
3198	3203
3198	3241
3198	3244
3198	3245
3199	3200
3199	3240
3199	3241
3199	3244
3199	3678
3199	3681
3199	3682
3199	3725
3200	3201
3200	3203
3200	3638
3200	3681
3200	3682
3200	3685
3201	3202
3201	3203
3201	3204
3202	3203
3202	3204
3202	3205
3202	3207
3202	3245
3202	3248
3202	3249
3203	3204
3203	3244
3203	3245
3203	3248
3203	3682
3203	3685
3203	3686
3203	3729
3204	3205
3204	3207
3204	3642
3204	3685
3204	3686
3204	3689
3205	3206
3205	3207
3205	3208
3206	3207
3206	3208
3206	3209
3206	3211
3206	3249
3206	3252
3206	3253
3207	3208
3207	3248
3207	3249
3207	3252
3207	3686
3207	3689
3207	3690
3207	3733
3208	3209
3208	3211
3208	3646
3208	3689
3208	3690
3208	3693
3209	3210
3209	3211
3209	3212
3210	3211
3210	3212
3210	3253
3210	3256
3211	3212
3211	3252
3211	3253
3211	3256
3211	3690
3211	3693
3211	3694
3211	3737
3212	3650
3212	3693
3212	3694
3213	3214
3213	3215
3213	3216
3214	3215
3214	3216
3214	3217
3214	3219
3214	3257
3214	3260
3214	3261
3215	3216
3215	3257
3215	3260
3215	3697
3215	3698
3215	3741
3216	3217
3216	3219
3216	3654
3216	3697
3216	3698
3216	3701
3217	3218
3217	3219
3217	3220
3218	3219
3218	3220
3218	3221
3218	3223
3218	3261
3218	3264
3218	3265
3219	3220
3219	3260
3219	3261
3219	3264
3219	3698
3219	3701
3219	3702
3219	3745
3220	3221
3220	3223
3220	3658
3220	3701
3220	3702
3220	3705
3221	3222
3221	3223
3221	3224
3222	3223
3222	3224
3222	3225
3222	3227
3222	3265
3222	3268
3222	3269
3223	3224
3223	3264
3223	3265
3223	3268
3223	3702
3223	3705
3223	3706
3223	3749
3224	3225
3224	3227
3224	3662
3224	3705
3224	3706
3224	3709
3225	3226
3225	3227
3225	3228
3226	3227
3226	3228
3226	3229
3226	3231
3226	3269
3226	3272
3226	3273
3227	3228
3227	3268
3227	3269
3227	3272
3227	3706
3227	3709
3227	3710
3227	3753
3228	3229
3228	3231
3228	3666
3228	3709
3228	3710
3228	3713
3229	3230
3229	3231
3229	3232
3230	3231
3230	3232
3230	3233
3230	3235
3230	3273
3230	3276
3230	3277
3231	3232
3231	3272
3231	3273
3231	3276
3231	3710
3231	3713
3231	3714
3231	3757
3232	3233
3232	3235
3232	3670
3232	3713
3232	3714
3232	3717
3233	3234
3233	3235
3233	3236
3234	3235
3234	3236
3234	3237
3234	3239
3234	3277
3234	3280
3234	3281
3235	3236
3235	3276
3235	3277
3235	3280
3235	3714
3235	3717
3235	3718
3235	3761
3236	3237
3236	3239
3236	3674
3236	3717
3236	3718
3236	3721
3237	3238
3237	3239
3237	3240
3238	3239
3238	3240
3238	3241
3238	3243
3238	3281
3238	3284
3238	3285
3239	3240
3239	3280
3239	3281
3239	3284
3239	3718
3239	3721
3239	3722
3239	3765
3240	3241
3240	3243
3240	3678
3240	3721
3240	3722
3240	3725
3241	3242
3241	3243
3241	3244
3242	3243
3242	3244
3242	3245
3242	3247
3242	3285
3242	3288
3242	3289
3243	3244
3243	3284
3243	3285
3243	3288
3243	3722
3243	3725
3243	3726
3243	3769
3244	3245
3244	3247
3244	3682
3244	3725
3244	3726
3244	3729
3245	3246
3245	3247
3245	3248
3246	3247
3246	3248
3246	3249
3246	3251
3246	3289
3246	3292
3246	3293
3247	3248
3247	3288
3247	3289
3247	3292
3247	3726
3247	3729
3247	3730
3247	3773
3248	3249
3248	3251
3248	3686
3248	3729
3248	3730
3248	3733
3249	3250
3249	3251
3249	3252
3250	3251
3250	3252
3250	3253
3250	3255
3250	3293
3250	3296
3250	3297
3251	3252
3251	3292
3251	3293
3251	3296
3251	3730
3251	3733
3251	3734
3251	3777
3252	3253
3252	3255
3252	3690
3252	3733
3252	3734
3252	3737
3253	3254
3253	3255
3253	3256
3254	3255
3254	3256
3254	3297
3254	3300
3255	3256
3255	3296
3255	3297
3255	3300
3255	3734
3255	3737
3255	3738
3255	3781
3256	3694
3256	3737
3256	3738
3257	3258
3257	3259
3257	3260
3258	3259
3258	3260
3258	3261
3258	3263
3258	3301
3258	3304
3258	3305
3259	3260
3259	3301
3259	3304
3259	3741
3259	3742
3259	3785
3260	3261
3260	3263
3260	3698
3260	3741
3260	3742
3260	3745
3261	3262
3261	3263
3261	3264
3262	3263
3262	3264
3262	3265
3262	3267
3262	3305
3262	3308
3262	3309
3263	3264
3263	3304
3263	3305
3263	3308
3263	3742
3263	3745
3263	3746
3263	3789
3264	3265
3264	3267
3264	3702
3264	3745
3264	3746
3264	3749
3265	3266
3265	3267
3265	3268
3266	3267
3266	3268
3266	3269
3266	3271
3266	3309
3266	3312
3266	3313
3267	3268
3267	3308
3267	3309
3267	3312
3267	3746
3267	3749
3267	3750
3267	3793
3268	3269
3268	3271
3268	3706
3268	3749
3268	3750
3268	3753
3269	3270
3269	3271
3269	3272
3270	3271
3270	3272
3270	3273
3270	3275
3270	3313
3270	3316
3270	3317
3271	3272
3271	3312
3271	3313
3271	3316
3271	3750
3271	3753
3271	3754
3271	3797
3272	3273
3272	3275
3272	3710
3272	3753
3272	3754
3272	3757
3273	3274
3273	3275
3273	3276
3274	3275
3274	3276
3274	3277
3274	3279
3274	3317
3274	3320
3274	3321
3275	3276
3275	3316
3275	3317
3275	3320
3275	3754
3275	3757
3275	3758
3275	3801
3276	3277
3276	3279
3276	3714
3276	3757
3276	3758
3276	3761
3277	3278
3277	3279
3277	3280
3278	3279
3278	3280
3278	3281
3278	3283
3278	3321
3278	3324
3278	3325
3279	3280
3279	3320
3279	3321
3279	3324
3279	3758
3279	3761
3279	3762
3279	3805
3280	3281
3280	3283
3280	3718
3280	3761
3280	3762
3280	3765
3281	3282
3281	3283
3281	3284
3282	3283
3282	3284
3282	3285
3282	3287
3282	3325
3282	3328
3282	3329
3283	3284
3283	3324
3283	3325
3283	3328
3283	3762
3283	3765
3283	3766
3283	3809
3284	3285
3284	3287
3284	3722
3284	3765
3284	3766
3284	3769
3285	3286
3285	3287
3285	3288
3286	3287
3286	3288
3286	3289
3286	3291
3286	3329
3286	3332
3286	3333
3287	3288
3287	3328
3287	3329
3287	3332
3287	3766
3287	3769
3287	3770
3287	3813
3288	3289
3288	3291
3288	3726
3288	3769
3288	3770
3288	3773
3289	3290
3289	3291
3289	3292
3290	3291
3290	3292
3290	3293
3290	3295
3290	3333
3290	3336
3290	3337
3291	3292
3291	3332
3291	3333
3291	3336
3291	3770
3291	3773
3291	3774
3291	3817
3292	3293
3292	3295
3292	3730
3292	3773
3292	3774
3292	3777
3293	3294
3293	3295
3293	3296
3294	3295
3294	3296
3294	3297
3294	3299
3294	3337
3294	3340
3294	3341
3295	3296
3295	3336
3295	3337
3295	3340
3295	3774
3295	3777
3295	3778
3295	3821
3296	3297
3296	3299
3296	3734
3296	3777
3296	3778
3296	3781
3297	3298
3297	3299
3297	3300
3298	3299
3298	3300
3298	3341
3298	3344
3299	3300
3299	3340
3299	3341
3299	3344
3299	3778
3299	3781
3299	3782
3299	3825
3300	3738
3300	3781
3300	3782
3301	3302
3301	3303
3301	3304
3302	3303
3302	3304
3302	3305
3302	3307
3302	3345
3302	3348
3302	3349
3303	3304
3303	3345
3303	3348
3303	3785
3303	3786
3303	3829
3304	3305
3304	3307
3304	3742
3304	3785
3304	3786
3304	3789
3305	3306
3305	3307
3305	3308
3306	3307
3306	3308
3306	3309
3306	3311
3306	3349
3306	3352
3306	3353
3307	3308
3307	3348
3307	3349
3307	3352
3307	3786
3307	3789
3307	3790
3307	3833
3308	3309
3308	3311
3308	3746
3308	3789
3308	3790
3308	3793
3309	3310
3309	3311
3309	3312
3310	3311
3310	3312
3310	3313
3310	3315
3310	3353
3310	3356
3310	3357
3311	3312
3311	3352
3311	3353
3311	3356
3311	3790
3311	3793
3311	3794
3311	3837
3312	3313
3312	3315
3312	3750
3312	3793
3312	3794
3312	3797
3313	3314
3313	3315
3313	3316
3314	3315
3314	3316
3314	3317
3314	3319
3314	3357
3314	3360
3314	3361
3315	3316
3315	3356
3315	3357
3315	3360
3315	3794
3315	3797
3315	3798
3315	3841
3316	3317
3316	3319
3316	3754
3316	3797
3316	3798
3316	3801
3317	3318
3317	3319
3317	3320
3318	3319
3318	3320
3318	3321
3318	3323
3318	3361
3318	3364
3318	3365
3319	3320
3319	3360
3319	3361
3319	3364
3319	3798
3319	3801
3319	3802
3319	3845
3320	3321
3320	3323
3320	3758
3320	3801
3320	3802
3320	3805
3321	3322
3321	3323
3321	3324
3322	3323
3322	3324
3322	3325
3322	3327
3322	3365
3322	3368
3322	3369
3323	3324
3323	3364
3323	3365
3323	3368
3323	3802
3323	3805
3323	3806
3323	3849
3324	3325
3324	3327
3324	3762
3324	3805
3324	3806
3324	3809
3325	3326
3325	3327
3325	3328
3326	3327
3326	3328
3326	3329
3326	3331
3326	3369
3326	3372
3326	3373
3327	3328
3327	3368
3327	3369
3327	3372
3327	3806
3327	3809
3327	3810
3327	3853
3328	3329
3328	3331
3328	3766
3328	3809
3328	3810
3328	3813
3329	3330
3329	3331
3329	3332
3330	3331
3330	3332
3330	3333
3330	3335
3330	3373
3330	3376
3330	3377
3331	3332
3331	3372
3331	3373
3331	3376
3331	3810
3331	3813
3331	3814
3331	3857
3332	3333
3332	3335
3332	3770
3332	3813
3332	3814
3332	3817
3333	3334
3333	3335
3333	3336
3334	3335
3334	3336
3334	3337
3334	3339
3334	3377
3334	3380
3334	3381
3335	3336
3335	3376
3335	3377
3335	3380
3335	3814
3335	3817
3335	3818
3335	3861
3336	3337
3336	3339
3336	3774
3336	3817
3336	3818
3336	3821
3337	3338
3337	3339
3337	3340
3338	3339
3338	3340
3338	3341
3338	3343
3338	3381
3338	3384
3338	3385
3339	3340
3339	3380
3339	3381
3339	3384
3339	3818
3339	3821
3339	3822
3339	3865
3340	3341
3340	3343
3340	3778
3340	3821
3340	3822
3340	3825
3341	3342
3341	3343
3341	3344
3342	3343
3342	3344
3342	3385
3342	3388
3343	3344
3343	3384
3343	3385
3343	3388
3343	3822
3343	3825
3343	3826
3343	3869
3344	3782
3344	3825
3344	3826
3345	3346
3345	3347
3345	3348
3346	3347
3346	3348
3346	3349
3346	3351
3347	3348
3347	3829
3347	3830
3348	3349
3348	3351
3348	3786
3348	3829
3348	3830
3348	3833
3349	3350
3349	3351
3349	3352
3350	3351
3350	3352
3350	3353
3350	3355
3351	3352
3351	3830
3351	3833
3351	3834
3352	3353
3352	3355
3352	3790
3352	3833
3352	3834
3352	3837
3353	3354
3353	3355
3353	3356
3354	3355
3354	3356
3354	3357
3354	3359
3355	3356
3355	3834
3355	3837
3355	3838
3356	3357
3356	3359
3356	3794
3356	3837
3356	3838
3356	3841
3357	3358
3357	3359
3357	3360
3358	3359
3358	3360
3358	3361
3358	3363
3359	3360
3359	3838
3359	3841
3359	3842
3360	3361
3360	3363
3360	3798
3360	3841
3360	3842
3360	3845
3361	3362
3361	3363
3361	3364
3362	3363
3362	3364
3362	3365
3362	3367
3363	3364
3363	3842
3363	3845
3363	3846
3364	3365
3364	3367
3364	3802
3364	3845
3364	3846
3364	3849
3365	3366
3365	3367
3365	3368
3366	3367
3366	3368
3366	3369
3366	3371
3367	3368
3367	3846
3367	3849
3367	3850
3368	3369
3368	3371
3368	3806
3368	3849
3368	3850
3368	3853
3369	3370
3369	3371
3369	3372
3370	3371
3370	3372
3370	3373
3370	3375
3371	3372
3371	3850
3371	3853
3371	3854
3372	3373
3372	3375
3372	3810
3372	3853
3372	3854
3372	3857
3373	3374
3373	3375
3373	3376
3374	3375
3374	3376
3374	3377
3374	3379
3375	3376
3375	3854
3375	3857
3375	3858
3376	3377
3376	3379
3376	3814
3376	3857
3376	3858
3376	3861
3377	3378
3377	3379
3377	3380
3378	3379
3378	3380
3378	3381
3378	3383
3379	3380
3379	3858
3379	3861
3379	3862
3380	3381
3380	3383
3380	3818
3380	3861
3380	3862
3380	3865
3381	3382
3381	3383
3381	3384
3382	3383
3382	3384
3382	3385
3382	3387
3383	3384
3383	3862
3383	3865
3383	3866
3384	3385
3384	3387
3384	3822
3384	3865
3384	3866
3384	3869
3385	3386
3385	3387
3385	3388
3386	3387
3386	3388
3387	3388
3387	3866
3387	3869
3387	3870
3388	3826
3388	3869
3388	3870
3389	3390
3389	3391
3389	3392
3390	3391
3390	3392
3390	3393
3390	3395
3390	3433
3390	3436
3390	3437
3391	3392
3391	3433
3391	3436
3391	3873
3391	3874
3391	3917
3392	3393
3392	3395
3392	3873
3392	3874
3392	3877
3393	3394
3393	3395
3393	3396
3394	3395
3394	3396
3394	3397
3394	3399
3394	3437
3394	3440
3394	3441
3395	3396
3395	3436
3395	3437
3395	3440
3395	3874
3395	3877
3395	3878
3395	3921
3396	3397
3396	3399
3396	3877
3396	3878
3396	3881
3397	3398
3397	3399
3397	3400
3398	3399
3398	3400
3398	3401
3398	3403
3398	3441
3398	3444
3398	3445
3399	3400
3399	3440
3399	3441
3399	3444
3399	3878
3399	3881
3399	3882
3399	3925
3400	3401
3400	3403
3400	3881
3400	3882
3400	3885
3401	3402
3401	3403
3401	3404
3402	3403
3402	3404
3402	3405
3402	3407
3402	3445
3402	3448
3402	3449
3403	3404
3403	3444
3403	3445
3403	3448
3403	3882
3403	3885
3403	3886
3403	3929
3404	3405
3404	3407
3404	3885
3404	3886
3404	3889
3405	3406
3405	3407
3405	3408
3406	3407
3406	3408
3406	3409
3406	3411
3406	3449
3406	3452
3406	3453
3407	3408
3407	3448
3407	3449
3407	3452
3407	3886
3407	3889
3407	3890
3407	3933
3408	3409
3408	3411
3408	3889
3408	3890
3408	3893
3409	3410
3409	3411
3409	3412
3410	3411
3410	3412
3410	3413
3410	3415
3410	3453
3410	3456
3410	3457
3411	3412
3411	3452
3411	3453
3411	3456
3411	3890
3411	3893
3411	3894
3411	3937
3412	3413
3412	3415
3412	3893
3412	3894
3412	3897
3413	3414
3413	3415
3413	3416
3414	3415
3414	3416
3414	3417
3414	3419
3414	3457
3414	3460
3414	3461
3415	3416
3415	3456
3415	3457
3415	3460
3415	3894
3415	3897
3415	3898
3415	3941
3416	3417
3416	3419
3416	3897
3416	3898
3416	3901
3417	3418
3417	3419
3417	3420
3418	3419
3418	3420
3418	3421
3418	3423
3418	3461
3418	3464
3418	3465
3419	3420
3419	3460
3419	3461
3419	3464
3419	3898
3419	3901
3419	3902
3419	3945
3420	3421
3420	3423
3420	3901
3420	3902
3420	3905
3421	3422
3421	3423
3421	3424
3422	3423
3422	3424
3422	3425
3422	3427
3422	3465
3422	3468
3422	3469
3423	3424
3423	3464
3423	3465
3423	3468
3423	3902
3423	3905
3423	3906
3423	3949
3424	3425
3424	3427
3424	3905
3424	3906
3424	3909
3425	3426
3425	3427
3425	3428
3426	3427
3426	3428
3426	3429
3426	3431
3426	3469
3426	3472
3426	3473
3427	3428
3427	3468
3427	3469
3427	3472
3427	3906
3427	3909
3427	3910
3427	3953
3428	3429
3428	3431
3428	3909
3428	3910
3428	3913
3429	3430
3429	3431
3429	3432
3430	3431
3430	3432
3430	3473
3430	3476
3431	3432
3431	3472
3431	3473
3431	3476
3431	3910
3431	3913
3431	3914
3431	3957
3432	3913
3432	3914
3433	3434
3433	3435
3433	3436
3434	3435
3434	3436
3434	3437
3434	3439
3434	3477
3434	3480
3434	3481
3435	3436
3435	3477
3435	3480
3435	3917
3435	3918
3435	3961
3436	3437
3436	3439
3436	3874
3436	3917
3436	3918
3436	3921
3437	3438
3437	3439
3437	3440
3438	3439
3438	3440
3438	3441
3438	3443
3438	3481
3438	3484
3438	3485
3439	3440
3439	3480
3439	3481
3439	3484
3439	3918
3439	3921
3439	3922
3439	3965
3440	3441
3440	3443
3440	3878
3440	3921
3440	3922
3440	3925
3441	3442
3441	3443
3441	3444
3442	3443
3442	3444
3442	3445
3442	3447
3442	3485
3442	3488
3442	3489
3443	3444
3443	3484
3443	3485
3443	3488
3443	3922
3443	3925
3443	3926
3443	3969
3444	3445
3444	3447
3444	3882
3444	3925
3444	3926
3444	3929
3445	3446
3445	3447
3445	3448
3446	3447
3446	3448
3446	3449
3446	3451
3446	3489
3446	3492
3446	3493
3447	3448
3447	3488
3447	3489
3447	3492
3447	3926
3447	3929
3447	3930
3447	3973
3448	3449
3448	3451
3448	3886
3448	3929
3448	3930
3448	3933
3449	3450
3449	3451
3449	3452
3450	3451
3450	3452
3450	3453
3450	3455
3450	3493
3450	3496
3450	3497
3451	3452
3451	3492
3451	3493
3451	3496
3451	3930
3451	3933
3451	3934
3451	3977
3452	3453
3452	3455
3452	3890
3452	3933
3452	3934
3452	3937
3453	3454
3453	3455
3453	3456
3454	3455
3454	3456
3454	3457
3454	3459
3454	3497
3454	3500
3454	3501
3455	3456
3455	3496
3455	3497
3455	3500
3455	3934
3455	3937
3455	3938
3455	3981
3456	3457
3456	3459
3456	3894
3456	3937
3456	3938
3456	3941
3457	3458
3457	3459
3457	3460
3458	3459
3458	3460
3458	3461
3458	3463
3458	3501
3458	3504
3458	3505
3459	3460
3459	3500
3459	3501
3459	3504
3459	3938
3459	3941
3459	3942
3459	3985
3460	3461
3460	3463
3460	3898
3460	3941
3460	3942
3460	3945
3461	3462
3461	3463
3461	3464
3462	3463
3462	3464
3462	3465
3462	3467
3462	3505
3462	3508
3462	3509
3463	3464
3463	3504
3463	3505
3463	3508
3463	3942
3463	3945
3463	3946
3463	3989
3464	3465
3464	3467
3464	3902
3464	3945
3464	3946
3464	3949
3465	3466
3465	3467
3465	3468
3466	3467
3466	3468
3466	3469
3466	3471
3466	3509
3466	3512
3466	3513
3467	3468
3467	3508
3467	3509
3467	3512
3467	3946
3467	3949
3467	3950
3467	3993
3468	3469
3468	3471
3468	3906
3468	3949
3468	3950
3468	3953
3469	3470
3469	3471
3469	3472
3470	3471
3470	3472
3470	3473
3470	3475
3470	3513
3470	3516
3470	3517
3471	3472
3471	3512
3471	3513
3471	3516
3471	3950
3471	3953
3471	3954
3471	3997
3472	3473
3472	3475
3472	3910
3472	3953
3472	3954
3472	3957
3473	3474
3473	3475
3473	3476
3474	3475
3474	3476
3474	3517
3474	3520
3475	3476
3475	3516
3475	3517
3475	3520
3475	3954
3475	3957
3475	3958
3475	4001
3476	3914
3476	3957
3476	3958
3477	3478
3477	3479
3477	3480
3478	3479
3478	3480
3478	3481
3478	3483
3478	3521
3478	3524
3478	3525
3479	3480
3479	3521
3479	3524
3479	3961
3479	3962
3479	4005
3480	3481
3480	3483
3480	3918
3480	3961
3480	3962
3480	3965
3481	3482
3481	3483
3481	3484
3482	3483
3482	3484
3482	3485
3482	3487
3482	3525
3482	3528
3482	3529
3483	3484
3483	3524
3483	3525
3483	3528
3483	3962
3483	3965
3483	3966
3483	4009
3484	3485
3484	3487
3484	3922
3484	3965
3484	3966
3484	3969
3485	3486
3485	3487
3485	3488
3486	3487
3486	3488
3486	3489
3486	3491
3486	3529
3486	3532
3486	3533
3487	3488
3487	3528
3487	3529
3487	3532
3487	3966
3487	3969
3487	3970
3487	4013
3488	3489
3488	3491
3488	3926
3488	3969
3488	3970
3488	3973
3489	3490
3489	3491
3489	3492
3490	3491
3490	3492
3490	3493
3490	3495
3490	3533
3490	3536
3490	3537
3491	3492
3491	3532
3491	3533
3491	3536
3491	3970
3491	3973
3491	3974
3491	4017
3492	3493
3492	3495
3492	3930
3492	3973
3492	3974
3492	3977
3493	3494
3493	3495
3493	3496
3494	3495
3494	3496
3494	3497
3494	3499
3494	3537
3494	3540
3494	3541
3495	3496
3495	3536
3495	3537
3495	3540
3495	3974
3495	3977
3495	3978
3495	4021
3496	3497
3496	3499
3496	3934
3496	3977
3496	3978
3496	3981
3497	3498
3497	3499
3497	3500
3498	3499
3498	3500
3498	3501
3498	3503
3498	3541
3498	3544
3498	3545
3499	3500
3499	3540
3499	3541
3499	3544
3499	3978
3499	3981
3499	3982
3499	4025
3500	3501
3500	3503
3500	3938
3500	3981
3500	3982
3500	3985
3501	3502
3501	3503
3501	3504
3502	3503
3502	3504
3502	3505
3502	3507
3502	3545
3502	3548
3502	3549
3503	3504
3503	3544
3503	3545
3503	3548
3503	3982
3503	3985
3503	3986
3503	4029
3504	3505
3504	3507
3504	3942
3504	3985
3504	3986
3504	3989
3505	3506
3505	3507
3505	3508
3506	3507
3506	3508
3506	3509
3506	3511
3506	3549
3506	3552
3506	3553
3507	3508
3507	3548
3507	3549
3507	3552
3507	3986
3507	3989
3507	3990
3507	4033
3508	3509
3508	3511
3508	3946
3508	3989
3508	3990
3508	3993
3509	3510
3509	3511
3509	3512
3510	3511
3510	3512
3510	3513
3510	3515
3510	3553
3510	3556
3510	3557
3511	3512
3511	3552
3511	3553
3511	3556
3511	3990
3511	3993
3511	3994
3511	4037
3512	3513
3512	3515
3512	3950
3512	3993
3512	3994
3512	3997
3513	3514
3513	3515
3513	3516
3514	3515
3514	3516
3514	3517
3514	3519
3514	3557
3514	3560
3514	3561
3515	3516
3515	3556
3515	3557
3515	3560
3515	3994
3515	3997
3515	3998
3515	4041
3516	3517
3516	3519
3516	3954
3516	3997
3516	3998
3516	4001
3517	3518
3517	3519
3517	3520
3518	3519
3518	3520
3518	3561
3518	3564
3519	3520
3519	3560
3519	3561
3519	3564
3519	3998
3519	4001
3519	4002
3519	4045
3520	3958
3520	4001
3520	4002
3521	3522
3521	3523
3521	3524
3522	3523
3522	3524
3522	3525
3522	3527
3522	3565
3522	3568
3522	3569
3523	3524
3523	3565
3523	3568
3523	4005
3523	4006
3523	4049
3524	3525
3524	3527
3524	3962
3524	4005
3524	4006
3524	4009
3525	3526
3525	3527
3525	3528
3526	3527
3526	3528
3526	3529
3526	3531
3526	3569
3526	3572
3526	3573
3527	3528
3527	3568
3527	3569
3527	3572
3527	4006
3527	4009
3527	4010
3527	4053
3528	3529
3528	3531
3528	3966
3528	4009
3528	4010
3528	4013
3529	3530
3529	3531
3529	3532
3530	3531
3530	3532
3530	3533
3530	3535
3530	3573
3530	3576
3530	3577
3531	3532
3531	3572
3531	3573
3531	3576
3531	4010
3531	4013
3531	4014
3531	4057
3532	3533
3532	3535
3532	3970
3532	4013
3532	4014
3532	4017
3533	3534
3533	3535
3533	3536
3534	3535
3534	3536
3534	3537
3534	3539
3534	3577
3534	3580
3534	3581
3535	3536
3535	3576
3535	3577
3535	3580
3535	4014
3535	4017
3535	4018
3535	4061
3536	3537
3536	3539
3536	3974
3536	4017
3536	4018
3536	4021
3537	3538
3537	3539
3537	3540
3538	3539
3538	3540
3538	3541
3538	3543
3538	3581
3538	3584
3538	3585
3539	3540
3539	3580
3539	3581
3539	3584
3539	4018
3539	4021
3539	4022
3539	4065
3540	3541
3540	3543
3540	3978
3540	4021
3540	4022
3540	4025
3541	3542
3541	3543
3541	3544
3542	3543
3542	3544
3542	3545
3542	3547
3542	3585
3542	3588
3542	3589
3543	3544
3543	3584
3543	3585
3543	3588
3543	4022
3543	4025
3543	4026
3543	4069
3544	3545
3544	3547
3544	3982
3544	4025
3544	4026
3544	4029
3545	3546
3545	3547
3545	3548
3546	3547
3546	3548
3546	3549
3546	3551
3546	3589
3546	3592
3546	3593
3547	3548
3547	3588
3547	3589
3547	3592
3547	4026
3547	4029
3547	4030
3547	4073
3548	3549
3548	3551
3548	3986
3548	4029
3548	4030
3548	4033
3549	3550
3549	3551
3549	3552
3550	3551
3550	3552
3550	3553
3550	3555
3550	3593
3550	3596
3550	3597
3551	3552
3551	3592
3551	3593
3551	3596
3551	4030
3551	4033
3551	4034
3551	4077
3552	3553
3552	3555
3552	3990
3552	4033
3552	4034
3552	4037
3553	3554
3553	3555
3553	3556
3554	3555
3554	3556
3554	3557
3554	3559
3554	3597
3554	3600
3554	3601
3555	3556
3555	3596
3555	3597
3555	3600
3555	4034
3555	4037
3555	4038
3555	4081
3556	3557
3556	3559
3556	3994
3556	4037
3556	4038
3556	4041
3557	3558
3557	3559
3557	3560
3558	3559
3558	3560
3558	3561
3558	3563
3558	3601
3558	3604
3558	3605
3559	3560
3559	3600
3559	3601
3559	3604
3559	4038
3559	4041
3559	4042
3559	4085
3560	3561
3560	3563
3560	3998
3560	4041
3560	4042
3560	4045
3561	3562
3561	3563
3561	3564
3562	3563
3562	3564
3562	3605
3562	3608
3563	3564
3563	3604
3563	3605
3563	3608
3563	4042
3563	4045
3563	4046
3563	4089
3564	4002
3564	4045
3564	4046
3565	3566
3565	3567
3565	3568
3566	3567
3566	3568
3566	3569
3566	3571
3566	3609
3566	3612
3566	3613
3567	3568
3567	3609
3567	3612
3567	4049
3567	4050
3567	4093
3568	3569
3568	3571
3568	4006
3568	4049
3568	4050
3568	4053
3569	3570
3569	3571
3569	3572
3570	3571
3570	3572
3570	3573
3570	3575
3570	3613
3570	3616
3570	3617
3571	3572
3571	3612
3571	3613
3571	3616
3571	4050
3571	4053
3571	4054
3571	4097
3572	3573
3572	3575
3572	4010
3572	4053
3572	4054
3572	4057
3573	3574
3573	3575
3573	3576
3574	3575
3574	3576
3574	3577
3574	3579
3574	3617
3574	3620
3574	3621
3575	3576
3575	3616
3575	3617
3575	3620
3575	4054
3575	4057
3575	4058
3575	4101
3576	3577
3576	3579
3576	4014
3576	4057
3576	4058
3576	4061
3577	3578
3577	3579
3577	3580
3578	3579
3578	3580
3578	3581
3578	3583
3578	3621
3578	3624
3578	3625
3579	3580
3579	3620
3579	3621
3579	3624
3579	4058
3579	4061
3579	4062
3579	4105
3580	3581
3580	3583
3580	4018
3580	4061
3580	4062
3580	4065
3581	3582
3581	3583
3581	3584
3582	3583
3582	3584
3582	3585
3582	3587
3582	3625
3582	3628
3582	3629
3583	3584
3583	3624
3583	3625
3583	3628
3583	4062
3583	4065
3583	4066
3583	4109
3584	3585
3584	3587
3584	4022
3584	4065
3584	4066
3584	4069
3585	3586
3585	3587
3585	3588
3586	3587
3586	3588
3586	3589
3586	3591
3586	3629
3586	3632
3586	3633
3587	3588
3587	3628
3587	3629
3587	3632
3587	4066
3587	4069
3587	4070
3587	4113
3588	3589
3588	3591
3588	4026
3588	4069
3588	4070
3588	4073
3589	3590
3589	3591
3589	3592
3590	3591
3590	3592
3590	3593
3590	3595
3590	3633
3590	3636
3590	3637
3591	3592
3591	3632
3591	3633
3591	3636
3591	4070
3591	4073
3591	4074
3591	4117
3592	3593
3592	3595
3592	4030
3592	4073
3592	4074
3592	4077
3593	3594
3593	3595
3593	3596
3594	3595
3594	3596
3594	3597
3594	3599
3594	3637
3594	3640
3594	3641
3595	3596
3595	3636
3595	3637
3595	3640
3595	4074
3595	4077
3595	4078
3595	4121
3596	3597
3596	3599
3596	4034
3596	4077
3596	4078
3596	4081
3597	3598
3597	3599
3597	3600
3598	3599
3598	3600
3598	3601
3598	3603
3598	3641
3598	3644
3598	3645
3599	3600
3599	3640
3599	3641
3599	3644
3599	4078
3599	4081
3599	4082
3599	4125
3600	3601
3600	3603
3600	4038
3600	4081
3600	4082
3600	4085
3601	3602
3601	3603
3601	3604
3602	3603
3602	3604
3602	3605
3602	3607
3602	3645
3602	3648
3602	3649
3603	3604
3603	3644
3603	3645
3603	3648
3603	4082
3603	4085
3603	4086
3603	4129
3604	3605
3604	3607
3604	4042
3604	4085
3604	4086
3604	4089
3605	3606
3605	3607
3605	3608
3606	3607
3606	3608
3606	3649
3606	3652
3607	3608
3607	3648
3607	3649
3607	3652
3607	4086
3607	4089
3607	4090
3607	4133
3608	4046
3608	4089
3608	4090
3609	3610
3609	3611
3609	3612
3610	3611
3610	3612
3610	3613
3610	3615
3610	3653
3610	3656
3610	3657
3611	3612
3611	3653
3611	3656
3611	4093
3611	4094
3611	4137
3612	3613
3612	3615
3612	4050
3612	4093
3612	4094
3612	4097
3613	3614
3613	3615
3613	3616
3614	3615
3614	3616
3614	3617
3614	3619
3614	3657
3614	3660
3614	3661
3615	3616
3615	3656
3615	3657
3615	3660
3615	4094
3615	4097
3615	4098
3615	4141
3616	3617
3616	3619
3616	4054
3616	4097
3616	4098
3616	4101
3617	3618
3617	3619
3617	3620
3618	3619
3618	3620
3618	3621
3618	3623
3618	3661
3618	3664
3618	3665
3619	3620
3619	3660
3619	3661
3619	3664
3619	4098
3619	4101
3619	4102
3619	4145
3620	3621
3620	3623
3620	4058
3620	4101
3620	4102
3620	4105
3621	3622
3621	3623
3621	3624
3622	3623
3622	3624
3622	3625
3622	3627
3622	3665
3622	3668
3622	3669
3623	3624
3623	3664
3623	3665
3623	3668
3623	4102
3623	4105
3623	4106
3623	4149
3624	3625
3624	3627
3624	4062
3624	4105
3624	4106
3624	4109
3625	3626
3625	3627
3625	3628
3626	3627
3626	3628
3626	3629
3626	3631
3626	3669
3626	3672
3626	3673
3627	3628
3627	3668
3627	3669
3627	3672
3627	4106
3627	4109
3627	4110
3627	4153
3628	3629
3628	3631
3628	4066
3628	4109
3628	4110
3628	4113
3629	3630
3629	3631
3629	3632
3630	3631
3630	3632
3630	3633
3630	3635
3630	3673
3630	3676
3630	3677
3631	3632
3631	3672
3631	3673
3631	3676
3631	4110
3631	4113
3631	4114
3631	4157
3632	3633
3632	3635
3632	4070
3632	4113
3632	4114
3632	4117
3633	3634
3633	3635
3633	3636
3634	3635
3634	3636
3634	3637
3634	3639
3634	3677
3634	3680
3634	3681
3635	3636
3635	3676
3635	3677
3635	3680
3635	4114
3635	4117
3635	4118
3635	4161
3636	3637
3636	3639
3636	4074
3636	4117
3636	4118
3636	4121
3637	3638
3637	3639
3637	3640
3638	3639
3638	3640
3638	3641
3638	3643
3638	3681
3638	3684
3638	3685
3639	3640
3639	3680
3639	3681
3639	3684
3639	4118
3639	4121
3639	4122
3639	4165
3640	3641
3640	3643
3640	4078
3640	4121
3640	4122
3640	4125
3641	3642
3641	3643
3641	3644
3642	3643
3642	3644
3642	3645
3642	3647
3642	3685
3642	3688
3642	3689
3643	3644
3643	3684
3643	3685
3643	3688
3643	4122
3643	4125
3643	4126
3643	4169
3644	3645
3644	3647
3644	4082
3644	4125
3644	4126
3644	4129
3645	3646
3645	3647
3645	3648
3646	3647
3646	3648
3646	3649
3646	3651
3646	3689
3646	3692
3646	3693
3647	3648
3647	3688
3647	3689
3647	3692
3647	4126
3647	4129
3647	4130
3647	4173
3648	3649
3648	3651
3648	4086
3648	4129
3648	4130
3648	4133
3649	3650
3649	3651
3649	3652
3650	3651
3650	3652
3650	3693
3650	3696
3651	3652
3651	3692
3651	3693
3651	3696
3651	4130
3651	4133
3651	4134
3651	4177
3652	4090
3652	4133
3652	4134
3653	3654
3653	3655
3653	3656
3654	3655
3654	3656
3654	3657
3654	3659
3654	3697
3654	3700
3654	3701
3655	3656
3655	3697
3655	3700
3655	4137
3655	4138
3655	4181
3656	3657
3656	3659
3656	4094
3656	4137
3656	4138
3656	4141
3657	3658
3657	3659
3657	3660
3658	3659
3658	3660
3658	3661
3658	3663
3658	3701
3658	3704
3658	3705
3659	3660
3659	3700
3659	3701
3659	3704
3659	4138
3659	4141
3659	4142
3659	4185
3660	3661
3660	3663
3660	4098
3660	4141
3660	4142
3660	4145
3661	3662
3661	3663
3661	3664
3662	3663
3662	3664
3662	3665
3662	3667
3662	3705
3662	3708
3662	3709
3663	3664
3663	3704
3663	3705
3663	3708
3663	4142
3663	4145
3663	4146
3663	4189
3664	3665
3664	3667
3664	4102
3664	4145
3664	4146
3664	4149
3665	3666
3665	3667
3665	3668
3666	3667
3666	3668
3666	3669
3666	3671
3666	3709
3666	3712
3666	3713
3667	3668
3667	3708
3667	3709
3667	3712
3667	4146
3667	4149
3667	4150
3667	4193
3668	3669
3668	3671
3668	4106
3668	4149
3668	4150
3668	4153
3669	3670
3669	3671
3669	3672
3670	3671
3670	3672
3670	3673
3670	3675
3670	3713
3670	3716
3670	3717
3671	3672
3671	3712
3671	3713
3671	3716
3671	4150
3671	4153
3671	4154
3671	4197
3672	3673
3672	3675
3672	4110
3672	4153
3672	4154
3672	4157
3673	3674
3673	3675
3673	3676
3674	3675
3674	3676
3674	3677
3674	3679
3674	3717
3674	3720
3674	3721
3675	3676
3675	3716
3675	3717
3675	3720
3675	4154
3675	4157
3675	4158
3675	4201
3676	3677
3676	3679
3676	4114
3676	4157
3676	4158
3676	4161
3677	3678
3677	3679
3677	3680
3678	3679
3678	3680
3678	3681
3678	3683
3678	3721
3678	3724
3678	3725
3679	3680
3679	3720
3679	3721
3679	3724
3679	4158
3679	4161
3679	4162
3679	4205
3680	3681
3680	3683
3680	4118
3680	4161
3680	4162
3680	4165
3681	3682
3681	3683
3681	3684
3682	3683
3682	3684
3682	3685
3682	3687
3682	3725
3682	3728
3682	3729
3683	3684
3683	3724
3683	3725
3683	3728
3683	4162
3683	4165
3683	4166
3683	4209
3684	3685
3684	3687
3684	4122
3684	4165
3684	4166
3684	4169
3685	3686
3685	3687
3685	3688
3686	3687
3686	3688
3686	3689
3686	3691
3686	3729
3686	3732
3686	3733
3687	3688
3687	3728
3687	3729
3687	3732
3687	4166
3687	4169
3687	4170
3687	4213
3688	3689
3688	3691
3688	4126
3688	4169
3688	4170
3688	4173
3689	3690
3689	3691
3689	3692
3690	3691
3690	3692
3690	3693
3690	3695
3690	3733
3690	3736
3690	3737
3691	3692
3691	3732
3691	3733
3691	3736
3691	4170
3691	4173
3691	4174
3691	4217
3692	3693
3692	3695
3692	4130
3692	4173
3692	4174
3692	4177
3693	3694
3693	3695
3693	3696
3694	3695
3694	3696
3694	3737
3694	3740
3695	3696
3695	3736
3695	3737
3695	3740
3695	4174
3695	4177
3695	4178
3695	4221
3696	4134
3696	4177
3696	4178
3697	3698
3697	3699
3697	3700
3698	3699
3698	3700
3698	3701
3698	3703
3698	3741
3698	3744
3698	3745
3699	3700
3699	3741
3699	3744
3699	4181
3699	4182
3699	4225
3700	3701
3700	3703
3700	4138
3700	4181
3700	4182
3700	4185
3701	3702
3701	3703
3701	3704
3702	3703
3702	3704
3702	3705
3702	3707
3702	3745
3702	3748
3702	3749
3703	3704
3703	3744
3703	3745
3703	3748
3703	4182
3703	4185
3703	4186
3703	4229
3704	3705
3704	3707
3704	4142
3704	4185
3704	4186
3704	4189
3705	3706
3705	3707
3705	3708
3706	3707
3706	3708
3706	3709
3706	3711
3706	3749
3706	3752
3706	3753
3707	3708
3707	3748
3707	3749
3707	3752
3707	4186
3707	4189
3707	4190
3707	4233
3708	3709
3708	3711
3708	4146
3708	4189
3708	4190
3708	4193
3709	3710
3709	3711
3709	3712
3710	3711
3710	3712
3710	3713
3710	3715
3710	3753
3710	3756
3710	3757
3711	3712
3711	3752
3711	3753
3711	3756
3711	4190
3711	4193
3711	4194
3711	4237
3712	3713
3712	3715
3712	4150
3712	4193
3712	4194
3712	4197
3713	3714
3713	3715
3713	3716
3714	3715
3714	3716
3714	3717
3714	3719
3714	3757
3714	3760
3714	3761
3715	3716
3715	3756
3715	3757
3715	3760
3715	4194
3715	4197
3715	4198
3715	4241
3716	3717
3716	3719
3716	4154
3716	4197
3716	4198
3716	4201
3717	3718
3717	3719
3717	3720
3718	3719
3718	3720
3718	3721
3718	3723
3718	3761
3718	3764
3718	3765
3719	3720
3719	3760
3719	3761
3719	3764
3719	4198
3719	4201
3719	4202
3719	4245
3720	3721
3720	3723
3720	4158
3720	4201
3720	4202
3720	4205
3721	3722
3721	3723
3721	3724
3722	3723
3722	3724
3722	3725
3722	3727
3722	3765
3722	3768
3722	3769
3723	3724
3723	3764
3723	3765
3723	3768
3723	4202
3723	4205
3723	4206
3723	4249
3724	3725
3724	3727
3724	4162
3724	4205
3724	4206
3724	4209
3725	3726
3725	3727
3725	3728
3726	3727
3726	3728
3726	3729
3726	3731
3726	3769
3726	3772
3726	3773
3727	3728
3727	3768
3727	3769
3727	3772
3727	4206
3727	4209
3727	4210
3727	4253
3728	3729
3728	3731
3728	4166
3728	4209
3728	4210
3728	4213
3729	3730
3729	3731
3729	3732
3730	3731
3730	3732
3730	3733
3730	3735
3730	3773
3730	3776
3730	3777
3731	3732
3731	3772
3731	3773
3731	3776
3731	4210
3731	4213
3731	4214
3731	4257
3732	3733
3732	3735
3732	4170
3732	4213
3732	4214
3732	4217
3733	3734
3733	3735
3733	3736
3734	3735
3734	3736
3734	3737
3734	3739
3734	3777
3734	3780
3734	3781
3735	3736
3735	3776
3735	3777
3735	3780
3735	4214
3735	4217
3735	4218
3735	4261
3736	3737
3736	3739
3736	4174
3736	4217
3736	4218
3736	4221
3737	3738
3737	3739
3737	3740
3738	3739
3738	3740
3738	3781
3738	3784
3739	3740
3739	3780
3739	3781
3739	3784
3739	4218
3739	4221
3739	4222
3739	4265
3740	4178
3740	4221
3740	4222
3741	3742
3741	3743
3741	3744
3742	3743
3742	3744
3742	3745
3742	3747
3742	3785
3742	3788
3742	3789
3743	3744
3743	3785
3743	3788
3743	4225
3743	4226
3743	4269
3744	3745
3744	3747
3744	4182
3744	4225
3744	4226
3744	4229
3745	3746
3745	3747
3745	3748
3746	3747
3746	3748
3746	3749
3746	3751
3746	3789
3746	3792
3746	3793
3747	3748
3747	3788
3747	3789
3747	3792
3747	4226
3747	4229
3747	4230
3747	4273
3748	3749
3748	3751
3748	4186
3748	4229
3748	4230
3748	4233
3749	3750
3749	3751
3749	3752
3750	3751
3750	3752
3750	3753
3750	3755
3750	3793
3750	3796
3750	3797
3751	3752
3751	3792
3751	3793
3751	3796
3751	4230
3751	4233
3751	4234
3751	4277
3752	3753
3752	3755
3752	4190
3752	4233
3752	4234
3752	4237
3753	3754
3753	3755
3753	3756
3754	3755
3754	3756
3754	3757
3754	3759
3754	3797
3754	3800
3754	3801
3755	3756
3755	3796
3755	3797
3755	3800
3755	4234
3755	4237
3755	4238
3755	4281
3756	3757
3756	3759
3756	4194
3756	4237
3756	4238
3756	4241
3757	3758
3757	3759
3757	3760
3758	3759
3758	3760
3758	3761
3758	3763
3758	3801
3758	3804
3758	3805
3759	3760
3759	3800
3759	3801
3759	3804
3759	4238
3759	4241
3759	4242
3759	4285
3760	3761
3760	3763
3760	4198
3760	4241
3760	4242
3760	4245
3761	3762
3761	3763
3761	3764
3762	3763
3762	3764
3762	3765
3762	3767
3762	3805
3762	3808
3762	3809
3763	3764
3763	3804
3763	3805
3763	3808
3763	4242
3763	4245
3763	4246
3763	4289
3764	3765
3764	3767
3764	4202
3764	4245
3764	4246
3764	4249
3765	3766
3765	3767
3765	3768
3766	3767
3766	3768
3766	3769
3766	3771
3766	3809
3766	3812
3766	3813
3767	3768
3767	3808
3767	3809
3767	3812
3767	4246
3767	4249
3767	4250
3767	4293
3768	3769
3768	3771
3768	4206
3768	4249
3768	4250
3768	4253
3769	3770
3769	3771
3769	3772
3770	3771
3770	3772
3770	3773
3770	3775
3770	3813
3770	3816
3770	3817
3771	3772
3771	3812
3771	3813
3771	3816
3771	4250
3771	4253
3771	4254
3771	4297
3772	3773
3772	3775
3772	4210
3772	4253
3772	4254
3772	4257
3773	3774
3773	3775
3773	3776
3774	3775
3774	3776
3774	3777
3774	3779
3774	3817
3774	3820
3774	3821
3775	3776
3775	3816
3775	3817
3775	3820
3775	4254
3775	4257
3775	4258
3775	4301
3776	3777
3776	3779
3776	4214
3776	4257
3776	4258
3776	4261
3777	3778
3777	3779
3777	3780
3778	3779
3778	3780
3778	3781
3778	3783
3778	3821
3778	3824
3778	3825
3779	3780
3779	3820
3779	3821
3779	3824
3779	4258
3779	4261
3779	4262
3779	4305
3780	3781
3780	3783
3780	4218
3780	4261
3780	4262
3780	4265
3781	3782
3781	3783
3781	3784
3782	3783
3782	3784
3782	3825
3782	3828
3783	3784
3783	3824
3783	3825
3783	3828
3783	4262
3783	4265
3783	4266
3783	4309
3784	4222
3784	4265
3784	4266
3785	3786
3785	3787
3785	3788
3786	3787
3786	3788
3786	3789
3786	3791
3786	3829
3786	3832
3786	3833
3787	3788
3787	3829
3787	3832
3787	4269
3787	4270
3787	4313
3788	3789
3788	3791
3788	4226
3788	4269
3788	4270
3788	4273
3789	3790
3789	3791
3789	3792
3790	3791
3790	3792
3790	3793
3790	3795
3790	3833
3790	3836
3790	3837
3791	3792
3791	3832
3791	3833
3791	3836
3791	4270
3791	4273
3791	4274
3791	4317
3792	3793
3792	3795
3792	4230
3792	4273
3792	4274
3792	4277
3793	3794
3793	3795
3793	3796
3794	3795
3794	3796
3794	3797
3794	3799
3794	3837
3794	3840
3794	3841
3795	3796
3795	3836
3795	3837
3795	3840
3795	4274
3795	4277
3795	4278
3795	4321
3796	3797
3796	3799
3796	4234
3796	4277
3796	4278
3796	4281
3797	3798
3797	3799
3797	3800
3798	3799
3798	3800
3798	3801
3798	3803
3798	3841
3798	3844
3798	3845
3799	3800
3799	3840
3799	3841
3799	3844
3799	4278
3799	4281
3799	4282
3799	4325
3800	3801
3800	3803
3800	4238
3800	4281
3800	4282
3800	4285
3801	3802
3801	3803
3801	3804
3802	3803
3802	3804
3802	3805
3802	3807
3802	3845
3802	3848
3802	3849
3803	3804
3803	3844
3803	3845
3803	3848
3803	4282
3803	4285
3803	4286
3803	4329
3804	3805
3804	3807
3804	4242
3804	4285
3804	4286
3804	4289
3805	3806
3805	3807
3805	3808
3806	3807
3806	3808
3806	3809
3806	3811
3806	3849
3806	3852
3806	3853
3807	3808
3807	3848
3807	3849
3807	3852
3807	4286
3807	4289
3807	4290
3807	4333
3808	3809
3808	3811
3808	4246
3808	4289
3808	4290
3808	4293
3809	3810
3809	3811
3809	3812
3810	3811
3810	3812
3810	3813
3810	3815
3810	3853
3810	3856
3810	3857
3811	3812
3811	3852
3811	3853
3811	3856
3811	4290
3811	4293
3811	4294
3811	4337
3812	3813
3812	3815
3812	4250
3812	4293
3812	4294
3812	4297
3813	3814
3813	3815
3813	3816
3814	3815
3814	3816
3814	3817
3814	3819
3814	3857
3814	3860
3814	3861
3815	3816
3815	3856
3815	3857
3815	3860
3815	4294
3815	4297
3815	4298
3815	4341
3816	3817
3816	3819
3816	4254
3816	4297
3816	4298
3816	4301
3817	3818
3817	3819
3817	3820
3818	3819
3818	3820
3818	3821
3818	3823
3818	3861
3818	3864
3818	3865
3819	3820
3819	3860
3819	3861
3819	3864
3819	4298
3819	4301
3819	4302
3819	4345
3820	3821
3820	3823
3820	4258
3820	4301
3820	4302
3820	4305
3821	3822
3821	3823
3821	3824
3822	3823
3822	3824
3822	3825
3822	3827
3822	3865
3822	3868
3822	3869
3823	3824
3823	3864
3823	3865
3823	3868
3823	4302
3823	4305
3823	4306
3823	4349
3824	3825
3824	3827
3824	4262
3824	4305
3824	4306
3824	4309
3825	3826
3825	3827
3825	3828
3826	3827
3826	3828
3826	3869
3826	3872
3827	3828
3827	3868
3827	3869
3827	3872
3827	4306
3827	4309
3827	4310
3827	4353
3828	4266
3828	4309
3828	4310
3829	3830
3829	3831
3829	3832
3830	3831
3830	3832
3830	3833
3830	3835
3831	3832
3831	4313
3831	4314
3832	3833
3832	3835
3832	4270
3832	4313
3832	4314
3832	4317
3833	3834
3833	3835
3833	3836
3834	3835
3834	3836
3834	3837
3834	3839
3835	3836
3835	4314
3835	4317
3835	4318
3836	3837
3836	3839
3836	4274
3836	4317
3836	4318
3836	4321
3837	3838
3837	3839
3837	3840
3838	3839
3838	3840
3838	3841
3838	3843
3839	3840
3839	4318
3839	4321
3839	4322
3840	3841
3840	3843
3840	4278
3840	4321
3840	4322
3840	4325
3841	3842
3841	3843
3841	3844
3842	3843
3842	3844
3842	3845
3842	3847
3843	3844
3843	4322
3843	4325
3843	4326
3844	3845
3844	3847
3844	4282
3844	4325
3844	4326
3844	4329
3845	3846
3845	3847
3845	3848
3846	3847
3846	3848
3846	3849
3846	3851
3847	3848
3847	4326
3847	4329
3847	4330
3848	3849
3848	3851
3848	4286
3848	4329
3848	4330
3848	4333
3849	3850
3849	3851
3849	3852
3850	3851
3850	3852
3850	3853
3850	3855
3851	3852
3851	4330
3851	4333
3851	4334
3852	3853
3852	3855
3852	4290
3852	4333
3852	4334
3852	4337
3853	3854
3853	3855
3853	3856
3854	3855
3854	3856
3854	3857
3854	3859
3855	3856
3855	4334
3855	4337
3855	4338
3856	3857
3856	3859
3856	4294
3856	4337
3856	4338
3856	4341
3857	3858
3857	3859
3857	3860
3858	3859
3858	3860
3858	3861
3858	3863
3859	3860
3859	4338
3859	4341
3859	4342
3860	3861
3860	3863
3860	4298
3860	4341
3860	4342
3860	4345
3861	3862
3861	3863
3861	3864
3862	3863
3862	3864
3862	3865
3862	3867
3863	3864
3863	4342
3863	4345
3863	4346
3864	3865
3864	3867
3864	4302
3864	4345
3864	4346
3864	4349
3865	3866
3865	3867
3865	3868
3866	3867
3866	3868
3866	3869
3866	3871
3867	3868
3867	4346
3867	4349
3867	4350
3868	3869
3868	3871
3868	4306
3868	4349
3868	4350
3868	4353
3869	3870
3869	3871
3869	3872
3870	3871
3870	3872
3871	3872
3871	4350
3871	4353
3871	4354
3872	4310
3872	4353
3872	4354
3873	3874
3873	3875
3873	3876
3874	3875
3874	3876
3874	3877
3874	3879
3874	3917
3874	3920
3874	3921
3875	3876
3875	3917
3875	3920
3875	4357
3875	4358
3875	4401
3876	3877
3876	3879
3876	4357
3876	4358
3876	4361
3877	3878
3877	3879
3877	3880
3878	3879
3878	3880
3878	3881
3878	3883
3878	3921
3878	3924
3878	3925
3879	3880
3879	3920
3879	3921
3879	3924
3879	4358
3879	4361
3879	4362
3879	4405
3880	3881
3880	3883
3880	4361
3880	4362
3880	4365
3881	3882
3881	3883
3881	3884
3882	3883
3882	3884
3882	3885
3882	3887
3882	3925
3882	3928
3882	3929
3883	3884
3883	3924
3883	3925
3883	3928
3883	4362
3883	4365
3883	4366
3883	4409
3884	3885
3884	3887
3884	4365
3884	4366
3884	4369
3885	3886
3885	3887
3885	3888
3886	3887
3886	3888
3886	3889
3886	3891
3886	3929
3886	3932
3886	3933
3887	3888
3887	3928
3887	3929
3887	3932
3887	4366
3887	4369
3887	4370
3887	4413
3888	3889
3888	3891
3888	4369
3888	4370
3888	4373
3889	3890
3889	3891
3889	3892
3890	3891
3890	3892
3890	3893
3890	3895
3890	3933
3890	3936
3890	3937
3891	3892
3891	3932
3891	3933
3891	3936
3891	4370
3891	4373
3891	4374
3891	4417
3892	3893
3892	3895
3892	4373
3892	4374
3892	4377
3893	3894
3893	3895
3893	3896
3894	3895
3894	3896
3894	3897
3894	3899
3894	3937
3894	3940
3894	3941
3895	3896
3895	3936
3895	3937
3895	3940
3895	4374
3895	4377
3895	4378
3895	4421
3896	3897
3896	3899
3896	4377
3896	4378
3896	4381
3897	3898
3897	3899
3897	3900
3898	3899
3898	3900
3898	3901
3898	3903
3898	3941
3898	3944
3898	3945
3899	3900
3899	3940
3899	3941
3899	3944
3899	4378
3899	4381
3899	4382
3899	4425
3900	3901
3900	3903
3900	4381
3900	4382
3900	4385
3901	3902
3901	3903
3901	3904
3902	3903
3902	3904
3902	3905
3902	3907
3902	3945
3902	3948
3902	3949
3903	3904
3903	3944
3903	3945
3903	3948
3903	4382
3903	4385
3903	4386
3903	4429
3904	3905
3904	3907
3904	4385
3904	4386
3904	4389
3905	3906
3905	3907
3905	3908
3906	3907
3906	3908
3906	3909
3906	3911
3906	3949
3906	3952
3906	3953
3907	3908
3907	3948
3907	3949
3907	3952
3907	4386
3907	4389
3907	4390
3907	4433
3908	3909
3908	3911
3908	4389
3908	4390
3908	4393
3909	3910
3909	3911
3909	3912
3910	3911
3910	3912
3910	3913
3910	3915
3910	3953
3910	3956
3910	3957
3911	3912
3911	3952
3911	3953
3911	3956
3911	4390
3911	4393
3911	4394
3911	4437
3912	3913
3912	3915
3912	4393
3912	4394
3912	4397
3913	3914
3913	3915
3913	3916
3914	3915
3914	3916
3914	3957
3914	3960
3915	3916
3915	3956
3915	3957
3915	3960
3915	4394
3915	4397
3915	4398
3915	4441
3916	4397
3916	4398
3917	3918
3917	3919
3917	3920
3918	3919
3918	3920
3918	3921
3918	3923
3918	3961
3918	3964
3918	3965
3919	3920
3919	3961
3919	3964
3919	4401
3919	4402
3919	4445
3920	3921
3920	3923
3920	4358
3920	4401
3920	4402
3920	4405
3921	3922
3921	3923
3921	3924
3922	3923
3922	3924
3922	3925
3922	3927
3922	3965
3922	3968
3922	3969
3923	3924
3923	3964
3923	3965
3923	3968
3923	4402
3923	4405
3923	4406
3923	4449
3924	3925
3924	3927
3924	4362
3924	4405
3924	4406
3924	4409
3925	3926
3925	3927
3925	3928
3926	3927
3926	3928
3926	3929
3926	3931
3926	3969
3926	3972
3926	3973
3927	3928
3927	3968
3927	3969
3927	3972
3927	4406
3927	4409
3927	4410
3927	4453
3928	3929
3928	3931
3928	4366
3928	4409
3928	4410
3928	4413
3929	3930
3929	3931
3929	3932
3930	3931
3930	3932
3930	3933
3930	3935
3930	3973
3930	3976
3930	3977
3931	3932
3931	3972
3931	3973
3931	3976
3931	4410
3931	4413
3931	4414
3931	4457
3932	3933
3932	3935
3932	4370
3932	4413
3932	4414
3932	4417
3933	3934
3933	3935
3933	3936
3934	3935
3934	3936
3934	3937
3934	3939
3934	3977
3934	3980
3934	3981
3935	3936
3935	3976
3935	3977
3935	3980
3935	4414
3935	4417
3935	4418
3935	4461
3936	3937
3936	3939
3936	4374
3936	4417
3936	4418
3936	4421
3937	3938
3937	3939
3937	3940
3938	3939
3938	3940
3938	3941
3938	3943
3938	3981
3938	3984
3938	3985
3939	3940
3939	3980
3939	3981
3939	3984
3939	4418
3939	4421
3939	4422
3939	4465
3940	3941
3940	3943
3940	4378
3940	4421
3940	4422
3940	4425
3941	3942
3941	3943
3941	3944
3942	3943
3942	3944
3942	3945
3942	3947
3942	3985
3942	3988
3942	3989
3943	3944
3943	3984
3943	3985
3943	3988
3943	4422
3943	4425
3943	4426
3943	4469
3944	3945
3944	3947
3944	4382
3944	4425
3944	4426
3944	4429
3945	3946
3945	3947
3945	3948
3946	3947
3946	3948
3946	3949
3946	3951
3946	3989
3946	3992
3946	3993
3947	3948
3947	3988
3947	3989
3947	3992
3947	4426
3947	4429
3947	4430
3947	4473
3948	3949
3948	3951
3948	4386
3948	4429
3948	4430
3948	4433
3949	3950
3949	3951
3949	3952
3950	3951
3950	3952
3950	3953
3950	3955
3950	3993
3950	3996
3950	3997
3951	3952
3951	3992
3951	3993
3951	3996
3951	4430
3951	4433
3951	4434
3951	4477
3952	3953
3952	3955
3952	4390
3952	4433
3952	4434
3952	4437
3953	3954
3953	3955
3953	3956
3954	3955
3954	3956
3954	3957
3954	3959
3954	3997
3954	4000
3954	4001
3955	3956
3955	3996
3955	3997
3955	4000
3955	4434
3955	4437
3955	4438
3955	4481
3956	3957
3956	3959
3956	4394
3956	4437
3956	4438
3956	4441
3957	3958
3957	3959
3957	3960
3958	3959
3958	3960
3958	4001
3958	4004
3959	3960
3959	4000
3959	4001
3959	4004
3959	4438
3959	4441
3959	4442
3959	4485
3960	4398
3960	4441
3960	4442
3961	3962
3961	3963
3961	3964
3962	3963
3962	3964
3962	3965
3962	3967
3962	4005
3962	4008
3962	4009
3963	3964
3963	4005
3963	4008
3963	4445
3963	4446
3963	4489
3964	3965
3964	3967
3964	4402
3964	4445
3964	4446
3964	4449
3965	3966
3965	3967
3965	3968
3966	3967
3966	3968
3966	3969
3966	3971
3966	4009
3966	4012
3966	4013
3967	3968
3967	4008
3967	4009
3967	4012
3967	4446
3967	4449
3967	4450
3967	4493
3968	3969
3968	3971
3968	4406
3968	4449
3968	4450
3968	4453
3969	3970
3969	3971
3969	3972
3970	3971
3970	3972
3970	3973
3970	3975
3970	4013
3970	4016
3970	4017
3971	3972
3971	4012
3971	4013
3971	4016
3971	4450
3971	4453
3971	4454
3971	4497
3972	3973
3972	3975
3972	4410
3972	4453
3972	4454
3972	4457
3973	3974
3973	3975
3973	3976
3974	3975
3974	3976
3974	3977
3974	3979
3974	4017
3974	4020
3974	4021
3975	3976
3975	4016
3975	4017
3975	4020
3975	4454
3975	4457
3975	4458
3975	4501
3976	3977
3976	3979
3976	4414
3976	4457
3976	4458
3976	4461
3977	3978
3977	3979
3977	3980
3978	3979
3978	3980
3978	3981
3978	3983
3978	4021
3978	4024
3978	4025
3979	3980
3979	4020
3979	4021
3979	4024
3979	4458
3979	4461
3979	4462
3979	4505
3980	3981
3980	3983
3980	4418
3980	4461
3980	4462
3980	4465
3981	3982
3981	3983
3981	3984
3982	3983
3982	3984
3982	3985
3982	3987
3982	4025
3982	4028
3982	4029
3983	3984
3983	4024
3983	4025
3983	4028
3983	4462
3983	4465
3983	4466
3983	4509
3984	3985
3984	3987
3984	4422
3984	4465
3984	4466
3984	4469
3985	3986
3985	3987
3985	3988
3986	3987
3986	3988
3986	3989
3986	3991
3986	4029
3986	4032
3986	4033
3987	3988
3987	4028
3987	4029
3987	4032
3987	4466
3987	4469
3987	4470
3987	4513
3988	3989
3988	3991
3988	4426
3988	4469
3988	4470
3988	4473
3989	3990
3989	3991
3989	3992
3990	3991
3990	3992
3990	3993
3990	3995
3990	4033
3990	4036
3990	4037
3991	3992
3991	4032
3991	4033
3991	4036
3991	4470
3991	4473
3991	4474
3991	4517
3992	3993
3992	3995
3992	4430
3992	4473
3992	4474
3992	4477
3993	3994
3993	3995
3993	3996
3994	3995
3994	3996
3994	3997
3994	3999
3994	4037
3994	4040
3994	4041
3995	3996
3995	4036
3995	4037
3995	4040
3995	4474
3995	4477
3995	4478
3995	4521
3996	3997
3996	3999
3996	4434
3996	4477
3996	4478
3996	4481
3997	3998
3997	3999
3997	4000
3998	3999
3998	4000
3998	4001
3998	4003
3998	4041
3998	4044
3998	4045
3999	4000
3999	4040
3999	4041
3999	4044
3999	4478
3999	4481
3999	4482
3999	4525
4000	4001
4000	4003
4000	4438
4000	4481
4000	4482
4000	4485
4001	4002
4001	4003
4001	4004
4002	4003
4002	4004
4002	4045
4002	4048
4003	4004
4003	4044
4003	4045
4003	4048
4003	4482
4003	4485
4003	4486
4003	4529
4004	4442
4004	4485
4004	4486
4005	4006
4005	4007
4005	4008
4006	4007
4006	4008
4006	4009
4006	4011
4006	4049
4006	4052
4006	4053
4007	4008
4007	4049
4007	4052
4007	4489
4007	4490
4007	4533
4008	4009
4008	4011
4008	4446
4008	4489
4008	4490
4008	4493
4009	4010
4009	4011
4009	4012
4010	4011
4010	4012
4010	4013
4010	4015
4010	4053
4010	4056
4010	4057
4011	4012
4011	4052
4011	4053
4011	4056
4011	4490
4011	4493
4011	4494
4011	4537
4012	4013
4012	4015
4012	4450
4012	4493
4012	4494
4012	4497
4013	4014
4013	4015
4013	4016
4014	4015
4014	4016
4014	4017
4014	4019
4014	4057
4014	4060
4014	4061
4015	4016
4015	4056
4015	4057
4015	4060
4015	4494
4015	4497
4015	4498
4015	4541
4016	4017
4016	4019
4016	4454
4016	4497
4016	4498
4016	4501
4017	4018
4017	4019
4017	4020
4018	4019
4018	4020
4018	4021
4018	4023
4018	4061
4018	4064
4018	4065
4019	4020
4019	4060
4019	4061
4019	4064
4019	4498
4019	4501
4019	4502
4019	4545
4020	4021
4020	4023
4020	4458
4020	4501
4020	4502
4020	4505
4021	4022
4021	4023
4021	4024
4022	4023
4022	4024
4022	4025
4022	4027
4022	4065
4022	4068
4022	4069
4023	4024
4023	4064
4023	4065
4023	4068
4023	4502
4023	4505
4023	4506
4023	4549
4024	4025
4024	4027
4024	4462
4024	4505
4024	4506
4024	4509
4025	4026
4025	4027
4025	4028
4026	4027
4026	4028
4026	4029
4026	4031
4026	4069
4026	4072
4026	4073
4027	4028
4027	4068
4027	4069
4027	4072
4027	4506
4027	4509
4027	4510
4027	4553
4028	4029
4028	4031
4028	4466
4028	4509
4028	4510
4028	4513
4029	4030
4029	4031
4029	4032
4030	4031
4030	4032
4030	4033
4030	4035
4030	4073
4030	4076
4030	4077
4031	4032
4031	4072
4031	4073
4031	4076
4031	4510
4031	4513
4031	4514
4031	4557
4032	4033
4032	4035
4032	4470
4032	4513
4032	4514
4032	4517
4033	4034
4033	4035
4033	4036
4034	4035
4034	4036
4034	4037
4034	4039
4034	4077
4034	4080
4034	4081
4035	4036
4035	4076
4035	4077
4035	4080
4035	4514
4035	4517
4035	4518
4035	4561
4036	4037
4036	4039
4036	4474
4036	4517
4036	4518
4036	4521
4037	4038
4037	4039
4037	4040
4038	4039
4038	4040
4038	4041
4038	4043
4038	4081
4038	4084
4038	4085
4039	4040
4039	4080
4039	4081
4039	4084
4039	4518
4039	4521
4039	4522
4039	4565
4040	4041
4040	4043
4040	4478
4040	4521
4040	4522
4040	4525
4041	4042
4041	4043
4041	4044
4042	4043
4042	4044
4042	4045
4042	4047
4042	4085
4042	4088
4042	4089
4043	4044
4043	4084
4043	4085
4043	4088
4043	4522
4043	4525
4043	4526
4043	4569
4044	4045
4044	4047
4044	4482
4044	4525
4044	4526
4044	4529
4045	4046
4045	4047
4045	4048
4046	4047
4046	4048
4046	4089
4046	4092
4047	4048
4047	4088
4047	4089
4047	4092
4047	4526
4047	4529
4047	4530
4047	4573
4048	4486
4048	4529
4048	4530
4049	4050
4049	4051
4049	4052
4050	4051
4050	4052
4050	4053
4050	4055
4050	4093
4050	4096
4050	4097
4051	4052
4051	4093
4051	4096
4051	4533
4051	4534
4051	4577
4052	4053
4052	4055
4052	4490
4052	4533
4052	4534
4052	4537
4053	4054
4053	4055
4053	4056
4054	4055
4054	4056
4054	4057
4054	4059
4054	4097
4054	4100
4054	4101
4055	4056
4055	4096
4055	4097
4055	4100
4055	4534
4055	4537
4055	4538
4055	4581
4056	4057
4056	4059
4056	4494
4056	4537
4056	4538
4056	4541
4057	4058
4057	4059
4057	4060
4058	4059
4058	4060
4058	4061
4058	4063
4058	4101
4058	4104
4058	4105
4059	4060
4059	4100
4059	4101
4059	4104
4059	4538
4059	4541
4059	4542
4059	4585
4060	4061
4060	4063
4060	4498
4060	4541
4060	4542
4060	4545
4061	4062
4061	4063
4061	4064
4062	4063
4062	4064
4062	4065
4062	4067
4062	4105
4062	4108
4062	4109
4063	4064
4063	4104
4063	4105
4063	4108
4063	4542
4063	4545
4063	4546
4063	4589
4064	4065
4064	4067
4064	4502
4064	4545
4064	4546
4064	4549
4065	4066
4065	4067
4065	4068
4066	4067
4066	4068
4066	4069
4066	4071
4066	4109
4066	4112
4066	4113
4067	4068
4067	4108
4067	4109
4067	4112
4067	4546
4067	4549
4067	4550
4067	4593
4068	4069
4068	4071
4068	4506
4068	4549
4068	4550
4068	4553
4069	4070
4069	4071
4069	4072
4070	4071
4070	4072
4070	4073
4070	4075
4070	4113
4070	4116
4070	4117
4071	4072
4071	4112
4071	4113
4071	4116
4071	4550
4071	4553
4071	4554
4071	4597
4072	4073
4072	4075
4072	4510
4072	4553
4072	4554
4072	4557
4073	4074
4073	4075
4073	4076
4074	4075
4074	4076
4074	4077
4074	4079
4074	4117
4074	4120
4074	4121
4075	4076
4075	4116
4075	4117
4075	4120
4075	4554
4075	4557
4075	4558
4075	4601
4076	4077
4076	4079
4076	4514
4076	4557
4076	4558
4076	4561
4077	4078
4077	4079
4077	4080
4078	4079
4078	4080
4078	4081
4078	4083
4078	4121
4078	4124
4078	4125
4079	4080
4079	4120
4079	4121
4079	4124
4079	4558
4079	4561
4079	4562
4079	4605
4080	4081
4080	4083
4080	4518
4080	4561
4080	4562
4080	4565
4081	4082
4081	4083
4081	4084
4082	4083
4082	4084
4082	4085
4082	4087
4082	4125
4082	4128
4082	4129
4083	4084
4083	4124
4083	4125
4083	4128
4083	4562
4083	4565
4083	4566
4083	4609
4084	4085
4084	4087
4084	4522
4084	4565
4084	4566
4084	4569
4085	4086
4085	4087
4085	4088
4086	4087
4086	4088
4086	4089
4086	4091
4086	4129
4086	4132
4086	4133
4087	4088
4087	4128
4087	4129
4087	4132
4087	4566
4087	4569
4087	4570
4087	4613
4088	4089
4088	4091
4088	4526
4088	4569
4088	4570
4088	4573
4089	4090
4089	4091
4089	4092
4090	4091
4090	4092
4090	4133
4090	4136
4091	4092
4091	4132
4091	4133
4091	4136
4091	4570
4091	4573
4091	4574
4091	4617
4092	4530
4092	4573
4092	4574
4093	4094
4093	4095
4093	4096
4094	4095
4094	4096
4094	4097
4094	4099
4094	4137
4094	4140
4094	4141
4095	4096
4095	4137
4095	4140
4095	4577
4095	4578
4095	4621
4096	4097
4096	4099
4096	4534
4096	4577
4096	4578
4096	4581
4097	4098
4097	4099
4097	4100
4098	4099
4098	4100
4098	4101
4098	4103
4098	4141
4098	4144
4098	4145
4099	4100
4099	4140
4099	4141
4099	4144
4099	4578
4099	4581
4099	4582
4099	4625
4100	4101
4100	4103
4100	4538
4100	4581
4100	4582
4100	4585
4101	4102
4101	4103
4101	4104
4102	4103
4102	4104
4102	4105
4102	4107
4102	4145
4102	4148
4102	4149
4103	4104
4103	4144
4103	4145
4103	4148
4103	4582
4103	4585
4103	4586
4103	4629
4104	4105
4104	4107
4104	4542
4104	4585
4104	4586
4104	4589
4105	4106
4105	4107
4105	4108
4106	4107
4106	4108
4106	4109
4106	4111
4106	4149
4106	4152
4106	4153
4107	4108
4107	4148
4107	4149
4107	4152
4107	4586
4107	4589
4107	4590
4107	4633
4108	4109
4108	4111
4108	4546
4108	4589
4108	4590
4108	4593
4109	4110
4109	4111
4109	4112
4110	4111
4110	4112
4110	4113
4110	4115
4110	4153
4110	4156
4110	4157
4111	4112
4111	4152
4111	4153
4111	4156
4111	4590
4111	4593
4111	4594
4111	4637
4112	4113
4112	4115
4112	4550
4112	4593
4112	4594
4112	4597
4113	4114
4113	4115
4113	4116
4114	4115
4114	4116
4114	4117
4114	4119
4114	4157
4114	4160
4114	4161
4115	4116
4115	4156
4115	4157
4115	4160
4115	4594
4115	4597
4115	4598
4115	4641
4116	4117
4116	4119
4116	4554
4116	4597
4116	4598
4116	4601
4117	4118
4117	4119
4117	4120
4118	4119
4118	4120
4118	4121
4118	4123
4118	4161
4118	4164
4118	4165
4119	4120
4119	4160
4119	4161
4119	4164
4119	4598
4119	4601
4119	4602
4119	4645
4120	4121
4120	4123
4120	4558
4120	4601
4120	4602
4120	4605
4121	4122
4121	4123
4121	4124
4122	4123
4122	4124
4122	4125
4122	4127
4122	4165
4122	4168
4122	4169
4123	4124
4123	4164
4123	4165
4123	4168
4123	4602
4123	4605
4123	4606
4123	4649
4124	4125
4124	4127
4124	4562
4124	4605
4124	4606
4124	4609
4125	4126
4125	4127
4125	4128
4126	4127
4126	4128
4126	4129
4126	4131
4126	4169
4126	4172
4126	4173
4127	4128
4127	4168
4127	4169
4127	4172
4127	4606
4127	4609
4127	4610
4127	4653
4128	4129
4128	4131
4128	4566
4128	4609
4128	4610
4128	4613
4129	4130
4129	4131
4129	4132
4130	4131
4130	4132
4130	4133
4130	4135
4130	4173
4130	4176
4130	4177
4131	4132
4131	4172
4131	4173
4131	4176
4131	4610
4131	4613
4131	4614
4131	4657
4132	4133
4132	4135
4132	4570
4132	4613
4132	4614
4132	4617
4133	4134
4133	4135
4133	4136
4134	4135
4134	4136
4134	4177
4134	4180
4135	4136
4135	4176
4135	4177
4135	4180
4135	4614
4135	4617
4135	4618
4135	4661
4136	4574
4136	4617
4136	4618
4137	4138
4137	4139
4137	4140
4138	4139
4138	4140
4138	4141
4138	4143
4138	4181
4138	4184
4138	4185
4139	4140
4139	4181
4139	4184
4139	4621
4139	4622
4139	4665
4140	4141
4140	4143
4140	4578
4140	4621
4140	4622
4140	4625
4141	4142
4141	4143
4141	4144
4142	4143
4142	4144
4142	4145
4142	4147
4142	4185
4142	4188
4142	4189
4143	4144
4143	4184
4143	4185
4143	4188
4143	4622
4143	4625
4143	4626
4143	4669
4144	4145
4144	4147
4144	4582
4144	4625
4144	4626
4144	4629
4145	4146
4145	4147
4145	4148
4146	4147
4146	4148
4146	4149
4146	4151
4146	4189
4146	4192
4146	4193
4147	4148
4147	4188
4147	4189
4147	4192
4147	4626
4147	4629
4147	4630
4147	4673
4148	4149
4148	4151
4148	4586
4148	4629
4148	4630
4148	4633
4149	4150
4149	4151
4149	4152
4150	4151
4150	4152
4150	4153
4150	4155
4150	4193
4150	4196
4150	4197
4151	4152
4151	4192
4151	4193
4151	4196
4151	4630
4151	4633
4151	4634
4151	4677
4152	4153
4152	4155
4152	4590
4152	4633
4152	4634
4152	4637
4153	4154
4153	4155
4153	4156
4154	4155
4154	4156
4154	4157
4154	4159
4154	4197
4154	4200
4154	4201
4155	4156
4155	4196
4155	4197
4155	4200
4155	4634
4155	4637
4155	4638
4155	4681
4156	4157
4156	4159
4156	4594
4156	4637
4156	4638
4156	4641
4157	4158
4157	4159
4157	4160
4158	4159
4158	4160
4158	4161
4158	4163
4158	4201
4158	4204
4158	4205
4159	4160
4159	4200
4159	4201
4159	4204
4159	4638
4159	4641
4159	4642
4159	4685
4160	4161
4160	4163
4160	4598
4160	4641
4160	4642
4160	4645
4161	4162
4161	4163
4161	4164
4162	4163
4162	4164
4162	4165
4162	4167
4162	4205
4162	4208
4162	4209
4163	4164
4163	4204
4163	4205
4163	4208
4163	4642
4163	4645
4163	4646
4163	4689
4164	4165
4164	4167
4164	4602
4164	4645
4164	4646
4164	4649
4165	4166
4165	4167
4165	4168
4166	4167
4166	4168
4166	4169
4166	4171
4166	4209
4166	4212
4166	4213
4167	4168
4167	4208
4167	4209
4167	4212
4167	4646
4167	4649
4167	4650
4167	4693
4168	4169
4168	4171
4168	4606
4168	4649
4168	4650
4168	4653
4169	4170
4169	4171
4169	4172
4170	4171
4170	4172
4170	4173
4170	4175
4170	4213
4170	4216
4170	4217
4171	4172
4171	4212
4171	4213
4171	4216
4171	4650
4171	4653
4171	4654
4171	4697
4172	4173
4172	4175
4172	4610
4172	4653
4172	4654
4172	4657
4173	4174
4173	4175
4173	4176
4174	4175
4174	4176
4174	4177
4174	4179
4174	4217
4174	4220
4174	4221
4175	4176
4175	4216
4175	4217
4175	4220
4175	4654
4175	4657
4175	4658
4175	4701
4176	4177
4176	4179
4176	4614
4176	4657
4176	4658
4176	4661
4177	4178
4177	4179
4177	4180
4178	4179
4178	4180
4178	4221
4178	4224
4179	4180
4179	4220
4179	4221
4179	4224
4179	4658
4179	4661
4179	4662
4179	4705
4180	4618
4180	4661
4180	4662
4181	4182
4181	4183
4181	4184
4182	4183
4182	4184
4182	4185
4182	4187
4182	4225
4182	4228
4182	4229
4183	4184
4183	4225
4183	4228
4183	4665
4183	4666
4183	4709
4184	4185
4184	4187
4184	4622
4184	4665
4184	4666
4184	4669
4185	4186
4185	4187
4185	4188
4186	4187
4186	4188
4186	4189
4186	4191
4186	4229
4186	4232
4186	4233
4187	4188
4187	4228
4187	4229
4187	4232
4187	4666
4187	4669
4187	4670
4187	4713
4188	4189
4188	4191
4188	4626
4188	4669
4188	4670
4188	4673
4189	4190
4189	4191
4189	4192
4190	4191
4190	4192
4190	4193
4190	4195
4190	4233
4190	4236
4190	4237
4191	4192
4191	4232
4191	4233
4191	4236
4191	4670
4191	4673
4191	4674
4191	4717
4192	4193
4192	4195
4192	4630
4192	4673
4192	4674
4192	4677
4193	4194
4193	4195
4193	4196
4194	4195
4194	4196
4194	4197
4194	4199
4194	4237
4194	4240
4194	4241
4195	4196
4195	4236
4195	4237
4195	4240
4195	4674
4195	4677
4195	4678
4195	4721
4196	4197
4196	4199
4196	4634
4196	4677
4196	4678
4196	4681
4197	4198
4197	4199
4197	4200
4198	4199
4198	4200
4198	4201
4198	4203
4198	4241
4198	4244
4198	4245
4199	4200
4199	4240
4199	4241
4199	4244
4199	4678
4199	4681
4199	4682
4199	4725
4200	4201
4200	4203
4200	4638
4200	4681
4200	4682
4200	4685
4201	4202
4201	4203
4201	4204
4202	4203
4202	4204
4202	4205
4202	4207
4202	4245
4202	4248
4202	4249
4203	4204
4203	4244
4203	4245
4203	4248
4203	4682
4203	4685
4203	4686
4203	4729
4204	4205
4204	4207
4204	4642
4204	4685
4204	4686
4204	4689
4205	4206
4205	4207
4205	4208
4206	4207
4206	4208
4206	4209
4206	4211
4206	4249
4206	4252
4206	4253
4207	4208
4207	4248
4207	4249
4207	4252
4207	4686
4207	4689
4207	4690
4207	4733
4208	4209
4208	4211
4208	4646
4208	4689
4208	4690
4208	4693
4209	4210
4209	4211
4209	4212
4210	4211
4210	4212
4210	4213
4210	4215
4210	4253
4210	4256
4210	4257
4211	4212
4211	4252
4211	4253
4211	4256
4211	4690
4211	4693
4211	4694
4211	4737
4212	4213
4212	4215
4212	4650
4212	4693
4212	4694
4212	4697
4213	4214
4213	4215
4213	4216
4214	4215
4214	4216
4214	4217
4214	4219
4214	4257
4214	4260
4214	4261
4215	4216
4215	4256
4215	4257
4215	4260
4215	4694
4215	4697
4215	4698
4215	4741
4216	4217
4216	4219
4216	4654
4216	4697
4216	4698
4216	4701
4217	4218
4217	4219
4217	4220
4218	4219
4218	4220
4218	4221
4218	4223
4218	4261
4218	4264
4218	4265
4219	4220
4219	4260
4219	4261
4219	4264
4219	4698
4219	4701
4219	4702
4219	4745
4220	4221
4220	4223
4220	4658
4220	4701
4220	4702
4220	4705
4221	4222
4221	4223
4221	4224
4222	4223
4222	4224
4222	4265
4222	4268
4223	4224
4223	4264
4223	4265
4223	4268
4223	4702
4223	4705
4223	4706
4223	4749
4224	4662
4224	4705
4224	4706
4225	4226
4225	4227
4225	4228
4226	4227
4226	4228
4226	4229
4226	4231
4226	4269
4226	4272
4226	4273
4227	4228
4227	4269
4227	4272
4227	4709
4227	4710
4227	4753
4228	4229
4228	4231
4228	4666
4228	4709
4228	4710
4228	4713
4229	4230
4229	4231
4229	4232
4230	4231
4230	4232
4230	4233
4230	4235
4230	4273
4230	4276
4230	4277
4231	4232
4231	4272
4231	4273
4231	4276
4231	4710
4231	4713
4231	4714
4231	4757
4232	4233
4232	4235
4232	4670
4232	4713
4232	4714
4232	4717
4233	4234
4233	4235
4233	4236
4234	4235
4234	4236
4234	4237
4234	4239
4234	4277
4234	4280
4234	4281
4235	4236
4235	4276
4235	4277
4235	4280
4235	4714
4235	4717
4235	4718
4235	4761
4236	4237
4236	4239
4236	4674
4236	4717
4236	4718
4236	4721
4237	4238
4237	4239
4237	4240
4238	4239
4238	4240
4238	4241
4238	4243
4238	4281
4238	4284
4238	4285
4239	4240
4239	4280
4239	4281
4239	4284
4239	4718
4239	4721
4239	4722
4239	4765
4240	4241
4240	4243
4240	4678
4240	4721
4240	4722
4240	4725
4241	4242
4241	4243
4241	4244
4242	4243
4242	4244
4242	4245
4242	4247
4242	4285
4242	4288
4242	4289
4243	4244
4243	4284
4243	4285
4243	4288
4243	4722
4243	4725
4243	4726
4243	4769
4244	4245
4244	4247
4244	4682
4244	4725
4244	4726
4244	4729
4245	4246
4245	4247
4245	4248
4246	4247
4246	4248
4246	4249
4246	4251
4246	4289
4246	4292
4246	4293
4247	4248
4247	4288
4247	4289
4247	4292
4247	4726
4247	4729
4247	4730
4247	4773
4248	4249
4248	4251
4248	4686
4248	4729
4248	4730
4248	4733
4249	4250
4249	4251
4249	4252
4250	4251
4250	4252
4250	4253
4250	4255
4250	4293
4250	4296
4250	4297
4251	4252
4251	4292
4251	4293
4251	4296
4251	4730
4251	4733
4251	4734
4251	4777
4252	4253
4252	4255
4252	4690
4252	4733
4252	4734
4252	4737
4253	4254
4253	4255
4253	4256
4254	4255
4254	4256
4254	4257
4254	4259
4254	4297
4254	4300
4254	4301
4255	4256
4255	4296
4255	4297
4255	4300
4255	4734
4255	4737
4255	4738
4255	4781
4256	4257
4256	4259
4256	4694
4256	4737
4256	4738
4256	4741
4257	4258
4257	4259
4257	4260
4258	4259
4258	4260
4258	4261
4258	4263
4258	4301
4258	4304
4258	4305
4259	4260
4259	4300
4259	4301
4259	4304
4259	4738
4259	4741
4259	4742
4259	4785
4260	4261
4260	4263
4260	4698
4260	4741
4260	4742
4260	4745
4261	4262
4261	4263
4261	4264
4262	4263
4262	4264
4262	4265
4262	4267
4262	4305
4262	4308
4262	4309
4263	4264
4263	4304
4263	4305
4263	4308
4263	4742
4263	4745
4263	4746
4263	4789
4264	4265
4264	4267
4264	4702
4264	4745
4264	4746
4264	4749
4265	4266
4265	4267
4265	4268
4266	4267
4266	4268
4266	4309
4266	4312
4267	4268
4267	4308
4267	4309
4267	4312
4267	4746
4267	4749
4267	4750
4267	4793
4268	4706
4268	4749
4268	4750
4269	4270
4269	4271
4269	4272
4270	4271
4270	4272
4270	4273
4270	4275
4270	4313
4270	4316
4270	4317
4271	4272
4271	4313
4271	4316
4271	4753
4271	4754
4271	4797
4272	4273
4272	4275
4272	4710
4272	4753
4272	4754
4272	4757
4273	4274
4273	4275
4273	4276
4274	4275
4274	4276
4274	4277
4274	4279
4274	4317
4274	4320
4274	4321
4275	4276
4275	4316
4275	4317
4275	4320
4275	4754
4275	4757
4275	4758
4275	4801
4276	4277
4276	4279
4276	4714
4276	4757
4276	4758
4276	4761
4277	4278
4277	4279
4277	4280
4278	4279
4278	4280
4278	4281
4278	4283
4278	4321
4278	4324
4278	4325
4279	4280
4279	4320
4279	4321
4279	4324
4279	4758
4279	4761
4279	4762
4279	4805
4280	4281
4280	4283
4280	4718
4280	4761
4280	4762
4280	4765
4281	4282
4281	4283
4281	4284
4282	4283
4282	4284
4282	4285
4282	4287
4282	4325
4282	4328
4282	4329
4283	4284
4283	4324
4283	4325
4283	4328
4283	4762
4283	4765
4283	4766
4283	4809
4284	4285
4284	4287
4284	4722
4284	4765
4284	4766
4284	4769
4285	4286
4285	4287
4285	4288
4286	4287
4286	4288
4286	4289
4286	4291
4286	4329
4286	4332
4286	4333
4287	4288
4287	4328
4287	4329
4287	4332
4287	4766
4287	4769
4287	4770
4287	4813
4288	4289
4288	4291
4288	4726
4288	4769
4288	4770
4288	4773
4289	4290
4289	4291
4289	4292
4290	4291
4290	4292
4290	4293
4290	4295
4290	4333
4290	4336
4290	4337
4291	4292
4291	4332
4291	4333
4291	4336
4291	4770
4291	4773
4291	4774
4291	4817
4292	4293
4292	4295
4292	4730
4292	4773
4292	4774
4292	4777
4293	4294
4293	4295
4293	4296
4294	4295
4294	4296
4294	4297
4294	4299
4294	4337
4294	4340
4294	4341
4295	4296
4295	4336
4295	4337
4295	4340
4295	4774
4295	4777
4295	4778
4295	4821
4296	4297
4296	4299
4296	4734
4296	4777
4296	4778
4296	4781
4297	4298
4297	4299
4297	4300
4298	4299
4298	4300
4298	4301
4298	4303
4298	4341
4298	4344
4298	4345
4299	4300
4299	4340
4299	4341
4299	4344
4299	4778
4299	4781
4299	4782
4299	4825
4300	4301
4300	4303
4300	4738
4300	4781
4300	4782
4300	4785
4301	4302
4301	4303
4301	4304
4302	4303
4302	4304
4302	4305
4302	4307
4302	4345
4302	4348
4302	4349
4303	4304
4303	4344
4303	4345
4303	4348
4303	4782
4303	4785
4303	4786
4303	4829
4304	4305
4304	4307
4304	4742
4304	4785
4304	4786
4304	4789
4305	4306
4305	4307
4305	4308
4306	4307
4306	4308
4306	4309
4306	4311
4306	4349
4306	4352
4306	4353
4307	4308
4307	4348
4307	4349
4307	4352
4307	4786
4307	4789
4307	4790
4307	4833
4308	4309
4308	4311
4308	4746
4308	4789
4308	4790
4308	4793
4309	4310
4309	4311
4309	4312
4310	4311
4310	4312
4310	4353
4310	4356
4311	4312
4311	4352
4311	4353
4311	4356
4311	4790
4311	4793
4311	4794
4311	4837
4312	4750
4312	4793
4312	4794
4313	4314
4313	4315
4313	4316
4314	4315
4314	4316
4314	4317
4314	4319
4315	4316
4315	4797
4315	4798
4316	4317
4316	4319
4316	4754
4316	4797
4316	4798
4316	4801
4317	4318
4317	4319
4317	4320
4318	4319
4318	4320
4318	4321
4318	4323
4319	4320
4319	4798
4319	4801
4319	4802
4320	4321
4320	4323
4320	4758
4320	4801
4320	4802
4320	4805
4321	4322
4321	4323
4321	4324
4322	4323
4322	4324
4322	4325
4322	4327
4323	4324
4323	4802
4323	4805
4323	4806
4324	4325
4324	4327
4324	4762
4324	4805
4324	4806
4324	4809
4325	4326
4325	4327
4325	4328
4326	4327
4326	4328
4326	4329
4326	4331
4327	4328
4327	4806
4327	4809
4327	4810
4328	4329
4328	4331
4328	4766
4328	4809
4328	4810
4328	4813
4329	4330
4329	4331
4329	4332
4330	4331
4330	4332
4330	4333
4330	4335
4331	4332
4331	4810
4331	4813
4331	4814
4332	4333
4332	4335
4332	4770
4332	4813
4332	4814
4332	4817
4333	4334
4333	4335
4333	4336
4334	4335
4334	4336
4334	4337
4334	4339
4335	4336
4335	4814
4335	4817
4335	4818
4336	4337
4336	4339
4336	4774
4336	4817
4336	4818
4336	4821
4337	4338
4337	4339
4337	4340
4338	4339
4338	4340
4338	4341
4338	4343
4339	4340
4339	4818
4339	4821
4339	4822
4340	4341
4340	4343
4340	4778
4340	4821
4340	4822
4340	4825
4341	4342
4341	4343
4341	4344
4342	4343
4342	4344
4342	4345
4342	4347
4343	4344
4343	4822
4343	4825
4343	4826
4344	4345
4344	4347
4344	4782
4344	4825
4344	4826
4344	4829
4345	4346
4345	4347
4345	4348
4346	4347
4346	4348
4346	4349
4346	4351
4347	4348
4347	4826
4347	4829
4347	4830
4348	4349
4348	4351
4348	4786
4348	4829
4348	4830
4348	4833
4349	4350
4349	4351
4349	4352
4350	4351
4350	4352
4350	4353
4350	4355
4351	4352
4351	4830
4351	4833
4351	4834
4352	4353
4352	4355
4352	4790
4352	4833
4352	4834
4352	4837
4353	4354
4353	4355
4353	4356
4354	4355
4354	4356
4355	4356
4355	4834
4355	4837
4355	4838
4356	4794
4356	4837
4356	4838
4357	4358
4357	4359
4357	4360
4358	4359
4358	4360
4358	4361
4358	4363
4358	4401
4358	4404
4358	4405
4359	4360
4359	4401
4359	4404
4359	4841
4359	4842
4359	4885
4360	4361
4360	4363
4360	4841
4360	4842
4360	4845
4361	4362
4361	4363
4361	4364
4362	4363
4362	4364
4362	4365
4362	4367
4362	4405
4362	4408
4362	4409
4363	4364
4363	4404
4363	4405
4363	4408
4363	4842
4363	4845
4363	4846
4363	4889
4364	4365
4364	4367
4364	4845
4364	4846
4364	4849
4365	4366
4365	4367
4365	4368
4366	4367
4366	4368
4366	4369
4366	4371
4366	4409
4366	4412
4366	4413
4367	4368
4367	4408
4367	4409
4367	4412
4367	4846
4367	4849
4367	4850
4367	4893
4368	4369
4368	4371
4368	4849
4368	4850
4368	4853
4369	4370
4369	4371
4369	4372
4370	4371
4370	4372
4370	4373
4370	4375
4370	4413
4370	4416
4370	4417
4371	4372
4371	4412
4371	4413
4371	4416
4371	4850
4371	4853
4371	4854
4371	4897
4372	4373
4372	4375
4372	4853
4372	4854
4372	4857
4373	4374
4373	4375
4373	4376
4374	4375
4374	4376
4374	4377
4374	4379
4374	4417
4374	4420
4374	4421
4375	4376
4375	4416
4375	4417
4375	4420
4375	4854
4375	4857
4375	4858
4375	4901
4376	4377
4376	4379
4376	4857
4376	4858
4376	4861
4377	4378
4377	4379
4377	4380
4378	4379
4378	4380
4378	4381
4378	4383
4378	4421
4378	4424
4378	4425
4379	4380
4379	4420
4379	4421
4379	4424
4379	4858
4379	4861
4379	4862
4379	4905
4380	4381
4380	4383
4380	4861
4380	4862
4380	4865
4381	4382
4381	4383
4381	4384
4382	4383
4382	4384
4382	4385
4382	4387
4382	4425
4382	4428
4382	4429
4383	4384
4383	4424
4383	4425
4383	4428
4383	4862
4383	4865
4383	4866
4383	4909
4384	4385
4384	4387
4384	4865
4384	4866
4384	4869
4385	4386
4385	4387
4385	4388
4386	4387
4386	4388
4386	4389
4386	4391
4386	4429
4386	4432
4386	4433
4387	4388
4387	4428
4387	4429
4387	4432
4387	4866
4387	4869
4387	4870
4387	4913
4388	4389
4388	4391
4388	4869
4388	4870
4388	4873
4389	4390
4389	4391
4389	4392
4390	4391
4390	4392
4390	4393
4390	4395
4390	4433
4390	4436
4390	4437
4391	4392
4391	4432
4391	4433
4391	4436
4391	4870
4391	4873
4391	4874
4391	4917
4392	4393
4392	4395
4392	4873
4392	4874
4392	4877
4393	4394
4393	4395
4393	4396
4394	4395
4394	4396
4394	4397
4394	4399
4394	4437
4394	4440
4394	4441
4395	4396
4395	4436
4395	4437
4395	4440
4395	4874
4395	4877
4395	4878
4395	4921
4396	4397
4396	4399
4396	4877
4396	4878
4396	4881
4397	4398
4397	4399
4397	4400
4398	4399
4398	4400
4398	4441
4398	4444
4399	4400
4399	4440
4399	4441
4399	4444
4399	4878
4399	4881
4399	4882
4399	4925
4400	4881
4400	4882
4401	4402
4401	4403
4401	4404
4402	4403
4402	4404
4402	4405
4402	4407
4402	4445
4402	4448
4402	4449
4403	4404
4403	4445
4403	4448
4403	4885
4403	4886
4403	4929
4404	4405
4404	4407
4404	4842
4404	4885
4404	4886
4404	4889
4405	4406
4405	4407
4405	4408
4406	4407
4406	4408
4406	4409
4406	4411
4406	4449
4406	4452
4406	4453
4407	4408
4407	4448
4407	4449
4407	4452
4407	4886
4407	4889
4407	4890
4407	4933
4408	4409
4408	4411
4408	4846
4408	4889
4408	4890
4408	4893
4409	4410
4409	4411
4409	4412
4410	4411
4410	4412
4410	4413
4410	4415
4410	4453
4410	4456
4410	4457
4411	4412
4411	4452
4411	4453
4411	4456
4411	4890
4411	4893
4411	4894
4411	4937
4412	4413
4412	4415
4412	4850
4412	4893
4412	4894
4412	4897
4413	4414
4413	4415
4413	4416
4414	4415
4414	4416
4414	4417
4414	4419
4414	4457
4414	4460
4414	4461
4415	4416
4415	4456
4415	4457
4415	4460
4415	4894
4415	4897
4415	4898
4415	4941
4416	4417
4416	4419
4416	4854
4416	4897
4416	4898
4416	4901
4417	4418
4417	4419
4417	4420
4418	4419
4418	4420
4418	4421
4418	4423
4418	4461
4418	4464
4418	4465
4419	4420
4419	4460
4419	4461
4419	4464
4419	4898
4419	4901
4419	4902
4419	4945
4420	4421
4420	4423
4420	4858
4420	4901
4420	4902
4420	4905
4421	4422
4421	4423
4421	4424
4422	4423
4422	4424
4422	4425
4422	4427
4422	4465
4422	4468
4422	4469
4423	4424
4423	4464
4423	4465
4423	4468
4423	4902
4423	4905
4423	4906
4423	4949
4424	4425
4424	4427
4424	4862
4424	4905
4424	4906
4424	4909
4425	4426
4425	4427
4425	4428
4426	4427
4426	4428
4426	4429
4426	4431
4426	4469
4426	4472
4426	4473
4427	4428
4427	4468
4427	4469
4427	4472
4427	4906
4427	4909
4427	4910
4427	4953
4428	4429
4428	4431
4428	4866
4428	4909
4428	4910
4428	4913
4429	4430
4429	4431
4429	4432
4430	4431
4430	4432
4430	4433
4430	4435
4430	4473
4430	4476
4430	4477
4431	4432
4431	4472
4431	4473
4431	4476
4431	4910
4431	4913
4431	4914
4431	4957
4432	4433
4432	4435
4432	4870
4432	4913
4432	4914
4432	4917
4433	4434
4433	4435
4433	4436
4434	4435
4434	4436
4434	4437
4434	4439
4434	4477
4434	4480
4434	4481
4435	4436
4435	4476
4435	4477
4435	4480
4435	4914
4435	4917
4435	4918
4435	4961
4436	4437
4436	4439
4436	4874
4436	4917
4436	4918
4436	4921
4437	4438
4437	4439
4437	4440
4438	4439
4438	4440
4438	4441
4438	4443
4438	4481
4438	4484
4438	4485
4439	4440
4439	4480
4439	4481
4439	4484
4439	4918
4439	4921
4439	4922
4439	4965
4440	4441
4440	4443
4440	4878
4440	4921
4440	4922
4440	4925
4441	4442
4441	4443
4441	4444
4442	4443
4442	4444
4442	4485
4442	4488
4443	4444
4443	4484
4443	4485
4443	4488
4443	4922
4443	4925
4443	4926
4443	4969
4444	4882
4444	4925
4444	4926
4445	4446
4445	4447
4445	4448
4446	4447
4446	4448
4446	4449
4446	4451
4446	4489
4446	4492
4446	4493
4447	4448
4447	4489
4447	4492
4447	4929
4447	4930
4447	4973
4448	4449
4448	4451
4448	4886
4448	4929
4448	4930
4448	4933
4449	4450
4449	4451
4449	4452
4450	4451
4450	4452
4450	4453
4450	4455
4450	4493
4450	4496
4450	4497
4451	4452
4451	4492
4451	4493
4451	4496
4451	4930
4451	4933
4451	4934
4451	4977
4452	4453
4452	4455
4452	4890
4452	4933
4452	4934
4452	4937
4453	4454
4453	4455
4453	4456
4454	4455
4454	4456
4454	4457
4454	4459
4454	4497
4454	4500
4454	4501
4455	4456
4455	4496
4455	4497
4455	4500
4455	4934
4455	4937
4455	4938
4455	4981
4456	4457
4456	4459
4456	4894
4456	4937
4456	4938
4456	4941
4457	4458
4457	4459
4457	4460
4458	4459
4458	4460
4458	4461
4458	4463
4458	4501
4458	4504
4458	4505
4459	4460
4459	4500
4459	4501
4459	4504
4459	4938
4459	4941
4459	4942
4459	4985
4460	4461
4460	4463
4460	4898
4460	4941
4460	4942
4460	4945
4461	4462
4461	4463
4461	4464
4462	4463
4462	4464
4462	4465
4462	4467
4462	4505
4462	4508
4462	4509
4463	4464
4463	4504
4463	4505
4463	4508
4463	4942
4463	4945
4463	4946
4463	4989
4464	4465
4464	4467
4464	4902
4464	4945
4464	4946
4464	4949
4465	4466
4465	4467
4465	4468
4466	4467
4466	4468
4466	4469
4466	4471
4466	4509
4466	4512
4466	4513
4467	4468
4467	4508
4467	4509
4467	4512
4467	4946
4467	4949
4467	4950
4467	4993
4468	4469
4468	4471
4468	4906
4468	4949
4468	4950
4468	4953
4469	4470
4469	4471
4469	4472
4470	4471
4470	4472
4470	4473
4470	4475
4470	4513
4470	4516
4470	4517
4471	4472
4471	4512
4471	4513
4471	4516
4471	4950
4471	4953
4471	4954
4471	4997
4472	4473
4472	4475
4472	4910
4472	4953
4472	4954
4472	4957
4473	4474
4473	4475
4473	4476
4474	4475
4474	4476
4474	4477
4474	4479
4474	4517
4474	4520
4474	4521
4475	4476
4475	4516
4475	4517
4475	4520
4475	4954
4475	4957
4475	4958
4475	5001
4476	4477
4476	4479
4476	4914
4476	4957
4476	4958
4476	4961
4477	4478
4477	4479
4477	4480
4478	4479
4478	4480
4478	4481
4478	4483
4478	4521
4478	4524
4478	4525
4479	4480
4479	4520
4479	4521
4479	4524
4479	4958
4479	4961
4479	4962
4479	5005
4480	4481
4480	4483
4480	4918
4480	4961
4480	4962
4480	4965
4481	4482
4481	4483
4481	4484
4482	4483
4482	4484
4482	4485
4482	4487
4482	4525
4482	4528
4482	4529
4483	4484
4483	4524
4483	4525
4483	4528
4483	4962
4483	4965
4483	4966
4483	5009
4484	4485
4484	4487
4484	4922
4484	4965
4484	4966
4484	4969
4485	4486
4485	4487
4485	4488
4486	4487
4486	4488
4486	4529
4486	4532
4487	4488
4487	4528
4487	4529
4487	4532
4487	4966
4487	4969
4487	4970
4487	5013
4488	4926
4488	4969
4488	4970
4489	4490
4489	4491
4489	4492
4490	4491
4490	4492
4490	4493
4490	4495
4490	4533
4490	4536
4490	4537
4491	4492
4491	4533
4491	4536
4491	4973
4491	4974
4491	5017
4492	4493
4492	4495
4492	4930
4492	4973
4492	4974
4492	4977
4493	4494
4493	4495
4493	4496
4494	4495
4494	4496
4494	4497
4494	4499
4494	4537
4494	4540
4494	4541
4495	4496
4495	4536
4495	4537
4495	4540
4495	4974
4495	4977
4495	4978
4495	5021
4496	4497
4496	4499
4496	4934
4496	4977
4496	4978
4496	4981
4497	4498
4497	4499
4497	4500
4498	4499
4498	4500
4498	4501
4498	4503
4498	4541
4498	4544
4498	4545
4499	4500
4499	4540
4499	4541
4499	4544
4499	4978
4499	4981
4499	4982
4499	5025
4500	4501
4500	4503
4500	4938
4500	4981
4500	4982
4500	4985
4501	4502
4501	4503
4501	4504
4502	4503
4502	4504
4502	4505
4502	4507
4502	4545
4502	4548
4502	4549
4503	4504
4503	4544
4503	4545
4503	4548
4503	4982
4503	4985
4503	4986
4503	5029
4504	4505
4504	4507
4504	4942
4504	4985
4504	4986
4504	4989
4505	4506
4505	4507
4505	4508
4506	4507
4506	4508
4506	4509
4506	4511
4506	4549
4506	4552
4506	4553
4507	4508
4507	4548
4507	4549
4507	4552
4507	4986
4507	4989
4507	4990
4507	5033
4508	4509
4508	4511
4508	4946
4508	4989
4508	4990
4508	4993
4509	4510
4509	4511
4509	4512
4510	4511
4510	4512
4510	4513
4510	4515
4510	4553
4510	4556
4510	4557
4511	4512
4511	4552
4511	4553
4511	4556
4511	4990
4511	4993
4511	4994
4511	5037
4512	4513
4512	4515
4512	4950
4512	4993
4512	4994
4512	4997
4513	4514
4513	4515
4513	4516
4514	4515
4514	4516
4514	4517
4514	4519
4514	4557
4514	4560
4514	4561
4515	4516
4515	4556
4515	4557
4515	4560
4515	4994
4515	4997
4515	4998
4515	5041
4516	4517
4516	4519
4516	4954
4516	4997
4516	4998
4516	5001
4517	4518
4517	4519
4517	4520
4518	4519
4518	4520
4518	4521
4518	4523
4518	4561
4518	4564
4518	4565
4519	4520
4519	4560
4519	4561
4519	4564
4519	4998
4519	5001
4519	5002
4519	5045
4520	4521
4520	4523
4520	4958
4520	5001
4520	5002
4520	5005
4521	4522
4521	4523
4521	4524
4522	4523
4522	4524
4522	4525
4522	4527
4522	4565
4522	4568
4522	4569
4523	4524
4523	4564
4523	4565
4523	4568
4523	5002
4523	5005
4523	5006
4523	5049
4524	4525
4524	4527
4524	4962
4524	5005
4524	5006
4524	5009
4525	4526
4525	4527
4525	4528
4526	4527
4526	4528
4526	4529
4526	4531
4526	4569
4526	4572
4526	4573
4527	4528
4527	4568
4527	4569
4527	4572
4527	5006
4527	5009
4527	5010
4527	5053
4528	4529
4528	4531
4528	4966
4528	5009
4528	5010
4528	5013
4529	4530
4529	4531
4529	4532
4530	4531
4530	4532
4530	4573
4530	4576
4531	4532
4531	4572
4531	4573
4531	4576
4531	5010
4531	5013
4531	5014
4531	5057
4532	4970
4532	5013
4532	5014
4533	4534
4533	4535
4533	4536
4534	4535
4534	4536
4534	4537
4534	4539
4534	4577
4534	4580
4534	4581
4535	4536
4535	4577
4535	4580
4535	5017
4535	5018
4535	5061
4536	4537
4536	4539
4536	4974
4536	5017
4536	5018
4536	5021
4537	4538
4537	4539
4537	4540
4538	4539
4538	4540
4538	4541
4538	4543
4538	4581
4538	4584
4538	4585
4539	4540
4539	4580
4539	4581
4539	4584
4539	5018
4539	5021
4539	5022
4539	5065
4540	4541
4540	4543
4540	4978
4540	5021
4540	5022
4540	5025
4541	4542
4541	4543
4541	4544
4542	4543
4542	4544
4542	4545
4542	4547
4542	4585
4542	4588
4542	4589
4543	4544
4543	4584
4543	4585
4543	4588
4543	5022
4543	5025
4543	5026
4543	5069
4544	4545
4544	4547
4544	4982
4544	5025
4544	5026
4544	5029
4545	4546
4545	4547
4545	4548
4546	4547
4546	4548
4546	4549
4546	4551
4546	4589
4546	4592
4546	4593
4547	4548
4547	4588
4547	4589
4547	4592
4547	5026
4547	5029
4547	5030
4547	5073
4548	4549
4548	4551
4548	4986
4548	5029
4548	5030
4548	5033
4549	4550
4549	4551
4549	4552
4550	4551
4550	4552
4550	4553
4550	4555
4550	4593
4550	4596
4550	4597
4551	4552
4551	4592
4551	4593
4551	4596
4551	5030
4551	5033
4551	5034
4551	5077
4552	4553
4552	4555
4552	4990
4552	5033
4552	5034
4552	5037
4553	4554
4553	4555
4553	4556
4554	4555
4554	4556
4554	4557
4554	4559
4554	4597
4554	4600
4554	4601
4555	4556
4555	4596
4555	4597
4555	4600
4555	5034
4555	5037
4555	5038
4555	5081
4556	4557
4556	4559
4556	4994
4556	5037
4556	5038
4556	5041
4557	4558
4557	4559
4557	4560
4558	4559
4558	4560
4558	4561
4558	4563
4558	4601
4558	4604
4558	4605
4559	4560
4559	4600
4559	4601
4559	4604
4559	5038
4559	5041
4559	5042
4559	5085
4560	4561
4560	4563
4560	4998
4560	5041
4560	5042
4560	5045
4561	4562
4561	4563
4561	4564
4562	4563
4562	4564
4562	4565
4562	4567
4562	4605
4562	4608
4562	4609
4563	4564
4563	4604
4563	4605
4563	4608
4563	5042
4563	5045
4563	5046
4563	5089
4564	4565
4564	4567
4564	5002
4564	5045
4564	5046
4564	5049
4565	4566
4565	4567
4565	4568
4566	4567
4566	4568
4566	4569
4566	4571
4566	4609
4566	4612
4566	4613
4567	4568
4567	4608
4567	4609
4567	4612
4567	5046
4567	5049
4567	5050
4567	5093
4568	4569
4568	4571
4568	5006
4568	5049
4568	5050
4568	5053
4569	4570
4569	4571
4569	4572
4570	4571
4570	4572
4570	4573
4570	4575
4570	4613
4570	4616
4570	4617
4571	4572
4571	4612
4571	4613
4571	4616
4571	5050
4571	5053
4571	5054
4571	5097
4572	4573
4572	4575
4572	5010
4572	5053
4572	5054
4572	5057
4573	4574
4573	4575
4573	4576
4574	4575
4574	4576
4574	4617
4574	4620
4575	4576
4575	4616
4575	4617
4575	4620
4575	5054
4575	5057
4575	5058
4575	5101
4576	5014
4576	5057
4576	5058
4577	4578
4577	4579
4577	4580
4578	4579
4578	4580
4578	4581
4578	4583
4578	4621
4578	4624
4578	4625
4579	4580
4579	4621
4579	4624
4579	5061
4579	5062
4579	5105
4580	4581
4580	4583
4580	5018
4580	5061
4580	5062
4580	5065
4581	4582
4581	4583
4581	4584
4582	4583
4582	4584
4582	4585
4582	4587
4582	4625
4582	4628
4582	4629
4583	4584
4583	4624
4583	4625
4583	4628
4583	5062
4583	5065
4583	5066
4583	5109
4584	4585
4584	4587
4584	5022
4584	5065
4584	5066
4584	5069
4585	4586
4585	4587
4585	4588
4586	4587
4586	4588
4586	4589
4586	4591
4586	4629
4586	4632
4586	4633
4587	4588
4587	4628
4587	4629
4587	4632
4587	5066
4587	5069
4587	5070
4587	5113
4588	4589
4588	4591
4588	5026
4588	5069
4588	5070
4588	5073
4589	4590
4589	4591
4589	4592
4590	4591
4590	4592
4590	4593
4590	4595
4590	4633
4590	4636
4590	4637
4591	4592
4591	4632
4591	4633
4591	4636
4591	5070
4591	5073
4591	5074
4591	5117
4592	4593
4592	4595
4592	5030
4592	5073
4592	5074
4592	5077
4593	4594
4593	4595
4593	4596
4594	4595
4594	4596
4594	4597
4594	4599
4594	4637
4594	4640
4594	4641
4595	4596
4595	4636
4595	4637
4595	4640
4595	5074
4595	5077
4595	5078
4595	5121
4596	4597
4596	4599
4596	5034
4596	5077
4596	5078
4596	5081
4597	4598
4597	4599
4597	4600
4598	4599
4598	4600
4598	4601
4598	4603
4598	4641
4598	4644
4598	4645
4599	4600
4599	4640
4599	4641
4599	4644
4599	5078
4599	5081
4599	5082
4599	5125
4600	4601
4600	4603
4600	5038
4600	5081
4600	5082
4600	5085
4601	4602
4601	4603
4601	4604
4602	4603
4602	4604
4602	4605
4602	4607
4602	4645
4602	4648
4602	4649
4603	4604
4603	4644
4603	4645
4603	4648
4603	5082
4603	5085
4603	5086
4603	5129
4604	4605
4604	4607
4604	5042
4604	5085
4604	5086
4604	5089
4605	4606
4605	4607
4605	4608
4606	4607
4606	4608
4606	4609
4606	4611
4606	4649
4606	4652
4606	4653
4607	4608
4607	4648
4607	4649
4607	4652
4607	5086
4607	5089
4607	5090
4607	5133
4608	4609
4608	4611
4608	5046
4608	5089
4608	5090
4608	5093
4609	4610
4609	4611
4609	4612
4610	4611
4610	4612
4610	4613
4610	4615
4610	4653
4610	4656
4610	4657
4611	4612
4611	4652
4611	4653
4611	4656
4611	5090
4611	5093
4611	5094
4611	5137
4612	4613
4612	4615
4612	5050
4612	5093
4612	5094
4612	5097
4613	4614
4613	4615
4613	4616
4614	4615
4614	4616
4614	4617
4614	4619
4614	4657
4614	4660
4614	4661
4615	4616
4615	4656
4615	4657
4615	4660
4615	5094
4615	5097
4615	5098
4615	5141
4616	4617
4616	4619
4616	5054
4616	5097
4616	5098
4616	5101
4617	4618
4617	4619
4617	4620
4618	4619
4618	4620
4618	4661
4618	4664
4619	4620
4619	4660
4619	4661
4619	4664
4619	5098
4619	5101
4619	5102
4619	5145
4620	5058
4620	5101
4620	5102
4621	4622
4621	4623
4621	4624
4622	4623
4622	4624
4622	4625
4622	4627
4622	4665
4622	4668
4622	4669
4623	4624
4623	4665
4623	4668
4623	5105
4623	5106
4623	5149
4624	4625
4624	4627
4624	5062
4624	5105
4624	5106
4624	5109
4625	4626
4625	4627
4625	4628
4626	4627
4626	4628
4626	4629
4626	4631
4626	4669
4626	4672
4626	4673
4627	4628
4627	4668
4627	4669
4627	4672
4627	5106
4627	5109
4627	5110
4627	5153
4628	4629
4628	4631
4628	5066
4628	5109
4628	5110
4628	5113
4629	4630
4629	4631
4629	4632
4630	4631
4630	4632
4630	4633
4630	4635
4630	4673
4630	4676
4630	4677
4631	4632
4631	4672
4631	4673
4631	4676
4631	5110
4631	5113
4631	5114
4631	5157
4632	4633
4632	4635
4632	5070
4632	5113
4632	5114
4632	5117
4633	4634
4633	4635
4633	4636
4634	4635
4634	4636
4634	4637
4634	4639
4634	4677
4634	4680
4634	4681
4635	4636
4635	4676
4635	4677
4635	4680
4635	5114
4635	5117
4635	5118
4635	5161
4636	4637
4636	4639
4636	5074
4636	5117
4636	5118
4636	5121
4637	4638
4637	4639
4637	4640
4638	4639
4638	4640
4638	4641
4638	4643
4638	4681
4638	4684
4638	4685
4639	4640
4639	4680
4639	4681
4639	4684
4639	5118
4639	5121
4639	5122
4639	5165
4640	4641
4640	4643
4640	5078
4640	5121
4640	5122
4640	5125
4641	4642
4641	4643
4641	4644
4642	4643
4642	4644
4642	4645
4642	4647
4642	4685
4642	4688
4642	4689
4643	4644
4643	4684
4643	4685
4643	4688
4643	5122
4643	5125
4643	5126
4643	5169
4644	4645
4644	4647
4644	5082
4644	5125
4644	5126
4644	5129
4645	4646
4645	4647
4645	4648
4646	4647
4646	4648
4646	4649
4646	4651
4646	4689
4646	4692
4646	4693
4647	4648
4647	4688
4647	4689
4647	4692
4647	5126
4647	5129
4647	5130
4647	5173
4648	4649
4648	4651
4648	5086
4648	5129
4648	5130
4648	5133
4649	4650
4649	4651
4649	4652
4650	4651
4650	4652
4650	4653
4650	4655
4650	4693
4650	4696
4650	4697
4651	4652
4651	4692
4651	4693
4651	4696
4651	5130
4651	5133
4651	5134
4651	5177
4652	4653
4652	4655
4652	5090
4652	5133
4652	5134
4652	5137
4653	4654
4653	4655
4653	4656
4654	4655
4654	4656
4654	4657
4654	4659
4654	4697
4654	4700
4654	4701
4655	4656
4655	4696
4655	4697
4655	4700
4655	5134
4655	5137
4655	5138
4655	5181
4656	4657
4656	4659
4656	5094
4656	5137
4656	5138
4656	5141
4657	4658
4657	4659
4657	4660
4658	4659
4658	4660
4658	4661
4658	4663
4658	4701
4658	4704
4658	4705
4659	4660
4659	4700
4659	4701
4659	4704
4659	5138
4659	5141
4659	5142
4659	5185
4660	4661
4660	4663
4660	5098
4660	5141
4660	5142
4660	5145
4661	4662
4661	4663
4661	4664
4662	4663
4662	4664
4662	4705
4662	4708
4663	4664
4663	4704
4663	4705
4663	4708
4663	5142
4663	5145
4663	5146
4663	5189
4664	5102
4664	5145
4664	5146
4665	4666
4665	4667
4665	4668
4666	4667
4666	4668
4666	4669
4666	4671
4666	4709
4666	4712
4666	4713
4667	4668
4667	4709
4667	4712
4667	5149
4667	5150
4667	5193
4668	4669
4668	4671
4668	5106
4668	5149
4668	5150
4668	5153
4669	4670
4669	4671
4669	4672
4670	4671
4670	4672
4670	4673
4670	4675
4670	4713
4670	4716
4670	4717
4671	4672
4671	4712
4671	4713
4671	4716
4671	5150
4671	5153
4671	5154
4671	5197
4672	4673
4672	4675
4672	5110
4672	5153
4672	5154
4672	5157
4673	4674
4673	4675
4673	4676
4674	4675
4674	4676
4674	4677
4674	4679
4674	4717
4674	4720
4674	4721
4675	4676
4675	4716
4675	4717
4675	4720
4675	5154
4675	5157
4675	5158
4675	5201
4676	4677
4676	4679
4676	5114
4676	5157
4676	5158
4676	5161
4677	4678
4677	4679
4677	4680
4678	4679
4678	4680
4678	4681
4678	4683
4678	4721
4678	4724
4678	4725
4679	4680
4679	4720
4679	4721
4679	4724
4679	5158
4679	5161
4679	5162
4679	5205
4680	4681
4680	4683
4680	5118
4680	5161
4680	5162
4680	5165
4681	4682
4681	4683
4681	4684
4682	4683
4682	4684
4682	4685
4682	4687
4682	4725
4682	4728
4682	4729
4683	4684
4683	4724
4683	4725
4683	4728
4683	5162
4683	5165
4683	5166
4683	5209
4684	4685
4684	4687
4684	5122
4684	5165
4684	5166
4684	5169
4685	4686
4685	4687
4685	4688
4686	4687
4686	4688
4686	4689
4686	4691
4686	4729
4686	4732
4686	4733
4687	4688
4687	4728
4687	4729
4687	4732
4687	5166
4687	5169
4687	5170
4687	5213
4688	4689
4688	4691
4688	5126
4688	5169
4688	5170
4688	5173
4689	4690
4689	4691
4689	4692
4690	4691
4690	4692
4690	4693
4690	4695
4690	4733
4690	4736
4690	4737
4691	4692
4691	4732
4691	4733
4691	4736
4691	5170
4691	5173
4691	5174
4691	5217
4692	4693
4692	4695
4692	5130
4692	5173
4692	5174
4692	5177
4693	4694
4693	4695
4693	4696
4694	4695
4694	4696
4694	4697
4694	4699
4694	4737
4694	4740
4694	4741
4695	4696
4695	4736
4695	4737
4695	4740
4695	5174
4695	5177
4695	5178
4695	5221
4696	4697
4696	4699
4696	5134
4696	5177
4696	5178
4696	5181
4697	4698
4697	4699
4697	4700
4698	4699
4698	4700
4698	4701
4698	4703
4698	4741
4698	4744
4698	4745
4699	4700
4699	4740
4699	4741
4699	4744
4699	5178
4699	5181
4699	5182
4699	5225
4700	4701
4700	4703
4700	5138
4700	5181
4700	5182
4700	5185
4701	4702
4701	4703
4701	4704
4702	4703
4702	4704
4702	4705
4702	4707
4702	4745
4702	4748
4702	4749
4703	4704
4703	4744
4703	4745
4703	4748
4703	5182
4703	5185
4703	5186
4703	5229
4704	4705
4704	4707
4704	5142
4704	5185
4704	5186
4704	5189
4705	4706
4705	4707
4705	4708
4706	4707
4706	4708
4706	4749
4706	4752
4707	4708
4707	4748
4707	4749
4707	4752
4707	5186
4707	5189
4707	5190
4707	5233
4708	5146
4708	5189
4708	5190
4709	4710
4709	4711
4709	4712
4710	4711
4710	4712
4710	4713
4710	4715
4710	4753
4710	4756
4710	4757
4711	4712
4711	4753
4711	4756
4711	5193
4711	5194
4711	5237
4712	4713
4712	4715
4712	5150
4712	5193
4712	5194
4712	5197
4713	4714
4713	4715
4713	4716
4714	4715
4714	4716
4714	4717
4714	4719
4714	4757
4714	4760
4714	4761
4715	4716
4715	4756
4715	4757
4715	4760
4715	5194
4715	5197
4715	5198
4715	5241
4716	4717
4716	4719
4716	5154
4716	5197
4716	5198
4716	5201
4717	4718
4717	4719
4717	4720
4718	4719
4718	4720
4718	4721
4718	4723
4718	4761
4718	4764
4718	4765
4719	4720
4719	4760
4719	4761
4719	4764
4719	5198
4719	5201
4719	5202
4719	5245
4720	4721
4720	4723
4720	5158
4720	5201
4720	5202
4720	5205
4721	4722
4721	4723
4721	4724
4722	4723
4722	4724
4722	4725
4722	4727
4722	4765
4722	4768
4722	4769
4723	4724
4723	4764
4723	4765
4723	4768
4723	5202
4723	5205
4723	5206
4723	5249
4724	4725
4724	4727
4724	5162
4724	5205
4724	5206
4724	5209
4725	4726
4725	4727
4725	4728
4726	4727
4726	4728
4726	4729
4726	4731
4726	4769
4726	4772
4726	4773
4727	4728
4727	4768
4727	4769
4727	4772
4727	5206
4727	5209
4727	5210
4727	5253
4728	4729
4728	4731
4728	5166
4728	5209
4728	5210
4728	5213
4729	4730
4729	4731
4729	4732
4730	4731
4730	4732
4730	4733
4730	4735
4730	4773
4730	4776
4730	4777
4731	4732
4731	4772
4731	4773
4731	4776
4731	5210
4731	5213
4731	5214
4731	5257
4732	4733
4732	4735
4732	5170
4732	5213
4732	5214
4732	5217
4733	4734
4733	4735
4733	4736
4734	4735
4734	4736
4734	4737
4734	4739
4734	4777
4734	4780
4734	4781
4735	4736
4735	4776
4735	4777
4735	4780
4735	5214
4735	5217
4735	5218
4735	5261
4736	4737
4736	4739
4736	5174
4736	5217
4736	5218
4736	5221
4737	4738
4737	4739
4737	4740
4738	4739
4738	4740
4738	4741
4738	4743
4738	4781
4738	4784
4738	4785
4739	4740
4739	4780
4739	4781
4739	4784
4739	5218
4739	5221
4739	5222
4739	5265
4740	4741
4740	4743
4740	5178
4740	5221
4740	5222
4740	5225
4741	4742
4741	4743
4741	4744
4742	4743
4742	4744
4742	4745
4742	4747
4742	4785
4742	4788
4742	4789
4743	4744
4743	4784
4743	4785
4743	4788
4743	5222
4743	5225
4743	5226
4743	5269
4744	4745
4744	4747
4744	5182
4744	5225
4744	5226
4744	5229
4745	4746
4745	4747
4745	4748
4746	4747
4746	4748
4746	4749
4746	4751
4746	4789
4746	4792
4746	4793
4747	4748
4747	4788
4747	4789
4747	4792
4747	5226
4747	5229
4747	5230
4747	5273
4748	4749
4748	4751
4748	5186
4748	5229
4748	5230
4748	5233
4749	4750
4749	4751
4749	4752
4750	4751
4750	4752
4750	4793
4750	4796
4751	4752
4751	4792
4751	4793
4751	4796
4751	5230
4751	5233
4751	5234
4751	5277
4752	5190
4752	5233
4752	5234
4753	4754
4753	4755
4753	4756
4754	4755
4754	4756
4754	4757
4754	4759
4754	4797
4754	4800
4754	4801
4755	4756
4755	4797
4755	4800
4755	5237
4755	5238
4755	5281
4756	4757
4756	4759
4756	5194
4756	5237
4756	5238
4756	5241
4757	4758
4757	4759
4757	4760
4758	4759
4758	4760
4758	4761
4758	4763
4758	4801
4758	4804
4758	4805
4759	4760
4759	4800
4759	4801
4759	4804
4759	5238
4759	5241
4759	5242
4759	5285
4760	4761
4760	4763
4760	5198
4760	5241
4760	5242
4760	5245
4761	4762
4761	4763
4761	4764
4762	4763
4762	4764
4762	4765
4762	4767
4762	4805
4762	4808
4762	4809
4763	4764
4763	4804
4763	4805
4763	4808
4763	5242
4763	5245
4763	5246
4763	5289
4764	4765
4764	4767
4764	5202
4764	5245
4764	5246
4764	5249
4765	4766
4765	4767
4765	4768
4766	4767
4766	4768
4766	4769
4766	4771
4766	4809
4766	4812
4766	4813
4767	4768
4767	4808
4767	4809
4767	4812
4767	5246
4767	5249
4767	5250
4767	5293
4768	4769
4768	4771
4768	5206
4768	5249
4768	5250
4768	5253
4769	4770
4769	4771
4769	4772
4770	4771
4770	4772
4770	4773
4770	4775
4770	4813
4770	4816
4770	4817
4771	4772
4771	4812
4771	4813
4771	4816
4771	5250
4771	5253
4771	5254
4771	5297
4772	4773
4772	4775
4772	5210
4772	5253
4772	5254
4772	5257
4773	4774
4773	4775
4773	4776
4774	4775
4774	4776
4774	4777
4774	4779
4774	4817
4774	4820
4774	4821
4775	4776
4775	4816
4775	4817
4775	4820
4775	5254
4775	5257
4775	5258
4775	5301
4776	4777
4776	4779
4776	5214
4776	5257
4776	5258
4776	5261
4777	4778
4777	4779
4777	4780
4778	4779
4778	4780
4778	4781
4778	4783
4778	4821
4778	4824
4778	4825
4779	4780
4779	4820
4779	4821
4779	4824
4779	5258
4779	5261
4779	5262
4779	5305
4780	4781
4780	4783
4780	5218
4780	5261
4780	5262
4780	5265
4781	4782
4781	4783
4781	4784
4782	4783
4782	4784
4782	4785
4782	4787
4782	4825
4782	4828
4782	4829
4783	4784
4783	4824
4783	4825
4783	4828
4783	5262
4783	5265
4783	5266
4783	5309
4784	4785
4784	4787
4784	5222
4784	5265
4784	5266
4784	5269
4785	4786
4785	4787
4785	4788
4786	4787
4786	4788
4786	4789
4786	4791
4786	4829
4786	4832
4786	4833
4787	4788
4787	4828
4787	4829
4787	4832
4787	5266
4787	5269
4787	5270
4787	5313
4788	4789
4788	4791
4788	5226
4788	5269
4788	5270
4788	5273
4789	4790
4789	4791
4789	4792
4790	4791
4790	4792
4790	4793
4790	4795
4790	4833
4790	4836
4790	4837
4791	4792
4791	4832
4791	4833
4791	4836
4791	5270
4791	5273
4791	5274
4791	5317
4792	4793
4792	4795
4792	5230
4792	5273
4792	5274
4792	5277
4793	4794
4793	4795
4793	4796
4794	4795
4794	4796
4794	4837
4794	4840
4795	4796
4795	4836
4795	4837
4795	4840
4795	5274
4795	5277
4795	5278
4795	5321
4796	5234
4796	5277
4796	5278
4797	4798
4797	4799
4797	4800
4798	4799
4798	4800
4798	4801
4798	4803
4799	4800
4799	5281
4799	5282
4800	4801
4800	4803
4800	5238
4800	5281
4800	5282
4800	5285
4801	4802
4801	4803
4801	4804
4802	4803
4802	4804
4802	4805
4802	4807
4803	4804
4803	5282
4803	5285
4803	5286
4804	4805
4804	4807
4804	5242
4804	5285
4804	5286
4804	5289
4805	4806
4805	4807
4805	4808
4806	4807
4806	4808
4806	4809
4806	4811
4807	4808
4807	5286
4807	5289
4807	5290
4808	4809
4808	4811
4808	5246
4808	5289
4808	5290
4808	5293
4809	4810
4809	4811
4809	4812
4810	4811
4810	4812
4810	4813
4810	4815
4811	4812
4811	5290
4811	5293
4811	5294
4812	4813
4812	4815
4812	5250
4812	5293
4812	5294
4812	5297
4813	4814
4813	4815
4813	4816
4814	4815
4814	4816
4814	4817
4814	4819
4815	4816
4815	5294
4815	5297
4815	5298
4816	4817
4816	4819
4816	5254
4816	5297
4816	5298
4816	5301
4817	4818
4817	4819
4817	4820
4818	4819
4818	4820
4818	4821
4818	4823
4819	4820
4819	5298
4819	5301
4819	5302
4820	4821
4820	4823
4820	5258
4820	5301
4820	5302
4820	5305
4821	4822
4821	4823
4821	4824
4822	4823
4822	4824
4822	4825
4822	4827
4823	4824
4823	5302
4823	5305
4823	5306
4824	4825
4824	4827
4824	5262
4824	5305
4824	5306
4824	5309
4825	4826
4825	4827
4825	4828
4826	4827
4826	4828
4826	4829
4826	4831
4827	4828
4827	5306
4827	5309
4827	5310
4828	4829
4828	4831
4828	5266
4828	5309
4828	5310
4828	5313
4829	4830
4829	4831
4829	4832
4830	4831
4830	4832
4830	4833
4830	4835
4831	4832
4831	5310
4831	5313
4831	5314
4832	4833
4832	4835
4832	5270
4832	5313
4832	5314
4832	5317
4833	4834
4833	4835
4833	4836
4834	4835
4834	4836
4834	4837
4834	4839
4835	4836
4835	5314
4835	5317
4835	5318
4836	4837
4836	4839
4836	5274
4836	5317
4836	5318
4836	5321
4837	4838
4837	4839
4837	4840
4838	4839
4838	4840
4839	4840
4839	5318
4839	5321
4839	5322
4840	5278
4840	5321
4840	5322
4841	4842
4841	4843
4841	4844
4842	4843
4842	4844
4842	4845
4842	4847
4842	4885
4842	4888
4842	4889
4843	4844
4843	4885
4843	4888
4844	4845
4844	4847
4845	4846
4845	4847
4845	4848
4846	4847
4846	4848
4846	4849
4846	4851
4846	4889
4846	4892
4846	4893
4847	4848
4847	4888
4847	4889
4847	4892
4848	4849
4848	4851
4849	4850
4849	4851
4849	4852
4850	4851
4850	4852
4850	4853
4850	4855
4850	4893
4850	4896
4850	4897
4851	4852
4851	4892
4851	4893
4851	4896
4852	4853
4852	4855
4853	4854
4853	4855
4853	4856
4854	4855
4854	4856
4854	4857
4854	4859
4854	4897
4854	4900
4854	4901
4855	4856
4855	4896
4855	4897
4855	4900
4856	4857
4856	4859
4857	4858
4857	4859
4857	4860
4858	4859
4858	4860
4858	4861
4858	4863
4858	4901
4858	4904
4858	4905
4859	4860
4859	4900
4859	4901
4859	4904
4860	4861
4860	4863
4861	4862
4861	4863
4861	4864
4862	4863
4862	4864
4862	4865
4862	4867
4862	4905
4862	4908
4862	4909
4863	4864
4863	4904
4863	4905
4863	4908
4864	4865
4864	4867
4865	4866
4865	4867
4865	4868
4866	4867
4866	4868
4866	4869
4866	4871
4866	4909
4866	4912
4866	4913
4867	4868
4867	4908
4867	4909
4867	4912
4868	4869
4868	4871
4869	4870
4869	4871
4869	4872
4870	4871
4870	4872
4870	4873
4870	4875
4870	4913
4870	4916
4870	4917
4871	4872
4871	4912
4871	4913
4871	4916
4872	4873
4872	4875
4873	4874
4873	4875
4873	4876
4874	4875
4874	4876
4874	4877
4874	4879
4874	4917
4874	4920
4874	4921
4875	4876
4875	4916
4875	4917
4875	4920
4876	4877
4876	4879
4877	4878
4877	4879
4877	4880
4878	4879
4878	4880
4878	4881
4878	4883
4878	4921
4878	4924
4878	4925
4879	4880
4879	4920
4879	4921
4879	4924
4880	4881
4880	4883
4881	4882
4881	4883
4881	4884
4882	4883
4882	4884
4882	4925
4882	4928
4883	4884
4883	4924
4883	4925
4883	4928
4885	4886
4885	4887
4885	4888
4886	4887
4886	4888
4886	4889
4886	4891
4886	4929
4886	4932
4886	4933
4887	4888
4887	4929
4887	4932
4888	4889
4888	4891
4889	4890
4889	4891
4889	4892
4890	4891
4890	4892
4890	4893
4890	4895
4890	4933
4890	4936
4890	4937
4891	4892
4891	4932
4891	4933
4891	4936
4892	4893
4892	4895
4893	4894
4893	4895
4893	4896
4894	4895
4894	4896
4894	4897
4894	4899
4894	4937
4894	4940
4894	4941
4895	4896
4895	4936
4895	4937
4895	4940
4896	4897
4896	4899
4897	4898
4897	4899
4897	4900
4898	4899
4898	4900
4898	4901
4898	4903
4898	4941
4898	4944
4898	4945
4899	4900
4899	4940
4899	4941
4899	4944
4900	4901
4900	4903
4901	4902
4901	4903
4901	4904
4902	4903
4902	4904
4902	4905
4902	4907
4902	4945
4902	4948
4902	4949
4903	4904
4903	4944
4903	4945
4903	4948
4904	4905
4904	4907
4905	4906
4905	4907
4905	4908
4906	4907
4906	4908
4906	4909
4906	4911
4906	4949
4906	4952
4906	4953
4907	4908
4907	4948
4907	4949
4907	4952
4908	4909
4908	4911
4909	4910
4909	4911
4909	4912
4910	4911
4910	4912
4910	4913
4910	4915
4910	4953
4910	4956
4910	4957
4911	4912
4911	4952
4911	4953
4911	4956
4912	4913
4912	4915
4913	4914
4913	4915
4913	4916
4914	4915
4914	4916
4914	4917
4914	4919
4914	4957
4914	4960
4914	4961
4915	4916
4915	4956
4915	4957
4915	4960
4916	4917
4916	4919
4917	4918
4917	4919
4917	4920
4918	4919
4918	4920
4918	4921
4918	4923
4918	4961
4918	4964
4918	4965
4919	4920
4919	4960
4919	4961
4919	4964
4920	4921
4920	4923
4921	4922
4921	4923
4921	4924
4922	4923
4922	4924
4922	4925
4922	4927
4922	4965
4922	4968
4922	4969
4923	4924
4923	4964
4923	4965
4923	4968
4924	4925
4924	4927
4925	4926
4925	4927
4925	4928
4926	4927
4926	4928
4926	4969
4926	4972
4927	4928
4927	4968
4927	4969
4927	4972
4929	4930
4929	4931
4929	4932
4930	4931
4930	4932
4930	4933
4930	4935
4930	4973
4930	4976
4930	4977
4931	4932
4931	4973
4931	4976
4932	4933
4932	4935
4933	4934
4933	4935
4933	4936
4934	4935
4934	4936
4934	4937
4934	4939
4934	4977
4934	4980
4934	4981
4935	4936
4935	4976
4935	4977
4935	4980
4936	4937
4936	4939
4937	4938
4937	4939
4937	4940
4938	4939
4938	4940
4938	4941
4938	4943
4938	4981
4938	4984
4938	4985
4939	4940
4939	4980
4939	4981
4939	4984
4940	4941
4940	4943
4941	4942
4941	4943
4941	4944
4942	4943
4942	4944
4942	4945
4942	4947
4942	4985
4942	4988
4942	4989
4943	4944
4943	4984
4943	4985
4943	4988
4944	4945
4944	4947
4945	4946
4945	4947
4945	4948
4946	4947
4946	4948
4946	4949
4946	4951
4946	4989
4946	4992
4946	4993
4947	4948
4947	4988
4947	4989
4947	4992
4948	4949
4948	4951
4949	4950
4949	4951
4949	4952
4950	4951
4950	4952
4950	4953
4950	4955
4950	4993
4950	4996
4950	4997
4951	4952
4951	4992
4951	4993
4951	4996
4952	4953
4952	4955
4953	4954
4953	4955
4953	4956
4954	4955
4954	4956
4954	4957
4954	4959
4954	4997
4954	5000
4954	5001
4955	4956
4955	4996
4955	4997
4955	5000
4956	4957
4956	4959
4957	4958
4957	4959
4957	4960
4958	4959
4958	4960
4958	4961
4958	4963
4958	5001
4958	5004
4958	5005
4959	4960
4959	5000
4959	5001
4959	5004
4960	4961
4960	4963
4961	4962
4961	4963
4961	4964
4962	4963
4962	4964
4962	4965
4962	4967
4962	5005
4962	5008
4962	5009
4963	4964
4963	5004
4963	5005
4963	5008
4964	4965
4964	4967
4965	4966
4965	4967
4965	4968
4966	4967
4966	4968
4966	4969
4966	4971
4966	5009
4966	5012
4966	5013
4967	4968
4967	5008
4967	5009
4967	5012
4968	4969
4968	4971
4969	4970
4969	4971
4969	4972
4970	4971
4970	4972
4970	5013
4970	5016
4971	4972
4971	5012
4971	5013
4971	5016
4973	4974
4973	4975
4973	4976
4974	4975
4974	4976
4974	4977
4974	4979
4974	5017
4974	5020
4974	5021
4975	4976
4975	5017
4975	5020
4976	4977
4976	4979
4977	4978
4977	4979
4977	4980
4978	4979
4978	4980
4978	4981
4978	4983
4978	5021
4978	5024
4978	5025
4979	4980
4979	5020
4979	5021
4979	5024
4980	4981
4980	4983
4981	4982
4981	4983
4981	4984
4982	4983
4982	4984
4982	4985
4982	4987
4982	5025
4982	5028
4982	5029
4983	4984
4983	5024
4983	5025
4983	5028
4984	4985
4984	4987
4985	4986
4985	4987
4985	4988
4986	4987
4986	4988
4986	4989
4986	4991
4986	5029
4986	5032
4986	5033
4987	4988
4987	5028
4987	5029
4987	5032
4988	4989
4988	4991
4989	4990
4989	4991
4989	4992
4990	4991
4990	4992
4990	4993
4990	4995
4990	5033
4990	5036
4990	5037
4991	4992
4991	5032
4991	5033
4991	5036
4992	4993
4992	4995
4993	4994
4993	4995
4993	4996
4994	4995
4994	4996
4994	4997
4994	4999
4994	5037
4994	5040
4994	5041
4995	4996
4995	5036
4995	5037
4995	5040
4996	4997
4996	4999
4997	4998
4997	4999
4997	5000
4998	4999
4998	5000
4998	5001
4998	5003
4998	5041
4998	5044
4998	5045
4999	5000
4999	5040
4999	5041
4999	5044
5000	5001
5000	5003
5001	5002
5001	5003
5001	5004
5002	5003
5002	5004
5002	5005
5002	5007
5002	5045
5002	5048
5002	5049
5003	5004
5003	5044
5003	5045
5003	5048
5004	5005
5004	5007
5005	5006
5005	5007
5005	5008
5006	5007
5006	5008
5006	5009
5006	5011
5006	5049
5006	5052
5006	5053
5007	5008
5007	5048
5007	5049
5007	5052
5008	5009
5008	5011
5009	5010
5009	5011
5009	5012
5010	5011
5010	5012
5010	5013
5010	5015
5010	5053
5010	5056
5010	5057
5011	5012
5011	5052
5011	5053
5011	5056
5012	5013
5012	5015
5013	5014
5013	5015
5013	5016
5014	5015
5014	5016
5014	5057
5014	5060
5015	5016
5015	5056
5015	5057
5015	5060
5017	5018
5017	5019
5017	5020
5018	5019
5018	5020
5018	5021
5018	5023
5018	5061
5018	5064
5018	5065
5019	5020
5019	5061
5019	5064
5020	5021
5020	5023
5021	5022
5021	5023
5021	5024
5022	5023
5022	5024
5022	5025
5022	5027
5022	5065
5022	5068
5022	5069
5023	5024
5023	5064
5023	5065
5023	5068
5024	5025
5024	5027
5025	5026
5025	5027
5025	5028
5026	5027
5026	5028
5026	5029
5026	5031
5026	5069
5026	5072
5026	5073
5027	5028
5027	5068
5027	5069
5027	5072
5028	5029
5028	5031
5029	5030
5029	5031
5029	5032
5030	5031
5030	5032
5030	5033
5030	5035
5030	5073
5030	5076
5030	5077
5031	5032
5031	5072
5031	5073
5031	5076
5032	5033
5032	5035
5033	5034
5033	5035
5033	5036
5034	5035
5034	5036
5034	5037
5034	5039
5034	5077
5034	5080
5034	5081
5035	5036
5035	5076
5035	5077
5035	5080
5036	5037
5036	5039
5037	5038
5037	5039
5037	5040
5038	5039
5038	5040
5038	5041
5038	5043
5038	5081
5038	5084
5038	5085
5039	5040
5039	5080
5039	5081
5039	5084
5040	5041
5040	5043
5041	5042
5041	5043
5041	5044
5042	5043
5042	5044
5042	5045
5042	5047
5042	5085
5042	5088
5042	5089
5043	5044
5043	5084
5043	5085
5043	5088
5044	5045
5044	5047
5045	5046
5045	5047
5045	5048
5046	5047
5046	5048
5046	5049
5046	5051
5046	5089
5046	5092
5046	5093
5047	5048
5047	5088
5047	5089
5047	5092
5048	5049
5048	5051
5049	5050
5049	5051
5049	5052
5050	5051
5050	5052
5050	5053
5050	5055
5050	5093
5050	5096
5050	5097
5051	5052
5051	5092
5051	5093
5051	5096
5052	5053
5052	5055
5053	5054
5053	5055
5053	5056
5054	5055
5054	5056
5054	5057
5054	5059
5054	5097
5054	5100
5054	5101
5055	5056
5055	5096
5055	5097
5055	5100
5056	5057
5056	5059
5057	5058
5057	5059
5057	5060
5058	5059
5058	5060
5058	5101
5058	5104
5059	5060
5059	5100
5059	5101
5059	5104
5061	5062
5061	5063
5061	5064
5062	5063
5062	5064
5062	5065
5062	5067
5062	5105
5062	5108
5062	5109
5063	5064
5063	5105
5063	5108
5064	5065
5064	5067
5065	5066
5065	5067
5065	5068
5066	5067
5066	5068
5066	5069
5066	5071
5066	5109
5066	5112
5066	5113
5067	5068
5067	5108
5067	5109
5067	5112
5068	5069
5068	5071
5069	5070
5069	5071
5069	5072
5070	5071
5070	5072
5070	5073
5070	5075
5070	5113
5070	5116
5070	5117
5071	5072
5071	5112
5071	5113
5071	5116
5072	5073
5072	5075
5073	5074
5073	5075
5073	5076
5074	5075
5074	5076
5074	5077
5074	5079
5074	5117
5074	5120
5074	5121
5075	5076
5075	5116
5075	5117
5075	5120
5076	5077
5076	5079
5077	5078
5077	5079
5077	5080
5078	5079
5078	5080
5078	5081
5078	5083
5078	5121
5078	5124
5078	5125
5079	5080
5079	5120
5079	5121
5079	5124
5080	5081
5080	5083
5081	5082
5081	5083
5081	5084
5082	5083
5082	5084
5082	5085
5082	5087
5082	5125
5082	5128
5082	5129
5083	5084
5083	5124
5083	5125
5083	5128
5084	5085
5084	5087
5085	5086
5085	5087
5085	5088
5086	5087
5086	5088
5086	5089
5086	5091
5086	5129
5086	5132
5086	5133
5087	5088
5087	5128
5087	5129
5087	5132
5088	5089
5088	5091
5089	5090
5089	5091
5089	5092
5090	5091
5090	5092
5090	5093
5090	5095
5090	5133
5090	5136
5090	5137
5091	5092
5091	5132
5091	5133
5091	5136
5092	5093
5092	5095
5093	5094
5093	5095
5093	5096
5094	5095
5094	5096
5094	5097
5094	5099
5094	5137
5094	5140
5094	5141
5095	5096
5095	5136
5095	5137
5095	5140
5096	5097
5096	5099
5097	5098
5097	5099
5097	5100
5098	5099
5098	5100
5098	5101
5098	5103
5098	5141
5098	5144
5098	5145
5099	5100
5099	5140
5099	5141
5099	5144
5100	5101
5100	5103
5101	5102
5101	5103
5101	5104
5102	5103
5102	5104
5102	5145
5102	5148
5103	5104
5103	5144
5103	5145
5103	5148
5105	5106
5105	5107
5105	5108
5106	5107
5106	5108
5106	5109
5106	5111
5106	5149
5106	5152
5106	5153
5107	5108
5107	5149
5107	5152
5108	5109
5108	5111
5109	5110
5109	5111
5109	5112
5110	5111
5110	5112
5110	5113
5110	5115
5110	5153
5110	5156
5110	5157
5111	5112
5111	5152
5111	5153
5111	5156
5112	5113
5112	5115
5113	5114
5113	5115
5113	5116
5114	5115
5114	5116
5114	5117
5114	5119
5114	5157
5114	5160
5114	5161
5115	5116
5115	5156
5115	5157
5115	5160
5116	5117
5116	5119
5117	5118
5117	5119
5117	5120
5118	5119
5118	5120
5118	5121
5118	5123
5118	5161
5118	5164
5118	5165
5119	5120
5119	5160
5119	5161
5119	5164
5120	5121
5120	5123
5121	5122
5121	5123
5121	5124
5122	5123
5122	5124
5122	5125
5122	5127
5122	5165
5122	5168
5122	5169
5123	5124
5123	5164
5123	5165
5123	5168
5124	5125
5124	5127
5125	5126
5125	5127
5125	5128
5126	5127
5126	5128
5126	5129
5126	5131
5126	5169
5126	5172
5126	5173
5127	5128
5127	5168
5127	5169
5127	5172
5128	5129
5128	5131
5129	5130
5129	5131
5129	5132
5130	5131
5130	5132
5130	5133
5130	5135
5130	5173
5130	5176
5130	5177
5131	5132
5131	5172
5131	5173
5131	5176
5132	5133
5132	5135
5133	5134
5133	5135
5133	5136
5134	5135
5134	5136
5134	5137
5134	5139
5134	5177
5134	5180
5134	5181
5135	5136
5135	5176
5135	5177
5135	5180
5136	5137
5136	5139
5137	5138
5137	5139
5137	5140
5138	5139
5138	5140
5138	5141
5138	5143
5138	5181
5138	5184
5138	5185
5139	5140
5139	5180
5139	5181
5139	5184
5140	5141
5140	5143
5141	5142
5141	5143
5141	5144
5142	5143
5142	5144
5142	5145
5142	5147
5142	5185
5142	5188
5142	5189
5143	5144
5143	5184
5143	5185
5143	5188
5144	5145
5144	5147
5145	5146
5145	5147
5145	5148
5146	5147
5146	5148
5146	5189
5146	5192
5147	5148
5147	5188
5147	5189
5147	5192
5149	5150
5149	5151
5149	5152
5150	5151
5150	5152
5150	5153
5150	5155
5150	5193
5150	5196
5150	5197
5151	5152
5151	5193
5151	5196
5152	5153
5152	5155
5153	5154
5153	5155
5153	5156
5154	5155
5154	5156
5154	5157
5154	5159
5154	5197
5154	5200
5154	5201
5155	5156
5155	5196
5155	5197
5155	5200
5156	5157
5156	5159
5157	5158
5157	5159
5157	5160
5158	5159
5158	5160
5158	5161
5158	5163
5158	5201
5158	5204
5158	5205
5159	5160
5159	5200
5159	5201
5159	5204
5160	5161
5160	5163
5161	5162
5161	5163
5161	5164
5162	5163
5162	5164
5162	5165
5162	5167
5162	5205
5162	5208
5162	5209
5163	5164
5163	5204
5163	5205
5163	5208
5164	5165
5164	5167
5165	5166
5165	5167
5165	5168
5166	5167
5166	5168
5166	5169
5166	5171
5166	5209
5166	5212
5166	5213
5167	5168
5167	5208
5167	5209
5167	5212
5168	5169
5168	5171
5169	5170
5169	5171
5169	5172
5170	5171
5170	5172
5170	5173
5170	5175
5170	5213
5170	5216
5170	5217
5171	5172
5171	5212
5171	5213
5171	5216
5172	5173
5172	5175
5173	5174
5173	5175
5173	5176
5174	5175
5174	5176
5174	5177
5174	5179
5174	5217
5174	5220
5174	5221
5175	5176
5175	5216
5175	5217
5175	5220
5176	5177
5176	5179
5177	5178
5177	5179
5177	5180
5178	5179
5178	5180
5178	5181
5178	5183
5178	5221
5178	5224
5178	5225
5179	5180
5179	5220
5179	5221
5179	5224
5180	5181
5180	5183
5181	5182
5181	5183
5181	5184
5182	5183
5182	5184
5182	5185
5182	5187
5182	5225
5182	5228
5182	5229
5183	5184
5183	5224
5183	5225
5183	5228
5184	5185
5184	5187
5185	5186
5185	5187
5185	5188
5186	5187
5186	5188
5186	5189
5186	5191
5186	5229
5186	5232
5186	5233
5187	5188
5187	5228
5187	5229
5187	5232
5188	5189
5188	5191
5189	5190
5189	5191
5189	5192
5190	5191
5190	5192
5190	5233
5190	5236
5191	5192
5191	5232
5191	5233
5191	5236
5193	5194
5193	5195
5193	5196
5194	5195
5194	5196
5194	5197
5194	5199
5194	5237
5194	5240
5194	5241
5195	5196
5195	5237
5195	5240
5196	5197
5196	5199
5197	5198
5197	5199
5197	5200
5198	5199
5198	5200
5198	5201
5198	5203
5198	5241
5198	5244
5198	5245
5199	5200
5199	5240
5199	5241
5199	5244
5200	5201
5200	5203
5201	5202
5201	5203
5201	5204
5202	5203
5202	5204
5202	5205
5202	5207
5202	5245
5202	5248
5202	5249
5203	5204
5203	5244
5203	5245
5203	5248
5204	5205
5204	5207
5205	5206
5205	5207
5205	5208
5206	5207
5206	5208
5206	5209
5206	5211
5206	5249
5206	5252
5206	5253
5207	5208
5207	5248
5207	5249
5207	5252
5208	5209
5208	5211
5209	5210
5209	5211
5209	5212
5210	5211
5210	5212
5210	5213
5210	5215
5210	5253
5210	5256
5210	5257
5211	5212
5211	5252
5211	5253
5211	5256
5212	5213
5212	5215
5213	5214
5213	5215
5213	5216
5214	5215
5214	5216
5214	5217
5214	5219
5214	5257
5214	5260
5214	5261
5215	5216
5215	5256
5215	5257
5215	5260
5216	5217
5216	5219
5217	5218
5217	5219
5217	5220
5218	5219
5218	5220
5218	5221
5218	5223
5218	5261
5218	5264
5218	5265
5219	5220
5219	5260
5219	5261
5219	5264
5220	5221
5220	5223
5221	5222
5221	5223
5221	5224
5222	5223
5222	5224
5222	5225
5222	5227
5222	5265
5222	5268
5222	5269
5223	5224
5223	5264
5223	5265
5223	5268
5224	5225
5224	5227
5225	5226
5225	5227
5225	5228
5226	5227
5226	5228
5226	5229
5226	5231
5226	5269
5226	5272
5226	5273
5227	5228
5227	5268
5227	5269
5227	5272
5228	5229
5228	5231
5229	5230
5229	5231
5229	5232
5230	5231
5230	5232
5230	5233
5230	5235
5230	5273
5230	5276
5230	5277
5231	5232
5231	5272
5231	5273
5231	5276
5232	5233
5232	5235
5233	5234
5233	5235
5233	5236
5234	5235
5234	5236
5234	5277
5234	5280
5235	5236
5235	5276
5235	5277
5235	5280
5237	5238
5237	5239
5237	5240
5238	5239
5238	5240
5238	5241
5238	5243
5238	5281
5238	5284
5238	5285
5239	5240
5239	5281
5239	5284
5240	5241
5240	5243
5241	5242
5241	5243
5241	5244
5242	5243
5242	5244
5242	5245
5242	5247
5242	5285
5242	5288
5242	5289
5243	5244
5243	5284
5243	5285
5243	5288
5244	5245
5244	5247
5245	5246
5245	5247
5245	5248
5246	5247
5246	5248
5246	5249
5246	5251
5246	5289
5246	5292
5246	5293
5247	5248
5247	5288
5247	5289
5247	5292
5248	5249
5248	5251
5249	5250
5249	5251
5249	5252
5250	5251
5250	5252
5250	5253
5250	5255
5250	5293
5250	5296
5250	5297
5251	5252
5251	5292
5251	5293
5251	5296
5252	5253
5252	5255
5253	5254
5253	5255
5253	5256
5254	5255
5254	5256
5254	5257
5254	5259
5254	5297
5254	5300
5254	5301
5255	5256
5255	5296
5255	5297
5255	5300
5256	5257
5256	5259
5257	5258
5257	5259
5257	5260
5258	5259
5258	5260
5258	5261
5258	5263
5258	5301
5258	5304
5258	5305
5259	5260
5259	5300
5259	5301
5259	5304
5260	5261
5260	5263
5261	5262
5261	5263
5261	5264
5262	5263
5262	5264
5262	5265
5262	5267
5262	5305
5262	5308
5262	5309
5263	5264
5263	5304
5263	5305
5263	5308
5264	5265
5264	5267
5265	5266
5265	5267
5265	5268
5266	5267
5266	5268
5266	5269
5266	5271
5266	5309
5266	5312
5266	5313
5267	5268
5267	5308
5267	5309
5267	5312
5268	5269
5268	5271
5269	5270
5269	5271
5269	5272
5270	5271
5270	5272
5270	5273
5270	5275
5270	5313
5270	5316
5270	5317
5271	5272
5271	5312
5271	5313
5271	5316
5272	5273
5272	5275
5273	5274
5273	5275
5273	5276
5274	5275
5274	5276
5274	5277
5274	5279
5274	5317
5274	5320
5274	5321
5275	5276
5275	5316
5275	5317
5275	5320
5276	5277
5276	5279
5277	5278
5277	5279
5277	5280
5278	5279
5278	5280
5278	5321
5278	5324
5279	5280
5279	5320
5279	5321
5279	5324
5281	5282
5281	5283
5281	5284
5282	5283
5282	5284
5282	5285
5282	5287
5283	5284
5284	5285
5284	5287
5285	5286
5285	5287
5285	5288
5286	5287
5286	5288
5286	5289
5286	5291
5287	5288
5288	5289
5288	5291
5289	5290
5289	5291
5289	5292
5290	5291
5290	5292
5290	5293
5290	5295
5291	5292
5292	5293
5292	5295
5293	5294
5293	5295
5293	5296
5294	5295
5294	5296
5294	5297
5294	5299
5295	5296
5296	5297
5296	5299
5297	5298
5297	5299
5297	5300
5298	5299
5298	5300
5298	5301
5298	5303
5299	5300
5300	5301
5300	5303
5301	5302
5301	5303
5301	5304
5302	5303
5302	5304
5302	5305
5302	5307
5303	5304
5304	5305
5304	5307
5305	5306
5305	5307
5305	5308
5306	5307
5306	5308
5306	5309
5306	5311
5307	5308
5308	5309
5308	5311
5309	5310
5309	5311
5309	5312
5310	5311
5310	5312
5310	5313
5310	5315
5311	5312
5312	5313
5312	5315
5313	5314
5313	5315
5313	5316
5314	5315
5314	5316
5314	5317
5314	5319
5315	5316
5316	5317
5316	5319
5317	5318
5317	5319
5317	5320
5318	5319
5318	5320
5318	5321
5318	5323
5319	5320
5320	5321
5320	5323
5321	5322
5321	5323
5321	5324
5322	5323
5322	5324
5323	5324
