-30.570000	a92a0
6

K 0.000000 0.000000 0.000000
L 2.687006 2.687006 0.000000
V 0.000000 2.687006 -2.687006
F 0.000000 5.374012 0.000000
F 0.000000 2.687006 2.687006
A -2.687006 2.687006 0.000000


-30.550000	5a910
6

K 0.000000 0.000000 0.000000
L 2.687006 2.687006 0.000000
V 0.000000 5.374012 0.000000
F 0.000000 2.687006 2.687006
F -2.687006 2.687006 0.000000
A 0.000000 2.687006 -2.687006


-30.550000	4b810
6

K 0.000000 0.000000 0.000000
L 2.687006 2.687006 0.000000
V 0.000000 5.374012 0.000000
F 0.000000 2.687006 -2.687006
F -2.687006 2.687006 0.000000
A 0.000000 2.687006 2.687006


-30.450000	90ba0
6

K 0.000000 0.000000 0.000000
L 2.687006 2.687006 0.000000
V 0.000000 2.687006 -2.687006
F -2.687006 2.687006 0.000000
F 0.000000 5.374012 0.000000
A 0.000000 2.687006 2.687006


-30.450000	462a0
6

K 0.000000 0.000000 0.000000
L 2.687006 2.687006 0.000000
V 0.000000 2.687006 -2.687006
F 0.000000 5.374012 0.000000
F -2.687006 2.687006 0.000000
A 0.000000 2.687006 2.687006


-30.430000	76510
6

K 0.000000 0.000000 0.000000
L 2.687006 2.687006 0.000000
V 0.000000 5.374012 0.000000
F 2.687006 5.374012 -2.687006
F 0.000000 2.687006 -2.687006
A 2.687006 0.000000 -2.687006


-30.430000	76410
6

K 0.000000 0.000000 0.000000
L 2.687006 2.687006 0.000000
V 0.000000 5.374012 0.000000
F 2.687006 5.374012 2.687006
F 0.000000 2.687006 2.687006
A 2.687006 0.000000 2.687006


-30.430000	1b840
6

K 0.000000 0.000000 0.000000
L 2.687006 2.687006 0.000000
V 5.374012 2.687006 2.687006
F 5.374012 0.000000 0.000000
F 2.687006 0.000000 2.687006
A 0.000000 2.687006 2.687006


-30.430000	a5640
6

K 0.000000 0.000000 0.000000
L 2.687006 2.687006 0.000000
V 5.374012 2.687006 2.687006
F 2.687006 0.000000 2.687006
F 5.374012 0.000000 0.000000
A 2.687006 0.000000 -2.687006


-30.330000	8b840
6

K 0.000000 0.000000 0.000000
L 2.687006 2.687006 0.000000
V 5.374012 2.687006 2.687006
F 5.374012 0.000000 0.000000
F 2.687006 0.000000 2.687006
A 2.687006 -2.687006 0.000000


-30.330000	65640
6

K 0.000000 0.000000 0.000000
L 2.687006 2.687006 0.000000
V 5.374012 2.687006 2.687006
F 2.687006 0.000000 2.687006
F 5.374012 0.000000 0.000000
A 2.687006 -2.687006 0.000000


-30.250000	34ba0
6

K 0.000000 0.000000 0.000000
L 2.687006 2.687006 0.000000
V 0.000000 2.687006 -2.687006
F -2.687006 2.687006 0.000000
F 0.000000 2.687006 2.687006
A 0.000000 5.374012 0.000000


-30.230000	01640
6

K 0.000000 0.000000 0.000000
L 2.687006 2.687006 0.000000
V 5.374012 2.687006 2.687006
F 2.687006 0.000000 2.687006
F 0.000000 2.687006 2.687006
A 2.687006 5.374012 2.687006


-30.130000	907a0
6

K 0.000000 0.000000 0.000000
L 2.687006 2.687006 0.000000
V 0.000000 2.687006 -2.687006
F 2.687006 0.000000 -2.687006
F 5.374012 2.687006 -2.687006
A 5.374012 0.000000 0.000000


-30.130000	347a0
6

K 0.000000 0.000000 0.000000
L 2.687006 2.687006 0.000000
V 0.000000 2.687006 -2.687006
F 2.687006 0.000000 -2.687006
F 5.374012 0.000000 0.000000
A 5.374012 2.687006 -2.687006


-30.130000	41640
6

K 0.000000 0.000000 0.000000
L 2.687006 2.687006 0.000000
V 5.374012 2.687006 2.687006
F 2.687006 0.000000 2.687006
F 0.000000 2.687006 2.687006
A 2.687006 2.687006 5.374012


-30.130000	092a0
6

K 0.000000 0.000000 0.000000
L 2.687006 2.687006 0.000000
V 0.000000 2.687006 -2.687006
F 0.000000 5.374012 0.000000
F 0.000000 2.687006 2.687006
A 2.687006 5.374012 2.687006


-29.560000	9b0a0
6

K 0.000000 0.000000 0.000000
L 2.687006 2.687006 0.000000
V 0.000000 2.687006 -2.687006
F 2.687006 5.374012 -2.687006
F 0.000000 5.374012 0.000000
A 0.000000 2.687006 2.687006


-29.560000	a6410
6

K 0.000000 0.000000 0.000000
L 2.687006 2.687006 0.000000
V 0.000000 5.374012 0.000000
F 2.687006 5.374012 2.687006
F 0.000000 2.687006 2.687006
A -2.687006 2.687006 0.000000


-29.560000	b6510
6

K 0.000000 0.000000 0.000000
L 2.687006 2.687006 0.000000
V 0.000000 5.374012 0.000000
F 2.687006 5.374012 -2.687006
F 0.000000 2.687006 -2.687006
A -2.687006 2.687006 0.000000


-29.360000	107a0
6

K 0.000000 0.000000 0.000000
L 2.687006 2.687006 0.000000
V 0.000000 2.687006 -2.687006
F 2.687006 0.000000 -2.687006
F 5.374012 2.687006 -2.687006
A 2.687006 5.374012 -2.687006


-29.260000	a07a0
6

K 0.000000 0.000000 0.000000
L 2.687006 2.687006 0.000000
V 0.000000 2.687006 -2.687006
F 2.687006 0.000000 -2.687006
F 5.374012 2.687006 -2.687006
A 2.687006 2.687006 -5.374012


-29.240000	05610
6

K 0.000000 0.000000 0.000000
L 2.687006 2.687006 0.000000
V 0.000000 5.374012 0.000000
F -2.687006 2.687006 0.000000
F 0.000000 2.687006 -2.687006
A 2.687006 5.374012 -2.687006


-29.240000	04610
6

K 0.000000 0.000000 0.000000
L 2.687006 2.687006 0.000000
V 0.000000 5.374012 0.000000
F -2.687006 2.687006 0.000000
F 0.000000 2.687006 2.687006
A 2.687006 5.374012 2.687006


-29.140000	15610
6

K 0.000000 0.000000 0.000000
L 2.687006 2.687006 0.000000
V 0.000000 5.374012 0.000000
F -2.687006 2.687006 0.000000
F 0.000000 2.687006 -2.687006
A -2.687006 5.374012 -2.687006


-29.140000	14610
6

K 0.000000 0.000000 0.000000
L 2.687006 2.687006 0.000000
V 0.000000 5.374012 0.000000
F -2.687006 2.687006 0.000000
F 0.000000 2.687006 2.687006
A -2.687006 5.374012 2.687006


-29.140000	437a0
6

K 0.000000 0.000000 0.000000
L 2.687006 2.687006 0.000000
V 0.000000 2.687006 -2.687006
F 2.687006 0.000000 -2.687006
F 2.687006 2.687006 -5.374012
A 5.374012 2.687006 -2.687006


-29.140000	095a0
6

K 0.000000 0.000000 0.000000
L 2.687006 2.687006 0.000000
V 0.000000 2.687006 -2.687006
F 2.687006 2.687006 -5.374012
F 2.687006 0.000000 -2.687006
A 5.374012 2.687006 -2.687006


-29.140000	2a910
6

K 0.000000 0.000000 0.000000
L 2.687006 2.687006 0.000000
V 0.000000 5.374012 0.000000
F 0.000000 2.687006 2.687006
F -2.687006 2.687006 0.000000
A -2.687006 5.374012 2.687006


-29.140000	3b810
6

K 0.000000 0.000000 0.000000
L 2.687006 2.687006 0.000000
V 0.000000 5.374012 0.000000
F 0.000000 2.687006 -2.687006
F -2.687006 2.687006 0.000000
A -2.687006 5.374012 -2.687006


-29.120000	70910
6

K 0.000000 0.000000 0.000000
L 2.687006 2.687006 0.000000
V 0.000000 5.374012 0.000000
F 0.000000 2.687006 2.687006
F 2.687006 5.374012 2.687006
A 5.374012 2.687006 2.687006


-29.120000	70810
6

K 0.000000 0.000000 0.000000
L 2.687006 2.687006 0.000000
V 0.000000 5.374012 0.000000
F 0.000000 2.687006 -2.687006
F 2.687006 5.374012 -2.687006
A 5.374012 2.687006 -2.687006


-29.120000	35640
6

K 0.000000 0.000000 0.000000
L 2.687006 2.687006 0.000000
V 5.374012 2.687006 2.687006
F 2.687006 0.000000 2.687006
F 5.374012 0.000000 0.000000
A 5.374012 2.687006 -2.687006


-29.120000	40810
6

K 0.000000 0.000000 0.000000
L 2.687006 2.687006 0.000000
V 0.000000 5.374012 0.000000
F 0.000000 2.687006 -2.687006
F 2.687006 5.374012 -2.687006
A 5.374012 5.374012 0.000000


-29.120000	50910
6

K 0.000000 0.000000 0.000000
L 2.687006 2.687006 0.000000
V 0.000000 5.374012 0.000000
F 0.000000 2.687006 2.687006
F 2.687006 5.374012 2.687006
A 5.374012 5.374012 0.000000


-29.020000	26410
6

K 0.000000 0.000000 0.000000
L 2.687006 2.687006 0.000000
V 0.000000 5.374012 0.000000
F 2.687006 5.374012 2.687006
F 0.000000 2.687006 2.687006
A 0.000000 5.374012 5.374012


-29.020000	7b840
6

K 0.000000 0.000000 0.000000
L 2.687006 2.687006 0.000000
V 5.374012 2.687006 2.687006
F 5.374012 0.000000 0.000000
F 2.687006 0.000000 2.687006
A 5.374012 -2.687006 2.687006


-29.020000	80810
6

K 0.000000 0.000000 0.000000
L 2.687006 2.687006 0.000000
V 0.000000 5.374012 0.000000
F 0.000000 2.687006 -2.687006
F 2.687006 5.374012 -2.687006
A 2.687006 2.687006 -5.374012


-29.020000	36510
6

K 0.000000 0.000000 0.000000
L 2.687006 2.687006 0.000000
V 0.000000 5.374012 0.000000
F 2.687006 5.374012 -2.687006
F 0.000000 2.687006 -2.687006
A 0.000000 5.374012 -5.374012


-29.020000	90910
6

K 0.000000 0.000000 0.000000
L 2.687006 2.687006 0.000000
V 0.000000 5.374012 0.000000
F 0.000000 2.687006 2.687006
F 2.687006 5.374012 2.687006
A 2.687006 2.687006 5.374012


-29.020000	46410
6

K 0.000000 0.000000 0.000000
L 2.687006 2.687006 0.000000
V 0.000000 5.374012 0.000000
F 2.687006 5.374012 2.687006
F 0.000000 2.687006 2.687006
A 2.687006 2.687006 5.374012


-29.020000	a0810
6

K 0.000000 0.000000 0.000000
L 2.687006 2.687006 0.000000
V 0.000000 5.374012 0.000000
F 0.000000 2.687006 -2.687006
F 2.687006 5.374012 -2.687006
A 0.000000 5.374012 -5.374012


-29.020000	56510
6

K 0.000000 0.000000 0.000000
L 2.687006 2.687006 0.000000
V 0.000000 5.374012 0.000000
F 2.687006 5.374012 -2.687006
F 0.000000 2.687006 -2.687006
A 2.687006 2.687006 -5.374012


-29.020000	b0910
6

K 0.000000 0.000000 0.000000
L 2.687006 2.687006 0.000000
V 0.000000 5.374012 0.000000
F 0.000000 2.687006 2.687006
F 2.687006 5.374012 2.687006
A 0.000000 5.374012 5.374012


-29.020000	95640
6

K 0.000000 0.000000 0.000000
L 2.687006 2.687006 0.000000
V 5.374012 2.687006 2.687006
F 2.687006 0.000000 2.687006
F 5.374012 0.000000 0.000000
A 5.374012 -2.687006 2.687006


-28.690000	6b0a0
6

K 0.000000 0.000000 0.000000
L 2.687006 2.687006 0.000000
V 0.000000 2.687006 -2.687006
F 2.687006 5.374012 -2.687006
F 0.000000 5.374012 0.000000
A -2.687006 2.687006 0.000000


-28.370000	237a0
6

K 0.000000 0.000000 0.000000
L 2.687006 2.687006 0.000000
V 0.000000 2.687006 -2.687006
F 2.687006 0.000000 -2.687006
F 2.687006 2.687006 -5.374012
A 2.687006 5.374012 -2.687006


-28.370000	50ba0
6

K 0.000000 0.000000 0.000000
L 2.687006 2.687006 0.000000
V 0.000000 2.687006 -2.687006
F -2.687006 2.687006 0.000000
F 0.000000 5.374012 0.000000
A 2.687006 5.374012 -2.687006


-28.270000	362a0
6

K 0.000000 0.000000 0.000000
L 2.687006 2.687006 0.000000
V 0.000000 2.687006 -2.687006
F 0.000000 5.374012 0.000000
F -2.687006 2.687006 0.000000
A -2.687006 5.374012 -2.687006


-28.270000	a0ba0
6

K 0.000000 0.000000 0.000000
L 2.687006 2.687006 0.000000
V 0.000000 2.687006 -2.687006
F -2.687006 2.687006 0.000000
F 0.000000 5.374012 0.000000
A -2.687006 5.374012 -2.687006


-28.270000	348a0
6

K 0.000000 0.000000 0.000000
L 2.687006 2.687006 0.000000
V 0.000000 2.687006 -2.687006
F 0.000000 0.000000 -5.374012
F 2.687006 0.000000 -2.687006
A 2.687006 2.687006 -5.374012


-28.270000	a95a0
6

K 0.000000 0.000000 0.000000
L 2.687006 2.687006 0.000000
V 0.000000 2.687006 -2.687006
F 2.687006 2.687006 -5.374012
F 2.687006 0.000000 -2.687006
A 0.000000 0.000000 -5.374012


-28.270000	0a7a0
6

K 0.000000 0.000000 0.000000
L 2.687006 2.687006 0.000000
V 0.000000 2.687006 -2.687006
F 2.687006 0.000000 -2.687006
F 0.000000 0.000000 -5.374012
A 2.687006 2.687006 -5.374012


-28.270000	637a0
6

K 0.000000 0.000000 0.000000
L 2.687006 2.687006 0.000000
V 0.000000 2.687006 -2.687006
F 2.687006 0.000000 -2.687006
F 2.687006 2.687006 -5.374012
A 0.000000 0.000000 -5.374012


-28.250000	05640
6

K 0.000000 0.000000 0.000000
L 2.687006 2.687006 0.000000
V 5.374012 2.687006 2.687006
F 2.687006 0.000000 2.687006
F 5.374012 0.000000 0.000000
A 8.061017 2.687006 0.000000


-28.250000	16510
6

K 0.000000 0.000000 0.000000
L 2.687006 2.687006 0.000000
V 0.000000 5.374012 0.000000
F 2.687006 5.374012 -2.687006
F 0.000000 2.687006 -2.687006
A -2.687006 5.374012 -2.687006


-28.250000	16410
6

K 0.000000 0.000000 0.000000
L 2.687006 2.687006 0.000000
V 0.000000 5.374012 0.000000
F 2.687006 5.374012 2.687006
F 0.000000 2.687006 2.687006
A -2.687006 5.374012 2.687006


-28.250000	45640
6

K 0.000000 0.000000 0.000000
L 2.687006 2.687006 0.000000
V 5.374012 2.687006 2.687006
F 2.687006 0.000000 2.687006
F 5.374012 0.000000 0.000000
A 8.061017 0.000000 2.687006


-28.250000	452a0
6

K 0.000000 0.000000 0.000000
L 2.687006 2.687006 0.000000
V 0.000000 2.687006 -2.687006
F 0.000000 5.374012 0.000000
F 2.687006 5.374012 -2.687006
A 5.374012 5.374012 0.000000


-28.250000	10910
6

K 0.000000 0.000000 0.000000
L 2.687006 2.687006 0.000000
V 0.000000 5.374012 0.000000
F 0.000000 2.687006 2.687006
F 2.687006 5.374012 2.687006
A 0.000000 8.061017 2.687006


-28.250000	10810
6

K 0.000000 0.000000 0.000000
L 2.687006 2.687006 0.000000
V 0.000000 5.374012 0.000000
F 0.000000 2.687006 -2.687006
F 2.687006 5.374012 -2.687006
A 0.000000 8.061017 -2.687006


-28.250000	752a0
6

K 0.000000 0.000000 0.000000
L 2.687006 2.687006 0.000000
V 0.000000 2.687006 -2.687006
F 0.000000 5.374012 0.000000
F 2.687006 5.374012 -2.687006
A 5.374012 2.687006 -2.687006


-28.250000	20810
6

K 0.000000 0.000000 0.000000
L 2.687006 2.687006 0.000000
V 0.000000 5.374012 0.000000
F 0.000000 2.687006 -2.687006
F 2.687006 5.374012 -2.687006
A 2.687006 8.061017 0.000000


-28.250000	30910
6

K 0.000000 0.000000 0.000000
L 2.687006 2.687006 0.000000
V 0.000000 5.374012 0.000000
F 0.000000 2.687006 2.687006
F 2.687006 5.374012 2.687006
A 2.687006 8.061017 0.000000


-28.250000	2b840
6

K 0.000000 0.000000 0.000000
L 2.687006 2.687006 0.000000
V 5.374012 2.687006 2.687006
F 5.374012 0.000000 0.000000
F 2.687006 0.000000 2.687006
A 2.687006 2.687006 5.374012


-28.250000	4b0a0
6

K 0.000000 0.000000 0.000000
L 2.687006 2.687006 0.000000
V 0.000000 2.687006 -2.687006
F 2.687006 5.374012 -2.687006
F 0.000000 5.374012 0.000000
A 2.687006 5.374012 2.687006


-28.250000	4b840
6

K 0.000000 0.000000 0.000000
L 2.687006 2.687006 0.000000
V 5.374012 2.687006 2.687006
F 5.374012 0.000000 0.000000
F 2.687006 0.000000 2.687006
A 5.374012 0.000000 5.374012


-28.180000	76140
6

K 0.000000 0.000000 0.000000
L 2.687006 2.687006 0.000000
V 5.374012 2.687006 2.687006
F 2.687006 5.374012 2.687006
F 0.000000 2.687006 2.687006
A 2.687006 0.000000 2.687006


-28.150000	152a0
6

K 0.000000 0.000000 0.000000
L 2.687006 2.687006 0.000000
V 0.000000 2.687006 -2.687006
F 0.000000 5.374012 0.000000
F 2.687006 5.374012 -2.687006
A 0.000000 8.061017 -2.687006


-28.150000	252a0
6

K 0.000000 0.000000 0.000000
L 2.687006 2.687006 0.000000
V 0.000000 2.687006 -2.687006
F 0.000000 5.374012 0.000000
F 2.687006 5.374012 -2.687006
A 2.687006 8.061017 0.000000


-28.150000	0b0a0
6

K 0.000000 0.000000 0.000000
L 2.687006 2.687006 0.000000
V 0.000000 2.687006 -2.687006
F 2.687006 5.374012 -2.687006
F 0.000000 5.374012 0.000000
A 2.687006 8.061017 0.000000


-28.150000	3b0a0
6

K 0.000000 0.000000 0.000000
L 2.687006 2.687006 0.000000
V 0.000000 2.687006 -2.687006
F 2.687006 5.374012 -2.687006
F 0.000000 5.374012 0.000000
A 0.000000 8.061017 -2.687006


-28.080000	642a0
6

K 0.000000 0.000000 0.000000
L 2.687006 2.687006 0.000000
V 0.000000 2.687006 -2.687006
F 0.000000 5.374012 0.000000
F 2.687006 5.374012 2.687006
A 0.000000 2.687006 2.687006


-27.960000	a2640
6

K 0.000000 0.000000 0.000000
L 2.687006 2.687006 0.000000
V 5.374012 2.687006 2.687006
F 2.687006 0.000000 2.687006
F 2.687006 2.687006 5.374012
A 0.000000 2.687006 2.687006


-27.960000	18b40
6

K 0.000000 0.000000 0.000000
L 2.687006 2.687006 0.000000
V 5.374012 2.687006 2.687006
F 2.687006 2.687006 5.374012
F 2.687006 0.000000 2.687006
A 0.000000 2.687006 2.687006


-27.760000	08640
6

K 0.000000 0.000000 0.000000
L 2.687006 2.687006 0.000000
V 5.374012 2.687006 2.687006
F 2.687006 0.000000 2.687006
F 2.687006 -2.687006 0.000000
A 5.374012 0.000000 0.000000


-27.640000	26a00
6

K 0.000000 0.000000 0.000000
L 2.687006 2.687006 0.000000
V 5.374012 5.374012 0.000000
F 2.687006 5.374012 -2.687006
F 0.000000 2.687006 -2.687006
A 0.000000 5.374012 0.000000


-27.640000	36b00
6

K 0.000000 0.000000 0.000000
L 2.687006 2.687006 0.000000
V 5.374012 5.374012 0.000000
F 2.687006 5.374012 2.687006
F 0.000000 2.687006 2.687006
A 0.000000 5.374012 0.000000


-27.640000	36140
6

K 0.000000 0.000000 0.000000
L 2.687006 2.687006 0.000000
V 5.374012 2.687006 2.687006
F 2.687006 5.374012 2.687006
F 0.000000 2.687006 2.687006
A 0.000000 5.374012 0.000000


-27.640000	46800
6

K 0.000000 0.000000 0.000000
L 2.687006 2.687006 0.000000
V 5.374012 5.374012 0.000000
F 5.374012 2.687006 -2.687006
F 2.687006 0.000000 -2.687006
A 5.374012 0.000000 0.000000


-27.640000	56900
6

K 0.000000 0.000000 0.000000
L 2.687006 2.687006 0.000000
V 5.374012 5.374012 0.000000
F 5.374012 2.687006 2.687006
F 2.687006 0.000000 2.687006
A 5.374012 0.000000 0.000000


-27.640000	0a840
6

K 0.000000 0.000000 0.000000
L 2.687006 2.687006 0.000000
V 5.374012 2.687006 2.687006
F 5.374012 0.000000 0.000000
F 2.687006 0.000000 -2.687006
A 5.374012 2.687006 -2.687006


-27.380000	ab0a0
6

K 0.000000 0.000000 0.000000
L 2.687006 2.687006 0.000000
V 0.000000 2.687006 -2.687006
F 2.687006 5.374012 -2.687006
F 0.000000 5.374012 0.000000
A -2.687006 5.374012 -2.687006


-27.380000	852a0
6

K 0.000000 0.000000 0.000000
L 2.687006 2.687006 0.000000
V 0.000000 2.687006 -2.687006
F 0.000000 5.374012 0.000000
F 2.687006 5.374012 -2.687006
A 2.687006 2.687006 -5.374012


-27.380000	a52a0
6

K 0.000000 0.000000 0.000000
L 2.687006 2.687006 0.000000
V 0.000000 2.687006 -2.687006
F 0.000000 5.374012 0.000000
F 2.687006 5.374012 -2.687006
A 0.000000 5.374012 -5.374012


-27.310000	670a0
6

K 0.000000 0.000000 0.000000
L 2.687006 2.687006 0.000000
V 0.000000 2.687006 -2.687006
F 2.687006 5.374012 -2.687006
F 5.374012 2.687006 -2.687006
A 2.687006 0.000000 -2.687006


-27.090000	81910
6

K 0.000000 0.000000 0.000000
L 2.687006 2.687006 0.000000
V 0.000000 5.374012 0.000000
F 0.000000 2.687006 2.687006
F -2.687006 5.374012 2.687006
A -2.687006 2.687006 0.000000


-27.090000	91810
6

K 0.000000 0.000000 0.000000
L 2.687006 2.687006 0.000000
V 0.000000 5.374012 0.000000
F 0.000000 2.687006 -2.687006
F -2.687006 5.374012 -2.687006
A -2.687006 2.687006 0.000000


-27.090000	a7b10
6

K 0.000000 0.000000 0.000000
L 2.687006 2.687006 0.000000
V 0.000000 5.374012 0.000000
F -2.687006 5.374012 2.687006
F 0.000000 2.687006 2.687006
A -2.687006 2.687006 0.000000


-27.090000	b7a10
6

K 0.000000 0.000000 0.000000
L 2.687006 2.687006 0.000000
V 0.000000 5.374012 0.000000
F -2.687006 5.374012 -2.687006
F 0.000000 2.687006 -2.687006
A -2.687006 2.687006 0.000000


-27.070000	6b340
6

K 0.000000 0.000000 0.000000
L 2.687006 2.687006 0.000000
V 5.374012 2.687006 2.687006
F 5.374012 5.374012 0.000000
F 2.687006 5.374012 2.687006
A 0.000000 2.687006 2.687006


-27.070000	67b00
6

K 0.000000 0.000000 0.000000
L 2.687006 2.687006 0.000000
V 5.374012 5.374012 0.000000
F 2.687006 5.374012 2.687006
F 5.374012 2.687006 2.687006
A 2.687006 0.000000 2.687006


-27.070000	67a00
6

K 0.000000 0.000000 0.000000
L 2.687006 2.687006 0.000000
V 5.374012 5.374012 0.000000
F 2.687006 5.374012 -2.687006
F 5.374012 2.687006 -2.687006
A 2.687006 0.000000 -2.687006


-27.070000	61900
6

K 0.000000 0.000000 0.000000
L 2.687006 2.687006 0.000000
V 5.374012 5.374012 0.000000
F 5.374012 2.687006 2.687006
F 2.687006 5.374012 2.687006
A 0.000000 2.687006 2.687006


-27.070000	61800
6

K 0.000000 0.000000 0.000000
L 2.687006 2.687006 0.000000
V 5.374012 5.374012 0.000000
F 5.374012 2.687006 -2.687006
F 2.687006 5.374012 -2.687006
A 0.000000 2.687006 -2.687006


-26.770000	270a0
6

K 0.000000 0.000000 0.000000
L 2.687006 2.687006 0.000000
V 0.000000 2.687006 -2.687006
F 2.687006 5.374012 -2.687006
F 5.374012 2.687006 -2.687006
A 5.374012 5.374012 0.000000


-26.770000	46140
6

K 0.000000 0.000000 0.000000
L 2.687006 2.687006 0.000000
V 5.374012 2.687006 2.687006
F 2.687006 5.374012 2.687006
F 0.000000 2.687006 2.687006
A 2.687006 2.687006 5.374012


-26.770000	840a0
6

K 0.000000 0.000000 0.000000
L 2.687006 2.687006 0.000000
V 0.000000 2.687006 -2.687006
F 2.687006 5.374012 -2.687006
F 5.374012 5.374012 0.000000
A 5.374012 2.687006 -2.687006


-26.630000	b47a0
6

K 0.000000 0.000000 0.000000
L 2.687006 2.687006 0.000000
V 0.000000 2.687006 -2.687006
F 2.687006 0.000000 -2.687006
F 5.374012 0.000000 0.000000
A 2.687006 0.000000 2.687006


-26.630000	792a0
6

K 0.000000 0.000000 0.000000
L 2.687006 2.687006 0.000000
V 0.000000 2.687006 -2.687006
F 0.000000 5.374012 0.000000
F 0.000000 2.687006 2.687006
A 2.687006 0.000000 2.687006


-26.530000	647a0
6

K 0.000000 0.000000 0.000000
L 2.687006 2.687006 0.000000
V 0.000000 2.687006 -2.687006
F 2.687006 0.000000 -2.687006
F 5.374012 0.000000 0.000000
A 2.687006 -2.687006 0.000000


-26.510000	75610
6

K 0.000000 0.000000 0.000000
L 2.687006 2.687006 0.000000
V 0.000000 5.374012 0.000000
F -2.687006 2.687006 0.000000
F 0.000000 2.687006 -2.687006
A 2.687006 0.000000 -2.687006


-26.510000	74610
6

K 0.000000 0.000000 0.000000
L 2.687006 2.687006 0.000000
V 0.000000 5.374012 0.000000
F -2.687006 2.687006 0.000000
F 0.000000 2.687006 2.687006
A 2.687006 0.000000 2.687006


-26.410000	8b810
6

K 0.000000 0.000000 0.000000
L 2.687006 2.687006 0.000000
V 0.000000 5.374012 0.000000
F 0.000000 2.687006 -2.687006
F -2.687006 2.687006 0.000000
A -2.687006 0.000000 -2.687006


-26.410000	9a910
6

K 0.000000 0.000000 0.000000
L 2.687006 2.687006 0.000000
V 0.000000 5.374012 0.000000
F 0.000000 2.687006 2.687006
F -2.687006 2.687006 0.000000
A -2.687006 0.000000 2.687006


-26.410000	65610
6

K 0.000000 0.000000 0.000000
L 2.687006 2.687006 0.000000
V 0.000000 5.374012 0.000000
F -2.687006 2.687006 0.000000
F 0.000000 2.687006 -2.687006
A -2.687006 0.000000 -2.687006


-26.410000	64610
6

K 0.000000 0.000000 0.000000
L 2.687006 2.687006 0.000000
V 0.000000 5.374012 0.000000
F -2.687006 2.687006 0.000000
F 0.000000 2.687006 2.687006
A -2.687006 0.000000 2.687006


-26.320000	980a0
6

K 0.000000 0.000000 0.000000
L 2.687006 2.687006 0.000000
V 0.000000 2.687006 -2.687006
F 2.687006 5.374012 -2.687006
F 2.687006 2.687006 -5.374012
A 2.687006 0.000000 -2.687006


-26.220000	9a2a0
6

K 0.000000 0.000000 0.000000
L 2.687006 2.687006 0.000000
V 0.000000 2.687006 -2.687006
F 0.000000 5.374012 0.000000
F -2.687006 5.374012 -2.687006
A -2.687006 2.687006 0.000000


-26.220000	641a0
6

K 0.000000 0.000000 0.000000
L 2.687006 2.687006 0.000000
V 0.000000 2.687006 -2.687006
F -2.687006 5.374012 -2.687006
F 0.000000 5.374012 0.000000
A -2.687006 2.687006 0.000000


-26.210000	097a0
6

K 0.000000 0.000000 0.000000
L 2.687006 2.687006 0.000000
V 0.000000 2.687006 -2.687006
F 2.687006 0.000000 -2.687006
F 2.687006 -2.687006 0.000000
A 5.374012 0.000000 0.000000


-26.190000	47810
6

K 0.000000 0.000000 0.000000
L 2.687006 2.687006 0.000000
V 0.000000 5.374012 0.000000
F 0.000000 2.687006 -2.687006
F 2.687006 0.000000 -2.687006
A 5.374012 0.000000 0.000000


-26.190000	57910
6

K 0.000000 0.000000 0.000000
L 2.687006 2.687006 0.000000
V 0.000000 5.374012 0.000000
F 0.000000 2.687006 2.687006
F 2.687006 0.000000 2.687006
A 5.374012 0.000000 0.000000


-26.190000	31640
6

K 0.000000 0.000000 0.000000
L 2.687006 2.687006 0.000000
V 5.374012 2.687006 2.687006
F 2.687006 0.000000 2.687006
F 0.000000 2.687006 2.687006
A 0.000000 5.374012 0.000000


-26.190000	07910
6

K 0.000000 0.000000 0.000000
L 2.687006 2.687006 0.000000
V 0.000000 5.374012 0.000000
F 0.000000 2.687006 2.687006
F 2.687006 0.000000 2.687006
A 5.374012 2.687006 2.687006


-26.190000	07810
6

K 0.000000 0.000000 0.000000
L 2.687006 2.687006 0.000000
V 0.000000 5.374012 0.000000
F 0.000000 2.687006 -2.687006
F 2.687006 0.000000 -2.687006
A 5.374012 2.687006 -2.687006


-26.090000	27910
6

K 0.000000 0.000000 0.000000
L 2.687006 2.687006 0.000000
V 0.000000 5.374012 0.000000
F 0.000000 2.687006 2.687006
F 2.687006 0.000000 2.687006
A 2.687006 2.687006 5.374012


-26.090000	91640
6

K 0.000000 0.000000 0.000000
L 2.687006 2.687006 0.000000
V 5.374012 2.687006 2.687006
F 2.687006 0.000000 2.687006
F 0.000000 2.687006 2.687006
A 0.000000 0.000000 5.374012


-26.090000	37810
6

K 0.000000 0.000000 0.000000
L 2.687006 2.687006 0.000000
V 0.000000 5.374012 0.000000
F 0.000000 2.687006 -2.687006
F 2.687006 0.000000 -2.687006
A 2.687006 2.687006 -5.374012


-26.090000	a7810
6

K 0.000000 0.000000 0.000000
L 2.687006 2.687006 0.000000
V 0.000000 5.374012 0.000000
F 0.000000 2.687006 -2.687006
F 2.687006 0.000000 -2.687006
A 0.000000 0.000000 -5.374012


-26.090000	b7910
6

K 0.000000 0.000000 0.000000
L 2.687006 2.687006 0.000000
V 0.000000 5.374012 0.000000
F 0.000000 2.687006 2.687006
F 2.687006 0.000000 2.687006
A 0.000000 0.000000 5.374012


-25.900000	43ba0
6

K 0.000000 0.000000 0.000000
L 2.687006 2.687006 0.000000
V 0.000000 2.687006 -2.687006
F -2.687006 2.687006 0.000000
F -2.687006 5.374012 -2.687006
A 0.000000 5.374012 0.000000


-25.900000	a70a0
6

K 0.000000 0.000000 0.000000
L 2.687006 2.687006 0.000000
V 0.000000 2.687006 -2.687006
F 2.687006 5.374012 -2.687006
F 5.374012 2.687006 -2.687006
A 2.687006 2.687006 -5.374012


-25.900000	091a0
6

K 0.000000 0.000000 0.000000
L 2.687006 2.687006 0.000000
V 0.000000 2.687006 -2.687006
F -2.687006 5.374012 -2.687006
F -2.687006 2.687006 0.000000
A 0.000000 5.374012 0.000000


-25.880000	5a940
6

K 0.000000 0.000000 0.000000
L 2.687006 2.687006 0.000000
V 5.374012 2.687006 2.687006
F 5.374012 0.000000 5.374012
F 2.687006 0.000000 2.687006
A 5.374012 0.000000 0.000000


-25.880000	58b40
6

K 0.000000 0.000000 0.000000
L 2.687006 2.687006 0.000000
V 5.374012 2.687006 2.687006
F 2.687006 2.687006 5.374012
F 2.687006 0.000000 2.687006
A 5.374012 0.000000 0.000000


-25.880000	32640
6

K 0.000000 0.000000 0.000000
L 2.687006 2.687006 0.000000
V 5.374012 2.687006 2.687006
F 2.687006 0.000000 2.687006
F 2.687006 2.687006 5.374012
A 2.687006 5.374012 2.687006


-25.880000	07b10
6

K 0.000000 0.000000 0.000000
L 2.687006 2.687006 0.000000
V 0.000000 5.374012 0.000000
F -2.687006 5.374012 2.687006
F 0.000000 2.687006 2.687006
A 2.687006 5.374012 2.687006


-25.880000	07a10
6

K 0.000000 0.000000 0.000000
L 2.687006 2.687006 0.000000
V 0.000000 5.374012 0.000000
F -2.687006 5.374012 -2.687006
F 0.000000 2.687006 -2.687006
A 2.687006 5.374012 -2.687006


-25.780000	480a0
6

K 0.000000 0.000000 0.000000
L 2.687006 2.687006 0.000000
V 0.000000 2.687006 -2.687006
F 2.687006 5.374012 -2.687006
F 2.687006 2.687006 -5.374012
A 5.374012 2.687006 -2.687006


-25.780000	48b40
6

K 0.000000 0.000000 0.000000
L 2.687006 2.687006 0.000000
V 5.374012 2.687006 2.687006
F 2.687006 2.687006 5.374012
F 2.687006 0.000000 2.687006
A 5.374012 0.000000 5.374012


-25.780000	14640
6

K 0.000000 0.000000 0.000000
L 2.687006 2.687006 0.000000
V 5.374012 2.687006 2.687006
F 2.687006 0.000000 2.687006
F 5.374012 0.000000 5.374012
A 2.687006 2.687006 5.374012


-25.780000	2a940
6

K 0.000000 0.000000 0.000000
L 2.687006 2.687006 0.000000
V 5.374012 2.687006 2.687006
F 5.374012 0.000000 5.374012
F 2.687006 0.000000 2.687006
A 2.687006 2.687006 5.374012


-25.780000	72640
6

K 0.000000 0.000000 0.000000
L 2.687006 2.687006 0.000000
V 5.374012 2.687006 2.687006
F 2.687006 0.000000 2.687006
F 2.687006 2.687006 5.374012
A 5.374012 0.000000 5.374012


-25.780000	725a0
6

K 0.000000 0.000000 0.000000
L 2.687006 2.687006 0.000000
V 0.000000 2.687006 -2.687006
F 2.687006 2.687006 -5.374012
F 2.687006 5.374012 -2.687006
A 5.374012 2.687006 -2.687006


-25.760000	a1900
6

K 0.000000 0.000000 0.000000
L 2.687006 2.687006 0.000000
V 5.374012 5.374012 0.000000
F 5.374012 2.687006 2.687006
F 2.687006 5.374012 2.687006
A 0.000000 5.374012 0.000000


-25.760000	b1800
6

K 0.000000 0.000000 0.000000
L 2.687006 2.687006 0.000000
V 5.374012 5.374012 0.000000
F 5.374012 2.687006 -2.687006
F 2.687006 5.374012 -2.687006
A 0.000000 5.374012 0.000000


-25.760000	ab340
6

K 0.000000 0.000000 0.000000
L 2.687006 2.687006 0.000000
V 5.374012 2.687006 2.687006
F 5.374012 5.374012 0.000000
F 2.687006 5.374012 2.687006
A 0.000000 5.374012 0.000000


-25.760000	87b00
6

K 0.000000 0.000000 0.000000
L 2.687006 2.687006 0.000000
V 5.374012 5.374012 0.000000
F 2.687006 5.374012 2.687006
F 5.374012 2.687006 2.687006
A 5.374012 0.000000 0.000000


-25.760000	97a00
6

K 0.000000 0.000000 0.000000
L 2.687006 2.687006 0.000000
V 5.374012 5.374012 0.000000
F 2.687006 5.374012 -2.687006
F 5.374012 2.687006 -2.687006
A 5.374012 0.000000 0.000000


-25.760000	85140
6

K 0.000000 0.000000 0.000000
L 2.687006 2.687006 0.000000
V 5.374012 2.687006 2.687006
F 2.687006 5.374012 2.687006
F 5.374012 5.374012 0.000000
A 5.374012 2.687006 -2.687006


-25.760000	a5140
6

K 0.000000 0.000000 0.000000
L 2.687006 2.687006 0.000000
V 5.374012 2.687006 2.687006
F 2.687006 5.374012 2.687006
F 5.374012 5.374012 0.000000
A 2.687006 5.374012 -2.687006


-25.710000	26840
6

K 0.000000 0.000000 0.000000
L 2.687006 2.687006 0.000000
V 5.374012 2.687006 2.687006
F 5.374012 0.000000 0.000000
F 2.687006 -2.687006 0.000000
A 2.687006 0.000000 2.687006


-25.710000	7ab40
6

K 0.000000 0.000000 0.000000
L 2.687006 2.687006 0.000000
V 5.374012 2.687006 2.687006
F 2.687006 2.687006 5.374012
F 0.000000 2.687006 2.687006
A 2.687006 0.000000 2.687006


-25.660000	27b00
6

K 0.000000 0.000000 0.000000
L 2.687006 2.687006 0.000000
V 5.374012 5.374012 0.000000
F 2.687006 5.374012 2.687006
F 5.374012 2.687006 2.687006
A 5.374012 5.374012 5.374012


-25.660000	81800
6

K 0.000000 0.000000 0.000000
L 2.687006 2.687006 0.000000
V 5.374012 5.374012 0.000000
F 5.374012 2.687006 -2.687006
F 2.687006 5.374012 -2.687006
A 2.687006 2.687006 -5.374012


-25.660000	37a00
6

K 0.000000 0.000000 0.000000
L 2.687006 2.687006 0.000000
V 5.374012 5.374012 0.000000
F 2.687006 5.374012 -2.687006
F 5.374012 2.687006 -2.687006
A 5.374012 5.374012 -5.374012


-25.660000	91900
6

K 0.000000 0.000000 0.000000
L 2.687006 2.687006 0.000000
V 5.374012 5.374012 0.000000
F 5.374012 2.687006 2.687006
F 2.687006 5.374012 2.687006
A 2.687006 2.687006 5.374012


-25.660000	15140
6

K 0.000000 0.000000 0.000000
L 2.687006 2.687006 0.000000
V 5.374012 2.687006 2.687006
F 2.687006 5.374012 2.687006
F 5.374012 5.374012 0.000000
A 2.687006 8.061017 0.000000


-25.660000	25140
6

K 0.000000 0.000000 0.000000
L 2.687006 2.687006 0.000000
V 5.374012 2.687006 2.687006
F 2.687006 5.374012 2.687006
F 5.374012 5.374012 0.000000
A 5.374012 8.061017 2.687006


-25.660000	0b340
6

K 0.000000 0.000000 0.000000
L 2.687006 2.687006 0.000000
V 5.374012 2.687006 2.687006
F 5.374012 5.374012 0.000000
F 2.687006 5.374012 2.687006
A 5.374012 8.061017 2.687006


-25.660000	a7a00
6

K 0.000000 0.000000 0.000000
L 2.687006 2.687006 0.000000
V 5.374012 5.374012 0.000000
F 2.687006 5.374012 -2.687006
F 5.374012 2.687006 -2.687006
A 2.687006 2.687006 -5.374012


-25.660000	41900
6

K 0.000000 0.000000 0.000000
L 2.687006 2.687006 0.000000
V 5.374012 5.374012 0.000000
F 5.374012 2.687006 2.687006
F 2.687006 5.374012 2.687006
A 5.374012 5.374012 5.374012


-25.660000	b7b00
6

K 0.000000 0.000000 0.000000
L 2.687006 2.687006 0.000000
V 5.374012 5.374012 0.000000
F 2.687006 5.374012 2.687006
F 5.374012 2.687006 2.687006
A 2.687006 2.687006 5.374012


-25.660000	3b340
6

K 0.000000 0.000000 0.000000
L 2.687006 2.687006 0.000000
V 5.374012 2.687006 2.687006
F 5.374012 5.374012 0.000000
F 2.687006 5.374012 2.687006
A 2.687006 8.061017 0.000000


-25.660000	51800
6

K 0.000000 0.000000 0.000000
L 2.687006 2.687006 0.000000
V 5.374012 5.374012 0.000000
F 5.374012 2.687006 -2.687006
F 2.687006 5.374012 -2.687006
A 5.374012 5.374012 -5.374012


-25.590000	8ba00
6

K 0.000000 0.000000 0.000000
L 2.687006 2.687006 0.000000
V 5.374012 5.374012 0.000000
F 2.687006 5.374012 -2.687006
F 0.000000 5.374012 0.000000
A 0.000000 2.687006 -2.687006


-25.590000	9a140
6

K 0.000000 0.000000 0.000000
L 2.687006 2.687006 0.000000
V 5.374012 2.687006 2.687006
F 2.687006 5.374012 2.687006
F 0.000000 5.374012 0.000000
A 0.000000 2.687006 2.687006


-25.590000	9ab00
6

K 0.000000 0.000000 0.000000
L 2.687006 2.687006 0.000000
V 5.374012 5.374012 0.000000
F 2.687006 5.374012 2.687006
F 0.000000 5.374012 0.000000
A 0.000000 2.687006 2.687006


-25.590000	a9800
6

K 0.000000 0.000000 0.000000
L 2.687006 2.687006 0.000000
V 5.374012 5.374012 0.000000
F 5.374012 2.687006 -2.687006
F 5.374012 0.000000 0.000000
A 2.687006 0.000000 -2.687006


-25.590000	63840
6

K 0.000000 0.000000 0.000000
L 2.687006 2.687006 0.000000
V 5.374012 2.687006 2.687006
F 5.374012 0.000000 0.000000
F 5.374012 2.687006 -2.687006
A 2.687006 0.000000 -2.687006


-25.590000	b8900
6

K 0.000000 0.000000 0.000000
L 2.687006 2.687006 0.000000
V 5.374012 5.374012 0.000000
F 5.374012 2.687006 2.687006
F 5.374012 0.000000 0.000000
A 2.687006 0.000000 2.687006


-25.540000	9a7a0
6

K 0.000000 0.000000 0.000000
L 2.687006 2.687006 0.000000
V 0.000000 2.687006 -2.687006
F 2.687006 0.000000 -2.687006
F 0.000000 0.000000 -5.374012
A 0.000000 -2.687006 -2.687006


-25.540000	648a0
6

K 0.000000 0.000000 0.000000
L 2.687006 2.687006 0.000000
V 0.000000 2.687006 -2.687006
F 0.000000 0.000000 -5.374012
F 2.687006 0.000000 -2.687006
A 0.000000 -2.687006 -2.687006


-25.520000	6b840
6

K 0.000000 0.000000 0.000000
L 2.687006 2.687006 0.000000
V 5.374012 2.687006 2.687006
F 5.374012 0.000000 0.000000
F 2.687006 0.000000 2.687006
A 0.000000 -2.687006 2.687006


-25.520000	66510
6

K 0.000000 0.000000 0.000000
L 2.687006 2.687006 0.000000
V 0.000000 5.374012 0.000000
F 2.687006 5.374012 -2.687006
F 0.000000 2.687006 -2.687006
A -2.687006 0.000000 -2.687006


-25.520000	66410
6

K 0.000000 0.000000 0.000000
L 2.687006 2.687006 0.000000
V 0.000000 5.374012 0.000000
F 2.687006 5.374012 2.687006
F 0.000000 2.687006 2.687006
A -2.687006 0.000000 2.687006


-25.340000	367a0
6

K 0.000000 0.000000 0.000000
L 2.687006 2.687006 0.000000
V 0.000000 2.687006 -2.687006
F 2.687006 0.000000 -2.687006
F 0.000000 -2.687006 -2.687006
A 0.000000 0.000000 -5.374012


-25.320000	247a0
6

K 0.000000 0.000000 0.000000
L 2.687006 2.687006 0.000000
V 0.000000 2.687006 -2.687006
F 2.687006 0.000000 -2.687006
F 5.374012 0.000000 0.000000
A 5.374012 2.687006 2.687006


-25.320000	207a0
6

K 0.000000 0.000000 0.000000
L 2.687006 2.687006 0.000000
V 0.000000 2.687006 -2.687006
F 2.687006 0.000000 -2.687006
F 5.374012 2.687006 -2.687006
A 5.374012 5.374012 0.000000


-25.220000	807a0
6

K 0.000000 0.000000 0.000000
L 2.687006 2.687006 0.000000
V 0.000000 2.687006 -2.687006
F 2.687006 0.000000 -2.687006
F 5.374012 2.687006 -2.687006
A 5.374012 0.000000 -5.374012


-25.220000	192a0
6

K 0.000000 0.000000 0.000000
L 2.687006 2.687006 0.000000
V 0.000000 2.687006 -2.687006
F 0.000000 5.374012 0.000000
F 0.000000 2.687006 2.687006
A -2.687006 5.374012 2.687006


-25.220000	847a0
6

K 0.000000 0.000000 0.000000
L 2.687006 2.687006 0.000000
V 0.000000 2.687006 -2.687006
F 2.687006 0.000000 -2.687006
F 5.374012 0.000000 0.000000
A 5.374012 -2.687006 -2.687006


-25.010000	b43a0
6

K 0.000000 0.000000 0.000000
L 2.687006 2.687006 0.000000
V 0.000000 2.687006 -2.687006
F 0.000000 5.374012 -5.374012
F 2.687006 5.374012 -2.687006
A 0.000000 5.374012 0.000000


-25.010000	b25a0
6

K 0.000000 0.000000 0.000000
L 2.687006 2.687006 0.000000
V 0.000000 2.687006 -2.687006
F 2.687006 2.687006 -5.374012
F 2.687006 5.374012 -2.687006
A 0.000000 5.374012 0.000000


-25.010000	541a0
6

K 0.000000 0.000000 0.000000
L 2.687006 2.687006 0.000000
V 0.000000 2.687006 -2.687006
F -2.687006 5.374012 -2.687006
F 0.000000 5.374012 0.000000
A 2.687006 5.374012 -2.687006


-24.910000	a25a0
6

K 0.000000 0.000000 0.000000
L 2.687006 2.687006 0.000000
V 0.000000 2.687006 -2.687006
F 2.687006 2.687006 -5.374012
F 2.687006 5.374012 -2.687006
A 0.000000 5.374012 -5.374012


-24.910000	7a0a0
6

K 0.000000 0.000000 0.000000
L 2.687006 2.687006 0.000000
V 0.000000 2.687006 -2.687006
F 2.687006 5.374012 -2.687006
F 0.000000 5.374012 -5.374012
A 2.687006 2.687006 -5.374012


-24.910000	843a0
6

K 0.000000 0.000000 0.000000
L 2.687006 2.687006 0.000000
V 0.000000 2.687006 -2.687006
F 0.000000 5.374012 -5.374012
F 2.687006 5.374012 -2.687006
A 2.687006 2.687006 -5.374012


-24.910000	180a0
6

K 0.000000 0.000000 0.000000
L 2.687006 2.687006 0.000000
V 0.000000 2.687006 -2.687006
F 2.687006 5.374012 -2.687006
F 2.687006 2.687006 -5.374012
A 0.000000 5.374012 -5.374012


-24.890000	47a00
6

K 0.000000 0.000000 0.000000
L 2.687006 2.687006 0.000000
V 5.374012 5.374012 0.000000
F 2.687006 5.374012 -2.687006
F 5.374012 2.687006 -2.687006
A 8.061017 2.687006 0.000000


-24.890000	57b00
6

K 0.000000 0.000000 0.000000
L 2.687006 2.687006 0.000000
V 5.374012 5.374012 0.000000
F 2.687006 5.374012 2.687006
F 5.374012 2.687006 2.687006
A 8.061017 2.687006 0.000000


-24.890000	9b340
6

K 0.000000 0.000000 0.000000
L 2.687006 2.687006 0.000000
V 5.374012 2.687006 2.687006
F 5.374012 5.374012 0.000000
F 2.687006 5.374012 2.687006
A 2.687006 2.687006 5.374012


-24.890000	01900
6

K 0.000000 0.000000 0.000000
L 2.687006 2.687006 0.000000
V 5.374012 5.374012 0.000000
F 5.374012 2.687006 2.687006
F 2.687006 5.374012 2.687006
A 5.374012 8.061017 2.687006


-24.890000	45140
6

K 0.000000 0.000000 0.000000
L 2.687006 2.687006 0.000000
V 5.374012 2.687006 2.687006
F 2.687006 5.374012 2.687006
F 5.374012 5.374012 0.000000
A 8.061017 5.374012 2.687006


-24.890000	01800
6

K 0.000000 0.000000 0.000000
L 2.687006 2.687006 0.000000
V 5.374012 5.374012 0.000000
F 5.374012 2.687006 -2.687006
F 2.687006 5.374012 -2.687006
A 5.374012 8.061017 -2.687006


-24.890000	21800
6

K 0.000000 0.000000 0.000000
L 2.687006 2.687006 0.000000
V 5.374012 5.374012 0.000000
F 5.374012 2.687006 -2.687006
F 2.687006 5.374012 -2.687006
A 2.687006 8.061017 0.000000


-24.890000	31900
6

K 0.000000 0.000000 0.000000
L 2.687006 2.687006 0.000000
V 5.374012 5.374012 0.000000
F 5.374012 2.687006 2.687006
F 2.687006 5.374012 2.687006
A 2.687006 8.061017 0.000000


-24.890000	75140
6

K 0.000000 0.000000 0.000000
L 2.687006 2.687006 0.000000
V 5.374012 2.687006 2.687006
F 2.687006 5.374012 2.687006
F 5.374012 5.374012 0.000000
A 8.061017 2.687006 0.000000


-24.890000	07b00
6

K 0.000000 0.000000 0.000000
L 2.687006 2.687006 0.000000
V 5.374012 5.374012 0.000000
F 2.687006 5.374012 2.687006
F 5.374012 2.687006 2.687006
A 8.061017 5.374012 2.687006


-24.890000	4b340
6

K 0.000000 0.000000 0.000000
L 2.687006 2.687006 0.000000
V 5.374012 2.687006 2.687006
F 5.374012 5.374012 0.000000
F 2.687006 5.374012 2.687006
A 5.374012 5.374012 5.374012


-24.890000	07a00
6

K 0.000000 0.000000 0.000000
L 2.687006 2.687006 0.000000
V 5.374012 5.374012 0.000000
F 2.687006 5.374012 -2.687006
F 5.374012 2.687006 -2.687006
A 8.061017 5.374012 -2.687006


-24.840000	645a0
6

K 0.000000 0.000000 0.000000
L 2.687006 2.687006 0.000000
V 0.000000 2.687006 -2.687006
F 2.687006 2.687006 -5.374012
F 5.374012 2.687006 -2.687006
A 2.687006 0.000000 -2.687006


-24.770000	ba7a0
6

K 0.000000 0.000000 0.000000
L 2.687006 2.687006 0.000000
V 0.000000 2.687006 -2.687006
F 2.687006 0.000000 -2.687006
F 0.000000 0.000000 -5.374012
A -2.687006 0.000000 -2.687006


-24.770000	862a0
6

K 0.000000 0.000000 0.000000
L 2.687006 2.687006 0.000000
V 0.000000 2.687006 -2.687006
F 0.000000 5.374012 0.000000
F -2.687006 2.687006 0.000000
A -2.687006 0.000000 -2.687006


-24.720000	48b10
6

K 0.000000 0.000000 0.000000
L 2.687006 2.687006 0.000000
V 0.000000 5.374012 0.000000
F -2.687006 5.374012 2.687006
F -2.687006 2.687006 0.000000
A 0.000000 2.687006 2.687006


-24.720000	59a10
6

K 0.000000 0.000000 0.000000
L 2.687006 2.687006 0.000000
V 0.000000 5.374012 0.000000
F -2.687006 5.374012 -2.687006
F -2.687006 2.687006 0.000000
A 0.000000 2.687006 -2.687006


-24.720000	73610
6

K 0.000000 0.000000 0.000000
L 2.687006 2.687006 0.000000
V 0.000000 5.374012 0.000000
F -2.687006 2.687006 0.000000
F -2.687006 5.374012 -2.687006
A 0.000000 2.687006 -2.687006


-24.720000	72610
6

K 0.000000 0.000000 0.000000
L 2.687006 2.687006 0.000000
V 0.000000 5.374012 0.000000
F -2.687006 2.687006 0.000000
F -2.687006 5.374012 2.687006
A 0.000000 2.687006 2.687006


-24.600000	a9140
6

K 0.000000 0.000000 0.000000
L 2.687006 2.687006 0.000000
V 5.374012 2.687006 2.687006
F 2.687006 5.374012 2.687006
F 2.687006 2.687006 5.374012
A 0.000000 2.687006 2.687006


-24.600000	63b40
6

K 0.000000 0.000000 0.000000
L 2.687006 2.687006 0.000000
V 5.374012 2.687006 2.687006
F 2.687006 2.687006 5.374012
F 2.687006 5.374012 2.687006
A 0.000000 2.687006 2.687006


-24.450000	026a0
6

K 0.000000 0.000000 0.000000
L 2.687006 2.687006 0.000000
V 0.000000 2.687006 -2.687006
F -2.687006 0.000000 -2.687006
F -2.687006 2.687006 0.000000
A 0.000000 5.374012 0.000000


-24.400000	37640
6

K 0.000000 0.000000 0.000000
L 2.687006 2.687006 0.000000
V 5.374012 2.687006 2.687006
F 2.687006 0.000000 2.687006
F 5.374012 -2.687006 2.687006
A 5.374012 0.000000 0.000000


-24.400000	25810
6

K 0.000000 0.000000 0.000000
L 2.687006 2.687006 0.000000
V 0.000000 5.374012 0.000000
F 0.000000 2.687006 -2.687006
F 2.687006 2.687006 -5.374012
A 2.687006 5.374012 -2.687006


-24.400000	34910
6

K 0.000000 0.000000 0.000000
L 2.687006 2.687006 0.000000
V 0.000000 5.374012 0.000000
F 0.000000 2.687006 2.687006
F 2.687006 2.687006 5.374012
A 2.687006 5.374012 2.687006


-24.400000	43810
6

K 0.000000 0.000000 0.000000
L 2.687006 2.687006 0.000000
V 0.000000 5.374012 0.000000
F 0.000000 2.687006 -2.687006
F 0.000000 5.374012 -5.374012
A 2.687006 5.374012 -2.687006


-24.400000	0ab40
6

K 0.000000 0.000000 0.000000
L 2.687006 2.687006 0.000000
V 5.374012 2.687006 2.687006
F 2.687006 2.687006 5.374012
F 0.000000 2.687006 2.687006
A 2.687006 5.374012 2.687006


-24.400000	52910
6

K 0.000000 0.000000 0.000000
L 2.687006 2.687006 0.000000
V 0.000000 5.374012 0.000000
F 0.000000 2.687006 2.687006
F 0.000000 5.374012 5.374012
A 2.687006 5.374012 2.687006


-24.330000	495a0
6

K 0.000000 0.000000 0.000000
L 2.687006 2.687006 0.000000
V 0.000000 2.687006 -2.687006
F 2.687006 2.687006 -5.374012
F 2.687006 0.000000 -2.687006
A 5.374012 0.000000 0.000000


-24.330000	048a0
6

K 0.000000 0.000000 0.000000
L 2.687006 2.687006 0.000000
V 0.000000 2.687006 -2.687006
F 0.000000 0.000000 -5.374012
F 2.687006 0.000000 -2.687006
A 5.374012 2.687006 -2.687006


-24.330000	448a0
6

K 0.000000 0.000000 0.000000
L 2.687006 2.687006 0.000000
V 0.000000 2.687006 -2.687006
F 0.000000 0.000000 -5.374012
F 2.687006 0.000000 -2.687006
A 5.374012 0.000000 0.000000


-24.330000	2b810
6

K 0.000000 0.000000 0.000000
L 2.687006 2.687006 0.000000
V 0.000000 5.374012 0.000000
F 0.000000 2.687006 -2.687006
F -2.687006 2.687006 0.000000
A -2.687006 5.374012 2.687006


-24.330000	40ba0
6

K 0.000000 0.000000 0.000000
L 2.687006 2.687006 0.000000
V 0.000000 2.687006 -2.687006
F -2.687006 2.687006 0.000000
F 0.000000 5.374012 0.000000
A 2.687006 5.374012 2.687006


-24.330000	3a910
6

K 0.000000 0.000000 0.000000
L 2.687006 2.687006 0.000000
V 0.000000 5.374012 0.000000
F 0.000000 2.687006 2.687006
F -2.687006 2.687006 0.000000
A -2.687006 5.374012 -2.687006


-24.280000	27510
6

K 0.000000 0.000000 0.000000
L 2.687006 2.687006 0.000000
V 0.000000 5.374012 0.000000
F 2.687006 5.374012 -2.687006
F 5.374012 2.687006 -2.687006
A 5.374012 5.374012 0.000000


-24.280000	37410
6

K 0.000000 0.000000 0.000000
L 2.687006 2.687006 0.000000
V 0.000000 5.374012 0.000000
F 2.687006 5.374012 2.687006
F 5.374012 2.687006 2.687006
A 5.374012 5.374012 0.000000


-24.280000	7a340
6

K 0.000000 0.000000 0.000000
L 2.687006 2.687006 0.000000
V 5.374012 2.687006 2.687006
F 5.374012 5.374012 0.000000
F 2.687006 5.374012 -2.687006
A 5.374012 2.687006 -2.687006


-24.280000	84510
6

K 0.000000 0.000000 0.000000
L 2.687006 2.687006 0.000000
V 0.000000 5.374012 0.000000
F 2.687006 5.374012 -2.687006
F 5.374012 5.374012 0.000000
A 5.374012 2.687006 -2.687006


-24.280000	95410
6

K 0.000000 0.000000 0.000000
L 2.687006 2.687006 0.000000
V 0.000000 5.374012 0.000000
F 2.687006 5.374012 2.687006
F 5.374012 5.374012 0.000000
A 5.374012 2.687006 2.687006


-24.280000	18340
6

K 0.000000 0.000000 0.000000
L 2.687006 2.687006 0.000000
V 5.374012 2.687006 2.687006
F 5.374012 5.374012 0.000000
F 5.374012 2.687006 -2.687006
A 2.687006 5.374012 -2.687006


-24.230000	595a0
6

K 0.000000 0.000000 0.000000
L 2.687006 2.687006 0.000000
V 0.000000 2.687006 -2.687006
F 2.687006 2.687006 -5.374012
F 2.687006 0.000000 -2.687006
A 5.374012 0.000000 -5.374012


-24.230000	262a0
6

K 0.000000 0.000000 0.000000
L 2.687006 2.687006 0.000000
V 0.000000 2.687006 -2.687006
F 0.000000 5.374012 0.000000
F -2.687006 2.687006 0.000000
A -2.687006 5.374012 2.687006


-24.230000	7a7a0
6

K 0.000000 0.000000 0.000000
L 2.687006 2.687006 0.000000
V 0.000000 2.687006 -2.687006
F 2.687006 0.000000 -2.687006
F 0.000000 0.000000 -5.374012
A 2.687006 -2.687006 -5.374012


-24.230000	b0ba0
6

K 0.000000 0.000000 0.000000
L 2.687006 2.687006 0.000000
V 0.000000 2.687006 -2.687006
F -2.687006 2.687006 0.000000
F 0.000000 5.374012 0.000000
A -2.687006 5.374012 2.687006


-24.230000	737a0
6

K 0.000000 0.000000 0.000000
L 2.687006 2.687006 0.000000
V 0.000000 2.687006 -2.687006
F 2.687006 0.000000 -2.687006
F 2.687006 2.687006 -5.374012
A 5.374012 0.000000 -5.374012


-24.230000	848a0
6

K 0.000000 0.000000 0.000000
L 2.687006 2.687006 0.000000
V 0.000000 2.687006 -2.687006
F 0.000000 0.000000 -5.374012
F 2.687006 0.000000 -2.687006
A 2.687006 -2.687006 -5.374012


-24.210000	9b840
6

K 0.000000 0.000000 0.000000
L 2.687006 2.687006 0.000000
V 5.374012 2.687006 2.687006
F 5.374012 0.000000 0.000000
F 2.687006 0.000000 2.687006
A 2.687006 -2.687006 5.374012


-24.210000	55640
6

K 0.000000 0.000000 0.000000
L 2.687006 2.687006 0.000000
V 5.374012 2.687006 2.687006
F 2.687006 0.000000 2.687006
F 5.374012 0.000000 0.000000
A 8.061017 0.000000 -2.687006


-24.210000	00910
6

K 0.000000 0.000000 0.000000
L 2.687006 2.687006 0.000000
V 0.000000 5.374012 0.000000
F 0.000000 2.687006 2.687006
F 2.687006 5.374012 2.687006
A 5.374012 8.061017 2.687006


-24.210000	bb840
6

K 0.000000 0.000000 0.000000
L 2.687006 2.687006 0.000000
V 5.374012 2.687006 2.687006
F 5.374012 0.000000 0.000000
F 2.687006 0.000000 2.687006
A 0.000000 0.000000 5.374012


-24.210000	00810
6

K 0.000000 0.000000 0.000000
L 2.687006 2.687006 0.000000
V 0.000000 5.374012 0.000000
F 0.000000 2.687006 -2.687006
F 2.687006 5.374012 -2.687006
A 5.374012 8.061017 -2.687006


-24.210000	75640
6

K 0.000000 0.000000 0.000000
L 2.687006 2.687006 0.000000
V 5.374012 2.687006 2.687006
F 2.687006 0.000000 2.687006
F 5.374012 0.000000 0.000000
A 8.061017 -2.687006 0.000000


-24.210000	86510
6

K 0.000000 0.000000 0.000000
L 2.687006 2.687006 0.000000
V 0.000000 5.374012 0.000000
F 2.687006 5.374012 -2.687006
F 0.000000 2.687006 -2.687006
A 0.000000 0.000000 -5.374012


-24.210000	20910
6

K 0.000000 0.000000 0.000000
L 2.687006 2.687006 0.000000
V 0.000000 5.374012 0.000000
F 0.000000 2.687006 2.687006
F 2.687006 5.374012 2.687006
A 2.687006 8.061017 5.374012


-24.210000	85640
6

K 0.000000 0.000000 0.000000
L 2.687006 2.687006 0.000000
V 5.374012 2.687006 2.687006
F 2.687006 0.000000 2.687006
F 5.374012 0.000000 0.000000
A 5.374012 -2.687006 -2.687006


-24.210000	96410
6

K 0.000000 0.000000 0.000000
L 2.687006 2.687006 0.000000
V 0.000000 5.374012 0.000000
F 2.687006 5.374012 2.687006
F 0.000000 2.687006 2.687006
A 0.000000 0.000000 5.374012


-24.210000	30810
6

K 0.000000 0.000000 0.000000
L 2.687006 2.687006 0.000000
V 0.000000 5.374012 0.000000
F 0.000000 2.687006 -2.687006
F 2.687006 5.374012 -2.687006
A 2.687006 8.061017 -5.374012


-24.210000	a6510
6

K 0.000000 0.000000 0.000000
L 2.687006 2.687006 0.000000
V 0.000000 5.374012 0.000000
F 2.687006 5.374012 -2.687006
F 0.000000 2.687006 -2.687006
A -2.687006 2.687006 -5.374012


-24.210000	40910
6

K 0.000000 0.000000 0.000000
L 2.687006 2.687006 0.000000
V 0.000000 5.374012 0.000000
F 0.000000 2.687006 2.687006
F 2.687006 5.374012 2.687006
A 5.374012 5.374012 5.374012


-24.210000	b6410
6

K 0.000000 0.000000 0.000000
L 2.687006 2.687006 0.000000
V 0.000000 5.374012 0.000000
F 2.687006 5.374012 2.687006
F 0.000000 2.687006 2.687006
A -2.687006 2.687006 5.374012


-24.210000	50810
6

K 0.000000 0.000000 0.000000
L 2.687006 2.687006 0.000000
V 0.000000 5.374012 0.000000
F 0.000000 2.687006 -2.687006
F 2.687006 5.374012 -2.687006
A 5.374012 5.374012 -5.374012


-24.160000	26810
6

K 0.000000 0.000000 0.000000
L 2.687006 2.687006 0.000000
V 0.000000 5.374012 0.000000
F 0.000000 2.687006 -2.687006
F -2.687006 0.000000 -2.687006
A -2.687006 2.687006 0.000000


-24.160000	36910
6

K 0.000000 0.000000 0.000000
L 2.687006 2.687006 0.000000
V 0.000000 5.374012 0.000000
F 0.000000 2.687006 2.687006
F -2.687006 0.000000 2.687006
A -2.687006 2.687006 0.000000


-24.140000	16900
6

K 0.000000 0.000000 0.000000
L 2.687006 2.687006 0.000000
V 5.374012 5.374012 0.000000
F 5.374012 2.687006 2.687006
F 2.687006 0.000000 2.687006
A 0.000000 2.687006 2.687006


-24.140000	16800
6

K 0.000000 0.000000 0.000000
L 2.687006 2.687006 0.000000
V 5.374012 5.374012 0.000000
F 5.374012 2.687006 -2.687006
F 2.687006 0.000000 -2.687006
A 0.000000 2.687006 -2.687006


-24.140000	76b00
6

K 0.000000 0.000000 0.000000
L 2.687006 2.687006 0.000000
V 5.374012 5.374012 0.000000
F 2.687006 5.374012 2.687006
F 0.000000 2.687006 2.687006
A 2.687006 0.000000 2.687006


-24.140000	76a00
6

K 0.000000 0.000000 0.000000
L 2.687006 2.687006 0.000000
V 5.374012 5.374012 0.000000
F 2.687006 5.374012 -2.687006
F 0.000000 2.687006 -2.687006
A 2.687006 0.000000 -2.687006


-24.140000	1a840
6

K 0.000000 0.000000 0.000000
L 2.687006 2.687006 0.000000
V 5.374012 2.687006 2.687006
F 5.374012 0.000000 0.000000
F 2.687006 0.000000 -2.687006
A 0.000000 2.687006 -2.687006


-24.040000	9a840
6

K 0.000000 0.000000 0.000000
L 2.687006 2.687006 0.000000
V 5.374012 2.687006 2.687006
F 5.374012 0.000000 0.000000
F 2.687006 0.000000 -2.687006
A 2.687006 -2.687006 0.000000


-23.850000	908a0
6

K 0.000000 0.000000 0.000000
L 2.687006 2.687006 0.000000
V 0.000000 2.687006 -2.687006
F 0.000000 0.000000 -5.374012
F 2.687006 2.687006 -5.374012
A 2.687006 0.000000 -2.687006


-23.850000	465a0
6

K 0.000000 0.000000 0.000000
L 2.687006 2.687006 0.000000
V 0.000000 2.687006 -2.687006
F 2.687006 2.687006 -5.374012
F 0.000000 0.000000 -5.374012
A 2.687006 0.000000 -2.687006


-23.830000	69010
6

K 0.000000 0.000000 0.000000
L 2.687006 2.687006 0.000000
V 0.000000 5.374012 0.000000
F 2.687006 8.061017 0.000000
F 2.687006 5.374012 2.687006
A 0.000000 2.687006 2.687006


-23.830000	68010
6

K 0.000000 0.000000 0.000000
L 2.687006 2.687006 0.000000
V 0.000000 5.374012 0.000000
F 2.687006 8.061017 0.000000
F 2.687006 5.374012 -2.687006
A 0.000000 2.687006 -2.687006


-23.830000	89140
6

K 0.000000 0.000000 0.000000
L 2.687006 2.687006 0.000000
V 5.374012 2.687006 2.687006
F 2.687006 5.374012 2.687006
F 2.687006 2.687006 5.374012
A 2.687006 0.000000 2.687006


-23.830000	67310
6

K 0.000000 0.000000 0.000000
L 2.687006 2.687006 0.000000
V 0.000000 5.374012 0.000000
F 0.000000 8.061017 -2.687006
F 2.687006 5.374012 -2.687006
A 0.000000 2.687006 -2.687006


-23.830000	67210
6

K 0.000000 0.000000 0.000000
L 2.687006 2.687006 0.000000
V 0.000000 5.374012 0.000000
F 0.000000 8.061017 2.687006
F 2.687006 5.374012 2.687006
A 0.000000 2.687006 2.687006


-23.830000	ba740
6

K 0.000000 0.000000 0.000000
L 2.687006 2.687006 0.000000
V 5.374012 2.687006 2.687006
F 8.061017 0.000000 2.687006
F 5.374012 0.000000 0.000000
A 2.687006 0.000000 2.687006


-23.830000	b6540
6

K 0.000000 0.000000 0.000000
L 2.687006 2.687006 0.000000
V 5.374012 2.687006 2.687006
F 8.061017 2.687006 0.000000
F 5.374012 0.000000 0.000000
A 2.687006 0.000000 2.687006


-23.530000	802a0
6

K 0.000000 0.000000 0.000000
L 2.687006 2.687006 0.000000
V 0.000000 2.687006 -2.687006
F 0.000000 5.374012 0.000000
F 2.687006 8.061017 0.000000
A 2.687006 5.374012 -2.687006


-23.530000	910a0
6

K 0.000000 0.000000 0.000000
L 2.687006 2.687006 0.000000
V 0.000000 2.687006 -2.687006
F 2.687006 5.374012 -2.687006
F 0.000000 8.061017 -2.687006
A 0.000000 5.374012 0.000000


-23.530000	145a0
6

K 0.000000 0.000000 0.000000
L 2.687006 2.687006 0.000000
V 0.000000 2.687006 -2.687006
F 2.687006 2.687006 -5.374012
F 5.374012 2.687006 -2.687006
A 2.687006 5.374012 -2.687006


-23.530000	732a0
6

K 0.000000 0.000000 0.000000
L 2.687006 2.687006 0.000000
V 0.000000 2.687006 -2.687006
F 0.000000 5.374012 0.000000
F 0.000000 8.061017 -2.687006
A 2.687006 5.374012 -2.687006


-23.530000	620a0
6

K 0.000000 0.000000 0.000000
L 2.687006 2.687006 0.000000
V 0.000000 2.687006 -2.687006
F 2.687006 5.374012 -2.687006
F 2.687006 8.061017 0.000000
A 0.000000 5.374012 0.000000


-23.510000	38900
6

K 0.000000 0.000000 0.000000
L 2.687006 2.687006 0.000000
V 5.374012 5.374012 0.000000
F 5.374012 2.687006 2.687006
F 5.374012 0.000000 0.000000
A 5.374012 2.687006 -2.687006


-23.510000	5ab00
6

K 0.000000 0.000000 0.000000
L 2.687006 2.687006 0.000000
V 5.374012 5.374012 0.000000
F 2.687006 5.374012 2.687006
F 0.000000 5.374012 0.000000
A 2.687006 5.374012 -2.687006


-23.510000	b4510
6

K 0.000000 0.000000 0.000000
L 2.687006 2.687006 0.000000
V 0.000000 5.374012 0.000000
F 2.687006 5.374012 -2.687006
F 5.374012 5.374012 0.000000
A 2.687006 5.374012 2.687006


-23.510000	23840
6

K 0.000000 0.000000 0.000000
L 2.687006 2.687006 0.000000
V 5.374012 2.687006 2.687006
F 5.374012 0.000000 0.000000
F 5.374012 2.687006 -2.687006
A 5.374012 5.374012 0.000000


-23.510000	98340
6

K 0.000000 0.000000 0.000000
L 2.687006 2.687006 0.000000
V 5.374012 2.687006 2.687006
F 5.374012 5.374012 0.000000
F 5.374012 2.687006 -2.687006
A 5.374012 0.000000 0.000000


-23.510000	29800
6

K 0.000000 0.000000 0.000000
L 2.687006 2.687006 0.000000
V 5.374012 5.374012 0.000000
F 5.374012 2.687006 -2.687006
F 5.374012 0.000000 0.000000
A 5.374012 2.687006 2.687006


-23.510000	4ba00
6

K 0.000000 0.000000 0.000000
L 2.687006 2.687006 0.000000
V 5.374012 5.374012 0.000000
F 2.687006 5.374012 -2.687006
F 0.000000 5.374012 0.000000
A 2.687006 5.374012 2.687006


-23.510000	a5410
6

K 0.000000 0.000000 0.000000
L 2.687006 2.687006 0.000000
V 0.000000 5.374012 0.000000
F 2.687006 5.374012 2.687006
F 5.374012 5.374012 0.000000
A 2.687006 5.374012 -2.687006


-23.460000	137a0
6

K 0.000000 0.000000 0.000000
L 2.687006 2.687006 0.000000
V 0.000000 2.687006 -2.687006
F 2.687006 0.000000 -2.687006
F 2.687006 2.687006 -5.374012
A 0.000000 5.374012 -5.374012


-23.460000	1a7a0
6

K 0.000000 0.000000 0.000000
L 2.687006 2.687006 0.000000
V 0.000000 2.687006 -2.687006
F 2.687006 0.000000 -2.687006
F 0.000000 0.000000 -5.374012
A -2.687006 2.687006 -5.374012


-23.410000	15410
6

K 0.000000 0.000000 0.000000
L 2.687006 2.687006 0.000000
V 0.000000 5.374012 0.000000
F 2.687006 5.374012 2.687006
F 5.374012 5.374012 0.000000
A 2.687006 8.061017 0.000000


-23.410000	48340
6

K 0.000000 0.000000 0.000000
L 2.687006 2.687006 0.000000
V 5.374012 2.687006 2.687006
F 5.374012 5.374012 0.000000
F 5.374012 2.687006 -2.687006
A 8.061017 2.687006 0.000000


-23.410000	14510
6

K 0.000000 0.000000 0.000000
L 2.687006 2.687006 0.000000
V 0.000000 5.374012 0.000000
F 2.687006 5.374012 -2.687006
F 5.374012 5.374012 0.000000
A 2.687006 8.061017 0.000000


-23.410000	43840
6

K 0.000000 0.000000 0.000000
L 2.687006 2.687006 0.000000
V 5.374012 2.687006 2.687006
F 5.374012 0.000000 0.000000
F 5.374012 2.687006 -2.687006
A 8.061017 2.687006 0.000000


-23.410000	0ba00
6

K 0.000000 0.000000 0.000000
L 2.687006 2.687006 0.000000
V 5.374012 5.374012 0.000000
F 2.687006 5.374012 -2.687006
F 0.000000 5.374012 0.000000
A 2.687006 8.061017 0.000000


-23.410000	0ab00
6

K 0.000000 0.000000 0.000000
L 2.687006 2.687006 0.000000
V 5.374012 5.374012 0.000000
F 2.687006 5.374012 2.687006
F 0.000000 5.374012 0.000000
A 2.687006 8.061017 0.000000


-23.410000	09800
6

K 0.000000 0.000000 0.000000
L 2.687006 2.687006 0.000000
V 5.374012 5.374012 0.000000
F 5.374012 2.687006 -2.687006
F 5.374012 0.000000 0.000000
A 8.061017 2.687006 0.000000


-23.410000	08900
6

K 0.000000 0.000000 0.000000
L 2.687006 2.687006 0.000000
V 5.374012 5.374012 0.000000
F 5.374012 2.687006 2.687006
F 5.374012 0.000000 0.000000
A 8.061017 2.687006 0.000000


-23.340000	052a0
6

K 0.000000 0.000000 0.000000
L 2.687006 2.687006 0.000000
V 0.000000 2.687006 -2.687006
F 0.000000 5.374012 0.000000
F 2.687006 5.374012 -2.687006
A 5.374012 8.061017 -2.687006


-23.340000	352a0
6

K 0.000000 0.000000 0.000000
L 2.687006 2.687006 0.000000
V 0.000000 2.687006 -2.687006
F 0.000000 5.374012 0.000000
F 2.687006 5.374012 -2.687006
A 2.687006 8.061017 -5.374012


-23.340000	bb0a0
6

K 0.000000 0.000000 0.000000
L 2.687006 2.687006 0.000000
V 0.000000 2.687006 -2.687006
F 2.687006 5.374012 -2.687006
F 0.000000 5.374012 0.000000
A -2.687006 5.374012 2.687006


-23.340000	552a0
6

K 0.000000 0.000000 0.000000
L 2.687006 2.687006 0.000000
V 0.000000 2.687006 -2.687006
F 0.000000 5.374012 0.000000
F 2.687006 5.374012 -2.687006
A 5.374012 5.374012 -5.374012


-23.340000	1b0a0
6

K 0.000000 0.000000 0.000000
L 2.687006 2.687006 0.000000
V 0.000000 2.687006 -2.687006
F 2.687006 5.374012 -2.687006
F 0.000000 5.374012 0.000000
A -2.687006 8.061017 0.000000


-23.340000	2b0a0
6

K 0.000000 0.000000 0.000000
L 2.687006 2.687006 0.000000
V 0.000000 2.687006 -2.687006
F 2.687006 5.374012 -2.687006
F 0.000000 5.374012 0.000000
A 0.000000 8.061017 2.687006


-23.290000	81540
6

K 0.000000 0.000000 0.000000
L 2.687006 2.687006 0.000000
V 5.374012 2.687006 2.687006
F 8.061017 2.687006 0.000000
F 5.374012 5.374012 0.000000
A 5.374012 2.687006 -2.687006


-23.290000	48010
6

K 0.000000 0.000000 0.000000
L 2.687006 2.687006 0.000000
V 0.000000 5.374012 0.000000
F 2.687006 8.061017 0.000000
F 2.687006 5.374012 -2.687006
A 5.374012 5.374012 0.000000


-23.290000	59010
6

K 0.000000 0.000000 0.000000
L 2.687006 2.687006 0.000000
V 0.000000 5.374012 0.000000
F 2.687006 8.061017 0.000000
F 2.687006 5.374012 2.687006
A 5.374012 5.374012 0.000000


-23.290000	36540
6

K 0.000000 0.000000 0.000000
L 2.687006 2.687006 0.000000
V 5.374012 2.687006 2.687006
F 8.061017 2.687006 0.000000
F 5.374012 0.000000 0.000000
A 5.374012 2.687006 -2.687006


-23.290000	8b700
6

K 0.000000 0.000000 0.000000
L 2.687006 2.687006 0.000000
V 5.374012 5.374012 0.000000
F 8.061017 2.687006 0.000000
F 5.374012 2.687006 2.687006
A 5.374012 0.000000 0.000000


-23.290000	a0840
6

K 0.000000 0.000000 0.000000
L 2.687006 2.687006 0.000000
V 5.374012 2.687006 2.687006
F 5.374012 0.000000 0.000000
F 8.061017 2.687006 0.000000
A 5.374012 2.687006 -2.687006


-23.290000	9a700
6

K 0.000000 0.000000 0.000000
L 2.687006 2.687006 0.000000
V 5.374012 5.374012 0.000000
F 8.061017 2.687006 0.000000
F 5.374012 2.687006 -2.687006
A 5.374012 0.000000 0.000000


-23.290000	65900
6

K 0.000000 0.000000 0.000000
L 2.687006 2.687006 0.000000
V 5.374012 5.374012 0.000000
F 5.374012 2.687006 2.687006
F 8.061017 2.687006 0.000000
A 5.374012 0.000000 0.000000


-23.290000	a9100
6

K 0.000000 0.000000 0.000000
L 2.687006 2.687006 0.000000
V 5.374012 5.374012 0.000000
F 2.687006 8.061017 0.000000
F 2.687006 5.374012 2.687006
A 0.000000 5.374012 0.000000


-23.290000	64800
6

K 0.000000 0.000000 0.000000
L 2.687006 2.687006 0.000000
V 5.374012 5.374012 0.000000
F 5.374012 2.687006 -2.687006
F 8.061017 2.687006 0.000000
A 5.374012 0.000000 0.000000


-23.290000	b8100
6

K 0.000000 0.000000 0.000000
L 2.687006 2.687006 0.000000
V 5.374012 5.374012 0.000000
F 2.687006 8.061017 0.000000
F 2.687006 5.374012 -2.687006
A 0.000000 5.374012 0.000000


-23.290000	63b00
6

K 0.000000 0.000000 0.000000
L 2.687006 2.687006 0.000000
V 5.374012 5.374012 0.000000
F 2.687006 5.374012 2.687006
F 2.687006 8.061017 0.000000
A 0.000000 5.374012 0.000000


-23.290000	a7340
6

K 0.000000 0.000000 0.000000
L 2.687006 2.687006 0.000000
V 5.374012 2.687006 2.687006
F 5.374012 5.374012 0.000000
F 8.061017 2.687006 0.000000
A 5.374012 2.687006 -2.687006


-23.290000	73410
6

K 0.000000 0.000000 0.000000
L 2.687006 2.687006 0.000000
V 0.000000 5.374012 0.000000
F 2.687006 5.374012 2.687006
F 2.687006 8.061017 0.000000
A 5.374012 5.374012 0.000000


-23.290000	62a00
6

K 0.000000 0.000000 0.000000
L 2.687006 2.687006 0.000000
V 5.374012 5.374012 0.000000
F 2.687006 5.374012 -2.687006
F 2.687006 8.061017 0.000000
A 0.000000 5.374012 0.000000


-23.290000	72510
6

K 0.000000 0.000000 0.000000
L 2.687006 2.687006 0.000000
V 0.000000 5.374012 0.000000
F 2.687006 5.374012 -2.687006
F 2.687006 8.061017 0.000000
A 5.374012 5.374012 0.000000


-23.150000	77b10
6

K 0.000000 0.000000 0.000000
L 2.687006 2.687006 0.000000
V 0.000000 5.374012 0.000000
F -2.687006 5.374012 2.687006
F 0.000000 2.687006 2.687006
A 2.687006 0.000000 2.687006


-23.150000	77a10
6

K 0.000000 0.000000 0.000000
L 2.687006 2.687006 0.000000
V 0.000000 5.374012 0.000000
F -2.687006 5.374012 -2.687006
F 0.000000 2.687006 -2.687006
A 2.687006 0.000000 -2.687006


-23.150000	1a940
6

K 0.000000 0.000000 0.000000
L 2.687006 2.687006 0.000000
V 5.374012 2.687006 2.687006
F 5.374012 0.000000 5.374012
F 2.687006 0.000000 2.687006
A 0.000000 2.687006 2.687006


-22.850000	277a0
6

K 0.000000 0.000000 0.000000
L 2.687006 2.687006 0.000000
V 0.000000 2.687006 -2.687006
F 2.687006 0.000000 -2.687006
F 5.374012 -2.687006 -2.687006
A 5.374012 0.000000 0.000000


-22.850000	257a0
6

K 0.000000 0.000000 0.000000
L 2.687006 2.687006 0.000000
V 0.000000 2.687006 -2.687006
F 2.687006 0.000000 -2.687006
F 5.374012 0.000000 -5.374012
A 5.374012 2.687006 -2.687006


-22.730000	26b00
6

K 0.000000 0.000000 0.000000
L 2.687006 2.687006 0.000000
V 5.374012 5.374012 0.000000
F 2.687006 5.374012 2.687006
F 0.000000 2.687006 2.687006
A 0.000000 5.374012 5.374012


-22.730000	26900
6

K 0.000000 0.000000 0.000000
L 2.687006 2.687006 0.000000
V 5.374012 5.374012 0.000000
F 5.374012 2.687006 2.687006
F 2.687006 0.000000 2.687006
A 2.687006 2.687006 5.374012


-22.730000	26140
6

K 0.000000 0.000000 0.000000
L 2.687006 2.687006 0.000000
V 5.374012 2.687006 2.687006
F 2.687006 5.374012 2.687006
F 0.000000 2.687006 2.687006
A 0.000000 5.374012 5.374012


-22.730000	36a00
6

K 0.000000 0.000000 0.000000
L 2.687006 2.687006 0.000000
V 5.374012 5.374012 0.000000
F 2.687006 5.374012 -2.687006
F 0.000000 2.687006 -2.687006
A 0.000000 5.374012 -5.374012


-22.730000	36800
6

K 0.000000 0.000000 0.000000
L 2.687006 2.687006 0.000000
V 5.374012 5.374012 0.000000
F 5.374012 2.687006 -2.687006
F 2.687006 0.000000 -2.687006
A 2.687006 2.687006 -5.374012


-22.730000	7a840
6

K 0.000000 0.000000 0.000000
L 2.687006 2.687006 0.000000
V 5.374012 2.687006 2.687006
F 5.374012 0.000000 0.000000
F 2.687006 0.000000 -2.687006
A 5.374012 -2.687006 -2.687006


-22.730000	46b00
6

K 0.000000 0.000000 0.000000
L 2.687006 2.687006 0.000000
V 5.374012 5.374012 0.000000
F 2.687006 5.374012 2.687006
F 0.000000 2.687006 2.687006
A 2.687006 2.687006 5.374012


-22.730000	46900
6

K 0.000000 0.000000 0.000000
L 2.687006 2.687006 0.000000
V 5.374012 5.374012 0.000000
F 5.374012 2.687006 2.687006
F 2.687006 0.000000 2.687006
A 5.374012 0.000000 5.374012


-22.730000	56a00
6

K 0.000000 0.000000 0.000000
L 2.687006 2.687006 0.000000
V 5.374012 5.374012 0.000000
F 2.687006 5.374012 -2.687006
F 0.000000 2.687006 -2.687006
A 2.687006 2.687006 -5.374012


-22.730000	56800
6

K 0.000000 0.000000 0.000000
L 2.687006 2.687006 0.000000
V 5.374012 5.374012 0.000000
F 5.374012 2.687006 -2.687006
F 2.687006 0.000000 -2.687006
A 5.374012 0.000000 -5.374012


-22.710000	74ba0
6

K 0.000000 0.000000 0.000000
L 2.687006 2.687006 0.000000
V 0.000000 2.687006 -2.687006
F -2.687006 2.687006 0.000000
F 0.000000 2.687006 2.687006
A 2.687006 0.000000 2.687006


-22.710000	297a0
6

K 0.000000 0.000000 0.000000
L 2.687006 2.687006 0.000000
V 0.000000 2.687006 -2.687006
F 2.687006 0.000000 -2.687006
F 2.687006 -2.687006 0.000000
A 2.687006 0.000000 2.687006


-22.610000	467a0
6

K 0.000000 0.000000 0.000000
L 2.687006 2.687006 0.000000
V 0.000000 2.687006 -2.687006
F 2.687006 0.000000 -2.687006
F 0.000000 -2.687006 -2.687006
A 2.687006 -2.687006 0.000000


-22.610000	a97a0
6

K 0.000000 0.000000 0.000000
L 2.687006 2.687006 0.000000
V 0.000000 2.687006 -2.687006
F 2.687006 0.000000 -2.687006
F 2.687006 -2.687006 0.000000
A 0.000000 -2.687006 -2.687006


-22.610000	64ba0
6

K 0.000000 0.000000 0.000000
L 2.687006 2.687006 0.000000
V 0.000000 2.687006 -2.687006
F -2.687006 2.687006 0.000000
F 0.000000 2.687006 2.687006
A -2.687006 0.000000 2.687006


-22.590000	a1640
6

K 0.000000 0.000000 0.000000
L 2.687006 2.687006 0.000000
V 5.374012 2.687006 2.687006
F 2.687006 0.000000 2.687006
F 0.000000 2.687006 2.687006
A -2.687006 2.687006 0.000000


-22.590000	67910
6

K 0.000000 0.000000 0.000000
L 2.687006 2.687006 0.000000
V 0.000000 5.374012 0.000000
F 0.000000 2.687006 2.687006
F 2.687006 0.000000 2.687006
A 0.000000 -2.687006 2.687006


-22.590000	67810
6

K 0.000000 0.000000 0.000000
L 2.687006 2.687006 0.000000
V 0.000000 5.374012 0.000000
F 0.000000 2.687006 -2.687006
F 2.687006 0.000000 -2.687006
A 0.000000 -2.687006 -2.687006


-22.590000	87910
6

K 0.000000 0.000000 0.000000
L 2.687006 2.687006 0.000000
V 0.000000 5.374012 0.000000
F 0.000000 2.687006 2.687006
F 2.687006 0.000000 2.687006
A 2.687006 -2.687006 0.000000


-22.590000	97810
6

K 0.000000 0.000000 0.000000
L 2.687006 2.687006 0.000000
V 0.000000 5.374012 0.000000
F 0.000000 2.687006 -2.687006
F 2.687006 0.000000 -2.687006
A 2.687006 -2.687006 0.000000


-22.590000	61640
6

K 0.000000 0.000000 0.000000
L 2.687006 2.687006 0.000000
V 5.374012 2.687006 2.687006
F 2.687006 0.000000 2.687006
F 0.000000 2.687006 2.687006
A -2.687006 0.000000 2.687006


-22.540000	273a0
6

K 0.000000 0.000000 0.000000
L 2.687006 2.687006 0.000000
V 0.000000 2.687006 -2.687006
F 0.000000 5.374012 -5.374012
F 2.687006 2.687006 -5.374012
A 2.687006 5.374012 -2.687006


-22.540000	415a0
6

K 0.000000 0.000000 0.000000
L 2.687006 2.687006 0.000000
V 0.000000 2.687006 -2.687006
F 2.687006 2.687006 -5.374012
F 0.000000 5.374012 -5.374012
A 2.687006 5.374012 -2.687006


-22.520000	b4800
6

K 0.000000 0.000000 0.000000
L 2.687006 2.687006 0.000000
V 5.374012 5.374012 0.000000
F 5.374012 2.687006 -2.687006
F 8.061017 2.687006 0.000000
A 5.374012 2.687006 2.687006


-22.520000	5a240
6

K 0.000000 0.000000 0.000000
L 2.687006 2.687006 0.000000
V 5.374012 2.687006 2.687006
F 5.374012 5.374012 5.374012
F 2.687006 5.374012 2.687006
A 5.374012 5.374012 0.000000


-22.520000	92510
6

K 0.000000 0.000000 0.000000
L 2.687006 2.687006 0.000000
V 0.000000 5.374012 0.000000
F 2.687006 5.374012 -2.687006
F 2.687006 8.061017 0.000000
A 2.687006 5.374012 2.687006


-22.520000	16500
6

K 0.000000 0.000000 0.000000
L 2.687006 2.687006 0.000000
V 5.374012 5.374012 0.000000
F 8.061017 5.374012 -2.687006
F 5.374012 2.687006 -2.687006
A 2.687006 5.374012 -2.687006


-22.520000	16400
6

K 0.000000 0.000000 0.000000
L 2.687006 2.687006 0.000000
V 5.374012 5.374012 0.000000
F 8.061017 5.374012 2.687006
F 5.374012 2.687006 2.687006
A 2.687006 5.374012 2.687006


-22.520000	92a00
6

K 0.000000 0.000000 0.000000
L 2.687006 2.687006 0.000000
V 5.374012 5.374012 0.000000
F 2.687006 5.374012 -2.687006
F 2.687006 8.061017 0.000000
A 2.687006 5.374012 2.687006


-22.520000	79100
6

K 0.000000 0.000000 0.000000
L 2.687006 2.687006 0.000000
V 5.374012 5.374012 0.000000
F 2.687006 8.061017 0.000000
F 2.687006 5.374012 2.687006
A 5.374012 2.687006 2.687006


-22.520000	b1540
6

K 0.000000 0.000000 0.000000
L 2.687006 2.687006 0.000000
V 5.374012 2.687006 2.687006
F 8.061017 2.687006 0.000000
F 5.374012 5.374012 0.000000
A 2.687006 5.374012 2.687006


-22.520000	78100
6

K 0.000000 0.000000 0.000000
L 2.687006 2.687006 0.000000
V 5.374012 5.374012 0.000000
F 2.687006 8.061017 0.000000
F 2.687006 5.374012 -2.687006
A 5.374012 2.687006 -2.687006


-22.520000	67340
6

K 0.000000 0.000000 0.000000
L 2.687006 2.687006 0.000000
V 5.374012 2.687006 2.687006
F 5.374012 5.374012 0.000000
F 8.061017 2.687006 0.000000
A 5.374012 0.000000 0.000000


-22.520000	ba040
6

K 0.000000 0.000000 0.000000
L 2.687006 2.687006 0.000000
V 5.374012 2.687006 2.687006
F 8.061017 5.374012 2.687006
F 5.374012 5.374012 0.000000
A 2.687006 5.374012 2.687006


-22.520000	76300
6

K 0.000000 0.000000 0.000000
L 2.687006 2.687006 0.000000
V 5.374012 5.374012 0.000000
F 5.374012 8.061017 -2.687006
F 2.687006 5.374012 -2.687006
A 5.374012 2.687006 -2.687006


-22.520000	76200
6

K 0.000000 0.000000 0.000000
L 2.687006 2.687006 0.000000
V 5.374012 5.374012 0.000000
F 5.374012 8.061017 2.687006
F 2.687006 5.374012 2.687006
A 5.374012 2.687006 2.687006


-22.520000	10840
6

K 0.000000 0.000000 0.000000
L 2.687006 2.687006 0.000000
V 5.374012 2.687006 2.687006
F 5.374012 0.000000 0.000000
F 8.061017 2.687006 0.000000
A 5.374012 5.374012 0.000000


-22.520000	1b700
6

K 0.000000 0.000000 0.000000
L 2.687006 2.687006 0.000000
V 5.374012 5.374012 0.000000
F 8.061017 2.687006 0.000000
F 5.374012 2.687006 2.687006
A 2.687006 5.374012 2.687006


-22.520000	53b40
6

K 0.000000 0.000000 0.000000
L 2.687006 2.687006 0.000000
V 5.374012 2.687006 2.687006
F 2.687006 2.687006 5.374012
F 2.687006 5.374012 2.687006
A 5.374012 5.374012 0.000000


-22.520000	1a700
6

K 0.000000 0.000000 0.000000
L 2.687006 2.687006 0.000000
V 5.374012 5.374012 0.000000
F 8.061017 2.687006 0.000000
F 5.374012 2.687006 -2.687006
A 2.687006 5.374012 -2.687006


-22.520000	a5900
6

K 0.000000 0.000000 0.000000
L 2.687006 2.687006 0.000000
V 5.374012 5.374012 0.000000
F 5.374012 2.687006 2.687006
F 8.061017 2.687006 0.000000
A 5.374012 2.687006 -2.687006


-22.520000	83410
6

K 0.000000 0.000000 0.000000
L 2.687006 2.687006 0.000000
V 0.000000 5.374012 0.000000
F 2.687006 5.374012 2.687006
F 2.687006 8.061017 0.000000
A 2.687006 5.374012 -2.687006


-22.520000	83b00
6

K 0.000000 0.000000 0.000000
L 2.687006 2.687006 0.000000
V 5.374012 5.374012 0.000000
F 2.687006 5.374012 2.687006
F 2.687006 8.061017 0.000000
A 2.687006 5.374012 -2.687006


-22.420000	27340
6

K 0.000000 0.000000 0.000000
L 2.687006 2.687006 0.000000
V 5.374012 2.687006 2.687006
F 5.374012 5.374012 0.000000
F 8.061017 2.687006 0.000000
A 8.061017 5.374012 2.687006


-22.420000	27310
6

K 0.000000 0.000000 0.000000
L 2.687006 2.687006 0.000000
V 0.000000 5.374012 0.000000
F 0.000000 8.061017 -2.687006
F 2.687006 5.374012 -2.687006
A 2.687006 8.061017 0.000000


-22.420000	a2510
6

K 0.000000 0.000000 0.000000
L 2.687006 2.687006 0.000000
V 0.000000 5.374012 0.000000
F 2.687006 5.374012 -2.687006
F 2.687006 8.061017 0.000000
A 0.000000 8.061017 -2.687006


-22.420000	b3410
6

K 0.000000 0.000000 0.000000
L 2.687006 2.687006 0.000000
V 0.000000 5.374012 0.000000
F 2.687006 5.374012 2.687006
F 2.687006 8.061017 0.000000
A 0.000000 8.061017 2.687006


-22.420000	80900
6

K 0.000000 0.000000 0.000000
L 2.687006 2.687006 0.000000
V 5.374012 5.374012 0.000000
F 5.374012 2.687006 2.687006
F 8.061017 5.374012 2.687006
A 8.061017 2.687006 0.000000


-22.420000	26300
6

K 0.000000 0.000000 0.000000
L 2.687006 2.687006 0.000000
V 5.374012 5.374012 0.000000
F 5.374012 8.061017 -2.687006
F 2.687006 5.374012 -2.687006
A 2.687006 8.061017 0.000000


-22.420000	37210
6

K 0.000000 0.000000 0.000000
L 2.687006 2.687006 0.000000
V 0.000000 5.374012 0.000000
F 0.000000 8.061017 2.687006
F 2.687006 5.374012 2.687006
A 2.687006 8.061017 0.000000


-22.420000	25900
6

K 0.000000 0.000000 0.000000
L 2.687006 2.687006 0.000000
V 5.374012 5.374012 0.000000
F 5.374012 2.687006 2.687006
F 8.061017 2.687006 0.000000
A 8.061017 5.374012 2.687006


-22.420000	7a040
6

K 0.000000 0.000000 0.000000
L 2.687006 2.687006 0.000000
V 5.374012 2.687006 2.687006
F 8.061017 5.374012 2.687006
F 5.374012 5.374012 0.000000
A 8.061017 2.687006 0.000000


-22.420000	90800
6

K 0.000000 0.000000 0.000000
L 2.687006 2.687006 0.000000
V 5.374012 5.374012 0.000000
F 5.374012 2.687006 -2.687006
F 8.061017 5.374012 -2.687006
A 8.061017 2.687006 0.000000


-22.420000	36200
6

K 0.000000 0.000000 0.000000
L 2.687006 2.687006 0.000000
V 5.374012 5.374012 0.000000
F 5.374012 8.061017 2.687006
F 2.687006 5.374012 2.687006
A 2.687006 8.061017 0.000000


-22.420000	90840
6

K 0.000000 0.000000 0.000000
L 2.687006 2.687006 0.000000
V 5.374012 2.687006 2.687006
F 5.374012 0.000000 0.000000
F 8.061017 2.687006 0.000000
A 8.061017 0.000000 2.687006


-22.420000	a0b00
6

K 0.000000 0.000000 0.000000
L 2.687006 2.687006 0.000000
V 5.374012 5.374012 0.000000
F 2.687006 5.374012 2.687006
F 5.374012 8.061017 2.687006
A 2.687006 8.061017 0.000000


-22.420000	46540
6

K 0.000000 0.000000 0.000000
L 2.687006 2.687006 0.000000
V 5.374012 2.687006 2.687006
F 8.061017 2.687006 0.000000
F 5.374012 0.000000 0.000000
A 8.061017 0.000000 2.687006


-22.420000	46500
6

K 0.000000 0.000000 0.000000
L 2.687006 2.687006 0.000000
V 5.374012 5.374012 0.000000
F 8.061017 5.374012 -2.687006
F 5.374012 2.687006 -2.687006
A 8.061017 2.687006 0.000000


-22.420000	34800
6

K 0.000000 0.000000 0.000000
L 2.687006 2.687006 0.000000
V 5.374012 5.374012 0.000000
F 5.374012 2.687006 -2.687006
F 8.061017 2.687006 0.000000
A 8.061017 5.374012 -2.687006


-22.420000	9a240
6

K 0.000000 0.000000 0.000000
L 2.687006 2.687006 0.000000
V 5.374012 2.687006 2.687006
F 5.374012 5.374012 5.374012
F 2.687006 5.374012 2.687006
A 2.687006 2.687006 5.374012


-22.420000	34840
6

K 0.000000 0.000000 0.000000
L 2.687006 2.687006 0.000000
V 5.374012 2.687006 2.687006
F 5.374012 0.000000 0.000000
F 8.061017 0.000000 2.687006
A 8.061017 2.687006 0.000000


-22.420000	b0a00
6

K 0.000000 0.000000 0.000000
L 2.687006 2.687006 0.000000
V 5.374012 5.374012 0.000000
F 2.687006 5.374012 -2.687006
F 5.374012 8.061017 -2.687006
A 2.687006 8.061017 0.000000


-22.420000	56400
6

K 0.000000 0.000000 0.000000
L 2.687006 2.687006 0.000000
V 5.374012 5.374012 0.000000
F 8.061017 5.374012 2.687006
F 5.374012 2.687006 2.687006
A 8.061017 2.687006 0.000000


-22.420000	0b700
6

K 0.000000 0.000000 0.000000
L 2.687006 2.687006 0.000000
V 5.374012 5.374012 0.000000
F 8.061017 2.687006 0.000000
F 5.374012 2.687006 2.687006
A 8.061017 5.374012 2.687006


-22.420000	43b40
6

K 0.000000 0.000000 0.000000
L 2.687006 2.687006 0.000000
V 5.374012 2.687006 2.687006
F 2.687006 2.687006 5.374012
F 2.687006 5.374012 2.687006
A 5.374012 5.374012 5.374012


-22.420000	43b00
6

K 0.000000 0.000000 0.000000
L 2.687006 2.687006 0.000000
V 5.374012 5.374012 0.000000
F 2.687006 5.374012 2.687006
F 2.687006 8.061017 0.000000
A 5.374012 8.061017 2.687006


-22.420000	0a700
6

K 0.000000 0.000000 0.000000
L 2.687006 2.687006 0.000000
V 5.374012 5.374012 0.000000
F 8.061017 2.687006 0.000000
F 5.374012 2.687006 -2.687006
A 8.061017 5.374012 -2.687006


-22.420000	64140
6

K 0.000000 0.000000 0.000000
L 2.687006 2.687006 0.000000
V 5.374012 2.687006 2.687006
F 2.687006 5.374012 2.687006
F 5.374012 5.374012 5.374012
A 2.687006 2.687006 5.374012


-22.420000	0a740
6

K 0.000000 0.000000 0.000000
L 2.687006 2.687006 0.000000
V 5.374012 2.687006 2.687006
F 8.061017 0.000000 2.687006
F 5.374012 0.000000 0.000000
A 8.061017 2.687006 0.000000


-22.420000	09140
6

K 0.000000 0.000000 0.000000
L 2.687006 2.687006 0.000000
V 5.374012 2.687006 2.687006
F 2.687006 5.374012 2.687006
F 2.687006 2.687006 5.374012
A 5.374012 5.374012 5.374012


-22.420000	09100
6

K 0.000000 0.000000 0.000000
L 2.687006 2.687006 0.000000
V 5.374012 5.374012 0.000000
F 2.687006 8.061017 0.000000
F 2.687006 5.374012 2.687006
A 5.374012 8.061017 2.687006


-22.420000	41540
6

K 0.000000 0.000000 0.000000
L 2.687006 2.687006 0.000000
V 5.374012 2.687006 2.687006
F 8.061017 2.687006 0.000000
F 5.374012 5.374012 0.000000
A 8.061017 5.374012 2.687006


-22.420000	41510
6

K 0.000000 0.000000 0.000000
L 2.687006 2.687006 0.000000
V 0.000000 5.374012 0.000000
F 2.687006 5.374012 -2.687006
F 0.000000 8.061017 -2.687006
A 2.687006 8.061017 0.000000


-22.420000	52a00
6

K 0.000000 0.000000 0.000000
L 2.687006 2.687006 0.000000
V 5.374012 5.374012 0.000000
F 2.687006 5.374012 -2.687006
F 2.687006 8.061017 0.000000
A 5.374012 8.061017 -2.687006


-22.420000	08100
6

K 0.000000 0.000000 0.000000
L 2.687006 2.687006 0.000000
V 5.374012 5.374012 0.000000
F 2.687006 8.061017 0.000000
F 2.687006 5.374012 -2.687006
A 5.374012 8.061017 -2.687006


-22.420000	19010
6

K 0.000000 0.000000 0.000000
L 2.687006 2.687006 0.000000
V 0.000000 5.374012 0.000000
F 2.687006 8.061017 0.000000
F 2.687006 5.374012 2.687006
A 0.000000 8.061017 2.687006


-22.420000	51410
6

K 0.000000 0.000000 0.000000
L 2.687006 2.687006 0.000000
V 0.000000 5.374012 0.000000
F 2.687006 5.374012 2.687006
F 0.000000 8.061017 2.687006
A 2.687006 8.061017 0.000000


-22.420000	84340
6

K 0.000000 0.000000 0.000000
L 2.687006 2.687006 0.000000
V 5.374012 2.687006 2.687006
F 5.374012 5.374012 0.000000
F 8.061017 5.374012 2.687006
A 8.061017 2.687006 0.000000


-22.420000	18010
6

K 0.000000 0.000000 0.000000
L 2.687006 2.687006 0.000000
V 0.000000 5.374012 0.000000
F 2.687006 8.061017 0.000000
F 2.687006 5.374012 -2.687006
A 0.000000 8.061017 -2.687006


-22.400000	456a0
6

K 0.000000 0.000000 0.000000
L 2.687006 2.687006 0.000000
V 0.000000 2.687006 -2.687006
F -2.687006 0.000000 -2.687006
F 0.000000 0.000000 -5.374012
A 2.687006 0.000000 -2.687006


-22.350000	8b410
6

K 0.000000 0.000000 0.000000
L 2.687006 2.687006 0.000000
V 0.000000 5.374012 0.000000
F 2.687006 5.374012 2.687006
F 0.000000 5.374012 5.374012
A 0.000000 2.687006 2.687006


-22.350000	9a510
6

K 0.000000 0.000000 0.000000
L 2.687006 2.687006 0.000000
V 0.000000 5.374012 0.000000
F 2.687006 5.374012 -2.687006
F 0.000000 5.374012 -5.374012
A 0.000000 2.687006 -2.687006


-22.350000	a9410
6

K 0.000000 0.000000 0.000000
L 2.687006 2.687006 0.000000
V 0.000000 5.374012 0.000000
F 2.687006 5.374012 2.687006
F 2.687006 2.687006 5.374012
A 0.000000 2.687006 2.687006


-22.350000	b8510
6

K 0.000000 0.000000 0.000000
L 2.687006 2.687006 0.000000
V 0.000000 5.374012 0.000000
F 2.687006 5.374012 -2.687006
F 2.687006 2.687006 -5.374012
A 0.000000 2.687006 -2.687006


-22.350000	19840
6

K 0.000000 0.000000 0.000000
L 2.687006 2.687006 0.000000
V 5.374012 2.687006 2.687006
F 5.374012 0.000000 0.000000
F 5.374012 -2.687006 2.687006
A 2.687006 0.000000 2.687006


-22.280000	941a0
6

K 0.000000 0.000000 0.000000
L 2.687006 2.687006 0.000000
V 0.000000 2.687006 -2.687006
F -2.687006 5.374012 -2.687006
F 0.000000 5.374012 0.000000
A 0.000000 2.687006 2.687006


-21.980000	157a0
6

K 0.000000 0.000000 0.000000
L 2.687006 2.687006 0.000000
V 0.000000 2.687006 -2.687006
F 2.687006 0.000000 -2.687006
F 5.374012 0.000000 -5.374012
A 2.687006 2.687006 -5.374012


-21.980000	187a0
6

K 0.000000 0.000000 0.000000
L 2.687006 2.687006 0.000000
V 0.000000 2.687006 -2.687006
F 2.687006 0.000000 -2.687006
F 2.687006 -2.687006 -5.374012
A 0.000000 0.000000 -5.374012


-21.960000	b40a0
6

K 0.000000 0.000000 0.000000
L 2.687006 2.687006 0.000000
V 0.000000 2.687006 -2.687006
F 2.687006 5.374012 -2.687006
F 5.374012 5.374012 0.000000
A 2.687006 5.374012 2.687006


-21.960000	542a0
6

K 0.000000 0.000000 0.000000
L 2.687006 2.687006 0.000000
V 0.000000 2.687006 -2.687006
F 0.000000 5.374012 0.000000
F 2.687006 5.374012 2.687006
A 5.374012 5.374012 0.000000


-21.960000	970a0
6

K 0.000000 0.000000 0.000000
L 2.687006 2.687006 0.000000
V 0.000000 2.687006 -2.687006
F 2.687006 5.374012 -2.687006
F 5.374012 2.687006 -2.687006
A 5.374012 0.000000 0.000000


-21.960000	742a0
6

K 0.000000 0.000000 0.000000
L 2.687006 2.687006 0.000000
V 0.000000 2.687006 -2.687006
F 0.000000 5.374012 0.000000
F 2.687006 5.374012 2.687006
A 5.374012 2.687006 2.687006


-21.960000	940a0
6

K 0.000000 0.000000 0.000000
L 2.687006 2.687006 0.000000
V 0.000000 2.687006 -2.687006
F 2.687006 5.374012 -2.687006
F 5.374012 5.374012 0.000000
A 5.374012 2.687006 2.687006


-21.860000	370a0
6

K 0.000000 0.000000 0.000000
L 2.687006 2.687006 0.000000
V 0.000000 2.687006 -2.687006
F 2.687006 5.374012 -2.687006
F 5.374012 2.687006 -2.687006
A 5.374012 5.374012 -5.374012


-21.860000	142a0
6

K 0.000000 0.000000 0.000000
L 2.687006 2.687006 0.000000
V 0.000000 2.687006 -2.687006
F 0.000000 5.374012 0.000000
F 2.687006 5.374012 2.687006
A 0.000000 8.061017 2.687006


-21.860000	140a0
6

K 0.000000 0.000000 0.000000
L 2.687006 2.687006 0.000000
V 0.000000 2.687006 -2.687006
F 2.687006 5.374012 -2.687006
F 5.374012 5.374012 0.000000
A 2.687006 8.061017 0.000000


-21.860000	342a0
6

K 0.000000 0.000000 0.000000
L 2.687006 2.687006 0.000000
V 0.000000 2.687006 -2.687006
F 0.000000 5.374012 0.000000
F 2.687006 5.374012 2.687006
A 2.687006 8.061017 0.000000


-21.860000	340a0
6

K 0.000000 0.000000 0.000000
L 2.687006 2.687006 0.000000
V 0.000000 2.687006 -2.687006
F 2.687006 5.374012 -2.687006
F 5.374012 5.374012 0.000000
A 5.374012 8.061017 -2.687006


-21.840000	167a0
6

K 0.000000 0.000000 0.000000
L 2.687006 2.687006 0.000000
V 0.000000 2.687006 -2.687006
F 2.687006 0.000000 -2.687006
F 0.000000 -2.687006 -2.687006
A -2.687006 0.000000 -2.687006


-21.790000	09610
6

K 0.000000 0.000000 0.000000
L 2.687006 2.687006 0.000000
V 0.000000 5.374012 0.000000
F -2.687006 2.687006 0.000000
F -2.687006 0.000000 2.687006
A 0.000000 2.687006 2.687006


-21.790000	08610
6

K 0.000000 0.000000 0.000000
L 2.687006 2.687006 0.000000
V 0.000000 5.374012 0.000000
F -2.687006 2.687006 0.000000
F -2.687006 0.000000 -2.687006
A 0.000000 2.687006 -2.687006


-21.740000	27b10
6

K 0.000000 0.000000 0.000000
L 2.687006 2.687006 0.000000
V 0.000000 5.374012 0.000000
F -2.687006 5.374012 2.687006
F 0.000000 2.687006 2.687006
A 0.000000 5.374012 5.374012


-21.740000	81810
6

K 0.000000 0.000000 0.000000
L 2.687006 2.687006 0.000000
V 0.000000 5.374012 0.000000
F 0.000000 2.687006 -2.687006
F -2.687006 5.374012 -2.687006
A -2.687006 2.687006 -5.374012


-21.740000	37a10
6

K 0.000000 0.000000 0.000000
L 2.687006 2.687006 0.000000
V 0.000000 5.374012 0.000000
F -2.687006 5.374012 -2.687006
F 0.000000 2.687006 -2.687006
A 0.000000 5.374012 -5.374012


-21.740000	91910
6

K 0.000000 0.000000 0.000000
L 2.687006 2.687006 0.000000
V 0.000000 5.374012 0.000000
F 0.000000 2.687006 2.687006
F -2.687006 5.374012 2.687006
A -2.687006 2.687006 5.374012


-21.740000	7a940
6

K 0.000000 0.000000 0.000000
L 2.687006 2.687006 0.000000
V 5.374012 2.687006 2.687006
F 5.374012 0.000000 5.374012
F 2.687006 0.000000 2.687006
A 5.374012 -2.687006 2.687006


-21.740000	9a940
6

K 0.000000 0.000000 0.000000
L 2.687006 2.687006 0.000000
V 5.374012 2.687006 2.687006
F 5.374012 0.000000 5.374012
F 2.687006 0.000000 2.687006
A 2.687006 -2.687006 5.374012


-21.740000	64640
6

K 0.000000 0.000000 0.000000
L 2.687006 2.687006 0.000000
V 5.374012 2.687006 2.687006
F 2.687006 0.000000 2.687006
F 5.374012 0.000000 5.374012
A 2.687006 -2.687006 5.374012


-21.740000	b8b40
6

K 0.000000 0.000000 0.000000
L 2.687006 2.687006 0.000000
V 5.374012 2.687006 2.687006
F 2.687006 2.687006 5.374012
F 2.687006 0.000000 2.687006
A 0.000000 0.000000 5.374012


-21.740000	a7a10
6

K 0.000000 0.000000 0.000000
L 2.687006 2.687006 0.000000
V 0.000000 5.374012 0.000000
F -2.687006 5.374012 -2.687006
F 0.000000 2.687006 -2.687006
A -2.687006 2.687006 -5.374012


-21.740000	41910
6

K 0.000000 0.000000 0.000000
L 2.687006 2.687006 0.000000
V 0.000000 5.374012 0.000000
F 0.000000 2.687006 2.687006
F -2.687006 5.374012 2.687006
A 0.000000 5.374012 5.374012


-21.740000	b7b10
6

K 0.000000 0.000000 0.000000
L 2.687006 2.687006 0.000000
V 0.000000 5.374012 0.000000
F -2.687006 5.374012 2.687006
F 0.000000 2.687006 2.687006
A -2.687006 2.687006 5.374012


-21.740000	62640
6

K 0.000000 0.000000 0.000000
L 2.687006 2.687006 0.000000
V 5.374012 2.687006 2.687006
F 2.687006 0.000000 2.687006
F 2.687006 2.687006 5.374012
A 0.000000 0.000000 5.374012


-21.740000	84640
6

K 0.000000 0.000000 0.000000
L 2.687006 2.687006 0.000000
V 5.374012 2.687006 2.687006
F 2.687006 0.000000 2.687006
F 5.374012 0.000000 5.374012
A 5.374012 -2.687006 2.687006


-21.740000	51810
6

K 0.000000 0.000000 0.000000
L 2.687006 2.687006 0.000000
V 0.000000 5.374012 0.000000
F 0.000000 2.687006 -2.687006
F -2.687006 5.374012 -2.687006
A 0.000000 5.374012 -5.374012


-21.720000	692a0
6

K 0.000000 0.000000 0.000000
L 2.687006 2.687006 0.000000
V 0.000000 2.687006 -2.687006
F 0.000000 5.374012 0.000000
F 0.000000 2.687006 2.687006
A -2.687006 0.000000 2.687006


-21.720000	426a0
6

K 0.000000 0.000000 0.000000
L 2.687006 2.687006 0.000000
V 0.000000 2.687006 -2.687006
F -2.687006 0.000000 -2.687006
F -2.687006 2.687006 0.000000
A 0.000000 2.687006 2.687006


-21.670000	48810
6

K 0.000000 0.000000 0.000000
L 2.687006 2.687006 0.000000
V 0.000000 5.374012 0.000000
F 0.000000 2.687006 -2.687006
F 0.000000 0.000000 -5.374012
A 2.687006 0.000000 -2.687006


-21.670000	59910
6

K 0.000000 0.000000 0.000000
L 2.687006 2.687006 0.000000
V 0.000000 5.374012 0.000000
F 0.000000 2.687006 2.687006
F 0.000000 0.000000 5.374012
A 2.687006 0.000000 2.687006


-21.670000	36840
6

K 0.000000 0.000000 0.000000
L 2.687006 2.687006 0.000000
V 5.374012 2.687006 2.687006
F 5.374012 0.000000 0.000000
F 2.687006 -2.687006 0.000000
A 2.687006 0.000000 -2.687006


-21.670000	84910
6

K 0.000000 0.000000 0.000000
L 2.687006 2.687006 0.000000
V 0.000000 5.374012 0.000000
F 0.000000 2.687006 2.687006
F 2.687006 2.687006 5.374012
A 2.687006 0.000000 2.687006


-21.670000	95810
6

K 0.000000 0.000000 0.000000
L 2.687006 2.687006 0.000000
V 0.000000 5.374012 0.000000
F 0.000000 2.687006 -2.687006
F 2.687006 2.687006 -5.374012
A 2.687006 0.000000 -2.687006


-21.670000	3b640
6

K 0.000000 0.000000 0.000000
L 2.687006 2.687006 0.000000
V 5.374012 2.687006 2.687006
F 2.687006 0.000000 2.687006
F 0.000000 0.000000 5.374012
A 0.000000 2.687006 2.687006


-21.600000	8a910
6

K 0.000000 0.000000 0.000000
L 2.687006 2.687006 0.000000
V 0.000000 5.374012 0.000000
F 0.000000 2.687006 2.687006
F -2.687006 2.687006 0.000000
A -2.687006 0.000000 -2.687006


-21.600000	9b810
6

K 0.000000 0.000000 0.000000
L 2.687006 2.687006 0.000000
V 0.000000 5.374012 0.000000
F 0.000000 2.687006 -2.687006
F -2.687006 2.687006 0.000000
A -2.687006 0.000000 2.687006


-21.400000	04ba0
6

K 0.000000 0.000000 0.000000
L 2.687006 2.687006 0.000000
V 0.000000 2.687006 -2.687006
F -2.687006 2.687006 0.000000
F 0.000000 2.687006 2.687006
A 2.687006 5.374012 2.687006


-21.360000	81940
6

K 0.000000 0.000000 0.000000
L 2.687006 2.687006 0.000000
V 5.374012 2.687006 2.687006
F 5.374012 0.000000 5.374012
F 2.687006 2.687006 5.374012
A 2.687006 0.000000 2.687006


-21.360000	a7b40
6

K 0.000000 0.000000 0.000000
L 2.687006 2.687006 0.000000
V 5.374012 2.687006 2.687006
F 2.687006 2.687006 5.374012
F 5.374012 0.000000 5.374012
A 2.687006 0.000000 2.687006


-21.300000	597a0
6

K 0.000000 0.000000 0.000000
L 2.687006 2.687006 0.000000
V 0.000000 2.687006 -2.687006
F 2.687006 0.000000 -2.687006
F 2.687006 -2.687006 0.000000
A 5.374012 -2.687006 -2.687006


-21.300000	14ba0
6

K 0.000000 0.000000 0.000000
L 2.687006 2.687006 0.000000
V 0.000000 2.687006 -2.687006
F -2.687006 2.687006 0.000000
F 0.000000 2.687006 2.687006
A -2.687006 5.374012 2.687006


-21.300000	567a0
6

K 0.000000 0.000000 0.000000
L 2.687006 2.687006 0.000000
V 0.000000 2.687006 -2.687006
F 2.687006 0.000000 -2.687006
F 0.000000 -2.687006 -2.687006
A 2.687006 -2.687006 -5.374012


-21.280000	47910
6

K 0.000000 0.000000 0.000000
L 2.687006 2.687006 0.000000
V 0.000000 5.374012 0.000000
F 0.000000 2.687006 2.687006
F 2.687006 0.000000 2.687006
A 5.374012 0.000000 5.374012


-21.280000	b1640
6

K 0.000000 0.000000 0.000000
L 2.687006 2.687006 0.000000
V 5.374012 2.687006 2.687006
F 2.687006 0.000000 2.687006
F 0.000000 2.687006 2.687006
A -2.687006 2.687006 5.374012


-21.280000	57810
6

K 0.000000 0.000000 0.000000
L 2.687006 2.687006 0.000000
V 0.000000 5.374012 0.000000
F 0.000000 2.687006 -2.687006
F 2.687006 0.000000 -2.687006
A 5.374012 0.000000 -5.374012


-21.280000	11640
6

K 0.000000 0.000000 0.000000
L 2.687006 2.687006 0.000000
V 5.374012 2.687006 2.687006
F 2.687006 0.000000 2.687006
F 0.000000 2.687006 2.687006
A -2.687006 5.374012 2.687006


-21.280000	77910
6

K 0.000000 0.000000 0.000000
L 2.687006 2.687006 0.000000
V 0.000000 5.374012 0.000000
F 0.000000 2.687006 2.687006
F 2.687006 0.000000 2.687006
A 5.374012 -2.687006 2.687006


-21.280000	77810
6

K 0.000000 0.000000 0.000000
L 2.687006 2.687006 0.000000
V 0.000000 5.374012 0.000000
F 0.000000 2.687006 -2.687006
F 2.687006 0.000000 -2.687006
A 5.374012 -2.687006 -2.687006


-21.280000	21640
6

K 0.000000 0.000000 0.000000
L 2.687006 2.687006 0.000000
V 5.374012 2.687006 2.687006
F 2.687006 0.000000 2.687006
F 0.000000 2.687006 2.687006
A 0.000000 5.374012 5.374012


-21.280000	87810
6

K 0.000000 0.000000 0.000000
L 2.687006 2.687006 0.000000
V 0.000000 5.374012 0.000000
F 0.000000 2.687006 -2.687006
F 2.687006 0.000000 -2.687006
A 2.687006 -2.687006 -5.374012


-21.280000	97910
6

K 0.000000 0.000000 0.000000
L 2.687006 2.687006 0.000000
V 0.000000 5.374012 0.000000
F 0.000000 2.687006 2.687006
F 2.687006 0.000000 2.687006
A 2.687006 -2.687006 5.374012


-21.040000	b3800
6

K 0.000000 0.000000 0.000000
L 2.687006 2.687006 0.000000
V 5.374012 5.374012 0.000000
F 5.374012 2.687006 -2.687006
F 5.374012 5.374012 -5.374012
A 2.687006 5.374012 -2.687006


-21.040000	48a00
6

K 0.000000 0.000000 0.000000
L 2.687006 2.687006 0.000000
V 5.374012 5.374012 0.000000
F 2.687006 5.374012 -2.687006
F 2.687006 2.687006 -5.374012
A 5.374012 2.687006 -2.687006


-21.040000	59b00
6

K 0.000000 0.000000 0.000000
L 2.687006 2.687006 0.000000
V 5.374012 5.374012 0.000000
F 2.687006 5.374012 2.687006
F 2.687006 2.687006 5.374012
A 5.374012 2.687006 2.687006


-21.040000	91340
6

K 0.000000 0.000000 0.000000
L 2.687006 2.687006 0.000000
V 5.374012 2.687006 2.687006
F 5.374012 5.374012 0.000000
F 2.687006 8.061017 0.000000
A 2.687006 5.374012 2.687006


-21.040000	26700
6

K 0.000000 0.000000 0.000000
L 2.687006 2.687006 0.000000
V 5.374012 5.374012 0.000000
F 8.061017 2.687006 0.000000
F 5.374012 0.000000 0.000000
A 5.374012 2.687006 2.687006


-21.040000	80140
6

K 0.000000 0.000000 0.000000
L 2.687006 2.687006 0.000000
V 5.374012 2.687006 2.687006
F 2.687006 5.374012 2.687006
F 5.374012 8.061017 2.687006
A 5.374012 5.374012 0.000000


-21.040000	a2900
6

K 0.000000 0.000000 0.000000
L 2.687006 2.687006 0.000000
V 5.374012 5.374012 0.000000
F 5.374012 2.687006 2.687006
F 5.374012 5.374012 5.374012
A 2.687006 5.374012 2.687006


-21.040000	36700
6

K 0.000000 0.000000 0.000000
L 2.687006 2.687006 0.000000
V 5.374012 5.374012 0.000000
F 8.061017 2.687006 0.000000
F 5.374012 0.000000 0.000000
A 5.374012 2.687006 -2.687006


-21.040000	46100
6

K 0.000000 0.000000 0.000000
L 2.687006 2.687006 0.000000
V 5.374012 5.374012 0.000000
F 2.687006 8.061017 0.000000
F 0.000000 5.374012 0.000000
A 2.687006 5.374012 2.687006


-21.040000	56100
6

K 0.000000 0.000000 0.000000
L 2.687006 2.687006 0.000000
V 5.374012 5.374012 0.000000
F 2.687006 8.061017 0.000000
F 0.000000 5.374012 0.000000
A 2.687006 5.374012 -2.687006


-21.040000	9a540
6

K 0.000000 0.000000 0.000000
L 2.687006 2.687006 0.000000
V 5.374012 2.687006 2.687006
F 8.061017 2.687006 0.000000
F 5.374012 2.687006 -2.687006
A 5.374012 0.000000 0.000000


-21.040000	a7010
6

K 0.000000 0.000000 0.000000
L 2.687006 2.687006 0.000000
V 0.000000 5.374012 0.000000
F 2.687006 8.061017 0.000000
F 5.374012 5.374012 0.000000
A 2.687006 5.374012 -2.687006


-21.040000	95a00
6

K 0.000000 0.000000 0.000000
L 2.687006 2.687006 0.000000
V 5.374012 5.374012 0.000000
F 2.687006 5.374012 -2.687006
F 5.374012 5.374012 -5.374012
A 5.374012 2.687006 -2.687006


-21.040000	b7010
6

K 0.000000 0.000000 0.000000
L 2.687006 2.687006 0.000000
V 0.000000 5.374012 0.000000
F 2.687006 8.061017 0.000000
F 5.374012 5.374012 0.000000
A 2.687006 5.374012 2.687006


-21.040000	62340
6

K 0.000000 0.000000 0.000000
L 2.687006 2.687006 0.000000
V 5.374012 2.687006 2.687006
F 5.374012 5.374012 0.000000
F 5.374012 8.061017 2.687006
A 2.687006 5.374012 2.687006


-21.040000	2a800
6

K 0.000000 0.000000 0.000000
L 2.687006 2.687006 0.000000
V 5.374012 5.374012 0.000000
F 5.374012 2.687006 -2.687006
F 2.687006 2.687006 -5.374012
A 2.687006 5.374012 -2.687006


-21.040000	3b900
6

K 0.000000 0.000000 0.000000
L 2.687006 2.687006 0.000000
V 5.374012 5.374012 0.000000
F 5.374012 2.687006 2.687006
F 2.687006 2.687006 5.374012
A 2.687006 5.374012 2.687006


-21.040000	73140
6

K 0.000000 0.000000 0.000000
L 2.687006 2.687006 0.000000
V 5.374012 2.687006 2.687006
F 2.687006 5.374012 2.687006
F 2.687006 8.061017 0.000000
A 5.374012 5.374012 0.000000


-21.040000	84b00
6

K 0.000000 0.000000 0.000000
L 2.687006 2.687006 0.000000
V 5.374012 5.374012 0.000000
F 2.687006 5.374012 2.687006
F 5.374012 5.374012 5.374012
A 5.374012 2.687006 2.687006


-21.040000	2a540
6

K 0.000000 0.000000 0.000000
L 2.687006 2.687006 0.000000
V 5.374012 2.687006 2.687006
F 8.061017 2.687006 0.000000
F 5.374012 2.687006 -2.687006
A 5.374012 5.374012 0.000000


-20.990000	156a0
6

K 0.000000 0.000000 0.000000
L 2.687006 2.687006 0.000000
V 0.000000 2.687006 -2.687006
F -2.687006 0.000000 -2.687006
F 0.000000 0.000000 -5.374012
A -2.687006 2.687006 -5.374012


-20.990000	59aa0
6

K 0.000000 0.000000 0.000000
L 2.687006 2.687006 0.000000
V 0.000000 2.687006 -2.687006
F -2.687006 2.687006 -5.374012
F -2.687006 0.000000 -2.687006
A 0.000000 0.000000 -5.374012


-20.990000	736a0
6

K 0.000000 0.000000 0.000000
L 2.687006 2.687006 0.000000
V 0.000000 2.687006 -2.687006
F -2.687006 0.000000 -2.687006
F -2.687006 2.687006 -5.374012
A 0.000000 0.000000 -5.374012


-20.990000	3b8a0
6

K 0.000000 0.000000 0.000000
L 2.687006 2.687006 0.000000
V 0.000000 2.687006 -2.687006
F 0.000000 0.000000 -5.374012
F -2.687006 0.000000 -2.687006
A -2.687006 2.687006 -5.374012


-20.970000	04640
6

K 0.000000 0.000000 0.000000
L 2.687006 2.687006 0.000000
V 5.374012 2.687006 2.687006
F 2.687006 0.000000 2.687006
F 5.374012 0.000000 5.374012
A 8.061017 2.687006 5.374012


-20.970000	02640
6

K 0.000000 0.000000 0.000000
L 2.687006 2.687006 0.000000
V 5.374012 2.687006 2.687006
F 2.687006 0.000000 2.687006
F 2.687006 2.687006 5.374012
A 5.374012 5.374012 5.374012


-20.970000	01910
6

K 0.000000 0.000000 0.000000
L 2.687006 2.687006 0.000000
V 0.000000 5.374012 0.000000
F 0.000000 2.687006 2.687006
F -2.687006 5.374012 2.687006
A 0.000000 8.061017 2.687006


-20.970000	01810
6

K 0.000000 0.000000 0.000000
L 2.687006 2.687006 0.000000
V 0.000000 5.374012 0.000000
F 0.000000 2.687006 -2.687006
F -2.687006 5.374012 -2.687006
A 0.000000 8.061017 -2.687006


-20.970000	443a0
6

K 0.000000 0.000000 0.000000
L 2.687006 2.687006 0.000000
V 0.000000 2.687006 -2.687006
F 0.000000 5.374012 -5.374012
F 2.687006 5.374012 -2.687006
A 5.374012 5.374012 0.000000


-20.970000	441a0
6

K 0.000000 0.000000 0.000000
L 2.687006 2.687006 0.000000
V 0.000000 2.687006 -2.687006
F -2.687006 5.374012 -2.687006
F 0.000000 5.374012 0.000000
A 2.687006 5.374012 2.687006


-20.970000	54640
6

K 0.000000 0.000000 0.000000
L 2.687006 2.687006 0.000000
V 5.374012 2.687006 2.687006
F 2.687006 0.000000 2.687006
F 5.374012 0.000000 5.374012
A 8.061017 0.000000 2.687006


-20.970000	21810
6

K 0.000000 0.000000 0.000000
L 2.687006 2.687006 0.000000
V 0.000000 5.374012 0.000000
F 0.000000 2.687006 -2.687006
F -2.687006 5.374012 -2.687006
A -2.687006 8.061017 0.000000


-20.970000	425a0
6

K 0.000000 0.000000 0.000000
L 2.687006 2.687006 0.000000
V 0.000000 2.687006 -2.687006
F 2.687006 2.687006 -5.374012
F 2.687006 5.374012 -2.687006
A 5.374012 5.374012 0.000000


-20.970000	31910
6

K 0.000000 0.000000 0.000000
L 2.687006 2.687006 0.000000
V 0.000000 5.374012 0.000000
F 0.000000 2.687006 2.687006
F -2.687006 5.374012 2.687006
A -2.687006 8.061017 0.000000


-20.970000	743a0
6

K 0.000000 0.000000 0.000000
L 2.687006 2.687006 0.000000
V 0.000000 2.687006 -2.687006
F 0.000000 5.374012 -5.374012
F 2.687006 5.374012 -2.687006
A 5.374012 2.687006 -2.687006


-20.920000	098a0
6

K 0.000000 0.000000 0.000000
L 2.687006 2.687006 0.000000
V 0.000000 2.687006 -2.687006
F 0.000000 0.000000 -5.374012
F 0.000000 -2.687006 -2.687006
A 2.687006 0.000000 -2.687006


-20.870000	143a0
6

K 0.000000 0.000000 0.000000
L 2.687006 2.687006 0.000000
V 0.000000 2.687006 -2.687006
F 0.000000 5.374012 -5.374012
F 2.687006 5.374012 -2.687006
A 0.000000 8.061017 -2.687006


-20.870000	141a0
6

K 0.000000 0.000000 0.000000
L 2.687006 2.687006 0.000000
V 0.000000 2.687006 -2.687006
F -2.687006 5.374012 -2.687006
F 0.000000 5.374012 0.000000
A -2.687006 8.061017 0.000000


-20.870000	343a0
6

K 0.000000 0.000000 0.000000
L 2.687006 2.687006 0.000000
V 0.000000 2.687006 -2.687006
F 0.000000 5.374012 -5.374012
F 2.687006 5.374012 -2.687006
A 2.687006 8.061017 -5.374012


-20.870000	341a0
6

K 0.000000 0.000000 0.000000
L 2.687006 2.687006 0.000000
V 0.000000 2.687006 -2.687006
F -2.687006 5.374012 -2.687006
F 0.000000 5.374012 0.000000
A 0.000000 8.061017 -2.687006


-20.870000	0a2a0
6

K 0.000000 0.000000 0.000000
L 2.687006 2.687006 0.000000
V 0.000000 2.687006 -2.687006
F 0.000000 5.374012 0.000000
F -2.687006 5.374012 -2.687006
A 0.000000 8.061017 -2.687006


-20.870000	0a0a0
6

K 0.000000 0.000000 0.000000
L 2.687006 2.687006 0.000000
V 0.000000 2.687006 -2.687006
F 2.687006 5.374012 -2.687006
F 0.000000 5.374012 -5.374012
A 2.687006 8.061017 -5.374012


-20.870000	525a0
6

K 0.000000 0.000000 0.000000
L 2.687006 2.687006 0.000000
V 0.000000 2.687006 -2.687006
F 2.687006 2.687006 -5.374012
F 2.687006 5.374012 -2.687006
A 5.374012 5.374012 -5.374012


-20.870000	080a0
6

K 0.000000 0.000000 0.000000
L 2.687006 2.687006 0.000000
V 0.000000 2.687006 -2.687006
F 2.687006 5.374012 -2.687006
F 2.687006 2.687006 -5.374012
A 5.374012 5.374012 -5.374012


-20.870000	2a2a0
6

K 0.000000 0.000000 0.000000
L 2.687006 2.687006 0.000000
V 0.000000 2.687006 -2.687006
F 0.000000 5.374012 0.000000
F -2.687006 5.374012 -2.687006
A -2.687006 8.061017 0.000000


-20.870000	2a0a0
6

K 0.000000 0.000000 0.000000
L 2.687006 2.687006 0.000000
V 0.000000 2.687006 -2.687006
F 2.687006 5.374012 -2.687006
F 0.000000 5.374012 -5.374012
A 0.000000 8.061017 -2.687006


-20.850000	05140
6

K 0.000000 0.000000 0.000000
L 2.687006 2.687006 0.000000
V 5.374012 2.687006 2.687006
F 2.687006 5.374012 2.687006
F 5.374012 5.374012 0.000000
A 8.061017 8.061017 0.000000


-20.850000	47b00
6

K 0.000000 0.000000 0.000000
L 2.687006 2.687006 0.000000
V 5.374012 5.374012 0.000000
F 2.687006 5.374012 2.687006
F 5.374012 2.687006 2.687006
A 8.061017 2.687006 5.374012


-20.850000	a1800
6

K 0.000000 0.000000 0.000000
L 2.687006 2.687006 0.000000
V 5.374012 5.374012 0.000000
F 5.374012 2.687006 -2.687006
F 2.687006 5.374012 -2.687006
A 0.000000 5.374012 -5.374012


-20.850000	57a00
6

K 0.000000 0.000000 0.000000
L 2.687006 2.687006 0.000000
V 5.374012 5.374012 0.000000
F 2.687006 5.374012 -2.687006
F 5.374012 2.687006 -2.687006
A 8.061017 2.687006 -5.374012


-20.850000	b1900
6

K 0.000000 0.000000 0.000000
L 2.687006 2.687006 0.000000
V 5.374012 5.374012 0.000000
F 5.374012 2.687006 2.687006
F 2.687006 5.374012 2.687006
A 0.000000 5.374012 5.374012


-20.850000	35140
6

K 0.000000 0.000000 0.000000
L 2.687006 2.687006 0.000000
V 5.374012 2.687006 2.687006
F 2.687006 5.374012 2.687006
F 5.374012 5.374012 0.000000
A 5.374012 8.061017 -2.687006


-20.850000	77b00
6

K 0.000000 0.000000 0.000000
L 2.687006 2.687006 0.000000
V 5.374012 5.374012 0.000000
F 2.687006 5.374012 2.687006
F 5.374012 2.687006 2.687006
A 8.061017 0.000000 2.687006


-20.850000	bb340
6

K 0.000000 0.000000 0.000000
L 2.687006 2.687006 0.000000
V 5.374012 2.687006 2.687006
F 5.374012 5.374012 0.000000
F 2.687006 5.374012 2.687006
A 0.000000 5.374012 5.374012


-20.850000	77a00
6

K 0.000000 0.000000 0.000000
L 2.687006 2.687006 0.000000
V 5.374012 5.374012 0.000000
F 2.687006 5.374012 -2.687006
F 5.374012 2.687006 -2.687006
A 8.061017 0.000000 -2.687006


-20.850000	11900
6

K 0.000000 0.000000 0.000000
L 2.687006 2.687006 0.000000
V 5.374012 5.374012 0.000000
F 5.374012 2.687006 2.687006
F 2.687006 5.374012 2.687006
A 0.000000 8.061017 2.687006


-20.850000	55140
6

K 0.000000 0.000000 0.000000
L 2.687006 2.687006 0.000000
V 5.374012 2.687006 2.687006
F 2.687006 5.374012 2.687006
F 5.374012 5.374012 0.000000
A 8.061017 5.374012 -2.687006


-20.850000	11800
6

K 0.000000 0.000000 0.000000
L 2.687006 2.687006 0.000000
V 5.374012 5.374012 0.000000
F 5.374012 2.687006 -2.687006
F 2.687006 5.374012 -2.687006
A 0.000000 8.061017 -2.687006


-20.850000	87a00
6

K 0.000000 0.000000 0.000000
L 2.687006 2.687006 0.000000
V 5.374012 5.374012 0.000000
F 2.687006 5.374012 -2.687006
F 5.374012 2.687006 -2.687006
A 5.374012 0.000000 -5.374012


-20.850000	21900
6

K 0.000000 0.000000 0.000000
L 2.687006 2.687006 0.000000
V 5.374012 5.374012 0.000000
F 5.374012 2.687006 2.687006
F 2.687006 5.374012 2.687006
A 2.687006 8.061017 5.374012


-20.850000	97b00
6

K 0.000000 0.000000 0.000000
L 2.687006 2.687006 0.000000
V 5.374012 5.374012 0.000000
F 2.687006 5.374012 2.687006
F 5.374012 2.687006 2.687006
A 5.374012 0.000000 5.374012


-20.850000	1b340
6

K 0.000000 0.000000 0.000000
L 2.687006 2.687006 0.000000
V 5.374012 2.687006 2.687006
F 5.374012 5.374012 0.000000
F 2.687006 5.374012 2.687006
A 0.000000 8.061017 2.687006


-20.850000	31800
6

K 0.000000 0.000000 0.000000
L 2.687006 2.687006 0.000000
V 5.374012 5.374012 0.000000
F 5.374012 2.687006 -2.687006
F 2.687006 5.374012 -2.687006
A 2.687006 8.061017 -5.374012


-20.850000	2b340
6

K 0.000000 0.000000 0.000000
L 2.687006 2.687006 0.000000
V 5.374012 2.687006 2.687006
F 5.374012 5.374012 0.000000
F 2.687006 5.374012 2.687006
A 2.687006 8.061017 5.374012


-20.800000	7b2a0
6

K 0.000000 0.000000 0.000000
L 2.687006 2.687006 0.000000
V 0.000000 2.687006 -2.687006
F 0.000000 5.374012 0.000000
F -2.687006 5.374012 2.687006
A 0.000000 2.687006 2.687006


-20.780000	6a340
6

K 0.000000 0.000000 0.000000
L 2.687006 2.687006 0.000000
V 5.374012 2.687006 2.687006
F 5.374012 5.374012 0.000000
F 2.687006 5.374012 -2.687006
A 0.000000 2.687006 -2.687006


-20.780000	8a140
6

K 0.000000 0.000000 0.000000
L 2.687006 2.687006 0.000000
V 5.374012 2.687006 2.687006
F 2.687006 5.374012 2.687006
F 0.000000 5.374012 0.000000
A 0.000000 2.687006 -2.687006


-20.780000	8ab00
6

K 0.000000 0.000000 0.000000
L 2.687006 2.687006 0.000000
V 5.374012 5.374012 0.000000
F 2.687006 5.374012 2.687006
F 0.000000 5.374012 0.000000
A 0.000000 2.687006 -2.687006


-20.780000	9ba00
6

K 0.000000 0.000000 0.000000
L 2.687006 2.687006 0.000000
V 5.374012 5.374012 0.000000
F 2.687006 5.374012 -2.687006
F 0.000000 5.374012 0.000000
A 0.000000 2.687006 2.687006


-20.780000	68340
6

K 0.000000 0.000000 0.000000
L 2.687006 2.687006 0.000000
V 5.374012 2.687006 2.687006
F 5.374012 5.374012 0.000000
F 5.374012 2.687006 -2.687006
A 2.687006 0.000000 -2.687006


-20.780000	67510
6

K 0.000000 0.000000 0.000000
L 2.687006 2.687006 0.000000
V 0.000000 5.374012 0.000000
F 2.687006 5.374012 -2.687006
F 5.374012 2.687006 -2.687006
A 2.687006 0.000000 -2.687006


-20.780000	67410
6

K 0.000000 0.000000 0.000000
L 2.687006 2.687006 0.000000
V 0.000000 5.374012 0.000000
F 2.687006 5.374012 2.687006
F 5.374012 2.687006 2.687006
A 2.687006 0.000000 2.687006


-20.780000	a8900
6

K 0.000000 0.000000 0.000000
L 2.687006 2.687006 0.000000
V 5.374012 5.374012 0.000000
F 5.374012 2.687006 2.687006
F 5.374012 0.000000 0.000000
A 2.687006 0.000000 -2.687006


-20.780000	b9800
6

K 0.000000 0.000000 0.000000
L 2.687006 2.687006 0.000000
V 5.374012 5.374012 0.000000
F 5.374012 2.687006 -2.687006
F 5.374012 0.000000 0.000000
A 2.687006 0.000000 2.687006


-20.730000	695a0
6

K 0.000000 0.000000 0.000000
L 2.687006 2.687006 0.000000
V 0.000000 2.687006 -2.687006
F 2.687006 2.687006 -5.374012
F 2.687006 0.000000 -2.687006
A 0.000000 -2.687006 -2.687006


-20.730000	995a0
6

K 0.000000 0.000000 0.000000
L 2.687006 2.687006 0.000000
V 0.000000 2.687006 -2.687006
F 2.687006 2.687006 -5.374012
F 2.687006 0.000000 -2.687006
A 2.687006 -2.687006 0.000000


-20.730000	962a0
6

K 0.000000 0.000000 0.000000
L 2.687006 2.687006 0.000000
V 0.000000 2.687006 -2.687006
F 0.000000 5.374012 0.000000
F -2.687006 2.687006 0.000000
A -2.687006 0.000000 2.687006


-20.730000	948a0
6

K 0.000000 0.000000 0.000000
L 2.687006 2.687006 0.000000
V 0.000000 2.687006 -2.687006
F 0.000000 0.000000 -5.374012
F 2.687006 0.000000 -2.687006
A 2.687006 -2.687006 0.000000


-20.410000	492a0
6

K 0.000000 0.000000 0.000000
L 2.687006 2.687006 0.000000
V 0.000000 2.687006 -2.687006
F 0.000000 5.374012 0.000000
F 0.000000 2.687006 2.687006
A 2.687006 2.687006 5.374012


-20.410000	707a0
6

K 0.000000 0.000000 0.000000
L 2.687006 2.687006 0.000000
V 0.000000 2.687006 -2.687006
F 2.687006 0.000000 -2.687006
F 5.374012 2.687006 -2.687006
A 8.061017 0.000000 -2.687006


-20.410000	047a0
6

K 0.000000 0.000000 0.000000
L 2.687006 2.687006 0.000000
V 0.000000 2.687006 -2.687006
F 2.687006 0.000000 -2.687006
F 5.374012 0.000000 0.000000
A 8.061017 2.687006 0.000000


-20.410000	992a0
6

K 0.000000 0.000000 0.000000
L 2.687006 2.687006 0.000000
V 0.000000 2.687006 -2.687006
F 0.000000 5.374012 0.000000
F 0.000000 2.687006 2.687006
A 0.000000 0.000000 5.374012


-20.410000	447a0
6

K 0.000000 0.000000 0.000000
L 2.687006 2.687006 0.000000
V 0.000000 2.687006 -2.687006
F 2.687006 0.000000 -2.687006
F 5.374012 0.000000 0.000000
A 8.061017 0.000000 2.687006


-20.410000	007a0
6

K 0.000000 0.000000 0.000000
L 2.687006 2.687006 0.000000
V 0.000000 2.687006 -2.687006
F 2.687006 0.000000 -2.687006
F 5.374012 2.687006 -2.687006
A 8.061017 5.374012 -2.687006


-20.410000	547a0
6

K 0.000000 0.000000 0.000000
L 2.687006 2.687006 0.000000
V 0.000000 2.687006 -2.687006
F 2.687006 0.000000 -2.687006
F 5.374012 0.000000 0.000000
A 8.061017 0.000000 -2.687006


-20.410000	b92a0
6

K 0.000000 0.000000 0.000000
L 2.687006 2.687006 0.000000
V 0.000000 2.687006 -2.687006
F 0.000000 5.374012 0.000000
F 0.000000 2.687006 2.687006
A -2.687006 2.687006 5.374012


-20.410000	747a0
6

K 0.000000 0.000000 0.000000
L 2.687006 2.687006 0.000000
V 0.000000 2.687006 -2.687006
F 2.687006 0.000000 -2.687006
F 5.374012 0.000000 0.000000
A 8.061017 -2.687006 0.000000


-20.410000	307a0
6

K 0.000000 0.000000 0.000000
L 2.687006 2.687006 0.000000
V 0.000000 2.687006 -2.687006
F 2.687006 0.000000 -2.687006
F 5.374012 2.687006 -2.687006
A 5.374012 5.374012 -5.374012


-20.410000	407a0
6

K 0.000000 0.000000 0.000000
L 2.687006 2.687006 0.000000
V 0.000000 2.687006 -2.687006
F 2.687006 0.000000 -2.687006
F 5.374012 2.687006 -2.687006
A 8.061017 2.687006 0.000000


-20.410000	292a0
6

K 0.000000 0.000000 0.000000
L 2.687006 2.687006 0.000000
V 0.000000 2.687006 -2.687006
F 0.000000 5.374012 0.000000
F 0.000000 2.687006 2.687006
A 0.000000 5.374012 5.374012


-20.410000	947a0
6

K 0.000000 0.000000 0.000000
L 2.687006 2.687006 0.000000
V 0.000000 2.687006 -2.687006
F 2.687006 0.000000 -2.687006
F 5.374012 0.000000 0.000000
A 5.374012 -2.687006 2.687006


-20.410000	507a0
6

K 0.000000 0.000000 0.000000
L 2.687006 2.687006 0.000000
V 0.000000 2.687006 -2.687006
F 2.687006 0.000000 -2.687006
F 5.374012 2.687006 -2.687006
A 8.061017 2.687006 -5.374012


-20.310000	a26a0
6

K 0.000000 0.000000 0.000000
L 2.687006 2.687006 0.000000
V 0.000000 2.687006 -2.687006
F -2.687006 0.000000 -2.687006
F -2.687006 2.687006 0.000000
A -5.374012 2.687006 -2.687006


-20.310000	b8ba0
6

K 0.000000 0.000000 0.000000
L 2.687006 2.687006 0.000000
V 0.000000 2.687006 -2.687006
F -2.687006 2.687006 0.000000
F -2.687006 0.000000 -2.687006
A -5.374012 0.000000 0.000000


-20.310000	626a0
6

K 0.000000 0.000000 0.000000
L 2.687006 2.687006 0.000000
V 0.000000 2.687006 -2.687006
F -2.687006 0.000000 -2.687006
F -2.687006 2.687006 0.000000
A -5.374012 0.000000 0.000000


-20.310000	18ba0
6

K 0.000000 0.000000 0.000000
L 2.687006 2.687006 0.000000
V 0.000000 2.687006 -2.687006
F -2.687006 2.687006 0.000000
F -2.687006 0.000000 -2.687006
A -5.374012 2.687006 -2.687006


-20.290000	b4610
6

K 0.000000 0.000000 0.000000
L 2.687006 2.687006 0.000000
V 0.000000 5.374012 0.000000
F -2.687006 2.687006 0.000000
F 0.000000 2.687006 2.687006
A -2.687006 2.687006 5.374012


-20.290000	6b810
6

K 0.000000 0.000000 0.000000
L 2.687006 2.687006 0.000000
V 0.000000 5.374012 0.000000
F 0.000000 2.687006 -2.687006
F -2.687006 2.687006 0.000000
A -5.374012 0.000000 0.000000


-20.290000	6a910
6

K 0.000000 0.000000 0.000000
L 2.687006 2.687006 0.000000
V 0.000000 5.374012 0.000000
F 0.000000 2.687006 2.687006
F -2.687006 2.687006 0.000000
A -5.374012 0.000000 0.000000


-20.290000	24610
6

K 0.000000 0.000000 0.000000
L 2.687006 2.687006 0.000000
V 0.000000 5.374012 0.000000
F -2.687006 2.687006 0.000000
F 0.000000 2.687006 2.687006
A 0.000000 5.374012 5.374012


-20.290000	35610
6

K 0.000000 0.000000 0.000000
L 2.687006 2.687006 0.000000
V 0.000000 5.374012 0.000000
F -2.687006 2.687006 0.000000
F 0.000000 2.687006 -2.687006
A 0.000000 5.374012 -5.374012


-20.290000	ab810
6

K 0.000000 0.000000 0.000000
L 2.687006 2.687006 0.000000
V 0.000000 5.374012 0.000000
F 0.000000 2.687006 -2.687006
F -2.687006 2.687006 0.000000
A -5.374012 2.687006 -2.687006


-20.290000	44610
6

K 0.000000 0.000000 0.000000
L 2.687006 2.687006 0.000000
V 0.000000 5.374012 0.000000
F -2.687006 2.687006 0.000000
F 0.000000 2.687006 2.687006
A 2.687006 2.687006 5.374012


-20.290000	55610
6

K 0.000000 0.000000 0.000000
L 2.687006 2.687006 0.000000
V 0.000000 5.374012 0.000000
F -2.687006 2.687006 0.000000
F 0.000000 2.687006 -2.687006
A 2.687006 2.687006 -5.374012


-20.290000	aa910
6

K 0.000000 0.000000 0.000000
L 2.687006 2.687006 0.000000
V 0.000000 5.374012 0.000000
F 0.000000 2.687006 2.687006
F -2.687006 2.687006 0.000000
A -5.374012 2.687006 -2.687006


-20.290000	bb810
6

K 0.000000 0.000000 0.000000
L 2.687006 2.687006 0.000000
V 0.000000 5.374012 0.000000
F 0.000000 2.687006 -2.687006
F -2.687006 2.687006 0.000000
A -5.374012 2.687006 2.687006


-20.290000	ba910
6

K 0.000000 0.000000 0.000000
L 2.687006 2.687006 0.000000
V 0.000000 5.374012 0.000000
F 0.000000 2.687006 2.687006
F -2.687006 2.687006 0.000000
A -5.374012 2.687006 2.687006


-20.290000	1b810
6

K 0.000000 0.000000 0.000000
L 2.687006 2.687006 0.000000
V 0.000000 5.374012 0.000000
F 0.000000 2.687006 -2.687006
F -2.687006 2.687006 0.000000
A -5.374012 5.374012 0.000000


-20.290000	85610
6

K 0.000000 0.000000 0.000000
L 2.687006 2.687006 0.000000
V 0.000000 5.374012 0.000000
F -2.687006 2.687006 0.000000
F 0.000000 2.687006 -2.687006
A 0.000000 0.000000 -5.374012


-20.290000	1a910
6

K 0.000000 0.000000 0.000000
L 2.687006 2.687006 0.000000
V 0.000000 5.374012 0.000000
F 0.000000 2.687006 2.687006
F -2.687006 2.687006 0.000000
A -5.374012 5.374012 0.000000


-20.290000	94610
6

K 0.000000 0.000000 0.000000
L 2.687006 2.687006 0.000000
V 0.000000 5.374012 0.000000
F -2.687006 2.687006 0.000000
F 0.000000 2.687006 2.687006
A 0.000000 0.000000 5.374012


-20.290000	a5610
6

K 0.000000 0.000000 0.000000
L 2.687006 2.687006 0.000000
V 0.000000 5.374012 0.000000
F -2.687006 2.687006 0.000000
F 0.000000 2.687006 -2.687006
A -2.687006 2.687006 -5.374012


-20.240000	09ba0
6

K 0.000000 0.000000 0.000000
L 2.687006 2.687006 0.000000
V 0.000000 2.687006 -2.687006
F -2.687006 2.687006 0.000000
F -2.687006 0.000000 2.687006
A 0.000000 2.687006 2.687006


-20.220000	38640
6

K 0.000000 0.000000 0.000000
L 2.687006 2.687006 0.000000
V 5.374012 2.687006 2.687006
F 2.687006 0.000000 2.687006
F 2.687006 -2.687006 0.000000
A 2.687006 0.000000 -2.687006


-20.120000	56640
6

K 0.000000 0.000000 0.000000
L 2.687006 2.687006 0.000000
V 5.374012 2.687006 2.687006
F 2.687006 0.000000 2.687006
F 0.000000 -2.687006 2.687006
A 2.687006 -2.687006 0.000000


-20.120000	b8640
6

K 0.000000 0.000000 0.000000
L 2.687006 2.687006 0.000000
V 5.374012 2.687006 2.687006
F 2.687006 0.000000 2.687006
F 2.687006 -2.687006 0.000000
A 0.000000 -2.687006 2.687006


-20.100000	5a2a0
6

K 0.000000 0.000000 0.000000
L 2.687006 2.687006 0.000000
V 0.000000 2.687006 -2.687006
F 0.000000 5.374012 0.000000
F -2.687006 5.374012 -2.687006
A 0.000000 5.374012 -5.374012


-20.100000	6a0a0
6

K 0.000000 0.000000 0.000000
L 2.687006 2.687006 0.000000
V 0.000000 2.687006 -2.687006
F 2.687006 5.374012 -2.687006
F 0.000000 5.374012 -5.374012
A -2.687006 2.687006 -5.374012


-20.100000	680a0
6

K 0.000000 0.000000 0.000000
L 2.687006 2.687006 0.000000
V 0.000000 2.687006 -2.687006
F 2.687006 5.374012 -2.687006
F 2.687006 2.687006 -5.374012
A 0.000000 0.000000 -5.374012


-20.100000	8a2a0
6

K 0.000000 0.000000 0.000000
L 2.687006 2.687006 0.000000
V 0.000000 2.687006 -2.687006
F 0.000000 5.374012 0.000000
F -2.687006 5.374012 -2.687006
A -2.687006 2.687006 -5.374012


-20.100000	ba0a0
6

K 0.000000 0.000000 0.000000
L 2.687006 2.687006 0.000000
V 0.000000 2.687006 -2.687006
F 2.687006 5.374012 -2.687006
F 0.000000 5.374012 -5.374012
A -2.687006 5.374012 -2.687006


-20.050000	a2540
6

K 0.000000 0.000000 0.000000
L 2.687006 2.687006 0.000000
V 5.374012 2.687006 2.687006
F 8.061017 2.687006 0.000000
F 8.061017 5.374012 2.687006
A 5.374012 5.374012 0.000000


-20.050000	7b010
6

K 0.000000 0.000000 0.000000
L 2.687006 2.687006 0.000000
V 0.000000 5.374012 0.000000
F 2.687006 8.061017 0.000000
F 0.000000 8.061017 2.687006
A 2.687006 5.374012 2.687006


-20.050000	8b300
6

K 0.000000 0.000000 0.000000
L 2.687006 2.687006 0.000000
V 5.374012 5.374012 0.000000
F 5.374012 8.061017 -2.687006
F 2.687006 8.061017 0.000000
A 2.687006 5.374012 -2.687006


-20.050000	7a010
6

K 0.000000 0.000000 0.000000
L 2.687006 2.687006 0.000000
V 0.000000 5.374012 0.000000
F 2.687006 8.061017 0.000000
F 0.000000 8.061017 -2.687006
A 2.687006 5.374012 -2.687006


-20.050000	36240
6

K 0.000000 0.000000 0.000000
L 2.687006 2.687006 0.000000
V 5.374012 2.687006 2.687006
F 5.374012 5.374012 5.374012
F 2.687006 2.687006 5.374012
A 2.687006 5.374012 2.687006


-20.050000	a0b40
6

K 0.000000 0.000000 0.000000
L 2.687006 2.687006 0.000000
V 5.374012 2.687006 2.687006
F 2.687006 2.687006 5.374012
F 5.374012 5.374012 5.374012
A 2.687006 5.374012 2.687006


-20.050000	9a200
6

K 0.000000 0.000000 0.000000
L 2.687006 2.687006 0.000000
V 5.374012 5.374012 0.000000
F 5.374012 8.061017 2.687006
F 2.687006 8.061017 0.000000
A 2.687006 5.374012 2.687006


-20.050000	65100
6

K 0.000000 0.000000 0.000000
L 2.687006 2.687006 0.000000
V 5.374012 5.374012 0.000000
F 2.687006 8.061017 0.000000
F 5.374012 8.061017 -2.687006
A 2.687006 5.374012 -2.687006


-20.050000	a9540
6

K 0.000000 0.000000 0.000000
L 2.687006 2.687006 0.000000
V 5.374012 2.687006 2.687006
F 8.061017 2.687006 0.000000
F 8.061017 0.000000 2.687006
A 5.374012 0.000000 0.000000


-20.050000	a9500
6

K 0.000000 0.000000 0.000000
L 2.687006 2.687006 0.000000
V 5.374012 5.374012 0.000000
F 8.061017 5.374012 -2.687006
F 8.061017 2.687006 0.000000
A 5.374012 2.687006 -2.687006


-20.050000	64100
6

K 0.000000 0.000000 0.000000
L 2.687006 2.687006 0.000000
V 5.374012 5.374012 0.000000
F 2.687006 8.061017 0.000000
F 5.374012 8.061017 2.687006
A 2.687006 5.374012 2.687006


-20.050000	63700
6

K 0.000000 0.000000 0.000000
L 2.687006 2.687006 0.000000
V 5.374012 5.374012 0.000000
F 8.061017 2.687006 0.000000
F 8.061017 5.374012 -2.687006
A 5.374012 2.687006 -2.687006


-20.050000	63740
6

K 0.000000 0.000000 0.000000
L 2.687006 2.687006 0.000000
V 5.374012 2.687006 2.687006
F 8.061017 0.000000 2.687006
F 8.061017 2.687006 0.000000
A 5.374012 0.000000 0.000000


-20.050000	b8400
6

K 0.000000 0.000000 0.000000
L 2.687006 2.687006 0.000000
V 5.374012 5.374012 0.000000
F 8.061017 5.374012 2.687006
F 8.061017 2.687006 0.000000
A 5.374012 2.687006 2.687006


-20.050000	62700
6

K 0.000000 0.000000 0.000000
L 2.687006 2.687006 0.000000
V 5.374012 5.374012 0.000000
F 8.061017 2.687006 0.000000
F 8.061017 5.374012 2.687006
A 5.374012 2.687006 2.687006


-20.050000	84310
6

K 0.000000 0.000000 0.000000
L 2.687006 2.687006 0.000000
V 0.000000 5.374012 0.000000
F 0.000000 8.061017 -2.687006
F 2.687006 8.061017 0.000000
A 2.687006 5.374012 -2.687006


-20.050000	95210
6

K 0.000000 0.000000 0.000000
L 2.687006 2.687006 0.000000
V 0.000000 5.374012 0.000000
F 0.000000 8.061017 2.687006
F 2.687006 8.061017 0.000000
A 2.687006 5.374012 2.687006


-20.050000	18040
6

K 0.000000 0.000000 0.000000
L 2.687006 2.687006 0.000000
V 5.374012 2.687006 2.687006
F 8.061017 5.374012 2.687006
F 8.061017 2.687006 0.000000
A 5.374012 5.374012 0.000000


-19.930000	8b2a0
6

K 0.000000 0.000000 0.000000
L 2.687006 2.687006 0.000000
V 0.000000 2.687006 -2.687006
F 0.000000 5.374012 0.000000
F -2.687006 5.374012 2.687006
A -2.687006 2.687006 0.000000


-19.910000	49a10
6

K 0.000000 0.000000 0.000000
L 2.687006 2.687006 0.000000
V 0.000000 5.374012 0.000000
F -2.687006 5.374012 -2.687006
F -2.687006 2.687006 0.000000
A 0.000000 2.687006 2.687006


-19.910000	58b10
6

K 0.000000 0.000000 0.000000
L 2.687006 2.687006 0.000000
V 0.000000 5.374012 0.000000
F -2.687006 5.374012 2.687006
F -2.687006 2.687006 0.000000
A 0.000000 2.687006 -2.687006


-19.790000	6b700
6

K 0.000000 0.000000 0.000000
L 2.687006 2.687006 0.000000
V 5.374012 5.374012 0.000000
F 8.061017 2.687006 0.000000
F 5.374012 2.687006 2.687006
A 2.687006 0.000000 2.687006


-19.790000	6a240
6

K 0.000000 0.000000 0.000000
L 2.687006 2.687006 0.000000
V 5.374012 2.687006 2.687006
F 5.374012 5.374012 5.374012
F 2.687006 5.374012 2.687006
A 0.000000 2.687006 2.687006


-19.790000	6a700
6

K 0.000000 0.000000 0.000000
L 2.687006 2.687006 0.000000
V 5.374012 5.374012 0.000000
F 8.061017 2.687006 0.000000
F 5.374012 2.687006 -2.687006
A 2.687006 0.000000 -2.687006


-19.790000	69100
6

K 0.000000 0.000000 0.000000
L 2.687006 2.687006 0.000000
V 5.374012 5.374012 0.000000
F 2.687006 8.061017 0.000000
F 2.687006 5.374012 2.687006
A 0.000000 2.687006 2.687006


-19.790000	68100
6

K 0.000000 0.000000 0.000000
L 2.687006 2.687006 0.000000
V 5.374012 5.374012 0.000000
F 2.687006 8.061017 0.000000
F 2.687006 5.374012 -2.687006
A 0.000000 2.687006 -2.687006


-19.790000	66500
6

K 0.000000 0.000000 0.000000
L 2.687006 2.687006 0.000000
V 5.374012 5.374012 0.000000
F 8.061017 5.374012 -2.687006
F 5.374012 2.687006 -2.687006
A 2.687006 0.000000 -2.687006


-19.790000	66400
6

K 0.000000 0.000000 0.000000
L 2.687006 2.687006 0.000000
V 5.374012 5.374012 0.000000
F 8.061017 5.374012 2.687006
F 5.374012 2.687006 2.687006
A 2.687006 0.000000 2.687006


-19.790000	66300
6

K 0.000000 0.000000 0.000000
L 2.687006 2.687006 0.000000
V 5.374012 5.374012 0.000000
F 5.374012 8.061017 -2.687006
F 2.687006 5.374012 -2.687006
A 0.000000 2.687006 -2.687006


-19.790000	aa740
6

K 0.000000 0.000000 0.000000
L 2.687006 2.687006 0.000000
V 5.374012 2.687006 2.687006
F 8.061017 0.000000 2.687006
F 5.374012 0.000000 0.000000
A 2.687006 0.000000 -2.687006


-19.790000	66200
6

K 0.000000 0.000000 0.000000
L 2.687006 2.687006 0.000000
V 5.374012 5.374012 0.000000
F 5.374012 8.061017 2.687006
F 2.687006 5.374012 2.687006
A 0.000000 2.687006 2.687006


-19.790000	a6540
6

K 0.000000 0.000000 0.000000
L 2.687006 2.687006 0.000000
V 5.374012 2.687006 2.687006
F 8.061017 2.687006 0.000000
F 5.374012 0.000000 0.000000
A 2.687006 0.000000 -2.687006


-19.610000	52ba0
6

K 0.000000 0.000000 0.000000
L 2.687006 2.687006 0.000000
V 0.000000 2.687006 -2.687006
F -2.687006 2.687006 0.000000
F -2.687006 5.374012 2.687006
A 0.000000 5.374012 0.000000


-19.540000	38ba0
6

K 0.000000 0.000000 0.000000
L 2.687006 2.687006 0.000000
V 0.000000 2.687006 -2.687006
F -2.687006 2.687006 0.000000
F -2.687006 0.000000 -2.687006
A -2.687006 2.687006 -5.374012


-19.540000	58ba0
6

K 0.000000 0.000000 0.000000
L 2.687006 2.687006 0.000000
V 0.000000 2.687006 -2.687006
F -2.687006 2.687006 0.000000
F -2.687006 0.000000 -2.687006
A 0.000000 0.000000 -5.374012


-19.540000	326a0
6

K 0.000000 0.000000 0.000000
L 2.687006 2.687006 0.000000
V 0.000000 2.687006 -2.687006
F -2.687006 0.000000 -2.687006
F -2.687006 2.687006 0.000000
A -2.687006 5.374012 -2.687006


-19.490000	27640
6

K 0.000000 0.000000 0.000000
L 2.687006 2.687006 0.000000
V 5.374012 2.687006 2.687006
F 2.687006 0.000000 2.687006
F 5.374012 -2.687006 2.687006
A 5.374012 0.000000 5.374012


-19.490000	b3810
6

K 0.000000 0.000000 0.000000
L 2.687006 2.687006 0.000000
V 0.000000 5.374012 0.000000
F 0.000000 2.687006 -2.687006
F 0.000000 5.374012 -5.374012
A -2.687006 5.374012 -2.687006


-19.490000	a2910
6

K 0.000000 0.000000 0.000000
L 2.687006 2.687006 0.000000
V 0.000000 5.374012 0.000000
F 0.000000 2.687006 2.687006
F 0.000000 5.374012 5.374012
A -2.687006 5.374012 2.687006


-19.490000	902a0
6

K 0.000000 0.000000 0.000000
L 2.687006 2.687006 0.000000
V 0.000000 2.687006 -2.687006
F 0.000000 5.374012 0.000000
F 2.687006 8.061017 0.000000
A 2.687006 5.374012 2.687006


-19.490000	900a0
6

K 0.000000 0.000000 0.000000
L 2.687006 2.687006 0.000000
V 0.000000 2.687006 -2.687006
F 2.687006 5.374012 -2.687006
F 5.374012 8.061017 -2.687006
A 5.374012 5.374012 0.000000


-19.490000	0b640
6

K 0.000000 0.000000 0.000000
L 2.687006 2.687006 0.000000
V 5.374012 2.687006 2.687006
F 2.687006 0.000000 2.687006
F 0.000000 0.000000 5.374012
A 2.687006 2.687006 5.374012


-19.490000	09640
6

K 0.000000 0.000000 0.000000
L 2.687006 2.687006 0.000000
V 5.374012 2.687006 2.687006
F 2.687006 0.000000 2.687006
F 2.687006 -2.687006 5.374012
A 5.374012 0.000000 5.374012


-19.490000	2a810
6

K 0.000000 0.000000 0.000000
L 2.687006 2.687006 0.000000
V 0.000000 5.374012 0.000000
F 0.000000 2.687006 -2.687006
F -2.687006 2.687006 -5.374012
A -2.687006 5.374012 -2.687006


-19.490000	3b910
6

K 0.000000 0.000000 0.000000
L 2.687006 2.687006 0.000000
V 0.000000 5.374012 0.000000
F 0.000000 2.687006 2.687006
F -2.687006 2.687006 5.374012
A -2.687006 5.374012 2.687006


-19.490000	950a0
6

K 0.000000 0.000000 0.000000
L 2.687006 2.687006 0.000000
V 0.000000 2.687006 -2.687006
F 2.687006 5.374012 -2.687006
F 5.374012 5.374012 -5.374012
A 5.374012 2.687006 -2.687006


-19.490000	722a0
6

K 0.000000 0.000000 0.000000
L 2.687006 2.687006 0.000000
V 0.000000 2.687006 -2.687006
F 0.000000 5.374012 0.000000
F 0.000000 8.061017 2.687006
A 2.687006 5.374012 2.687006


-19.490000	720a0
6

K 0.000000 0.000000 0.000000
L 2.687006 2.687006 0.000000
V 0.000000 2.687006 -2.687006
F 2.687006 5.374012 -2.687006
F 2.687006 8.061017 0.000000
A 5.374012 5.374012 0.000000


-19.470000	5a140
6

K 0.000000 0.000000 0.000000
L 2.687006 2.687006 0.000000
V 5.374012 2.687006 2.687006
F 2.687006 5.374012 2.687006
F 0.000000 5.374012 0.000000
A 2.687006 5.374012 -2.687006


-19.470000	13840
6

K 0.000000 0.000000 0.000000
L 2.687006 2.687006 0.000000
V 5.374012 2.687006 2.687006
F 5.374012 0.000000 0.000000
F 5.374012 2.687006 -2.687006
A 2.687006 5.374012 -2.687006


-19.470000	ba340
6

K 0.000000 0.000000 0.000000
L 2.687006 2.687006 0.000000
V 5.374012 2.687006 2.687006
F 5.374012 5.374012 0.000000
F 2.687006 5.374012 -2.687006
A 0.000000 5.374012 0.000000


-19.470000	87410
6

K 0.000000 0.000000 0.000000
L 2.687006 2.687006 0.000000
V 0.000000 5.374012 0.000000
F 2.687006 5.374012 2.687006
F 5.374012 2.687006 2.687006
A 5.374012 0.000000 0.000000


-19.470000	97510
6

K 0.000000 0.000000 0.000000
L 2.687006 2.687006 0.000000
V 0.000000 5.374012 0.000000
F 2.687006 5.374012 -2.687006
F 5.374012 2.687006 -2.687006
A 5.374012 0.000000 0.000000


-19.470000	85410
6

K 0.000000 0.000000 0.000000
L 2.687006 2.687006 0.000000
V 0.000000 5.374012 0.000000
F 2.687006 5.374012 2.687006
F 5.374012 5.374012 0.000000
A 5.374012 2.687006 -2.687006


-19.470000	94510
6

K 0.000000 0.000000 0.000000
L 2.687006 2.687006 0.000000
V 0.000000 5.374012 0.000000
F 2.687006 5.374012 -2.687006
F 5.374012 5.374012 0.000000
A 5.374012 2.687006 2.687006


-19.470000	076a0
6

K 0.000000 0.000000 0.000000
L 2.687006 2.687006 0.000000
V 0.000000 2.687006 -2.687006
F -2.687006 0.000000 -2.687006
F 0.000000 -2.687006 -2.687006
A 2.687006 0.000000 -2.687006


-19.420000	a37a0
6

K 0.000000 0.000000 0.000000
L 2.687006 2.687006 0.000000
V 0.000000 2.687006 -2.687006
F 2.687006 0.000000 -2.687006
F 2.687006 2.687006 -5.374012
A 0.000000 2.687006 -8.061017


-19.420000	5a7a0
6

K 0.000000 0.000000 0.000000
L 2.687006 2.687006 0.000000
V 0.000000 2.687006 -2.687006
F 2.687006 0.000000 -2.687006
F 0.000000 0.000000 -5.374012
A 2.687006 0.000000 -8.061017


-19.420000	162a0
6

K 0.000000 0.000000 0.000000
L 2.687006 2.687006 0.000000
V 0.000000 2.687006 -2.687006
F 0.000000 5.374012 0.000000
F -2.687006 2.687006 0.000000
A -5.374012 5.374012 0.000000


-19.420000	6a7a0
6

K 0.000000 0.000000 0.000000
L 2.687006 2.687006 0.000000
V 0.000000 2.687006 -2.687006
F 2.687006 0.000000 -2.687006
F 0.000000 0.000000 -5.374012
A -2.687006 -2.687006 -5.374012


-19.420000	037a0
6

K 0.000000 0.000000 0.000000
L 2.687006 2.687006 0.000000
V 0.000000 2.687006 -2.687006
F 2.687006 0.000000 -2.687006
F 2.687006 2.687006 -5.374012
A 5.374012 5.374012 -5.374012


-19.420000	8a7a0
6

K 0.000000 0.000000 0.000000
L 2.687006 2.687006 0.000000
V 0.000000 2.687006 -2.687006
F 2.687006 0.000000 -2.687006
F 0.000000 0.000000 -5.374012
A 0.000000 -2.687006 -8.061017


-19.420000	795a0
6

K 0.000000 0.000000 0.000000
L 2.687006 2.687006 0.000000
V 0.000000 2.687006 -2.687006
F 2.687006 2.687006 -5.374012
F 2.687006 0.000000 -2.687006
A 5.374012 -2.687006 -2.687006


-19.420000	895a0
6

K 0.000000 0.000000 0.000000
L 2.687006 2.687006 0.000000
V 0.000000 2.687006 -2.687006
F 2.687006 2.687006 -5.374012
F 2.687006 0.000000 -2.687006
A 2.687006 -2.687006 -5.374012


-19.420000	337a0
6

K 0.000000 0.000000 0.000000
L 2.687006 2.687006 0.000000
V 0.000000 2.687006 -2.687006
F 2.687006 0.000000 -2.687006
F 2.687006 2.687006 -5.374012
A 2.687006 5.374012 -8.061017


-19.420000	00ba0
6

K 0.000000 0.000000 0.000000
L 2.687006 2.687006 0.000000
V 0.000000 2.687006 -2.687006
F -2.687006 2.687006 0.000000
F 0.000000 5.374012 0.000000
A 2.687006 8.061017 0.000000


-19.420000	aa7a0
6

K 0.000000 0.000000 0.000000
L 2.687006 2.687006 0.000000
V 0.000000 2.687006 -2.687006
F 2.687006 0.000000 -2.687006
F 0.000000 0.000000 -5.374012
A -2.687006 0.000000 -8.061017


-19.420000	662a0
6

K 0.000000 0.000000 0.000000
L 2.687006 2.687006 0.000000
V 0.000000 2.687006 -2.687006
F 0.000000 5.374012 0.000000
F -2.687006 2.687006 0.000000
A -5.374012 0.000000 0.000000


-19.420000	548a0
6

K 0.000000 0.000000 0.000000
L 2.687006 2.687006 0.000000
V 0.000000 2.687006 -2.687006
F 0.000000 0.000000 -5.374012
F 2.687006 0.000000 -2.687006
A 5.374012 0.000000 -5.374012


-19.420000	10ba0
6

K 0.000000 0.000000 0.000000
L 2.687006 2.687006 0.000000
V 0.000000 2.687006 -2.687006
F -2.687006 2.687006 0.000000
F 0.000000 5.374012 0.000000
A -2.687006 8.061017 0.000000


-19.420000	537a0
6

K 0.000000 0.000000 0.000000
L 2.687006 2.687006 0.000000
V 0.000000 2.687006 -2.687006
F 2.687006 0.000000 -2.687006
F 2.687006 2.687006 -5.374012
A 5.374012 2.687006 -8.061017


-19.420000	20ba0
6

K 0.000000 0.000000 0.000000
L 2.687006 2.687006 0.000000
V 0.000000 2.687006 -2.687006
F -2.687006 2.687006 0.000000
F 0.000000 5.374012 0.000000
A 0.000000 8.061017 2.687006


-19.420000	748a0
6

K 0.000000 0.000000 0.000000
L 2.687006 2.687006 0.000000
V 0.000000 2.687006 -2.687006
F 0.000000 0.000000 -5.374012
F 2.687006 0.000000 -2.687006
A 5.374012 -2.687006 -2.687006


-19.420000	30ba0
6

K 0.000000 0.000000 0.000000
L 2.687006 2.687006 0.000000
V 0.000000 2.687006 -2.687006
F -2.687006 2.687006 0.000000
F 0.000000 5.374012 0.000000
A 0.000000 8.061017 -2.687006


-19.420000	a62a0
6

K 0.000000 0.000000 0.000000
L 2.687006 2.687006 0.000000
V 0.000000 2.687006 -2.687006
F 0.000000 5.374012 0.000000
F -2.687006 2.687006 0.000000
A -5.374012 2.687006 -2.687006


-19.420000	837a0
6

K 0.000000 0.000000 0.000000
L 2.687006 2.687006 0.000000
V 0.000000 2.687006 -2.687006
F 2.687006 0.000000 -2.687006
F 2.687006 2.687006 -5.374012
A 2.687006 0.000000 -8.061017


-19.420000	3a7a0
6

K 0.000000 0.000000 0.000000
L 2.687006 2.687006 0.000000
V 0.000000 2.687006 -2.687006
F 2.687006 0.000000 -2.687006
F 0.000000 0.000000 -5.374012
A 0.000000 2.687006 -8.061017


-19.420000	b62a0
6

K 0.000000 0.000000 0.000000
L 2.687006 2.687006 0.000000
V 0.000000 2.687006 -2.687006
F 0.000000 5.374012 0.000000
F -2.687006 2.687006 0.000000
A -5.374012 2.687006 2.687006


-19.370000	27410
6

K 0.000000 0.000000 0.000000
L 2.687006 2.687006 0.000000
V 0.000000 5.374012 0.000000
F 2.687006 5.374012 2.687006
F 5.374012 2.687006 2.687006
A 5.374012 5.374012 5.374012


-19.370000	48900
6

K 0.000000 0.000000 0.000000
L 2.687006 2.687006 0.000000
V 5.374012 5.374012 0.000000
F 5.374012 2.687006 2.687006
F 5.374012 0.000000 0.000000
A 8.061017 0.000000 2.687006


-19.370000	59800
6

K 0.000000 0.000000 0.000000
L 2.687006 2.687006 0.000000
V 5.374012 5.374012 0.000000
F 5.374012 2.687006 -2.687006
F 5.374012 0.000000 0.000000
A 8.061017 0.000000 -2.687006


-19.370000	37510
6

K 0.000000 0.000000 0.000000
L 2.687006 2.687006 0.000000
V 0.000000 5.374012 0.000000
F 2.687006 5.374012 -2.687006
F 5.374012 2.687006 -2.687006
A 5.374012 5.374012 -5.374012


-19.370000	25410
6

K 0.000000 0.000000 0.000000
L 2.687006 2.687006 0.000000
V 0.000000 5.374012 0.000000
F 2.687006 5.374012 2.687006
F 5.374012 5.374012 0.000000
A 5.374012 8.061017 2.687006


-19.370000	34510
6

K 0.000000 0.000000 0.000000
L 2.687006 2.687006 0.000000
V 0.000000 5.374012 0.000000
F 2.687006 5.374012 -2.687006
F 5.374012 5.374012 0.000000
A 5.374012 8.061017 -2.687006


-19.370000	0a340
6

K 0.000000 0.000000 0.000000
L 2.687006 2.687006 0.000000
V 5.374012 2.687006 2.687006
F 5.374012 5.374012 0.000000
F 2.687006 5.374012 -2.687006
A 5.374012 8.061017 -2.687006


-19.370000	0a140
6

K 0.000000 0.000000 0.000000
L 2.687006 2.687006 0.000000
V 5.374012 2.687006 2.687006
F 2.687006 5.374012 2.687006
F 0.000000 5.374012 0.000000
A 2.687006 8.061017 0.000000


-19.370000	a7510
6

K 0.000000 0.000000 0.000000
L 2.687006 2.687006 0.000000
V 0.000000 5.374012 0.000000
F 2.687006 5.374012 -2.687006
F 5.374012 2.687006 -2.687006
A 2.687006 2.687006 -5.374012


-19.370000	2a340
6

K 0.000000 0.000000 0.000000
L 2.687006 2.687006 0.000000
V 5.374012 2.687006 2.687006
F 5.374012 5.374012 0.000000
F 2.687006 5.374012 -2.687006
A 2.687006 8.061017 0.000000


-19.370000	73840
6

K 0.000000 0.000000 0.000000
L 2.687006 2.687006 0.000000
V 5.374012 2.687006 2.687006
F 5.374012 0.000000 0.000000
F 5.374012 2.687006 -2.687006
A 8.061017 0.000000 -2.687006


-19.370000	2a140
6

K 0.000000 0.000000 0.000000
L 2.687006 2.687006 0.000000
V 5.374012 2.687006 2.687006
F 2.687006 5.374012 2.687006
F 0.000000 5.374012 0.000000
A 0.000000 8.061017 2.687006


-19.370000	2ab00
6

K 0.000000 0.000000 0.000000
L 2.687006 2.687006 0.000000
V 5.374012 5.374012 0.000000
F 2.687006 5.374012 2.687006
F 0.000000 5.374012 0.000000
A 0.000000 8.061017 2.687006


-19.370000	3ba00
6

K 0.000000 0.000000 0.000000
L 2.687006 2.687006 0.000000
V 5.374012 5.374012 0.000000
F 2.687006 5.374012 -2.687006
F 0.000000 5.374012 0.000000
A 0.000000 8.061017 -2.687006


-19.370000	b7410
6

K 0.000000 0.000000 0.000000
L 2.687006 2.687006 0.000000
V 0.000000 5.374012 0.000000
F 2.687006 5.374012 2.687006
F 5.374012 2.687006 2.687006
A 2.687006 2.687006 5.374012


-19.370000	08340
6

K 0.000000 0.000000 0.000000
L 2.687006 2.687006 0.000000
V 5.374012 2.687006 2.687006
F 5.374012 5.374012 0.000000
F 5.374012 2.687006 -2.687006
A 8.061017 5.374012 -2.687006


-19.250000	b87a0
6

K 0.000000 0.000000 0.000000
L 2.687006 2.687006 0.000000
V 0.000000 2.687006 -2.687006
F 2.687006 0.000000 -2.687006
F 2.687006 -2.687006 -5.374012
A 0.000000 -2.687006 -2.687006


-19.250000	b77a0
6

K 0.000000 0.000000 0.000000
L 2.687006 2.687006 0.000000
V 0.000000 2.687006 -2.687006
F 2.687006 0.000000 -2.687006
F 5.374012 -2.687006 -2.687006
A 2.687006 -2.687006 0.000000


-19.230000	6a840
6

K 0.000000 0.000000 0.000000
L 2.687006 2.687006 0.000000
V 5.374012 2.687006 2.687006
F 5.374012 0.000000 0.000000
F 2.687006 0.000000 -2.687006
A 0.000000 -2.687006 -2.687006


-19.230000	66b00
6

K 0.000000 0.000000 0.000000
L 2.687006 2.687006 0.000000
V 5.374012 5.374012 0.000000
F 2.687006 5.374012 2.687006
F 0.000000 2.687006 2.687006
A -2.687006 0.000000 2.687006


-19.230000	66a00
6

K 0.000000 0.000000 0.000000
L 2.687006 2.687006 0.000000
V 5.374012 5.374012 0.000000
F 2.687006 5.374012 -2.687006
F 0.000000 2.687006 -2.687006
A -2.687006 0.000000 -2.687006


-19.230000	66900
6

K 0.000000 0.000000 0.000000
L 2.687006 2.687006 0.000000
V 5.374012 5.374012 0.000000
F 5.374012 2.687006 2.687006
F 2.687006 0.000000 2.687006
A 0.000000 -2.687006 2.687006


-19.230000	66800
6

K 0.000000 0.000000 0.000000
L 2.687006 2.687006 0.000000
V 5.374012 5.374012 0.000000
F 5.374012 2.687006 -2.687006
F 2.687006 0.000000 -2.687006
A 0.000000 -2.687006 -2.687006


-19.230000	66140
6

K 0.000000 0.000000 0.000000
L 2.687006 2.687006 0.000000
V 5.374012 2.687006 2.687006
F 2.687006 5.374012 2.687006
F 0.000000 2.687006 2.687006
A -2.687006 0.000000 2.687006


-19.230000	86900
6

K 0.000000 0.000000 0.000000
L 2.687006 2.687006 0.000000
V 5.374012 5.374012 0.000000
F 5.374012 2.687006 2.687006
F 2.687006 0.000000 2.687006
A 2.687006 -2.687006 0.000000


-19.230000	96800
6

K 0.000000 0.000000 0.000000
L 2.687006 2.687006 0.000000
V 5.374012 5.374012 0.000000
F 5.374012 2.687006 -2.687006
F 2.687006 0.000000 -2.687006
A 2.687006 -2.687006 0.000000


-19.230000	a6b00
6

K 0.000000 0.000000 0.000000
L 2.687006 2.687006 0.000000
V 5.374012 5.374012 0.000000
F 2.687006 5.374012 2.687006
F 0.000000 2.687006 2.687006
A -2.687006 2.687006 0.000000


-19.230000	a6140
6

K 0.000000 0.000000 0.000000
L 2.687006 2.687006 0.000000
V 5.374012 2.687006 2.687006
F 2.687006 5.374012 2.687006
F 0.000000 2.687006 2.687006
A -2.687006 2.687006 0.000000


-19.230000	b6a00
6

K 0.000000 0.000000 0.000000
L 2.687006 2.687006 0.000000
V 5.374012 5.374012 0.000000
F 2.687006 5.374012 -2.687006
F 0.000000 2.687006 -2.687006
A -2.687006 2.687006 0.000000


-19.040000	47aa0
6

K 0.000000 0.000000 0.000000
L 2.687006 2.687006 0.000000
V 0.000000 2.687006 -2.687006
F -2.687006 2.687006 -5.374012
F 0.000000 0.000000 -5.374012
A 2.687006 0.000000 -2.687006


-19.040000	973a0
6

K 0.000000 0.000000 0.000000
L 2.687006 2.687006 0.000000
V 0.000000 2.687006 -2.687006
F 0.000000 5.374012 -5.374012
F 2.687006 2.687006 -5.374012
A 2.687006 0.000000 -2.687006


-18.940000	918a0
6

K 0.000000 0.000000 0.000000
L 2.687006 2.687006 0.000000
V 0.000000 2.687006 -2.687006
F 0.000000 0.000000 -5.374012
F -2.687006 2.687006 -5.374012
A -2.687006 0.000000 -2.687006


-18.940000	b7aa0
6

K 0.000000 0.000000 0.000000
L 2.687006 2.687006 0.000000
V 0.000000 2.687006 -2.687006
F -2.687006 2.687006 -5.374012
F 0.000000 0.000000 -5.374012
A -2.687006 0.000000 -2.687006


-18.810000	26910
6

K 0.000000 0.000000 0.000000
L 2.687006 2.687006 0.000000
V 0.000000 5.374012 0.000000
F 0.000000 2.687006 2.687006
F -2.687006 0.000000 2.687006
A -2.687006 2.687006 5.374012


-18.810000	26640
6

K 0.000000 0.000000 0.000000
L 2.687006 2.687006 0.000000
V 5.374012 2.687006 2.687006
F 2.687006 0.000000 2.687006
F 0.000000 -2.687006 2.687006
A 0.000000 0.000000 5.374012


-18.810000	48640
6

K 0.000000 0.000000 0.000000
L 2.687006 2.687006 0.000000
V 5.374012 2.687006 2.687006
F 2.687006 0.000000 2.687006
F 2.687006 -2.687006 0.000000
A 5.374012 -2.687006 2.687006


-18.810000	36810
6

K 0.000000 0.000000 0.000000
L 2.687006 2.687006 0.000000
V 0.000000 5.374012 0.000000
F 0.000000 2.687006 -2.687006
F -2.687006 0.000000 -2.687006
A -2.687006 2.687006 -5.374012


-18.810000	46910
6

K 0.000000 0.000000 0.000000
L 2.687006 2.687006 0.000000
V 0.000000 5.374012 0.000000
F 0.000000 2.687006 2.687006
F -2.687006 0.000000 2.687006
A 0.000000 0.000000 5.374012


-18.810000	46640
6

K 0.000000 0.000000 0.000000
L 2.687006 2.687006 0.000000
V 5.374012 2.687006 2.687006
F 2.687006 0.000000 2.687006
F 0.000000 -2.687006 2.687006
A 2.687006 -2.687006 5.374012


-18.810000	56810
6

K 0.000000 0.000000 0.000000
L 2.687006 2.687006 0.000000
V 0.000000 5.374012 0.000000
F 0.000000 2.687006 -2.687006
F -2.687006 0.000000 -2.687006
A 0.000000 0.000000 -5.374012


-18.620000	812a0
6

K 0.000000 0.000000 0.000000
L 2.687006 2.687006 0.000000
V 0.000000 2.687006 -2.687006
F 0.000000 5.374012 0.000000
F -2.687006 8.061017 0.000000
A -2.687006 5.374012 -2.687006


-18.620000	810a0
6

K 0.000000 0.000000 0.000000
L 2.687006 2.687006 0.000000
V 0.000000 2.687006 -2.687006
F 2.687006 5.374012 -2.687006
F 0.000000 8.061017 -2.687006
A 0.000000 5.374012 -5.374012


-18.620000	650a0
6

K 0.000000 0.000000 0.000000
L 2.687006 2.687006 0.000000
V 0.000000 2.687006 -2.687006
F 2.687006 5.374012 -2.687006
F 5.374012 5.374012 -5.374012
A 2.687006 2.687006 -5.374012


-18.620000	632a0
6

K 0.000000 0.000000 0.000000
L 2.687006 2.687006 0.000000
V 0.000000 2.687006 -2.687006
F 0.000000 5.374012 0.000000
F 0.000000 8.061017 -2.687006
A -2.687006 5.374012 -2.687006


-18.620000	630a0
6

K 0.000000 0.000000 0.000000
L 2.687006 2.687006 0.000000
V 0.000000 2.687006 -2.687006
F 2.687006 5.374012 -2.687006
F 2.687006 8.061017 -5.374012
A 0.000000 5.374012 -5.374012


-18.480000	a3b40
6

K 0.000000 0.000000 0.000000
L 2.687006 2.687006 0.000000
V 5.374012 2.687006 2.687006
F 2.687006 2.687006 5.374012
F 2.687006 5.374012 2.687006
A 0.000000 5.374012 0.000000


-18.480000	a1540
6

K 0.000000 0.000000 0.000000
L 2.687006 2.687006 0.000000
V 5.374012 2.687006 2.687006
F 8.061017 2.687006 0.000000
F 5.374012 5.374012 0.000000
A 2.687006 5.374012 -2.687006


-18.480000	47310
6

K 0.000000 0.000000 0.000000
L 2.687006 2.687006 0.000000
V 0.000000 5.374012 0.000000
F 0.000000 8.061017 -2.687006
F 2.687006 5.374012 -2.687006
A 5.374012 5.374012 0.000000


-18.480000	79010
6

K 0.000000 0.000000 0.000000
L 2.687006 2.687006 0.000000
V 0.000000 5.374012 0.000000
F 2.687006 8.061017 0.000000
F 2.687006 5.374012 2.687006
A 5.374012 2.687006 2.687006


-18.480000	8a040
6

K 0.000000 0.000000 0.000000
L 2.687006 2.687006 0.000000
V 5.374012 2.687006 2.687006
F 8.061017 5.374012 2.687006
F 5.374012 5.374012 0.000000
A 5.374012 2.687006 -2.687006


-18.480000	57210
6

K 0.000000 0.000000 0.000000
L 2.687006 2.687006 0.000000
V 0.000000 5.374012 0.000000
F 0.000000 8.061017 2.687006
F 2.687006 5.374012 2.687006
A 5.374012 5.374012 0.000000


-18.480000	78010
6

K 0.000000 0.000000 0.000000
L 2.687006 2.687006 0.000000
V 0.000000 5.374012 0.000000
F 2.687006 8.061017 0.000000
F 2.687006 5.374012 -2.687006
A 5.374012 2.687006 -2.687006


-18.480000	aa240
6

K 0.000000 0.000000 0.000000
L 2.687006 2.687006 0.000000
V 5.374012 2.687006 2.687006
F 5.374012 5.374012 5.374012
F 2.687006 5.374012 2.687006
A 0.000000 5.374012 0.000000


-18.480000	aa040
6

K 0.000000 0.000000 0.000000
L 2.687006 2.687006 0.000000
V 5.374012 2.687006 2.687006
F 8.061017 5.374012 2.687006
F 5.374012 5.374012 0.000000
A 2.687006 5.374012 -2.687006


-18.480000	77310
6

K 0.000000 0.000000 0.000000
L 2.687006 2.687006 0.000000
V 0.000000 5.374012 0.000000
F 0.000000 8.061017 -2.687006
F 2.687006 5.374012 -2.687006
A 5.374012 2.687006 -2.687006


-18.480000	77210
6

K 0.000000 0.000000 0.000000
L 2.687006 2.687006 0.000000
V 0.000000 5.374012 0.000000
F 0.000000 8.061017 2.687006
F 2.687006 5.374012 2.687006
A 5.374012 2.687006 2.687006


-18.480000	86400
6

K 0.000000 0.000000 0.000000
L 2.687006 2.687006 0.000000
V 5.374012 5.374012 0.000000
F 8.061017 5.374012 2.687006
F 5.374012 2.687006 2.687006
A 5.374012 0.000000 0.000000


-18.480000	96500
6

K 0.000000 0.000000 0.000000
L 2.687006 2.687006 0.000000
V 5.374012 5.374012 0.000000
F 8.061017 5.374012 -2.687006
F 5.374012 2.687006 -2.687006
A 5.374012 0.000000 0.000000


-18.480000	a6200
6

K 0.000000 0.000000 0.000000
L 2.687006 2.687006 0.000000
V 5.374012 5.374012 0.000000
F 5.374012 8.061017 2.687006
F 2.687006 5.374012 2.687006
A 0.000000 5.374012 0.000000


-18.480000	b6300
6

K 0.000000 0.000000 0.000000
L 2.687006 2.687006 0.000000
V 5.374012 5.374012 0.000000
F 5.374012 8.061017 -2.687006
F 2.687006 5.374012 -2.687006
A 0.000000 5.374012 0.000000


-18.480000	3a740
6

K 0.000000 0.000000 0.000000
L 2.687006 2.687006 0.000000
V 5.374012 2.687006 2.687006
F 8.061017 0.000000 2.687006
F 5.374012 0.000000 0.000000
A 5.374012 2.687006 -2.687006


-18.380000	81510
6

K 0.000000 0.000000 0.000000
L 2.687006 2.687006 0.000000
V 0.000000 5.374012 0.000000
F 2.687006 5.374012 -2.687006
F 0.000000 8.061017 -2.687006
A 0.000000 5.374012 -5.374012


-18.380000	27210
6

K 0.000000 0.000000 0.000000
L 2.687006 2.687006 0.000000
V 0.000000 5.374012 0.000000
F 0.000000 8.061017 2.687006
F 2.687006 5.374012 2.687006
A 2.687006 8.061017 5.374012


-18.380000	91410
6

K 0.000000 0.000000 0.000000
L 2.687006 2.687006 0.000000
V 0.000000 5.374012 0.000000
F 2.687006 5.374012 2.687006
F 0.000000 8.061017 2.687006
A 0.000000 5.374012 5.374012


-18.380000	80a00
6

K 0.000000 0.000000 0.000000
L 2.687006 2.687006 0.000000
V 5.374012 5.374012 0.000000
F 2.687006 5.374012 -2.687006
F 5.374012 8.061017 -2.687006
A 5.374012 5.374012 -5.374012


-18.380000	26400
6

K 0.000000 0.000000 0.000000
L 2.687006 2.687006 0.000000
V 5.374012 5.374012 0.000000
F 8.061017 5.374012 2.687006
F 5.374012 2.687006 2.687006
A 5.374012 5.374012 5.374012


-18.380000	7b700
6

K 0.000000 0.000000 0.000000
L 2.687006 2.687006 0.000000
V 5.374012 5.374012 0.000000
F 8.061017 2.687006 0.000000
F 5.374012 2.687006 2.687006
A 8.061017 0.000000 2.687006


-18.380000	b3b40
6

K 0.000000 0.000000 0.000000
L 2.687006 2.687006 0.000000
V 5.374012 2.687006 2.687006
F 2.687006 2.687006 5.374012
F 2.687006 5.374012 2.687006
A 0.000000 5.374012 5.374012


-18.380000	80800
6

K 0.000000 0.000000 0.000000
L 2.687006 2.687006 0.000000
V 5.374012 5.374012 0.000000
F 5.374012 2.687006 -2.687006
F 8.061017 5.374012 -2.687006
A 8.061017 2.687006 -5.374012


-18.380000	a2a00
6

K 0.000000 0.000000 0.000000
L 2.687006 2.687006 0.000000
V 5.374012 5.374012 0.000000
F 2.687006 5.374012 -2.687006
F 2.687006 8.061017 0.000000
A 0.000000 8.061017 -2.687006


-18.380000	b3b00
6

K 0.000000 0.000000 0.000000
L 2.687006 2.687006 0.000000
V 5.374012 5.374012 0.000000
F 2.687006 5.374012 2.687006
F 2.687006 8.061017 0.000000
A 0.000000 8.061017 2.687006


-18.380000	37340
6

K 0.000000 0.000000 0.000000
L 2.687006 2.687006 0.000000
V 5.374012 2.687006 2.687006
F 5.374012 5.374012 0.000000
F 8.061017 2.687006 0.000000
A 8.061017 5.374012 -2.687006


-18.380000	26200
6

K 0.000000 0.000000 0.000000
L 2.687006 2.687006 0.000000
V 5.374012 5.374012 0.000000
F 5.374012 8.061017 2.687006
F 2.687006 5.374012 2.687006
A 2.687006 8.061017 5.374012


-18.380000	37310
6

K 0.000000 0.000000 0.000000
L 2.687006 2.687006 0.000000
V 0.000000 5.374012 0.000000
F 0.000000 8.061017 -2.687006
F 2.687006 5.374012 -2.687006
A 2.687006 8.061017 -5.374012


-18.380000	80840
6

K 0.000000 0.000000 0.000000
L 2.687006 2.687006 0.000000
V 5.374012 2.687006 2.687006
F 5.374012 0.000000 0.000000
F 8.061017 2.687006 0.000000
A 8.061017 0.000000 -2.687006


-18.380000	90b00
6

K 0.000000 0.000000 0.000000
L 2.687006 2.687006 0.000000
V 5.374012 5.374012 0.000000
F 2.687006 5.374012 2.687006
F 5.374012 8.061017 2.687006
A 5.374012 5.374012 5.374012


-18.380000	14340
6

K 0.000000 0.000000 0.000000
L 2.687006 2.687006 0.000000
V 5.374012 2.687006 2.687006
F 5.374012 5.374012 0.000000
F 8.061017 5.374012 2.687006
A 5.374012 8.061017 2.687006


-18.380000	36500
6

K 0.000000 0.000000 0.000000
L 2.687006 2.687006 0.000000
V 5.374012 5.374012 0.000000
F 8.061017 5.374012 -2.687006
F 5.374012 2.687006 -2.687006
A 5.374012 5.374012 -5.374012


-18.380000	7a700
6

K 0.000000 0.000000 0.000000
L 2.687006 2.687006 0.000000
V 5.374012 5.374012 0.000000
F 8.061017 2.687006 0.000000
F 5.374012 2.687006 -2.687006
A 8.061017 0.000000 -2.687006


-18.380000	90900
6

K 0.000000 0.000000 0.000000
L 2.687006 2.687006 0.000000
V 5.374012 5.374012 0.000000
F 5.374012 2.687006 2.687006
F 8.061017 5.374012 2.687006
A 8.061017 2.687006 5.374012


-18.380000	14140
6

K 0.000000 0.000000 0.000000
L 2.687006 2.687006 0.000000
V 5.374012 2.687006 2.687006
F 2.687006 5.374012 2.687006
F 5.374012 5.374012 5.374012
A 2.687006 8.061017 5.374012


-18.380000	36300
6

K 0.000000 0.000000 0.000000
L 2.687006 2.687006 0.000000
V 5.374012 5.374012 0.000000
F 5.374012 8.061017 -2.687006
F 2.687006 5.374012 -2.687006
A 2.687006 8.061017 -5.374012


-18.380000	7a740
6

K 0.000000 0.000000 0.000000
L 2.687006 2.687006 0.000000
V 5.374012 2.687006 2.687006
F 8.061017 0.000000 2.687006
F 5.374012 0.000000 0.000000
A 8.061017 -2.687006 0.000000


-18.380000	a0a00
6

K 0.000000 0.000000 0.000000
L 2.687006 2.687006 0.000000
V 5.374012 5.374012 0.000000
F 2.687006 5.374012 -2.687006
F 5.374012 8.061017 -2.687006
A 2.687006 8.061017 -5.374012


-18.380000	46400
6

K 0.000000 0.000000 0.000000
L 2.687006 2.687006 0.000000
V 5.374012 5.374012 0.000000
F 8.061017 5.374012 2.687006
F 5.374012 2.687006 2.687006
A 8.061017 2.687006 5.374012


-18.380000	a0800
6

K 0.000000 0.000000 0.000000
L 2.687006 2.687006 0.000000
V 5.374012 5.374012 0.000000
F 5.374012 2.687006 -2.687006
F 8.061017 5.374012 -2.687006
A 5.374012 5.374012 -5.374012


-18.380000	46200
6

K 0.000000 0.000000 0.000000
L 2.687006 2.687006 0.000000
V 5.374012 5.374012 0.000000
F 5.374012 8.061017 2.687006
F 2.687006 5.374012 2.687006
A 5.374012 5.374012 5.374012


-18.380000	b0b00
6

K 0.000000 0.000000 0.000000
L 2.687006 2.687006 0.000000
V 5.374012 5.374012 0.000000
F 2.687006 5.374012 2.687006
F 5.374012 8.061017 2.687006
A 2.687006 8.061017 5.374012


-18.380000	34340
6

K 0.000000 0.000000 0.000000
L 2.687006 2.687006 0.000000
V 5.374012 2.687006 2.687006
F 5.374012 5.374012 0.000000
F 8.061017 5.374012 2.687006
A 8.061017 8.061017 0.000000


-18.380000	56540
6

K 0.000000 0.000000 0.000000
L 2.687006 2.687006 0.000000
V 5.374012 2.687006 2.687006
F 8.061017 2.687006 0.000000
F 5.374012 0.000000 0.000000
A 8.061017 0.000000 -2.687006


-18.380000	56500
6

K 0.000000 0.000000 0.000000
L 2.687006 2.687006 0.000000
V 5.374012 5.374012 0.000000
F 8.061017 5.374012 -2.687006
F 5.374012 2.687006 -2.687006
A 8.061017 2.687006 -5.374012


-18.380000	b0900
6

K 0.000000 0.000000 0.000000
L 2.687006 2.687006 0.000000
V 5.374012 5.374012 0.000000
F 5.374012 2.687006 2.687006
F 8.061017 5.374012 2.687006
A 5.374012 5.374012 5.374012


-18.380000	34140
6

K 0.000000 0.000000 0.000000
L 2.687006 2.687006 0.000000
V 5.374012 2.687006 2.687006
F 2.687006 5.374012 2.687006
F 5.374012 5.374012 5.374012
A 5.374012 8.061017 2.687006


-18.380000	56300
6

K 0.000000 0.000000 0.000000
L 2.687006 2.687006 0.000000
V 5.374012 5.374012 0.000000
F 5.374012 8.061017 -2.687006
F 2.687006 5.374012 -2.687006
A 5.374012 5.374012 -5.374012


-18.380000	9a740
6

K 0.000000 0.000000 0.000000
L 2.687006 2.687006 0.000000
V 5.374012 2.687006 2.687006
F 8.061017 0.000000 2.687006
F 5.374012 0.000000 0.000000
A 5.374012 -2.687006 2.687006


-18.380000	43410
6

K 0.000000 0.000000 0.000000
L 2.687006 2.687006 0.000000
V 0.000000 5.374012 0.000000
F 2.687006 5.374012 2.687006
F 2.687006 8.061017 0.000000
A 5.374012 8.061017 2.687006


-18.380000	0a240
6

K 0.000000 0.000000 0.000000
L 2.687006 2.687006 0.000000
V 5.374012 2.687006 2.687006
F 5.374012 5.374012 5.374012
F 2.687006 5.374012 2.687006
A 5.374012 8.061017 2.687006


-18.380000	64840
6

K 0.000000 0.000000 0.000000
L 2.687006 2.687006 0.000000
V 5.374012 2.687006 2.687006
F 5.374012 0.000000 0.000000
F 8.061017 0.000000 2.687006
A 5.374012 -2.687006 2.687006


-18.380000	0a040
6

K 0.000000 0.000000 0.000000
L 2.687006 2.687006 0.000000
V 5.374012 2.687006 2.687006
F 8.061017 5.374012 2.687006
F 5.374012 5.374012 0.000000
A 8.061017 8.061017 0.000000


-18.380000	09010
6

K 0.000000 0.000000 0.000000
L 2.687006 2.687006 0.000000
V 0.000000 5.374012 0.000000
F 2.687006 8.061017 0.000000
F 2.687006 5.374012 2.687006
A 5.374012 8.061017 2.687006


-18.380000	41410
6

K 0.000000 0.000000 0.000000
L 2.687006 2.687006 0.000000
V 0.000000 5.374012 0.000000
F 2.687006 5.374012 2.687006
F 0.000000 8.061017 2.687006
A 2.687006 8.061017 5.374012


-18.380000	52510
6

K 0.000000 0.000000 0.000000
L 2.687006 2.687006 0.000000
V 0.000000 5.374012 0.000000
F 2.687006 5.374012 -2.687006
F 2.687006 8.061017 0.000000
A 5.374012 8.061017 -2.687006


-18.380000	a7310
6

K 0.000000 0.000000 0.000000
L 2.687006 2.687006 0.000000
V 0.000000 5.374012 0.000000
F 0.000000 8.061017 -2.687006
F 2.687006 5.374012 -2.687006
A 0.000000 5.374012 -5.374012


-18.380000	84800
6

K 0.000000 0.000000 0.000000
L 2.687006 2.687006 0.000000
V 5.374012 5.374012 0.000000
F 5.374012 2.687006 -2.687006
F 8.061017 2.687006 0.000000
A 8.061017 0.000000 -2.687006


-18.380000	95900
6

K 0.000000 0.000000 0.000000
L 2.687006 2.687006 0.000000
V 5.374012 5.374012 0.000000
F 5.374012 2.687006 2.687006
F 8.061017 2.687006 0.000000
A 8.061017 0.000000 2.687006


-18.380000	19140
6

K 0.000000 0.000000 0.000000
L 2.687006 2.687006 0.000000
V 5.374012 2.687006 2.687006
F 2.687006 5.374012 2.687006
F 2.687006 2.687006 5.374012
A 0.000000 5.374012 5.374012


-18.380000	2a240
6

K 0.000000 0.000000 0.000000
L 2.687006 2.687006 0.000000
V 5.374012 2.687006 2.687006
F 5.374012 5.374012 5.374012
F 2.687006 5.374012 2.687006
A 2.687006 8.061017 5.374012


-18.380000	08010
6

K 0.000000 0.000000 0.000000
L 2.687006 2.687006 0.000000
V 0.000000 5.374012 0.000000
F 2.687006 8.061017 0.000000
F 2.687006 5.374012 -2.687006
A 5.374012 8.061017 -2.687006


-18.380000	19100
6

K 0.000000 0.000000 0.000000
L 2.687006 2.687006 0.000000
V 5.374012 5.374012 0.000000
F 2.687006 8.061017 0.000000
F 2.687006 5.374012 2.687006
A 0.000000 8.061017 2.687006


-18.380000	51540
6

K 0.000000 0.000000 0.000000
L 2.687006 2.687006 0.000000
V 5.374012 2.687006 2.687006
F 8.061017 2.687006 0.000000
F 5.374012 5.374012 0.000000
A 8.061017 5.374012 -2.687006


-18.380000	51510
6

K 0.000000 0.000000 0.000000
L 2.687006 2.687006 0.000000
V 0.000000 5.374012 0.000000
F 2.687006 5.374012 -2.687006
F 0.000000 8.061017 -2.687006
A 2.687006 8.061017 -5.374012


-18.380000	84840
6

K 0.000000 0.000000 0.000000
L 2.687006 2.687006 0.000000
V 5.374012 2.687006 2.687006
F 5.374012 0.000000 0.000000
F 8.061017 0.000000 2.687006
A 8.061017 -2.687006 0.000000


-18.380000	2a040
6

K 0.000000 0.000000 0.000000
L 2.687006 2.687006 0.000000
V 5.374012 2.687006 2.687006
F 8.061017 5.374012 2.687006
F 5.374012 5.374012 0.000000
A 5.374012 8.061017 2.687006


-18.380000	b7210
6

K 0.000000 0.000000 0.000000
L 2.687006 2.687006 0.000000
V 0.000000 5.374012 0.000000
F 0.000000 8.061017 2.687006
F 2.687006 5.374012 2.687006
A 0.000000 5.374012 5.374012


-18.380000	18100
6

K 0.000000 0.000000 0.000000
L 2.687006 2.687006 0.000000
V 5.374012 5.374012 0.000000
F 2.687006 8.061017 0.000000
F 2.687006 5.374012 -2.687006
A 0.000000 8.061017 -2.687006


-18.360000	491a0
6

K 0.000000 0.000000 0.000000
L 2.687006 2.687006 0.000000
V 0.000000 2.687006 -2.687006
F -2.687006 5.374012 -2.687006
F -2.687006 2.687006 0.000000
A 0.000000 2.687006 2.687006


-18.310000	8b140
6

K 0.000000 0.000000 0.000000
L 2.687006 2.687006 0.000000
V 5.374012 2.687006 2.687006
F 2.687006 5.374012 2.687006
F 0.000000 5.374012 5.374012
A 0.000000 2.687006 2.687006


-18.310000	8bb00
6

K 0.000000 0.000000 0.000000
L 2.687006 2.687006 0.000000
V 5.374012 5.374012 0.000000
F 2.687006 5.374012 2.687006
F 0.000000 5.374012 5.374012
A 0.000000 2.687006 2.687006


-18.310000	8b900
6

K 0.000000 0.000000 0.000000
L 2.687006 2.687006 0.000000
V 5.374012 5.374012 0.000000
F 5.374012 2.687006 2.687006
F 2.687006 2.687006 5.374012
A 2.687006 0.000000 2.687006


-18.310000	9aa00
6

K 0.000000 0.000000 0.000000
L 2.687006 2.687006 0.000000
V 5.374012 5.374012 0.000000
F 2.687006 5.374012 -2.687006
F 0.000000 5.374012 -5.374012
A 0.000000 2.687006 -2.687006


-18.310000	9a800
6

K 0.000000 0.000000 0.000000
L 2.687006 2.687006 0.000000
V 5.374012 5.374012 0.000000
F 5.374012 2.687006 -2.687006
F 2.687006 2.687006 -5.374012
A 2.687006 0.000000 -2.687006


-18.310000	a9b00
6

K 0.000000 0.000000 0.000000
L 2.687006 2.687006 0.000000
V 5.374012 5.374012 0.000000
F 2.687006 5.374012 2.687006
F 2.687006 2.687006 5.374012
A 0.000000 2.687006 2.687006


-18.310000	a9900
6

K 0.000000 0.000000 0.000000
L 2.687006 2.687006 0.000000
V 5.374012 5.374012 0.000000
F 5.374012 2.687006 2.687006
F 5.374012 0.000000 5.374012
A 2.687006 0.000000 2.687006


-18.310000	b8a00
6

K 0.000000 0.000000 0.000000
L 2.687006 2.687006 0.000000
V 5.374012 5.374012 0.000000
F 2.687006 5.374012 -2.687006
F 2.687006 2.687006 -5.374012
A 0.000000 2.687006 -2.687006


-18.310000	b8800
6

K 0.000000 0.000000 0.000000
L 2.687006 2.687006 0.000000
V 5.374012 5.374012 0.000000
F 5.374012 2.687006 -2.687006
F 5.374012 0.000000 -5.374012
A 2.687006 0.000000 -2.687006


-18.310000	18840
6

K 0.000000 0.000000 0.000000
L 2.687006 2.687006 0.000000
V 5.374012 2.687006 2.687006
F 5.374012 0.000000 0.000000
F 5.374012 -2.687006 -2.687006
A 2.687006 0.000000 -2.687006


-18.260000	7b8a0
6

K 0.000000 0.000000 0.000000
L 2.687006 2.687006 0.000000
V 0.000000 2.687006 -2.687006
F 0.000000 0.000000 -5.374012
F -2.687006 0.000000 -2.687006
A 0.000000 -2.687006 -2.687006


-18.260000	956a0
6

K 0.000000 0.000000 0.000000
L 2.687006 2.687006 0.000000
V 0.000000 2.687006 -2.687006
F -2.687006 0.000000 -2.687006
F 0.000000 0.000000 -5.374012
A 0.000000 -2.687006 -2.687006


-18.240000	6a940
6

K 0.000000 0.000000 0.000000
L 2.687006 2.687006 0.000000
V 5.374012 2.687006 2.687006
F 5.374012 0.000000 5.374012
F 2.687006 0.000000 2.687006
A 0.000000 -2.687006 2.687006


-18.240000	68b40
6

K 0.000000 0.000000 0.000000
L 2.687006 2.687006 0.000000
V 5.374012 2.687006 2.687006
F 2.687006 2.687006 5.374012
F 2.687006 0.000000 2.687006
A 0.000000 -2.687006 2.687006


-18.240000	8a940
6

K 0.000000 0.000000 0.000000
L 2.687006 2.687006 0.000000
V 5.374012 2.687006 2.687006
F 5.374012 0.000000 5.374012
F 2.687006 0.000000 2.687006
A 2.687006 -2.687006 0.000000


-18.240000	67b10
6

K 0.000000 0.000000 0.000000
L 2.687006 2.687006 0.000000
V 0.000000 5.374012 0.000000
F -2.687006 5.374012 2.687006
F 0.000000 2.687006 2.687006
A -2.687006 0.000000 2.687006


-18.240000	67a10
6

K 0.000000 0.000000 0.000000
L 2.687006 2.687006 0.000000
V 0.000000 5.374012 0.000000
F -2.687006 5.374012 -2.687006
F 0.000000 2.687006 -2.687006
A -2.687006 0.000000 -2.687006


-18.240000	88b40
6

K 0.000000 0.000000 0.000000
L 2.687006 2.687006 0.000000
V 5.374012 2.687006 2.687006
F 2.687006 2.687006 5.374012
F 2.687006 0.000000 2.687006
A 2.687006 -2.687006 0.000000


-18.060000	376a0
6

K 0.000000 0.000000 0.000000
L 2.687006 2.687006 0.000000
V 0.000000 2.687006 -2.687006
F -2.687006 0.000000 -2.687006
F 0.000000 -2.687006 -2.687006
A 0.000000 0.000000 -5.374012


-17.940000	377a0
6

K 0.000000 0.000000 0.000000
L 2.687006 2.687006 0.000000
V 0.000000 2.687006 -2.687006
F 2.687006 0.000000 -2.687006
F 5.374012 -2.687006 -2.687006
A 5.374012 0.000000 -5.374012


-17.940000	487a0
6

K 0.000000 0.000000 0.000000
L 2.687006 2.687006 0.000000
V 0.000000 2.687006 -2.687006
F 2.687006 0.000000 -2.687006
F 2.687006 -2.687006 -5.374012
A 5.374012 -2.687006 -2.687006


-17.940000	657a0
6

K 0.000000 0.000000 0.000000
L 2.687006 2.687006 0.000000
V 0.000000 2.687006 -2.687006
F 2.687006 0.000000 -2.687006
F 5.374012 0.000000 -5.374012
A 2.687006 -2.687006 -5.374012


-17.940000	a77a0
6

K 0.000000 0.000000 0.000000
L 2.687006 2.687006 0.000000
V 0.000000 2.687006 -2.687006
F 2.687006 0.000000 -2.687006
F 5.374012 -2.687006 -2.687006
A 2.687006 -2.687006 -5.374012


-17.940000	957a0
6

K 0.000000 0.000000 0.000000
L 2.687006 2.687006 0.000000
V 0.000000 2.687006 -2.687006
F 2.687006 0.000000 -2.687006
F 5.374012 0.000000 -5.374012
A 5.374012 -2.687006 -2.687006


-17.940000	087a0
6

K 0.000000 0.000000 0.000000
L 2.687006 2.687006 0.000000
V 0.000000 2.687006 -2.687006
F 2.687006 0.000000 -2.687006
F 2.687006 -2.687006 -5.374012
A 5.374012 0.000000 -5.374012


-17.920000	16b00
6

K 0.000000 0.000000 0.000000
L 2.687006 2.687006 0.000000
V 5.374012 5.374012 0.000000
F 2.687006 5.374012 2.687006
F 0.000000 2.687006 2.687006
A -2.687006 5.374012 2.687006


-17.920000	16a00
6

K 0.000000 0.000000 0.000000
L 2.687006 2.687006 0.000000
V 5.374012 5.374012 0.000000
F 2.687006 5.374012 -2.687006
F 0.000000 2.687006 -2.687006
A -2.687006 5.374012 -2.687006


-17.920000	5a840
6

K 0.000000 0.000000 0.000000
L 2.687006 2.687006 0.000000
V 5.374012 2.687006 2.687006
F 5.374012 0.000000 0.000000
F 2.687006 0.000000 -2.687006
A 5.374012 0.000000 -5.374012


-17.920000	16140
6

K 0.000000 0.000000 0.000000
L 2.687006 2.687006 0.000000
V 5.374012 2.687006 2.687006
F 2.687006 5.374012 2.687006
F 0.000000 2.687006 2.687006
A -2.687006 5.374012 2.687006


-17.920000	8a840
6

K 0.000000 0.000000 0.000000
L 2.687006 2.687006 0.000000
V 5.374012 2.687006 2.687006
F 5.374012 0.000000 0.000000
F 2.687006 0.000000 -2.687006
A 2.687006 -2.687006 -5.374012


-17.920000	aa840
6

K 0.000000 0.000000 0.000000
L 2.687006 2.687006 0.000000
V 5.374012 2.687006 2.687006
F 5.374012 0.000000 0.000000
F 2.687006 0.000000 -2.687006
A 0.000000 0.000000 -5.374012


-17.920000	76900
6

K 0.000000 0.000000 0.000000
L 2.687006 2.687006 0.000000
V 5.374012 5.374012 0.000000
F 5.374012 2.687006 2.687006
F 2.687006 0.000000 2.687006
A 5.374012 -2.687006 2.687006


-17.920000	76800
6

K 0.000000 0.000000 0.000000
L 2.687006 2.687006 0.000000
V 5.374012 5.374012 0.000000
F 5.374012 2.687006 -2.687006
F 2.687006 0.000000 -2.687006
A 5.374012 -2.687006 -2.687006


-17.920000	86a00
6

K 0.000000 0.000000 0.000000
L 2.687006 2.687006 0.000000
V 5.374012 5.374012 0.000000
F 2.687006 5.374012 -2.687006
F 0.000000 2.687006 -2.687006
A 0.000000 0.000000 -5.374012


-17.920000	86800
6

K 0.000000 0.000000 0.000000
L 2.687006 2.687006 0.000000
V 5.374012 5.374012 0.000000
F 5.374012 2.687006 -2.687006
F 2.687006 0.000000 -2.687006
A 2.687006 -2.687006 -5.374012


-17.920000	96b00
6

K 0.000000 0.000000 0.000000
L 2.687006 2.687006 0.000000
V 5.374012 5.374012 0.000000
F 2.687006 5.374012 2.687006
F 0.000000 2.687006 2.687006
A 0.000000 0.000000 5.374012


-17.920000	96900
6

K 0.000000 0.000000 0.000000
L 2.687006 2.687006 0.000000
V 5.374012 5.374012 0.000000
F 5.374012 2.687006 2.687006
F 2.687006 0.000000 2.687006
A 2.687006 -2.687006 5.374012


-17.920000	96140
6

K 0.000000 0.000000 0.000000
L 2.687006 2.687006 0.000000
V 5.374012 2.687006 2.687006
F 2.687006 5.374012 2.687006
F 0.000000 2.687006 2.687006
A 0.000000 0.000000 5.374012


-17.920000	a6a00
6

K 0.000000 0.000000 0.000000
L 2.687006 2.687006 0.000000
V 5.374012 5.374012 0.000000
F 2.687006 5.374012 -2.687006
F 0.000000 2.687006 -2.687006
A -2.687006 2.687006 -5.374012


-17.920000	a6800
6

K 0.000000 0.000000 0.000000
L 2.687006 2.687006 0.000000
V 5.374012 5.374012 0.000000
F 5.374012 2.687006 -2.687006
F 2.687006 0.000000 -2.687006
A 0.000000 0.000000 -5.374012


-17.920000	b6b00
6

K 0.000000 0.000000 0.000000
L 2.687006 2.687006 0.000000
V 5.374012 5.374012 0.000000
F 2.687006 5.374012 2.687006
F 0.000000 2.687006 2.687006
A -2.687006 2.687006 5.374012


-17.920000	b6900
6

K 0.000000 0.000000 0.000000
L 2.687006 2.687006 0.000000
V 5.374012 5.374012 0.000000
F 5.374012 2.687006 2.687006
F 2.687006 0.000000 2.687006
A 0.000000 0.000000 5.374012


-17.920000	3a840
6

K 0.000000 0.000000 0.000000
L 2.687006 2.687006 0.000000
V 5.374012 2.687006 2.687006
F 5.374012 0.000000 0.000000
F 2.687006 0.000000 -2.687006
A 2.687006 2.687006 -5.374012


-17.920000	b6140
6

K 0.000000 0.000000 0.000000
L 2.687006 2.687006 0.000000
V 5.374012 2.687006 2.687006
F 2.687006 5.374012 2.687006
F 0.000000 2.687006 2.687006
A -2.687006 2.687006 5.374012


-17.800000	b97a0
6

K 0.000000 0.000000 0.000000
L 2.687006 2.687006 0.000000
V 0.000000 2.687006 -2.687006
F 2.687006 0.000000 -2.687006
F 2.687006 -2.687006 0.000000
A 0.000000 -2.687006 2.687006


-17.800000	b67a0
6

K 0.000000 0.000000 0.000000
L 2.687006 2.687006 0.000000
V 0.000000 2.687006 -2.687006
F 2.687006 0.000000 -2.687006
F 0.000000 -2.687006 -2.687006
A -2.687006 -2.687006 0.000000


-17.730000	451a0
6

K 0.000000 0.000000 0.000000
L 2.687006 2.687006 0.000000
V 0.000000 2.687006 -2.687006
F -2.687006 5.374012 -2.687006
F 0.000000 5.374012 -5.374012
A 2.687006 5.374012 -2.687006


-17.730000	208a0
6

K 0.000000 0.000000 0.000000
L 2.687006 2.687006 0.000000
V 0.000000 2.687006 -2.687006
F 0.000000 0.000000 -5.374012
F 2.687006 2.687006 -5.374012
A 2.687006 5.374012 -2.687006


-17.730000	42aa0
6

K 0.000000 0.000000 0.000000
L 2.687006 2.687006 0.000000
V 0.000000 2.687006 -2.687006
F -2.687006 2.687006 -5.374012
F -2.687006 5.374012 -2.687006
A 0.000000 5.374012 0.000000


-17.730000	40aa0
6

K 0.000000 0.000000 0.000000
L 2.687006 2.687006 0.000000
V 0.000000 2.687006 -2.687006
F -2.687006 2.687006 -5.374012
F 0.000000 5.374012 -5.374012
A 2.687006 5.374012 -2.687006


-17.730000	4b3a0
6

K 0.000000 0.000000 0.000000
L 2.687006 2.687006 0.000000
V 0.000000 2.687006 -2.687006
F 0.000000 5.374012 -5.374012
F -2.687006 5.374012 -2.687006
A 0.000000 5.374012 0.000000


-17.630000	263a0
6

K 0.000000 0.000000 0.000000
L 2.687006 2.687006 0.000000
V 0.000000 2.687006 -2.687006
F 0.000000 5.374012 -5.374012
F -2.687006 2.687006 -5.374012
A -2.687006 5.374012 -2.687006


-17.630000	8b3a0
6

K 0.000000 0.000000 0.000000
L 2.687006 2.687006 0.000000
V 0.000000 2.687006 -2.687006
F 0.000000 5.374012 -5.374012
F -2.687006 5.374012 -2.687006
A -2.687006 2.687006 -5.374012


-17.630000	b0aa0
6

K 0.000000 0.000000 0.000000
L 2.687006 2.687006 0.000000
V 0.000000 2.687006 -2.687006
F -2.687006 2.687006 -5.374012
F 0.000000 5.374012 -5.374012
A -2.687006 5.374012 -2.687006


-17.630000	651a0
6

K 0.000000 0.000000 0.000000
L 2.687006 2.687006 0.000000
V 0.000000 2.687006 -2.687006
F -2.687006 5.374012 -2.687006
F 0.000000 5.374012 -5.374012
A -2.687006 2.687006 -5.374012


-17.630000	52aa0
6

K 0.000000 0.000000 0.000000
L 2.687006 2.687006 0.000000
V 0.000000 2.687006 -2.687006
F -2.687006 2.687006 -5.374012
F -2.687006 5.374012 -2.687006
A 0.000000 5.374012 -5.374012


-17.630000	081a0
6

K 0.000000 0.000000 0.000000
L 2.687006 2.687006 0.000000
V 0.000000 2.687006 -2.687006
F -2.687006 5.374012 -2.687006
F -2.687006 2.687006 -5.374012
A 0.000000 5.374012 -5.374012


-17.610000	b4840
6

K 0.000000 0.000000 0.000000
L 2.687006 2.687006 0.000000
V 5.374012 2.687006 2.687006
F 5.374012 0.000000 0.000000
F 8.061017 0.000000 2.687006
A 5.374012 0.000000 5.374012


-17.610000	a3410
6

K 0.000000 0.000000 0.000000
L 2.687006 2.687006 0.000000
V 0.000000 5.374012 0.000000
F 2.687006 5.374012 2.687006
F 2.687006 8.061017 0.000000
A 0.000000 8.061017 -2.687006


-17.610000	70b00
6

K 0.000000 0.000000 0.000000
L 2.687006 2.687006 0.000000
V 5.374012 5.374012 0.000000
F 2.687006 5.374012 2.687006
F 5.374012 8.061017 2.687006
A 8.061017 5.374012 2.687006


-17.610000	b4340
6

K 0.000000 0.000000 0.000000
L 2.687006 2.687006 0.000000
V 5.374012 2.687006 2.687006
F 5.374012 5.374012 0.000000
F 8.061017 5.374012 2.687006
A 5.374012 5.374012 5.374012


-17.610000	70a00
6

K 0.000000 0.000000 0.000000
L 2.687006 2.687006 0.000000
V 5.374012 5.374012 0.000000
F 2.687006 5.374012 -2.687006
F 5.374012 8.061017 -2.687006
A 8.061017 5.374012 -2.687006


-17.610000	a1410
6

K 0.000000 0.000000 0.000000
L 2.687006 2.687006 0.000000
V 0.000000 5.374012 0.000000
F 2.687006 5.374012 2.687006
F 0.000000 8.061017 2.687006
A -2.687006 8.061017 0.000000


-17.610000	b2510
6

K 0.000000 0.000000 0.000000
L 2.687006 2.687006 0.000000
V 0.000000 5.374012 0.000000
F 2.687006 5.374012 -2.687006
F 2.687006 8.061017 0.000000
A 0.000000 8.061017 2.687006


-17.610000	24800
6

K 0.000000 0.000000 0.000000
L 2.687006 2.687006 0.000000
V 5.374012 5.374012 0.000000
F 5.374012 2.687006 -2.687006
F 8.061017 2.687006 0.000000
A 8.061017 5.374012 2.687006


-17.610000	35900
6

K 0.000000 0.000000 0.000000
L 2.687006 2.687006 0.000000
V 5.374012 5.374012 0.000000
F 5.374012 2.687006 2.687006
F 8.061017 2.687006 0.000000
A 8.061017 5.374012 -2.687006


-17.610000	79140
6

K 0.000000 0.000000 0.000000
L 2.687006 2.687006 0.000000
V 5.374012 2.687006 2.687006
F 2.687006 5.374012 2.687006
F 2.687006 2.687006 5.374012
A 5.374012 0.000000 5.374012


-17.610000	b1510
6

K 0.000000 0.000000 0.000000
L 2.687006 2.687006 0.000000
V 0.000000 5.374012 0.000000
F 2.687006 5.374012 -2.687006
F 0.000000 8.061017 -2.687006
A -2.687006 8.061017 0.000000


-17.610000	24840
6

K 0.000000 0.000000 0.000000
L 2.687006 2.687006 0.000000
V 5.374012 2.687006 2.687006
F 5.374012 0.000000 0.000000
F 8.061017 0.000000 2.687006
A 8.061017 2.687006 5.374012


-17.610000	10900
6

K 0.000000 0.000000 0.000000
L 2.687006 2.687006 0.000000
V 5.374012 5.374012 0.000000
F 5.374012 2.687006 2.687006
F 8.061017 5.374012 2.687006
A 5.374012 8.061017 2.687006


-17.610000	54140
6

K 0.000000 0.000000 0.000000
L 2.687006 2.687006 0.000000
V 5.374012 2.687006 2.687006
F 2.687006 5.374012 2.687006
F 5.374012 5.374012 5.374012
A 8.061017 5.374012 2.687006


-17.610000	10800
6

K 0.000000 0.000000 0.000000
L 2.687006 2.687006 0.000000
V 5.374012 5.374012 0.000000
F 5.374012 2.687006 -2.687006
F 8.061017 5.374012 -2.687006
A 5.374012 8.061017 -2.687006


-17.610000	20800
6

K 0.000000 0.000000 0.000000
L 2.687006 2.687006 0.000000
V 5.374012 5.374012 0.000000
F 5.374012 2.687006 -2.687006
F 8.061017 5.374012 -2.687006
A 8.061017 8.061017 0.000000


-17.610000	42a00
6

K 0.000000 0.000000 0.000000
L 2.687006 2.687006 0.000000
V 5.374012 5.374012 0.000000
F 2.687006 5.374012 -2.687006
F 2.687006 8.061017 0.000000
A 5.374012 8.061017 2.687006


-17.610000	53b00
6

K 0.000000 0.000000 0.000000
L 2.687006 2.687006 0.000000
V 5.374012 5.374012 0.000000
F 2.687006 5.374012 2.687006
F 2.687006 8.061017 0.000000
A 5.374012 8.061017 -2.687006


-17.610000	97340
6

K 0.000000 0.000000 0.000000
L 2.687006 2.687006 0.000000
V 5.374012 2.687006 2.687006
F 5.374012 5.374012 0.000000
F 8.061017 2.687006 0.000000
A 8.061017 0.000000 2.687006


-17.610000	20840
6

K 0.000000 0.000000 0.000000
L 2.687006 2.687006 0.000000
V 5.374012 2.687006 2.687006
F 5.374012 0.000000 0.000000
F 8.061017 2.687006 0.000000
A 8.061017 5.374012 2.687006


-17.610000	30900
6

K 0.000000 0.000000 0.000000
L 2.687006 2.687006 0.000000
V 5.374012 5.374012 0.000000
F 5.374012 2.687006 2.687006
F 8.061017 5.374012 2.687006
A 8.061017 8.061017 0.000000


-17.610000	74140
6

K 0.000000 0.000000 0.000000
L 2.687006 2.687006 0.000000
V 5.374012 2.687006 2.687006
F 2.687006 5.374012 2.687006
F 5.374012 5.374012 5.374012
A 8.061017 2.687006 5.374012


-17.610000	40a00
6

K 0.000000 0.000000 0.000000
L 2.687006 2.687006 0.000000
V 5.374012 5.374012 0.000000
F 2.687006 5.374012 -2.687006
F 5.374012 8.061017 -2.687006
A 8.061017 8.061017 0.000000


-17.610000	61510
6

K 0.000000 0.000000 0.000000
L 2.687006 2.687006 0.000000
V 0.000000 5.374012 0.000000
F 2.687006 5.374012 -2.687006
F 0.000000 8.061017 -2.687006
A -2.687006 5.374012 -2.687006


-17.610000	61410
6

K 0.000000 0.000000 0.000000
L 2.687006 2.687006 0.000000
V 0.000000 5.374012 0.000000
F 2.687006 5.374012 2.687006
F 0.000000 8.061017 2.687006
A -2.687006 5.374012 2.687006


-17.610000	50b00
6

K 0.000000 0.000000 0.000000
L 2.687006 2.687006 0.000000
V 5.374012 5.374012 0.000000
F 2.687006 5.374012 2.687006
F 5.374012 8.061017 2.687006
A 8.061017 8.061017 0.000000


-17.610000	94340
6

K 0.000000 0.000000 0.000000
L 2.687006 2.687006 0.000000
V 5.374012 2.687006 2.687006
F 5.374012 5.374012 0.000000
F 8.061017 5.374012 2.687006
A 8.061017 2.687006 5.374012


-17.560000	278a0
6

K 0.000000 0.000000 0.000000
L 2.687006 2.687006 0.000000
V 0.000000 2.687006 -2.687006
F 0.000000 0.000000 -5.374012
F 2.687006 -2.687006 -5.374012
A 2.687006 0.000000 -2.687006


-17.560000	b75a0
6

K 0.000000 0.000000 0.000000
L 2.687006 2.687006 0.000000
V 0.000000 2.687006 -2.687006
F 2.687006 2.687006 -5.374012
F 5.374012 0.000000 -5.374012
A 2.687006 0.000000 -2.687006


-17.490000	891a0
6

K 0.000000 0.000000 0.000000
L 2.687006 2.687006 0.000000
V 0.000000 2.687006 -2.687006
F -2.687006 5.374012 -2.687006
F -2.687006 2.687006 0.000000
A -2.687006 0.000000 -2.687006


-17.490000	2b8a0
6

K 0.000000 0.000000 0.000000
L 2.687006 2.687006 0.000000
V 0.000000 2.687006 -2.687006
F 0.000000 0.000000 -5.374012
F -2.687006 0.000000 -2.687006
A -2.687006 2.687006 0.000000


-17.490000	29aa0
6

K 0.000000 0.000000 0.000000
L 2.687006 2.687006 0.000000
V 0.000000 2.687006 -2.687006
F -2.687006 2.687006 -5.374012
F -2.687006 0.000000 -2.687006
A -2.687006 2.687006 0.000000


-17.050000	b42a0
6

K 0.000000 0.000000 0.000000
L 2.687006 2.687006 0.000000
V 0.000000 2.687006 -2.687006
F 0.000000 5.374012 0.000000
F 2.687006 5.374012 2.687006
A 0.000000 5.374012 5.374012


-17.050000	042a0
6

K 0.000000 0.000000 0.000000
L 2.687006 2.687006 0.000000
V 0.000000 2.687006 -2.687006
F 0.000000 5.374012 0.000000
F 2.687006 5.374012 2.687006
A 5.374012 8.061017 2.687006


-17.050000	040a0
6

K 0.000000 0.000000 0.000000
L 2.687006 2.687006 0.000000
V 0.000000 2.687006 -2.687006
F 2.687006 5.374012 -2.687006
F 5.374012 5.374012 0.000000
A 8.061017 8.061017 0.000000


-17.050000	470a0
6

K 0.000000 0.000000 0.000000
L 2.687006 2.687006 0.000000
V 0.000000 2.687006 -2.687006
F 2.687006 5.374012 -2.687006
F 5.374012 2.687006 -2.687006
A 8.061017 2.687006 0.000000


-17.050000	570a0
6

K 0.000000 0.000000 0.000000
L 2.687006 2.687006 0.000000
V 0.000000 2.687006 -2.687006
F 2.687006 5.374012 -2.687006
F 5.374012 2.687006 -2.687006
A 8.061017 2.687006 -5.374012


-17.050000	242a0
6

K 0.000000 0.000000 0.000000
L 2.687006 2.687006 0.000000
V 0.000000 2.687006 -2.687006
F 0.000000 5.374012 0.000000
F 2.687006 5.374012 2.687006
A 2.687006 8.061017 5.374012


-17.050000	240a0
6

K 0.000000 0.000000 0.000000
L 2.687006 2.687006 0.000000
V 0.000000 2.687006 -2.687006
F 2.687006 5.374012 -2.687006
F 5.374012 5.374012 0.000000
A 5.374012 8.061017 2.687006


-17.050000	770a0
6

K 0.000000 0.000000 0.000000
L 2.687006 2.687006 0.000000
V 0.000000 2.687006 -2.687006
F 2.687006 5.374012 -2.687006
F 5.374012 2.687006 -2.687006
A 8.061017 0.000000 -2.687006


-17.050000	442a0
6

K 0.000000 0.000000 0.000000
L 2.687006 2.687006 0.000000
V 0.000000 2.687006 -2.687006
F 0.000000 5.374012 0.000000
F 2.687006 5.374012 2.687006
A 5.374012 5.374012 5.374012


-17.050000	440a0
6

K 0.000000 0.000000 0.000000
L 2.687006 2.687006 0.000000
V 0.000000 2.687006 -2.687006
F 2.687006 5.374012 -2.687006
F 5.374012 5.374012 0.000000
A 8.061017 5.374012 2.687006


-17.050000	870a0
6

K 0.000000 0.000000 0.000000
L 2.687006 2.687006 0.000000
V 0.000000 2.687006 -2.687006
F 2.687006 5.374012 -2.687006
F 5.374012 2.687006 -2.687006
A 5.374012 0.000000 -5.374012


-17.050000	540a0
6

K 0.000000 0.000000 0.000000
L 2.687006 2.687006 0.000000
V 0.000000 2.687006 -2.687006
F 2.687006 5.374012 -2.687006
F 5.374012 5.374012 0.000000
A 8.061017 5.374012 -2.687006


-17.050000	740a0
6

K 0.000000 0.000000 0.000000
L 2.687006 2.687006 0.000000
V 0.000000 2.687006 -2.687006
F 2.687006 5.374012 -2.687006
F 5.374012 5.374012 0.000000
A 8.061017 2.687006 0.000000


-17.050000	070a0
6

K 0.000000 0.000000 0.000000
L 2.687006 2.687006 0.000000
V 0.000000 2.687006 -2.687006
F 2.687006 5.374012 -2.687006
F 5.374012 2.687006 -2.687006
A 8.061017 5.374012 -2.687006


-17.050000	942a0
6

K 0.000000 0.000000 0.000000
L 2.687006 2.687006 0.000000
V 0.000000 2.687006 -2.687006
F 0.000000 5.374012 0.000000
F 2.687006 5.374012 2.687006
A 2.687006 2.687006 5.374012


-17.000000	81340
6

K 0.000000 0.000000 0.000000
L 2.687006 2.687006 0.000000
V 5.374012 2.687006 2.687006
F 5.374012 5.374012 0.000000
F 2.687006 8.061017 0.000000
A 2.687006 5.374012 -2.687006


-17.000000	81140
6

K 0.000000 0.000000 0.000000
L 2.687006 2.687006 0.000000
V 5.374012 2.687006 2.687006
F 2.687006 5.374012 2.687006
F 0.000000 8.061017 2.687006
A 0.000000 5.374012 0.000000


-17.000000	81b00
6

K 0.000000 0.000000 0.000000
L 2.687006 2.687006 0.000000
V 5.374012 5.374012 0.000000
F 2.687006 5.374012 2.687006
F 0.000000 8.061017 2.687006
A 0.000000 5.374012 0.000000


-17.000000	80410
6

K 0.000000 0.000000 0.000000
L 2.687006 2.687006 0.000000
V 0.000000 5.374012 0.000000
F 2.687006 5.374012 2.687006
F 5.374012 8.061017 2.687006
A 5.374012 5.374012 0.000000


-17.000000	15840
6

K 0.000000 0.000000 0.000000
L 2.687006 2.687006 0.000000
V 5.374012 2.687006 2.687006
F 5.374012 0.000000 0.000000
F 8.061017 0.000000 -2.687006
A 5.374012 2.687006 -2.687006


-17.000000	91a00
6

K 0.000000 0.000000 0.000000
L 2.687006 2.687006 0.000000
V 5.374012 5.374012 0.000000
F 2.687006 5.374012 -2.687006
F 0.000000 8.061017 -2.687006
A 0.000000 5.374012 0.000000


-17.000000	48510
6

K 0.000000 0.000000 0.000000
L 2.687006 2.687006 0.000000
V 0.000000 5.374012 0.000000
F 2.687006 5.374012 -2.687006
F 2.687006 2.687006 -5.374012
A 5.374012 2.687006 -2.687006


-17.000000	59410
6

K 0.000000 0.000000 0.000000
L 2.687006 2.687006 0.000000
V 0.000000 5.374012 0.000000
F 2.687006 5.374012 2.687006
F 2.687006 2.687006 5.374012
A 5.374012 2.687006 2.687006


-17.000000	90510
6

K 0.000000 0.000000 0.000000
L 2.687006 2.687006 0.000000
V 0.000000 5.374012 0.000000
F 2.687006 5.374012 -2.687006
F 5.374012 8.061017 -2.687006
A 5.374012 5.374012 0.000000


-17.000000	65340
6

K 0.000000 0.000000 0.000000
L 2.687006 2.687006 0.000000
V 5.374012 2.687006 2.687006
F 5.374012 5.374012 0.000000
F 8.061017 5.374012 -2.687006
A 5.374012 2.687006 -2.687006


-17.000000	a7900
6

K 0.000000 0.000000 0.000000
L 2.687006 2.687006 0.000000
V 5.374012 5.374012 0.000000
F 5.374012 2.687006 2.687006
F 8.061017 0.000000 2.687006
A 5.374012 0.000000 0.000000


-17.000000	63340
6

K 0.000000 0.000000 0.000000
L 2.687006 2.687006 0.000000
V 5.374012 2.687006 2.687006
F 5.374012 5.374012 0.000000
F 5.374012 8.061017 -2.687006
A 2.687006 5.374012 -2.687006


-17.000000	63140
6

K 0.000000 0.000000 0.000000
L 2.687006 2.687006 0.000000
V 5.374012 2.687006 2.687006
F 2.687006 5.374012 2.687006
F 2.687006 8.061017 0.000000
A 0.000000 5.374012 0.000000


-17.000000	b7800
6

K 0.000000 0.000000 0.000000
L 2.687006 2.687006 0.000000
V 5.374012 5.374012 0.000000
F 5.374012 2.687006 -2.687006
F 8.061017 0.000000 -2.687006
A 5.374012 0.000000 0.000000


-17.000000	84410
6

K 0.000000 0.000000 0.000000
L 2.687006 2.687006 0.000000
V 0.000000 5.374012 0.000000
F 2.687006 5.374012 2.687006
F 5.374012 5.374012 5.374012
A 5.374012 2.687006 2.687006


-17.000000	95510
6

K 0.000000 0.000000 0.000000
L 2.687006 2.687006 0.000000
V 0.000000 5.374012 0.000000
F 2.687006 5.374012 -2.687006
F 5.374012 5.374012 -5.374012
A 5.374012 2.687006 -2.687006


-16.950000	b36a0
6

K 0.000000 0.000000 0.000000
L 2.687006 2.687006 0.000000
V 0.000000 2.687006 -2.687006
F -2.687006 0.000000 -2.687006
F -2.687006 2.687006 -5.374012
A -5.374012 2.687006 -2.687006


-16.950000	b3ba0
6

K 0.000000 0.000000 0.000000
L 2.687006 2.687006 0.000000
V 0.000000 2.687006 -2.687006
F -2.687006 2.687006 0.000000
F -2.687006 5.374012 -2.687006
A -5.374012 5.374012 0.000000


-16.950000	8b8a0
6

K 0.000000 0.000000 0.000000
L 2.687006 2.687006 0.000000
V 0.000000 2.687006 -2.687006
F 0.000000 0.000000 -5.374012
F -2.687006 0.000000 -2.687006
A -2.687006 -2.687006 -5.374012


-16.950000	a91a0
6

K 0.000000 0.000000 0.000000
L 2.687006 2.687006 0.000000
V 0.000000 2.687006 -2.687006
F -2.687006 5.374012 -2.687006
F -2.687006 2.687006 0.000000
A -5.374012 2.687006 -2.687006


-16.950000	656a0
6

K 0.000000 0.000000 0.000000
L 2.687006 2.687006 0.000000
V 0.000000 2.687006 -2.687006
F -2.687006 0.000000 -2.687006
F 0.000000 0.000000 -5.374012
A -2.687006 -2.687006 -5.374012


-16.950000	a9aa0
6

K 0.000000 0.000000 0.000000
L 2.687006 2.687006 0.000000
V 0.000000 2.687006 -2.687006
F -2.687006 2.687006 -5.374012
F -2.687006 0.000000 -2.687006
A -5.374012 0.000000 -5.374012


-16.950000	636a0
6

K 0.000000 0.000000 0.000000
L 2.687006 2.687006 0.000000
V 0.000000 2.687006 -2.687006
F -2.687006 0.000000 -2.687006
F -2.687006 2.687006 -5.374012
A -5.374012 0.000000 -5.374012


-16.950000	63ba0
6

K 0.000000 0.000000 0.000000
L 2.687006 2.687006 0.000000
V 0.000000 2.687006 -2.687006
F -2.687006 2.687006 0.000000
F -2.687006 5.374012 -2.687006
A -5.374012 2.687006 -2.687006


-16.950000	191a0
6

K 0.000000 0.000000 0.000000
L 2.687006 2.687006 0.000000
V 0.000000 2.687006 -2.687006
F -2.687006 5.374012 -2.687006
F -2.687006 2.687006 0.000000
A -5.374012 5.374012 0.000000


-16.950000	19aa0
6

K 0.000000 0.000000 0.000000
L 2.687006 2.687006 0.000000
V 0.000000 2.687006 -2.687006
F -2.687006 2.687006 -5.374012
F -2.687006 0.000000 -2.687006
A -5.374012 2.687006 -2.687006


-16.930000	92640
6

K 0.000000 0.000000 0.000000
L 2.687006 2.687006 0.000000
V 5.374012 2.687006 2.687006
F 2.687006 0.000000 2.687006
F 2.687006 2.687006 5.374012
A 2.687006 0.000000 8.061017


-16.930000	b4640
6

K 0.000000 0.000000 0.000000
L 2.687006 2.687006 0.000000
V 5.374012 2.687006 2.687006
F 2.687006 0.000000 2.687006
F 5.374012 0.000000 5.374012
A 2.687006 0.000000 8.061017


-16.930000	47b10
6

K 0.000000 0.000000 0.000000
L 2.687006 2.687006 0.000000
V 0.000000 5.374012 0.000000
F -2.687006 5.374012 2.687006
F 0.000000 2.687006 2.687006
A 2.687006 2.687006 5.374012


-16.930000	b2640
6

K 0.000000 0.000000 0.000000
L 2.687006 2.687006 0.000000
V 5.374012 2.687006 2.687006
F 2.687006 0.000000 2.687006
F 2.687006 2.687006 5.374012
A 0.000000 2.687006 8.061017


-16.930000	a1910
6

K 0.000000 0.000000 0.000000
L 2.687006 2.687006 0.000000
V 0.000000 5.374012 0.000000
F 0.000000 2.687006 2.687006
F -2.687006 5.374012 2.687006
A -5.374012 5.374012 0.000000


-16.930000	a1810
6

K 0.000000 0.000000 0.000000
L 2.687006 2.687006 0.000000
V 0.000000 5.374012 0.000000
F 0.000000 2.687006 -2.687006
F -2.687006 5.374012 -2.687006
A -5.374012 5.374012 -5.374012


-16.930000	57a10
6

K 0.000000 0.000000 0.000000
L 2.687006 2.687006 0.000000
V 0.000000 5.374012 0.000000
F -2.687006 5.374012 -2.687006
F 0.000000 2.687006 -2.687006
A 2.687006 2.687006 -5.374012


-16.930000	24640
6

K 0.000000 0.000000 0.000000
L 2.687006 2.687006 0.000000
V 5.374012 2.687006 2.687006
F 2.687006 0.000000 2.687006
F 5.374012 0.000000 5.374012
A 5.374012 2.687006 8.061017


-16.930000	b1910
6

K 0.000000 0.000000 0.000000
L 2.687006 2.687006 0.000000
V 0.000000 5.374012 0.000000
F 0.000000 2.687006 2.687006
F -2.687006 5.374012 2.687006
A -5.374012 5.374012 5.374012


-16.930000	b1810
6

K 0.000000 0.000000 0.000000
L 2.687006 2.687006 0.000000
V 0.000000 5.374012 0.000000
F 0.000000 2.687006 -2.687006
F -2.687006 5.374012 -2.687006
A -5.374012 5.374012 0.000000


-16.930000	12640
6

K 0.000000 0.000000 0.000000
L 2.687006 2.687006 0.000000
V 5.374012 2.687006 2.687006
F 2.687006 0.000000 2.687006
F 2.687006 2.687006 5.374012
A 0.000000 5.374012 5.374012


-16.930000	78b40
6

K 0.000000 0.000000 0.000000
L 2.687006 2.687006 0.000000
V 5.374012 2.687006 2.687006
F 2.687006 2.687006 5.374012
F 2.687006 0.000000 2.687006
A 5.374012 -2.687006 2.687006


-16.930000	22640
6

K 0.000000 0.000000 0.000000
L 2.687006 2.687006 0.000000
V 5.374012 2.687006 2.687006
F 2.687006 0.000000 2.687006
F 2.687006 2.687006 5.374012
A 2.687006 5.374012 8.061017


-16.930000	44640
6

K 0.000000 0.000000 0.000000
L 2.687006 2.687006 0.000000
V 5.374012 2.687006 2.687006
F 2.687006 0.000000 2.687006
F 5.374012 0.000000 5.374012
A 8.061017 0.000000 8.061017


-16.930000	11910
6

K 0.000000 0.000000 0.000000
L 2.687006 2.687006 0.000000
V 0.000000 5.374012 0.000000
F 0.000000 2.687006 2.687006
F -2.687006 5.374012 2.687006
A -5.374012 8.061017 2.687006


-16.930000	11810
6

K 0.000000 0.000000 0.000000
L 2.687006 2.687006 0.000000
V 0.000000 5.374012 0.000000
F 0.000000 2.687006 -2.687006
F -2.687006 5.374012 -2.687006
A -5.374012 8.061017 -2.687006


-16.930000	98b40
6

K 0.000000 0.000000 0.000000
L 2.687006 2.687006 0.000000
V 5.374012 2.687006 2.687006
F 2.687006 2.687006 5.374012
F 2.687006 0.000000 2.687006
A 2.687006 -2.687006 5.374012


-16.930000	87a10
6

K 0.000000 0.000000 0.000000
L 2.687006 2.687006 0.000000
V 0.000000 5.374012 0.000000
F -2.687006 5.374012 -2.687006
F 0.000000 2.687006 -2.687006
A 0.000000 0.000000 -5.374012


-16.930000	ba940
6

K 0.000000 0.000000 0.000000
L 2.687006 2.687006 0.000000
V 5.374012 2.687006 2.687006
F 5.374012 0.000000 5.374012
F 2.687006 0.000000 2.687006
A 0.000000 0.000000 5.374012


-16.930000	21910
6

K 0.000000 0.000000 0.000000
L 2.687006 2.687006 0.000000
V 0.000000 5.374012 0.000000
F 0.000000 2.687006 2.687006
F -2.687006 5.374012 2.687006
A -2.687006 8.061017 5.374012


-16.930000	97b10
6

K 0.000000 0.000000 0.000000
L 2.687006 2.687006 0.000000
V 0.000000 5.374012 0.000000
F -2.687006 5.374012 2.687006
F 0.000000 2.687006 2.687006
A 0.000000 0.000000 5.374012


-16.930000	42640
6

K 0.000000 0.000000 0.000000
L 2.687006 2.687006 0.000000
V 5.374012 2.687006 2.687006
F 2.687006 0.000000 2.687006
F 2.687006 2.687006 5.374012
A 5.374012 2.687006 8.061017


-16.930000	31810
6

K 0.000000 0.000000 0.000000
L 2.687006 2.687006 0.000000
V 0.000000 5.374012 0.000000
F 0.000000 2.687006 -2.687006
F -2.687006 5.374012 -2.687006
A -2.687006 8.061017 -5.374012


-16.930000	74640
6

K 0.000000 0.000000 0.000000
L 2.687006 2.687006 0.000000
V 5.374012 2.687006 2.687006
F 2.687006 0.000000 2.687006
F 5.374012 0.000000 5.374012
A 8.061017 -2.687006 5.374012


-16.930000	94640
6

K 0.000000 0.000000 0.000000
L 2.687006 2.687006 0.000000
V 5.374012 2.687006 2.687006
F 2.687006 0.000000 2.687006
F 5.374012 0.000000 5.374012
A 5.374012 -2.687006 8.061017


-16.930000	61910
6

K 0.000000 0.000000 0.000000
L 2.687006 2.687006 0.000000
V 0.000000 5.374012 0.000000
F 0.000000 2.687006 2.687006
F -2.687006 5.374012 2.687006
A -5.374012 2.687006 2.687006


-16.930000	61810
6

K 0.000000 0.000000 0.000000
L 2.687006 2.687006 0.000000
V 0.000000 5.374012 0.000000
F 0.000000 2.687006 -2.687006
F -2.687006 5.374012 -2.687006
A -5.374012 2.687006 -2.687006


-16.880000	72ba0
6

K 0.000000 0.000000 0.000000
L 2.687006 2.687006 0.000000
V 0.000000 2.687006 -2.687006
F -2.687006 2.687006 0.000000
F -2.687006 5.374012 2.687006
A 0.000000 2.687006 2.687006


-16.810000	926a0
6

K 0.000000 0.000000 0.000000
L 2.687006 2.687006 0.000000
V 0.000000 2.687006 -2.687006
F -2.687006 0.000000 -2.687006
F -2.687006 2.687006 0.000000
A -2.687006 0.000000 2.687006


-16.810000	78ba0
6

K 0.000000 0.000000 0.000000
L 2.687006 2.687006 0.000000
V 0.000000 2.687006 -2.687006
F -2.687006 2.687006 0.000000
F -2.687006 0.000000 -2.687006
A 0.000000 -2.687006 -2.687006


-16.810000	98ba0
6

K 0.000000 0.000000 0.000000
L 2.687006 2.687006 0.000000
V 0.000000 2.687006 -2.687006
F -2.687006 2.687006 0.000000
F -2.687006 0.000000 -2.687006
A -2.687006 -2.687006 0.000000


-16.760000	8b910
6

K 0.000000 0.000000 0.000000
L 2.687006 2.687006 0.000000
V 0.000000 5.374012 0.000000
F 0.000000 2.687006 2.687006
F -2.687006 2.687006 5.374012
A -2.687006 0.000000 2.687006


-16.760000	8b640
6

K 0.000000 0.000000 0.000000
L 2.687006 2.687006 0.000000
V 5.374012 2.687006 2.687006
F 2.687006 0.000000 2.687006
F 0.000000 0.000000 5.374012
A 0.000000 -2.687006 2.687006


-16.760000	9a810
6

K 0.000000 0.000000 0.000000
L 2.687006 2.687006 0.000000
V 0.000000 5.374012 0.000000
F 0.000000 2.687006 -2.687006
F -2.687006 2.687006 -5.374012
A -2.687006 0.000000 -2.687006


-16.760000	a9910
6

K 0.000000 0.000000 0.000000
L 2.687006 2.687006 0.000000
V 0.000000 5.374012 0.000000
F 0.000000 2.687006 2.687006
F 0.000000 0.000000 5.374012
A -2.687006 0.000000 2.687006


-16.760000	a9640
6

K 0.000000 0.000000 0.000000
L 2.687006 2.687006 0.000000
V 5.374012 2.687006 2.687006
F 2.687006 0.000000 2.687006
F 2.687006 -2.687006 5.374012
A 0.000000 -2.687006 2.687006


-16.760000	b8810
6

K 0.000000 0.000000 0.000000
L 2.687006 2.687006 0.000000
V 0.000000 5.374012 0.000000
F 0.000000 2.687006 -2.687006
F 0.000000 0.000000 -5.374012
A -2.687006 0.000000 -2.687006


-16.760000	a7640
6

K 0.000000 0.000000 0.000000
L 2.687006 2.687006 0.000000
V 5.374012 2.687006 2.687006
F 2.687006 0.000000 2.687006
F 5.374012 -2.687006 2.687006
A 2.687006 -2.687006 0.000000


-16.550000	79110
6

K 0.000000 0.000000 0.000000
L 2.687006 2.687006 0.000000
V 0.000000 5.374012 0.000000
F -2.687006 8.061017 0.000000
F -2.687006 5.374012 2.687006
A 0.000000 2.687006 2.687006


-16.550000	78110
6

K 0.000000 0.000000 0.000000
L 2.687006 2.687006 0.000000
V 0.000000 5.374012 0.000000
F -2.687006 8.061017 0.000000
F -2.687006 5.374012 -2.687006
A 0.000000 2.687006 -2.687006


-16.550000	ab740
6

K 0.000000 0.000000 0.000000
L 2.687006 2.687006 0.000000
V 5.374012 2.687006 2.687006
F 8.061017 0.000000 2.687006
F 5.374012 0.000000 5.374012
A 2.687006 0.000000 2.687006


-16.550000	76310
6

K 0.000000 0.000000 0.000000
L 2.687006 2.687006 0.000000
V 0.000000 5.374012 0.000000
F 0.000000 8.061017 -2.687006
F -2.687006 5.374012 -2.687006
A 0.000000 2.687006 -2.687006


-16.550000	76210
6

K 0.000000 0.000000 0.000000
L 2.687006 2.687006 0.000000
V 0.000000 5.374012 0.000000
F 0.000000 8.061017 2.687006
F -2.687006 5.374012 2.687006
A 0.000000 2.687006 2.687006


-16.550000	86240
6

K 0.000000 0.000000 0.000000
L 2.687006 2.687006 0.000000
V 5.374012 2.687006 2.687006
F 5.374012 5.374012 5.374012
F 2.687006 2.687006 5.374012
A 2.687006 0.000000 2.687006


-16.550000	a6440
6

K 0.000000 0.000000 0.000000
L 2.687006 2.687006 0.000000
V 5.374012 2.687006 2.687006
F 8.061017 2.687006 5.374012
F 5.374012 0.000000 5.374012
A 2.687006 0.000000 2.687006


-16.490000	497a0
6

K 0.000000 0.000000 0.000000
L 2.687006 2.687006 0.000000
V 0.000000 2.687006 -2.687006
F 2.687006 0.000000 -2.687006
F 2.687006 -2.687006 0.000000
A 5.374012 -2.687006 2.687006


-16.490000	b4ba0
6

K 0.000000 0.000000 0.000000
L 2.687006 2.687006 0.000000
V 0.000000 2.687006 -2.687006
F -2.687006 2.687006 0.000000
F 0.000000 2.687006 2.687006
A -2.687006 2.687006 5.374012


-16.490000	697a0
6

K 0.000000 0.000000 0.000000
L 2.687006 2.687006 0.000000
V 0.000000 2.687006 -2.687006
F 2.687006 0.000000 -2.687006
F 2.687006 -2.687006 0.000000
A 0.000000 -5.374012 0.000000


-16.490000	797a0
6

K 0.000000 0.000000 0.000000
L 2.687006 2.687006 0.000000
V 0.000000 2.687006 -2.687006
F 2.687006 0.000000 -2.687006
F 2.687006 -2.687006 0.000000
A 5.374012 -5.374012 0.000000


-16.490000	24ba0
6

K 0.000000 0.000000 0.000000
L 2.687006 2.687006 0.000000
V 0.000000 2.687006 -2.687006
F -2.687006 2.687006 0.000000
F 0.000000 2.687006 2.687006
A 0.000000 5.374012 5.374012


-16.490000	897a0
6

K 0.000000 0.000000 0.000000
L 2.687006 2.687006 0.000000
V 0.000000 2.687006 -2.687006
F 2.687006 0.000000 -2.687006
F 2.687006 -2.687006 0.000000
A 2.687006 -5.374012 -2.687006


-16.490000	667a0
6

K 0.000000 0.000000 0.000000
L 2.687006 2.687006 0.000000
V 0.000000 2.687006 -2.687006
F 2.687006 0.000000 -2.687006
F 0.000000 -2.687006 -2.687006
A -2.687006 -5.374012 -2.687006


-16.490000	997a0
6

K 0.000000 0.000000 0.000000
L 2.687006 2.687006 0.000000
V 0.000000 2.687006 -2.687006
F 2.687006 0.000000 -2.687006
F 2.687006 -2.687006 0.000000
A 2.687006 -5.374012 2.687006


-16.490000	44ba0
6

K 0.000000 0.000000 0.000000
L 2.687006 2.687006 0.000000
V 0.000000 2.687006 -2.687006
F -2.687006 2.687006 0.000000
F 0.000000 2.687006 2.687006
A 2.687006 2.687006 5.374012


-16.490000	767a0
6

K 0.000000 0.000000 0.000000
L 2.687006 2.687006 0.000000
V 0.000000 2.687006 -2.687006
F 2.687006 0.000000 -2.687006
F 0.000000 -2.687006 -2.687006
A 2.687006 -5.374012 -2.687006


-16.490000	867a0
6

K 0.000000 0.000000 0.000000
L 2.687006 2.687006 0.000000
V 0.000000 2.687006 -2.687006
F 2.687006 0.000000 -2.687006
F 0.000000 -2.687006 -2.687006
A 0.000000 -5.374012 -5.374012


-16.490000	967a0
6

K 0.000000 0.000000 0.000000
L 2.687006 2.687006 0.000000
V 0.000000 2.687006 -2.687006
F 2.687006 0.000000 -2.687006
F 0.000000 -2.687006 -2.687006
A 0.000000 -5.374012 0.000000


-16.490000	a67a0
6

K 0.000000 0.000000 0.000000
L 2.687006 2.687006 0.000000
V 0.000000 2.687006 -2.687006
F 2.687006 0.000000 -2.687006
F 0.000000 -2.687006 -2.687006
A -2.687006 -2.687006 -5.374012


-16.490000	94ba0
6

K 0.000000 0.000000 0.000000
L 2.687006 2.687006 0.000000
V 0.000000 2.687006 -2.687006
F -2.687006 2.687006 0.000000
F 0.000000 2.687006 2.687006
A 0.000000 0.000000 5.374012


-16.250000	903a0
6

K 0.000000 0.000000 0.000000
L 2.687006 2.687006 0.000000
V 0.000000 2.687006 -2.687006
F 0.000000 5.374012 -5.374012
F 2.687006 8.061017 -5.374012
A 2.687006 5.374012 -2.687006


-16.250000	901a0
6

K 0.000000 0.000000 0.000000
L 2.687006 2.687006 0.000000
V 0.000000 2.687006 -2.687006
F -2.687006 5.374012 -2.687006
F 0.000000 8.061017 -2.687006
A 0.000000 5.374012 0.000000


-16.250000	b05a0
6

K 0.000000 0.000000 0.000000
L 2.687006 2.687006 0.000000
V 0.000000 2.687006 -2.687006
F 2.687006 2.687006 -5.374012
F 5.374012 5.374012 -5.374012
A 2.687006 5.374012 -2.687006


-16.250000	723a0
6

K 0.000000 0.000000 0.000000
L 2.687006 2.687006 0.000000
V 0.000000 2.687006 -2.687006
F 0.000000 5.374012 -5.374012
F 0.000000 8.061017 -2.687006
A 2.687006 5.374012 -2.687006


-16.250000	721a0
6

K 0.000000 0.000000 0.000000
L 2.687006 2.687006 0.000000
V 0.000000 2.687006 -2.687006
F -2.687006 5.374012 -2.687006
F -2.687006 8.061017 0.000000
A 0.000000 5.374012 0.000000


-16.180000	056a0
6

K 0.000000 0.000000 0.000000
L 2.687006 2.687006 0.000000
V 0.000000 2.687006 -2.687006
F -2.687006 0.000000 -2.687006
F 0.000000 0.000000 -5.374012
A 2.687006 2.687006 -5.374012


-16.180000	036a0
6

K 0.000000 0.000000 0.000000
L 2.687006 2.687006 0.000000
V 0.000000 2.687006 -2.687006
F -2.687006 0.000000 -2.687006
F -2.687006 2.687006 -5.374012
A 0.000000 5.374012 -5.374012


-16.180000	236a0
6

K 0.000000 0.000000 0.000000
L 2.687006 2.687006 0.000000
V 0.000000 2.687006 -2.687006
F -2.687006 0.000000 -2.687006
F -2.687006 2.687006 -5.374012
A -2.687006 5.374012 -2.687006


-16.180000	53ba0
6

K 0.000000 0.000000 0.000000
L 2.687006 2.687006 0.000000
V 0.000000 2.687006 -2.687006
F -2.687006 2.687006 0.000000
F -2.687006 5.374012 -2.687006
A 0.000000 5.374012 -5.374012


-16.180000	83ba0
6

K 0.000000 0.000000 0.000000
L 2.687006 2.687006 0.000000
V 0.000000 2.687006 -2.687006
F -2.687006 2.687006 0.000000
F -2.687006 5.374012 -2.687006
A -2.687006 2.687006 -5.374012


-16.130000	27800
6

K 0.000000 0.000000 0.000000
L 2.687006 2.687006 0.000000
V 5.374012 5.374012 0.000000
F 5.374012 2.687006 -2.687006
F 8.061017 0.000000 -2.687006
A 8.061017 2.687006 0.000000


-16.130000	27840
6

K 0.000000 0.000000 0.000000
L 2.687006 2.687006 0.000000
V 5.374012 2.687006 2.687006
F 5.374012 0.000000 0.000000
F 8.061017 -2.687006 0.000000
A 8.061017 0.000000 2.687006


-16.130000	37900
6

K 0.000000 0.000000 0.000000
L 2.687006 2.687006 0.000000
V 5.374012 5.374012 0.000000
F 5.374012 2.687006 2.687006
F 8.061017 0.000000 2.687006
A 8.061017 2.687006 0.000000


-16.130000	7b140
6

K 0.000000 0.000000 0.000000
L 2.687006 2.687006 0.000000
V 5.374012 2.687006 2.687006
F 2.687006 5.374012 2.687006
F 0.000000 5.374012 5.374012
A 2.687006 2.687006 5.374012


-16.130000	a2410
6

K 0.000000 0.000000 0.000000
L 2.687006 2.687006 0.000000
V 0.000000 5.374012 0.000000
F 2.687006 5.374012 2.687006
F 2.687006 8.061017 5.374012
A 0.000000 8.061017 2.687006


-16.130000	b3510
6

K 0.000000 0.000000 0.000000
L 2.687006 2.687006 0.000000
V 0.000000 5.374012 0.000000
F 2.687006 5.374012 -2.687006
F 2.687006 8.061017 -5.374012
A 0.000000 8.061017 -2.687006


-16.130000	25a00
6

K 0.000000 0.000000 0.000000
L 2.687006 2.687006 0.000000
V 5.374012 5.374012 0.000000
F 2.687006 5.374012 -2.687006
F 5.374012 5.374012 -5.374012
A 5.374012 8.061017 -2.687006


-16.130000	25800
6

K 0.000000 0.000000 0.000000
L 2.687006 2.687006 0.000000
V 5.374012 5.374012 0.000000
F 5.374012 2.687006 -2.687006
F 8.061017 2.687006 -5.374012
A 8.061017 5.374012 -2.687006


-16.130000	90340
6

K 0.000000 0.000000 0.000000
L 2.687006 2.687006 0.000000
V 5.374012 2.687006 2.687006
F 5.374012 5.374012 0.000000
F 8.061017 8.061017 0.000000
A 8.061017 5.374012 2.687006


-16.130000	25840
6

K 0.000000 0.000000 0.000000
L 2.687006 2.687006 0.000000
V 5.374012 2.687006 2.687006
F 5.374012 0.000000 0.000000
F 8.061017 0.000000 -2.687006
A 8.061017 2.687006 0.000000


-16.130000	90140
6

K 0.000000 0.000000 0.000000
L 2.687006 2.687006 0.000000
V 5.374012 2.687006 2.687006
F 2.687006 5.374012 2.687006
F 5.374012 8.061017 2.687006
A 5.374012 5.374012 5.374012


-16.130000	a0410
6

K 0.000000 0.000000 0.000000
L 2.687006 2.687006 0.000000
V 0.000000 5.374012 0.000000
F 2.687006 5.374012 2.687006
F 5.374012 8.061017 2.687006
A 2.687006 8.061017 0.000000


-16.130000	34900
6

K 0.000000 0.000000 0.000000
L 2.687006 2.687006 0.000000
V 5.374012 5.374012 0.000000
F 5.374012 2.687006 2.687006
F 8.061017 2.687006 5.374012
A 8.061017 5.374012 2.687006


-16.130000	b0510
6

K 0.000000 0.000000 0.000000
L 2.687006 2.687006 0.000000
V 0.000000 5.374012 0.000000
F 2.687006 5.374012 -2.687006
F 5.374012 8.061017 -2.687006
A 2.687006 8.061017 0.000000


-16.130000	34b00
6

K 0.000000 0.000000 0.000000
L 2.687006 2.687006 0.000000
V 5.374012 5.374012 0.000000
F 2.687006 5.374012 2.687006
F 5.374012 5.374012 5.374012
A 5.374012 8.061017 2.687006


-16.130000	43800
6

K 0.000000 0.000000 0.000000
L 2.687006 2.687006 0.000000
V 5.374012 5.374012 0.000000
F 5.374012 2.687006 -2.687006
F 5.374012 5.374012 -5.374012
A 8.061017 5.374012 -2.687006


-16.130000	43a00
6

K 0.000000 0.000000 0.000000
L 2.687006 2.687006 0.000000
V 5.374012 5.374012 0.000000
F 2.687006 5.374012 -2.687006
F 2.687006 8.061017 -5.374012
A 5.374012 8.061017 -2.687006


-16.130000	09840
6

K 0.000000 0.000000 0.000000
L 2.687006 2.687006 0.000000
V 5.374012 2.687006 2.687006
F 5.374012 0.000000 0.000000
F 5.374012 -2.687006 2.687006
A 8.061017 0.000000 2.687006


-16.130000	41a00
6

K 0.000000 0.000000 0.000000
L 2.687006 2.687006 0.000000
V 5.374012 5.374012 0.000000
F 2.687006 5.374012 -2.687006
F 0.000000 8.061017 -2.687006
A 2.687006 8.061017 0.000000


-16.130000	52b00
6

K 0.000000 0.000000 0.000000
L 2.687006 2.687006 0.000000
V 5.374012 5.374012 0.000000
F 2.687006 5.374012 2.687006
F 2.687006 8.061017 5.374012
A 5.374012 8.061017 2.687006


-16.130000	52900
6

K 0.000000 0.000000 0.000000
L 2.687006 2.687006 0.000000
V 5.374012 5.374012 0.000000
F 5.374012 2.687006 2.687006
F 5.374012 5.374012 5.374012
A 8.061017 5.374012 2.687006


-16.130000	3b410
6

K 0.000000 0.000000 0.000000
L 2.687006 2.687006 0.000000
V 0.000000 5.374012 0.000000
F 2.687006 5.374012 2.687006
F 0.000000 5.374012 5.374012
A 0.000000 8.061017 2.687006


-16.130000	51b00
6

K 0.000000 0.000000 0.000000
L 2.687006 2.687006 0.000000
V 5.374012 5.374012 0.000000
F 2.687006 5.374012 2.687006
F 0.000000 8.061017 2.687006
A 2.687006 8.061017 0.000000


-16.130000	95340
6

K 0.000000 0.000000 0.000000
L 2.687006 2.687006 0.000000
V 5.374012 2.687006 2.687006
F 5.374012 5.374012 0.000000
F 8.061017 5.374012 -2.687006
A 8.061017 2.687006 0.000000


-16.130000	2a510
6

K 0.000000 0.000000 0.000000
L 2.687006 2.687006 0.000000
V 0.000000 5.374012 0.000000
F 2.687006 5.374012 -2.687006
F 0.000000 5.374012 -5.374012
A 0.000000 8.061017 -2.687006


-16.130000	72340
6

K 0.000000 0.000000 0.000000
L 2.687006 2.687006 0.000000
V 5.374012 2.687006 2.687006
F 5.374012 5.374012 0.000000
F 5.374012 8.061017 2.687006
A 8.061017 5.374012 2.687006


-16.130000	72140
6

K 0.000000 0.000000 0.000000
L 2.687006 2.687006 0.000000
V 5.374012 2.687006 2.687006
F 2.687006 5.374012 2.687006
F 2.687006 8.061017 5.374012
A 5.374012 5.374012 5.374012


-16.060000	380a0
6

K 0.000000 0.000000 0.000000
L 2.687006 2.687006 0.000000
V 0.000000 2.687006 -2.687006
F 2.687006 5.374012 -2.687006
F 2.687006 2.687006 -5.374012
A 2.687006 5.374012 -8.061017


-16.060000	5a0a0
6

K 0.000000 0.000000 0.000000
L 2.687006 2.687006 0.000000
V 0.000000 2.687006 -2.687006
F 2.687006 5.374012 -2.687006
F 0.000000 5.374012 -5.374012
A 2.687006 5.374012 -8.061017


-16.060000	b41a0
6

K 0.000000 0.000000 0.000000
L 2.687006 2.687006 0.000000
V 0.000000 2.687006 -2.687006
F -2.687006 5.374012 -2.687006
F 0.000000 5.374012 0.000000
A -2.687006 5.374012 2.687006


-16.060000	6a2a0
6

K 0.000000 0.000000 0.000000
L 2.687006 2.687006 0.000000
V 0.000000 2.687006 -2.687006
F 0.000000 5.374012 0.000000
F -2.687006 5.374012 -2.687006
A -5.374012 2.687006 -2.687006


-16.060000	043a0
6

K 0.000000 0.000000 0.000000
L 2.687006 2.687006 0.000000
V 0.000000 2.687006 -2.687006
F 0.000000 5.374012 -5.374012
F 2.687006 5.374012 -2.687006
A 5.374012 8.061017 -2.687006


-16.060000	041a0
6

K 0.000000 0.000000 0.000000
L 2.687006 2.687006 0.000000
V 0.000000 2.687006 -2.687006
F -2.687006 5.374012 -2.687006
F 0.000000 5.374012 0.000000
A 2.687006 8.061017 0.000000


-16.060000	580a0
6

K 0.000000 0.000000 0.000000
L 2.687006 2.687006 0.000000
V 0.000000 2.687006 -2.687006
F 2.687006 5.374012 -2.687006
F 2.687006 2.687006 -5.374012
A 5.374012 2.687006 -8.061017


-16.060000	025a0
6

K 0.000000 0.000000 0.000000
L 2.687006 2.687006 0.000000
V 0.000000 2.687006 -2.687006
F 2.687006 2.687006 -5.374012
F 2.687006 5.374012 -2.687006
A 5.374012 8.061017 -2.687006


-16.060000	8a0a0
6

K 0.000000 0.000000 0.000000
L 2.687006 2.687006 0.000000
V 0.000000 2.687006 -2.687006
F 2.687006 5.374012 -2.687006
F 0.000000 5.374012 -5.374012
A 0.000000 2.687006 -8.061017


-16.060000	243a0
6

K 0.000000 0.000000 0.000000
L 2.687006 2.687006 0.000000
V 0.000000 2.687006 -2.687006
F 0.000000 5.374012 -5.374012
F 2.687006 5.374012 -2.687006
A 2.687006 8.061017 0.000000


-16.060000	241a0
6

K 0.000000 0.000000 0.000000
L 2.687006 2.687006 0.000000
V 0.000000 2.687006 -2.687006
F -2.687006 5.374012 -2.687006
F 0.000000 5.374012 0.000000
A 0.000000 8.061017 2.687006


-16.060000	780a0
6

K 0.000000 0.000000 0.000000
L 2.687006 2.687006 0.000000
V 0.000000 2.687006 -2.687006
F 2.687006 5.374012 -2.687006
F 2.687006 2.687006 -5.374012
A 5.374012 0.000000 -5.374012


-16.060000	125a0
6

K 0.000000 0.000000 0.000000
L 2.687006 2.687006 0.000000
V 0.000000 2.687006 -2.687006
F 2.687006 2.687006 -5.374012
F 2.687006 5.374012 -2.687006
A 0.000000 8.061017 -2.687006


-16.060000	880a0
6

K 0.000000 0.000000 0.000000
L 2.687006 2.687006 0.000000
V 0.000000 2.687006 -2.687006
F 2.687006 5.374012 -2.687006
F 2.687006 2.687006 -5.374012
A 2.687006 0.000000 -8.061017


-16.060000	aa2a0
6

K 0.000000 0.000000 0.000000
L 2.687006 2.687006 0.000000
V 0.000000 2.687006 -2.687006
F 0.000000 5.374012 0.000000
F -2.687006 5.374012 -2.687006
A -5.374012 5.374012 -5.374012


-16.060000	225a0
6

K 0.000000 0.000000 0.000000
L 2.687006 2.687006 0.000000
V 0.000000 2.687006 -2.687006
F 2.687006 2.687006 -5.374012
F 2.687006 5.374012 -2.687006
A 2.687006 8.061017 0.000000


-16.060000	aa0a0
6

K 0.000000 0.000000 0.000000
L 2.687006 2.687006 0.000000
V 0.000000 2.687006 -2.687006
F 2.687006 5.374012 -2.687006
F 0.000000 5.374012 -5.374012
A -2.687006 5.374012 -8.061017


-16.060000	ba2a0
6

K 0.000000 0.000000 0.000000
L 2.687006 2.687006 0.000000
V 0.000000 2.687006 -2.687006
F 0.000000 5.374012 0.000000
F -2.687006 5.374012 -2.687006
A -5.374012 5.374012 0.000000


-16.060000	325a0
6

K 0.000000 0.000000 0.000000
L 2.687006 2.687006 0.000000
V 0.000000 2.687006 -2.687006
F 2.687006 2.687006 -5.374012
F 2.687006 5.374012 -2.687006
A 2.687006 8.061017 -5.374012


-16.060000	543a0
6

K 0.000000 0.000000 0.000000
L 2.687006 2.687006 0.000000
V 0.000000 2.687006 -2.687006
F 0.000000 5.374012 -5.374012
F 2.687006 5.374012 -2.687006
A 5.374012 5.374012 -5.374012


-16.060000	a80a0
6

K 0.000000 0.000000 0.000000
L 2.687006 2.687006 0.000000
V 0.000000 2.687006 -2.687006
F 2.687006 5.374012 -2.687006
F 2.687006 2.687006 -5.374012
A 0.000000 2.687006 -8.061017


-16.060000	1a2a0
6

K 0.000000 0.000000 0.000000
L 2.687006 2.687006 0.000000
V 0.000000 2.687006 -2.687006
F 0.000000 5.374012 0.000000
F -2.687006 5.374012 -2.687006
A -5.374012 8.061017 -2.687006


-16.060000	1a0a0
6

K 0.000000 0.000000 0.000000
L 2.687006 2.687006 0.000000
V 0.000000 2.687006 -2.687006
F 2.687006 5.374012 -2.687006
F 0.000000 5.374012 -5.374012
A -2.687006 8.061017 -5.374012


-16.060000	3a2a0
6

K 0.000000 0.000000 0.000000
L 2.687006 2.687006 0.000000
V 0.000000 2.687006 -2.687006
F 0.000000 5.374012 0.000000
F -2.687006 5.374012 -2.687006
A -2.687006 8.061017 -5.374012


-16.060000	3a0a0
6

K 0.000000 0.000000 0.000000
L 2.687006 2.687006 0.000000
V 0.000000 2.687006 -2.687006
F 2.687006 5.374012 -2.687006
F 0.000000 5.374012 -5.374012
A 0.000000 8.061017 -8.061017


-16.010000	7aba0
6

K 0.000000 0.000000 0.000000
L 2.687006 2.687006 0.000000
V 0.000000 2.687006 -2.687006
F -2.687006 2.687006 0.000000
F -5.374012 2.687006 -2.687006
A -2.687006 0.000000 -2.687006


-16.010000	56ba0
6

K 0.000000 0.000000 0.000000
L 2.687006 2.687006 0.000000
V 0.000000 2.687006 -2.687006
F -2.687006 2.687006 0.000000
F -5.374012 0.000000 0.000000
A -2.687006 0.000000 -2.687006


-16.010000	0b6a0
6

K 0.000000 0.000000 0.000000
L 2.687006 2.687006 0.000000
V 0.000000 2.687006 -2.687006
F -2.687006 0.000000 -2.687006
F -5.374012 0.000000 0.000000
A -2.687006 2.687006 0.000000


-16.010000	416a0
6

K 0.000000 0.000000 0.000000
L 2.687006 2.687006 0.000000
V 0.000000 2.687006 -2.687006
F -2.687006 0.000000 -2.687006
F -5.374012 2.687006 -2.687006
A -2.687006 2.687006 0.000000


-16.010000	198a0
6

K 0.000000 0.000000 0.000000
L 2.687006 2.687006 0.000000
V 0.000000 2.687006 -2.687006
F 0.000000 0.000000 -5.374012
F 0.000000 -2.687006 -2.687006
A -2.687006 0.000000 -2.687006


-15.870000	6ba00
6

K 0.000000 0.000000 0.000000
L 2.687006 2.687006 0.000000
V 5.374012 5.374012 0.000000
F 2.687006 5.374012 -2.687006
F 0.000000 5.374012 0.000000
A -2.687006 2.687006 0.000000


-15.870000	6a140
6

K 0.000000 0.000000 0.000000
L 2.687006 2.687006 0.000000
V 5.374012 2.687006 2.687006
F 2.687006 5.374012 2.687006
F 0.000000 5.374012 0.000000
A -2.687006 2.687006 0.000000


-15.870000	6ab00
6

K 0.000000 0.000000 0.000000
L 2.687006 2.687006 0.000000
V 5.374012 5.374012 0.000000
F 2.687006 5.374012 2.687006
F 0.000000 5.374012 0.000000
A -2.687006 2.687006 0.000000


-15.870000	69800
6

K 0.000000 0.000000 0.000000
L 2.687006 2.687006 0.000000
V 5.374012 5.374012 0.000000
F 5.374012 2.687006 -2.687006
F 5.374012 0.000000 0.000000
A 2.687006 -2.687006 0.000000


-15.870000	68900
6

K 0.000000 0.000000 0.000000
L 2.687006 2.687006 0.000000
V 5.374012 5.374012 0.000000
F 5.374012 2.687006 2.687006
F 5.374012 0.000000 0.000000
A 2.687006 -2.687006 0.000000


-15.550000	45810
6

K 0.000000 0.000000 0.000000
L 2.687006 2.687006 0.000000
V 0.000000 5.374012 0.000000
F 0.000000 2.687006 -2.687006
F 2.687006 2.687006 -5.374012
A 5.374012 2.687006 -2.687006


-15.550000	54910
6

K 0.000000 0.000000 0.000000
L 2.687006 2.687006 0.000000
V 0.000000 5.374012 0.000000
F 0.000000 2.687006 2.687006
F 2.687006 2.687006 5.374012
A 5.374012 2.687006 2.687006


-15.550000	3ab40
6

K 0.000000 0.000000 0.000000
L 2.687006 2.687006 0.000000
V 5.374012 2.687006 2.687006
F 2.687006 2.687006 5.374012
F 0.000000 2.687006 2.687006
A 0.000000 5.374012 0.000000


-15.500000	b26a0
6

K 0.000000 0.000000 0.000000
L 2.687006 2.687006 0.000000
V 0.000000 2.687006 -2.687006
F -2.687006 0.000000 -2.687006
F -2.687006 2.687006 0.000000
A -5.374012 2.687006 2.687006


-15.500000	68ba0
6

K 0.000000 0.000000 0.000000
L 2.687006 2.687006 0.000000
V 0.000000 2.687006 -2.687006
F -2.687006 2.687006 0.000000
F -2.687006 0.000000 -2.687006
A -5.374012 -2.687006 -2.687006


-15.500000	126a0
6

K 0.000000 0.000000 0.000000
L 2.687006 2.687006 0.000000
V 0.000000 2.687006 -2.687006
F -2.687006 0.000000 -2.687006
F -2.687006 2.687006 0.000000
A -5.374012 5.374012 0.000000


-15.500000	226a0
6

K 0.000000 0.000000 0.000000
L 2.687006 2.687006 0.000000
V 0.000000 2.687006 -2.687006
F -2.687006 0.000000 -2.687006
F -2.687006 2.687006 0.000000
A -2.687006 5.374012 2.687006


-15.500000	88ba0
6

K 0.000000 0.000000 0.000000
L 2.687006 2.687006 0.000000
V 0.000000 2.687006 -2.687006
F -2.687006 2.687006 0.000000
F -2.687006 0.000000 -2.687006
A -2.687006 -2.687006 -5.374012


-15.500000	a8ba0
6

K 0.000000 0.000000 0.000000
L 2.687006 2.687006 0.000000
V 0.000000 2.687006 -2.687006
F -2.687006 2.687006 0.000000
F -2.687006 0.000000 -2.687006
A -5.374012 0.000000 -5.374012


-15.450000	15810
6

K 0.000000 0.000000 0.000000
L 2.687006 2.687006 0.000000
V 0.000000 5.374012 0.000000
F 0.000000 2.687006 -2.687006
F 2.687006 2.687006 -5.374012
A 0.000000 5.374012 -5.374012


-15.450000	7b910
6

K 0.000000 0.000000 0.000000
L 2.687006 2.687006 0.000000
V 0.000000 5.374012 0.000000
F 0.000000 2.687006 2.687006
F -2.687006 2.687006 5.374012
A 0.000000 0.000000 5.374012


-15.450000	59640
6

K 0.000000 0.000000 0.000000
L 2.687006 2.687006 0.000000
V 5.374012 2.687006 2.687006
F 2.687006 0.000000 2.687006
F 2.687006 -2.687006 5.374012
A 5.374012 -2.687006 2.687006


-15.450000	7b640
6

K 0.000000 0.000000 0.000000
L 2.687006 2.687006 0.000000
V 5.374012 2.687006 2.687006
F 2.687006 0.000000 2.687006
F 0.000000 0.000000 5.374012
A 2.687006 -2.687006 5.374012


-15.450000	14910
6

K 0.000000 0.000000 0.000000
L 2.687006 2.687006 0.000000
V 0.000000 5.374012 0.000000
F 0.000000 2.687006 2.687006
F 2.687006 2.687006 5.374012
A 0.000000 5.374012 5.374012


-15.450000	7a810
6

K 0.000000 0.000000 0.000000
L 2.687006 2.687006 0.000000
V 0.000000 5.374012 0.000000
F 0.000000 2.687006 -2.687006
F -2.687006 2.687006 -5.374012
A 0.000000 0.000000 -5.374012


-15.450000	46840
6

K 0.000000 0.000000 0.000000
L 2.687006 2.687006 0.000000
V 5.374012 2.687006 2.687006
F 5.374012 0.000000 0.000000
F 2.687006 -2.687006 0.000000
A 5.374012 -2.687006 2.687006


-15.450000	56840
6

K 0.000000 0.000000 0.000000
L 2.687006 2.687006 0.000000
V 5.374012 2.687006 2.687006
F 5.374012 0.000000 0.000000
F 2.687006 -2.687006 0.000000
A 5.374012 -2.687006 -2.687006


-15.450000	9ab40
6

K 0.000000 0.000000 0.000000
L 2.687006 2.687006 0.000000
V 5.374012 2.687006 2.687006
F 2.687006 2.687006 5.374012
F 0.000000 2.687006 2.687006
A 0.000000 0.000000 5.374012


-15.450000	65810
6

K 0.000000 0.000000 0.000000
L 2.687006 2.687006 0.000000
V 0.000000 5.374012 0.000000
F 0.000000 2.687006 -2.687006
F 2.687006 2.687006 -5.374012
A 0.000000 0.000000 -5.374012


-15.450000	0b910
6

K 0.000000 0.000000 0.000000
L 2.687006 2.687006 0.000000
V 0.000000 5.374012 0.000000
F 0.000000 2.687006 2.687006
F -2.687006 2.687006 5.374012
A 0.000000 5.374012 5.374012


-15.450000	64910
6

K 0.000000 0.000000 0.000000
L 2.687006 2.687006 0.000000
V 0.000000 5.374012 0.000000
F 0.000000 2.687006 2.687006
F 2.687006 2.687006 5.374012
A 0.000000 0.000000 5.374012


-15.450000	0a810
6

K 0.000000 0.000000 0.000000
L 2.687006 2.687006 0.000000
V 0.000000 5.374012 0.000000
F 0.000000 2.687006 -2.687006
F -2.687006 2.687006 -5.374012
A 0.000000 5.374012 -5.374012


-15.450000	63810
6

K 0.000000 0.000000 0.000000
L 2.687006 2.687006 0.000000
V 0.000000 5.374012 0.000000
F 0.000000 2.687006 -2.687006
F 0.000000 5.374012 -5.374012
A -2.687006 2.687006 -5.374012


-15.450000	09910
6

K 0.000000 0.000000 0.000000
L 2.687006 2.687006 0.000000
V 0.000000 5.374012 0.000000
F 0.000000 2.687006 2.687006
F 0.000000 0.000000 5.374012
A 2.687006 2.687006 5.374012


-15.450000	73810
6

K 0.000000 0.000000 0.000000
L 2.687006 2.687006 0.000000
V 0.000000 5.374012 0.000000
F 0.000000 2.687006 -2.687006
F 0.000000 5.374012 -5.374012
A 2.687006 2.687006 -5.374012


-15.450000	2ab40
6

K 0.000000 0.000000 0.000000
L 2.687006 2.687006 0.000000
V 5.374012 2.687006 2.687006
F 2.687006 2.687006 5.374012
F 0.000000 2.687006 2.687006
A 0.000000 5.374012 5.374012


-15.450000	08810
6

K 0.000000 0.000000 0.000000
L 2.687006 2.687006 0.000000
V 0.000000 5.374012 0.000000
F 0.000000 2.687006 -2.687006
F 0.000000 0.000000 -5.374012
A 2.687006 2.687006 -5.374012


-15.450000	19910
6

K 0.000000 0.000000 0.000000
L 2.687006 2.687006 0.000000
V 0.000000 5.374012 0.000000
F 0.000000 2.687006 2.687006
F 0.000000 0.000000 5.374012
A -2.687006 2.687006 5.374012


-15.450000	b7640
6

K 0.000000 0.000000 0.000000
L 2.687006 2.687006 0.000000
V 5.374012 2.687006 2.687006
F 2.687006 0.000000 2.687006
F 5.374012 -2.687006 2.687006
A 2.687006 -2.687006 5.374012


-15.450000	19640
6

K 0.000000 0.000000 0.000000
L 2.687006 2.687006 0.000000
V 5.374012 2.687006 2.687006
F 2.687006 0.000000 2.687006
F 2.687006 -2.687006 5.374012
A 0.000000 0.000000 5.374012


-15.450000	62910
6

K 0.000000 0.000000 0.000000
L 2.687006 2.687006 0.000000
V 0.000000 5.374012 0.000000
F 0.000000 2.687006 2.687006
F 0.000000 5.374012 5.374012
A -2.687006 2.687006 5.374012


-15.450000	18810
6

K 0.000000 0.000000 0.000000
L 2.687006 2.687006 0.000000
V 0.000000 5.374012 0.000000
F 0.000000 2.687006 -2.687006
F 0.000000 0.000000 -5.374012
A -2.687006 2.687006 -5.374012


-15.450000	72910
6

K 0.000000 0.000000 0.000000
L 2.687006 2.687006 0.000000
V 0.000000 5.374012 0.000000
F 0.000000 2.687006 2.687006
F 0.000000 5.374012 5.374012
A 2.687006 2.687006 5.374012


-15.330000	596a0
6

K 0.000000 0.000000 0.000000
L 2.687006 2.687006 0.000000
V 0.000000 2.687006 -2.687006
F -2.687006 0.000000 -2.687006
F -2.687006 -2.687006 0.000000
A 0.000000 -2.687006 -2.687006


-15.330000	b76a0
6

K 0.000000 0.000000 0.000000
L 2.687006 2.687006 0.000000
V 0.000000 2.687006 -2.687006
F -2.687006 0.000000 -2.687006
F 0.000000 -2.687006 -2.687006
A -2.687006 -2.687006 0.000000


-15.310000	16640
6

K 0.000000 0.000000 0.000000
L 2.687006 2.687006 0.000000
V 5.374012 2.687006 2.687006
F 2.687006 0.000000 2.687006
F 0.000000 -2.687006 2.687006
A -2.687006 0.000000 2.687006


-15.310000	76910
6

K 0.000000 0.000000 0.000000
L 2.687006 2.687006 0.000000
V 0.000000 5.374012 0.000000
F 0.000000 2.687006 2.687006
F -2.687006 0.000000 2.687006
A 0.000000 -2.687006 2.687006


-15.310000	76810
6

K 0.000000 0.000000 0.000000
L 2.687006 2.687006 0.000000
V 0.000000 5.374012 0.000000
F 0.000000 2.687006 -2.687006
F -2.687006 0.000000 -2.687006
A 0.000000 -2.687006 -2.687006


-15.310000	86910
6

K 0.000000 0.000000 0.000000
L 2.687006 2.687006 0.000000
V 0.000000 5.374012 0.000000
F 0.000000 2.687006 2.687006
F -2.687006 0.000000 2.687006
A -2.687006 -2.687006 0.000000


-15.310000	a8640
6

K 0.000000 0.000000 0.000000
L 2.687006 2.687006 0.000000
V 5.374012 2.687006 2.687006
F 2.687006 0.000000 2.687006
F 2.687006 -2.687006 0.000000
A 0.000000 -2.687006 -2.687006


-15.310000	96810
6

K 0.000000 0.000000 0.000000
L 2.687006 2.687006 0.000000
V 0.000000 5.374012 0.000000
F 0.000000 2.687006 -2.687006
F -2.687006 0.000000 -2.687006
A -2.687006 -2.687006 0.000000


-15.310000	a6640
6

K 0.000000 0.000000 0.000000
L 2.687006 2.687006 0.000000
V 5.374012 2.687006 2.687006
F 2.687006 0.000000 2.687006
F 0.000000 -2.687006 2.687006
A -2.687006 -2.687006 0.000000


-15.240000	6b000
6

K 0.000000 0.000000 0.000000
L 2.687006 2.687006 0.000000
V 5.374012 5.374012 0.000000
F 8.061017 8.061017 0.000000
F 5.374012 8.061017 2.687006
A 2.687006 5.374012 2.687006


-15.240000	a3440
6

K 0.000000 0.000000 0.000000
L 2.687006 2.687006 0.000000
V 5.374012 2.687006 2.687006
F 8.061017 2.687006 5.374012
F 8.061017 5.374012 2.687006
A 5.374012 5.374012 0.000000


-15.240000	70b10
6

K 0.000000 0.000000 0.000000
L 2.687006 2.687006 0.000000
V 0.000000 5.374012 0.000000
F -2.687006 5.374012 2.687006
F 0.000000 8.061017 2.687006
A 2.687006 5.374012 2.687006


-15.240000	70a10
6

K 0.000000 0.000000 0.000000
L 2.687006 2.687006 0.000000
V 0.000000 5.374012 0.000000
F -2.687006 5.374012 -2.687006
F 0.000000 8.061017 -2.687006
A 2.687006 5.374012 -2.687006


-15.240000	6a000
6

K 0.000000 0.000000 0.000000
L 2.687006 2.687006 0.000000
V 5.374012 5.374012 0.000000
F 8.061017 8.061017 0.000000
F 5.374012 8.061017 -2.687006
A 2.687006 5.374012 -2.687006


-15.240000	69000
6

K 0.000000 0.000000 0.000000
L 2.687006 2.687006 0.000000
V 5.374012 5.374012 0.000000
F 8.061017 8.061017 0.000000
F 8.061017 5.374012 2.687006
A 5.374012 2.687006 2.687006


-15.240000	a1440
6

K 0.000000 0.000000 0.000000
L 2.687006 2.687006 0.000000
V 5.374012 2.687006 2.687006
F 8.061017 2.687006 5.374012
F 5.374012 5.374012 5.374012
A 2.687006 5.374012 2.687006


-15.240000	68040
6

K 0.000000 0.000000 0.000000
L 2.687006 2.687006 0.000000
V 5.374012 2.687006 2.687006
F 8.061017 5.374012 2.687006
F 8.061017 2.687006 0.000000
A 5.374012 0.000000 0.000000


-15.240000	68000
6

K 0.000000 0.000000 0.000000
L 2.687006 2.687006 0.000000
V 5.374012 5.374012 0.000000
F 8.061017 8.061017 0.000000
F 8.061017 5.374012 -2.687006
A 5.374012 2.687006 -2.687006


-15.240000	8a200
6

K 0.000000 0.000000 0.000000
L 2.687006 2.687006 0.000000
V 5.374012 5.374012 0.000000
F 5.374012 8.061017 2.687006
F 2.687006 8.061017 0.000000
A 2.687006 5.374012 -2.687006


-15.240000	9b300
6

K 0.000000 0.000000 0.000000
L 2.687006 2.687006 0.000000
V 5.374012 5.374012 0.000000
F 5.374012 8.061017 -2.687006
F 2.687006 8.061017 0.000000
A 2.687006 5.374012 2.687006


-15.240000	13740
6

K 0.000000 0.000000 0.000000
L 2.687006 2.687006 0.000000
V 5.374012 2.687006 2.687006
F 8.061017 0.000000 2.687006
F 8.061017 2.687006 0.000000
A 5.374012 5.374012 0.000000


-15.240000	ab040
6

K 0.000000 0.000000 0.000000
L 2.687006 2.687006 0.000000
V 5.374012 2.687006 2.687006
F 8.061017 5.374012 2.687006
F 5.374012 5.374012 5.374012
A 2.687006 5.374012 2.687006


-15.240000	67300
6

K 0.000000 0.000000 0.000000
L 2.687006 2.687006 0.000000
V 5.374012 5.374012 0.000000
F 5.374012 8.061017 -2.687006
F 8.061017 5.374012 -2.687006
A 5.374012 2.687006 -2.687006


-15.240000	67200
6

K 0.000000 0.000000 0.000000
L 2.687006 2.687006 0.000000
V 5.374012 5.374012 0.000000
F 5.374012 8.061017 2.687006
F 8.061017 5.374012 2.687006
A 5.374012 2.687006 2.687006


-15.240000	75110
6

K 0.000000 0.000000 0.000000
L 2.687006 2.687006 0.000000
V 0.000000 5.374012 0.000000
F -2.687006 8.061017 0.000000
F 0.000000 8.061017 -2.687006
A 2.687006 5.374012 -2.687006


-15.240000	a8440
6

K 0.000000 0.000000 0.000000
L 2.687006 2.687006 0.000000
V 5.374012 2.687006 2.687006
F 8.061017 2.687006 5.374012
F 8.061017 0.000000 2.687006
A 5.374012 0.000000 0.000000


-15.240000	a8400
6

K 0.000000 0.000000 0.000000
L 2.687006 2.687006 0.000000
V 5.374012 5.374012 0.000000
F 8.061017 5.374012 2.687006
F 8.061017 2.687006 0.000000
A 5.374012 2.687006 -2.687006


-15.240000	b9500
6

K 0.000000 0.000000 0.000000
L 2.687006 2.687006 0.000000
V 5.374012 5.374012 0.000000
F 8.061017 5.374012 -2.687006
F 8.061017 2.687006 0.000000
A 5.374012 2.687006 2.687006


-15.240000	31940
6

K 0.000000 0.000000 0.000000
L 2.687006 2.687006 0.000000
V 5.374012 2.687006 2.687006
F 5.374012 0.000000 5.374012
F 2.687006 2.687006 5.374012
A 2.687006 5.374012 2.687006


-15.240000	74110
6

K 0.000000 0.000000 0.000000
L 2.687006 2.687006 0.000000
V 0.000000 5.374012 0.000000
F -2.687006 8.061017 0.000000
F 0.000000 8.061017 2.687006
A 2.687006 5.374012 2.687006


-15.240000	85210
6

K 0.000000 0.000000 0.000000
L 2.687006 2.687006 0.000000
V 0.000000 5.374012 0.000000
F 0.000000 8.061017 2.687006
F 2.687006 8.061017 0.000000
A 2.687006 5.374012 -2.687006


-15.240000	61500
6

K 0.000000 0.000000 0.000000
L 2.687006 2.687006 0.000000
V 5.374012 5.374012 0.000000
F 8.061017 5.374012 -2.687006
F 5.374012 8.061017 -2.687006
A 2.687006 5.374012 -2.687006


-15.240000	a5940
6

K 0.000000 0.000000 0.000000
L 2.687006 2.687006 0.000000
V 5.374012 2.687006 2.687006
F 5.374012 0.000000 5.374012
F 8.061017 0.000000 2.687006
A 5.374012 0.000000 0.000000


-15.240000	61400
6

K 0.000000 0.000000 0.000000
L 2.687006 2.687006 0.000000
V 5.374012 5.374012 0.000000
F 8.061017 5.374012 2.687006
F 5.374012 8.061017 2.687006
A 2.687006 5.374012 2.687006


-15.240000	94310
6

K 0.000000 0.000000 0.000000
L 2.687006 2.687006 0.000000
V 0.000000 5.374012 0.000000
F 0.000000 8.061017 -2.687006
F 2.687006 8.061017 0.000000
A 2.687006 5.374012 2.687006


-15.240000	a5240
6

K 0.000000 0.000000 0.000000
L 2.687006 2.687006 0.000000
V 5.374012 2.687006 2.687006
F 5.374012 5.374012 5.374012
F 8.061017 5.374012 2.687006
A 5.374012 5.374012 0.000000


-15.140000	27300
6

K 0.000000 0.000000 0.000000
L 2.687006 2.687006 0.000000
V 5.374012 5.374012 0.000000
F 5.374012 8.061017 -2.687006
F 8.061017 5.374012 -2.687006
A 8.061017 8.061017 0.000000


-15.140000	a2500
6

K 0.000000 0.000000 0.000000
L 2.687006 2.687006 0.000000
V 5.374012 5.374012 0.000000
F 8.061017 5.374012 -2.687006
F 8.061017 8.061017 0.000000
A 5.374012 8.061017 -2.687006


-15.140000	7b040
6

K 0.000000 0.000000 0.000000
L 2.687006 2.687006 0.000000
V 5.374012 2.687006 2.687006
F 8.061017 5.374012 2.687006
F 5.374012 5.374012 5.374012
A 8.061017 2.687006 5.374012


-15.140000	7b000
6

K 0.000000 0.000000 0.000000
L 2.687006 2.687006 0.000000
V 5.374012 5.374012 0.000000
F 8.061017 8.061017 0.000000
F 5.374012 8.061017 2.687006
A 8.061017 5.374012 2.687006


-15.140000	b3440
6

K 0.000000 0.000000 0.000000
L 2.687006 2.687006 0.000000
V 5.374012 2.687006 2.687006
F 8.061017 2.687006 5.374012
F 8.061017 5.374012 2.687006
A 5.374012 5.374012 5.374012


-15.140000	b3400
6

K 0.000000 0.000000 0.000000
L 2.687006 2.687006 0.000000
V 5.374012 5.374012 0.000000
F 8.061017 5.374012 2.687006
F 8.061017 8.061017 0.000000
A 5.374012 8.061017 2.687006


-15.140000	26310
6

K 0.000000 0.000000 0.000000
L 2.687006 2.687006 0.000000
V 0.000000 5.374012 0.000000
F 0.000000 8.061017 -2.687006
F -2.687006 5.374012 -2.687006
A -2.687006 8.061017 0.000000


-15.140000	80940
6

K 0.000000 0.000000 0.000000
L 2.687006 2.687006 0.000000
V 5.374012 2.687006 2.687006
F 5.374012 0.000000 5.374012
F 8.061017 2.687006 5.374012
A 8.061017 0.000000 2.687006


-15.140000	37240
6

K 0.000000 0.000000 0.000000
L 2.687006 2.687006 0.000000
V 5.374012 2.687006 2.687006
F 5.374012 5.374012 5.374012
F 8.061017 2.687006 5.374012
A 8.061017 5.374012 2.687006


-15.140000	37200
6

K 0.000000 0.000000 0.000000
L 2.687006 2.687006 0.000000
V 5.374012 5.374012 0.000000
F 5.374012 8.061017 2.687006
F 8.061017 5.374012 2.687006
A 8.061017 8.061017 0.000000


-15.140000	8b310
6

K 0.000000 0.000000 0.000000
L 2.687006 2.687006 0.000000
V 0.000000 5.374012 0.000000
F 0.000000 8.061017 -2.687006
F -2.687006 8.061017 0.000000
A -2.687006 5.374012 -2.687006


-15.140000	25940
6

K 0.000000 0.000000 0.000000
L 2.687006 2.687006 0.000000
V 5.374012 2.687006 2.687006
F 5.374012 0.000000 5.374012
F 8.061017 0.000000 2.687006
A 8.061017 2.687006 5.374012


-15.140000	7a000
6

K 0.000000 0.000000 0.000000
L 2.687006 2.687006 0.000000
V 5.374012 5.374012 0.000000
F 8.061017 8.061017 0.000000
F 5.374012 8.061017 -2.687006
A 8.061017 5.374012 -2.687006


-15.140000	36210
6

K 0.000000 0.000000 0.000000
L 2.687006 2.687006 0.000000
V 0.000000 5.374012 0.000000
F 0.000000 8.061017 2.687006
F -2.687006 5.374012 2.687006
A -2.687006 8.061017 0.000000


-15.140000	a0b10
6

K 0.000000 0.000000 0.000000
L 2.687006 2.687006 0.000000
V 0.000000 5.374012 0.000000
F -2.687006 5.374012 2.687006
F 0.000000 8.061017 2.687006
A -2.687006 8.061017 0.000000


-15.140000	9a210
6

K 0.000000 0.000000 0.000000
L 2.687006 2.687006 0.000000
V 0.000000 5.374012 0.000000
F 0.000000 8.061017 2.687006
F -2.687006 8.061017 0.000000
A -2.687006 5.374012 2.687006


-15.140000	b0a10
6

K 0.000000 0.000000 0.000000
L 2.687006 2.687006 0.000000
V 0.000000 5.374012 0.000000
F -2.687006 5.374012 -2.687006
F 0.000000 8.061017 -2.687006
A -2.687006 8.061017 0.000000


-15.140000	56440
6

K 0.000000 0.000000 0.000000
L 2.687006 2.687006 0.000000
V 5.374012 2.687006 2.687006
F 8.061017 2.687006 5.374012
F 5.374012 0.000000 5.374012
A 8.061017 0.000000 2.687006


-15.140000	43b10
6

K 0.000000 0.000000 0.000000
L 2.687006 2.687006 0.000000
V 0.000000 5.374012 0.000000
F -2.687006 5.374012 2.687006
F -2.687006 8.061017 0.000000
A 0.000000 8.061017 2.687006


-15.140000	65110
6

K 0.000000 0.000000 0.000000
L 2.687006 2.687006 0.000000
V 0.000000 5.374012 0.000000
F -2.687006 8.061017 0.000000
F 0.000000 8.061017 -2.687006
A -2.687006 5.374012 -2.687006


-15.140000	0b740
6

K 0.000000 0.000000 0.000000
L 2.687006 2.687006 0.000000
V 5.374012 2.687006 2.687006
F 8.061017 0.000000 2.687006
F 5.374012 0.000000 5.374012
A 8.061017 2.687006 5.374012


-15.140000	64110
6

K 0.000000 0.000000 0.000000
L 2.687006 2.687006 0.000000
V 0.000000 5.374012 0.000000
F -2.687006 8.061017 0.000000
F 0.000000 8.061017 2.687006
A -2.687006 5.374012 2.687006


-15.140000	09110
6

K 0.000000 0.000000 0.000000
L 2.687006 2.687006 0.000000
V 0.000000 5.374012 0.000000
F -2.687006 8.061017 0.000000
F -2.687006 5.374012 2.687006
A 0.000000 8.061017 2.687006


-15.140000	41500
6

K 0.000000 0.000000 0.000000
L 2.687006 2.687006 0.000000
V 5.374012 5.374012 0.000000
F 8.061017 5.374012 -2.687006
F 5.374012 8.061017 -2.687006
A 8.061017 8.061017 0.000000


-15.140000	52a10
6

K 0.000000 0.000000 0.000000
L 2.687006 2.687006 0.000000
V 0.000000 5.374012 0.000000
F -2.687006 5.374012 -2.687006
F -2.687006 8.061017 0.000000
A 0.000000 8.061017 -2.687006


-15.140000	b8440
6

K 0.000000 0.000000 0.000000
L 2.687006 2.687006 0.000000
V 5.374012 2.687006 2.687006
F 8.061017 2.687006 5.374012
F 8.061017 0.000000 2.687006
A 5.374012 0.000000 5.374012


-15.140000	08110
6

K 0.000000 0.000000 0.000000
L 2.687006 2.687006 0.000000
V 0.000000 5.374012 0.000000
F -2.687006 8.061017 0.000000
F -2.687006 5.374012 -2.687006
A 0.000000 8.061017 -2.687006


-15.140000	62740
6

K 0.000000 0.000000 0.000000
L 2.687006 2.687006 0.000000
V 5.374012 2.687006 2.687006
F 8.061017 0.000000 2.687006
F 8.061017 2.687006 5.374012
A 5.374012 0.000000 5.374012


-15.140000	19040
6

K 0.000000 0.000000 0.000000
L 2.687006 2.687006 0.000000
V 5.374012 2.687006 2.687006
F 8.061017 5.374012 2.687006
F 8.061017 2.687006 5.374012
A 5.374012 5.374012 5.374012


-15.140000	19000
6

K 0.000000 0.000000 0.000000
L 2.687006 2.687006 0.000000
V 5.374012 5.374012 0.000000
F 8.061017 8.061017 0.000000
F 8.061017 5.374012 2.687006
A 5.374012 8.061017 2.687006


-15.140000	51440
6

K 0.000000 0.000000 0.000000
L 2.687006 2.687006 0.000000
V 5.374012 2.687006 2.687006
F 8.061017 2.687006 5.374012
F 5.374012 5.374012 5.374012
A 8.061017 5.374012 2.687006


-15.140000	51400
6

K 0.000000 0.000000 0.000000
L 2.687006 2.687006 0.000000
V 5.374012 5.374012 0.000000
F 8.061017 5.374012 2.687006
F 5.374012 8.061017 2.687006
A 8.061017 8.061017 0.000000


-15.140000	84300
6

K 0.000000 0.000000 0.000000
L 2.687006 2.687006 0.000000
V 5.374012 5.374012 0.000000
F 5.374012 8.061017 -2.687006
F 8.061017 8.061017 0.000000
A 8.061017 5.374012 -2.687006


-15.140000	95240
6

K 0.000000 0.000000 0.000000
L 2.687006 2.687006 0.000000
V 5.374012 2.687006 2.687006
F 5.374012 5.374012 5.374012
F 8.061017 5.374012 2.687006
A 8.061017 2.687006 5.374012


-15.140000	95200
6

K 0.000000 0.000000 0.000000
L 2.687006 2.687006 0.000000
V 5.374012 5.374012 0.000000
F 5.374012 8.061017 2.687006
F 8.061017 8.061017 0.000000
A 8.061017 5.374012 2.687006


-15.140000	18000
6

K 0.000000 0.000000 0.000000
L 2.687006 2.687006 0.000000
V 5.374012 5.374012 0.000000
F 8.061017 8.061017 0.000000
F 8.061017 5.374012 -2.687006
A 5.374012 8.061017 -2.687006


-15.070000	48a10
6

K 0.000000 0.000000 0.000000
L 2.687006 2.687006 0.000000
V 0.000000 5.374012 0.000000
F -2.687006 5.374012 -2.687006
F -2.687006 2.687006 -5.374012
A 0.000000 2.687006 -2.687006


-15.070000	59b10
6

K 0.000000 0.000000 0.000000
L 2.687006 2.687006 0.000000
V 0.000000 5.374012 0.000000
F -2.687006 5.374012 2.687006
F -2.687006 2.687006 5.374012
A 0.000000 2.687006 2.687006


-15.070000	36940
6

K 0.000000 0.000000 0.000000
L 2.687006 2.687006 0.000000
V 5.374012 2.687006 2.687006
F 5.374012 0.000000 5.374012
F 2.687006 -2.687006 5.374012
A 2.687006 0.000000 2.687006


-15.070000	56b40
6

K 0.000000 0.000000 0.000000
L 2.687006 2.687006 0.000000
V 5.374012 2.687006 2.687006
F 2.687006 2.687006 5.374012
F 0.000000 0.000000 5.374012
A 2.687006 0.000000 2.687006


-15.070000	95a10
6

K 0.000000 0.000000 0.000000
L 2.687006 2.687006 0.000000
V 0.000000 5.374012 0.000000
F -2.687006 5.374012 -2.687006
F 0.000000 5.374012 -5.374012
A 0.000000 2.687006 -2.687006


-15.070000	84b10
6

K 0.000000 0.000000 0.000000
L 2.687006 2.687006 0.000000
V 0.000000 5.374012 0.000000
F -2.687006 5.374012 2.687006
F 0.000000 5.374012 5.374012
A 0.000000 2.687006 2.687006


-15.070000	18940
6

K 0.000000 0.000000 0.000000
L 2.687006 2.687006 0.000000
V 5.374012 2.687006 2.687006
F 5.374012 0.000000 5.374012
F 5.374012 -2.687006 2.687006
A 2.687006 0.000000 2.687006


-14.880000	6a740
6

K 0.000000 0.000000 0.000000
L 2.687006 2.687006 0.000000
V 5.374012 2.687006 2.687006
F 8.061017 0.000000 2.687006
F 5.374012 0.000000 0.000000
A 2.687006 -2.687006 0.000000


-14.880000	66540
6

K 0.000000 0.000000 0.000000
L 2.687006 2.687006 0.000000
V 5.374012 2.687006 2.687006
F 8.061017 2.687006 0.000000
F 5.374012 0.000000 0.000000
A 2.687006 -2.687006 0.000000


-14.700000	0aba0
6

K 0.000000 0.000000 0.000000
L 2.687006 2.687006 0.000000
V 0.000000 2.687006 -2.687006
F -2.687006 2.687006 0.000000
F -5.374012 2.687006 -2.687006
A -2.687006 5.374012 -2.687006


-14.700000	0a6a0
6

K 0.000000 0.000000 0.000000
L 2.687006 2.687006 0.000000
V 0.000000 2.687006 -2.687006
F -2.687006 0.000000 -2.687006
F -5.374012 0.000000 -5.374012
A -2.687006 2.687006 -5.374012


-14.700000	516a0
6

K 0.000000 0.000000 0.000000
L 2.687006 2.687006 0.000000
V 0.000000 2.687006 -2.687006
F -2.687006 0.000000 -2.687006
F -5.374012 2.687006 -2.687006
A -2.687006 2.687006 -5.374012


-14.700000	086a0
6

K 0.000000 0.000000 0.000000
L 2.687006 2.687006 0.000000
V 0.000000 2.687006 -2.687006
F -2.687006 0.000000 -2.687006
F -2.687006 -2.687006 -5.374012
A 0.000000 0.000000 -5.374012


-14.700000	51ba0
6

K 0.000000 0.000000 0.000000
L 2.687006 2.687006 0.000000
V 0.000000 2.687006 -2.687006
F -2.687006 2.687006 0.000000
F -5.374012 5.374012 0.000000
A -2.687006 5.374012 -2.687006


-14.680000	702a0
6

K 0.000000 0.000000 0.000000
L 2.687006 2.687006 0.000000
V 0.000000 2.687006 -2.687006
F 0.000000 5.374012 0.000000
F 2.687006 8.061017 0.000000
A 5.374012 5.374012 0.000000


-14.680000	920a0
6

K 0.000000 0.000000 0.000000
L 2.687006 2.687006 0.000000
V 0.000000 2.687006 -2.687006
F 2.687006 5.374012 -2.687006
F 2.687006 8.061017 0.000000
A 2.687006 5.374012 2.687006


-14.680000	245a0
6

K 0.000000 0.000000 0.000000
L 2.687006 2.687006 0.000000
V 0.000000 2.687006 -2.687006
F 2.687006 2.687006 -5.374012
F 5.374012 2.687006 -2.687006
A 5.374012 5.374012 0.000000


-14.680000	23810
6

K 0.000000 0.000000 0.000000
L 2.687006 2.687006 0.000000
V 0.000000 5.374012 0.000000
F 0.000000 2.687006 -2.687006
F 0.000000 5.374012 -5.374012
A 0.000000 8.061017 -2.687006


-14.680000	32910
6

K 0.000000 0.000000 0.000000
L 2.687006 2.687006 0.000000
V 0.000000 5.374012 0.000000
F 0.000000 2.687006 2.687006
F 0.000000 5.374012 5.374012
A 0.000000 8.061017 2.687006


-14.680000	945a0
6

K 0.000000 0.000000 0.000000
L 2.687006 2.687006 0.000000
V 0.000000 2.687006 -2.687006
F 2.687006 2.687006 -5.374012
F 5.374012 2.687006 -2.687006
A 5.374012 0.000000 0.000000


-14.680000	07640
6

K 0.000000 0.000000 0.000000
L 2.687006 2.687006 0.000000
V 5.374012 2.687006 2.687006
F 2.687006 0.000000 2.687006
F 5.374012 -2.687006 2.687006
A 8.061017 0.000000 2.687006


-14.580000	912a0
6

K 0.000000 0.000000 0.000000
L 2.687006 2.687006 0.000000
V 0.000000 2.687006 -2.687006
F 0.000000 5.374012 0.000000
F -2.687006 8.061017 0.000000
A -2.687006 5.374012 2.687006


-14.580000	800a0
6

K 0.000000 0.000000 0.000000
L 2.687006 2.687006 0.000000
V 0.000000 2.687006 -2.687006
F 2.687006 5.374012 -2.687006
F 5.374012 8.061017 -2.687006
A 5.374012 5.374012 -5.374012


-14.580000	a22a0
6

K 0.000000 0.000000 0.000000
L 2.687006 2.687006 0.000000
V 0.000000 2.687006 -2.687006
F 0.000000 5.374012 0.000000
F 0.000000 8.061017 2.687006
A -2.687006 8.061017 0.000000


-14.580000	b32a0
6

K 0.000000 0.000000 0.000000
L 2.687006 2.687006 0.000000
V 0.000000 2.687006 -2.687006
F 0.000000 5.374012 0.000000
F 0.000000 8.061017 -2.687006
A -2.687006 8.061017 0.000000


-14.580000	a20a0
6

K 0.000000 0.000000 0.000000
L 2.687006 2.687006 0.000000
V 0.000000 2.687006 -2.687006
F 2.687006 5.374012 -2.687006
F 2.687006 8.061017 0.000000
A 0.000000 8.061017 -2.687006


-14.580000	b30a0
6

K 0.000000 0.000000 0.000000
L 2.687006 2.687006 0.000000
V 0.000000 2.687006 -2.687006
F 2.687006 5.374012 -2.687006
F 2.687006 8.061017 -5.374012
A 0.000000 8.061017 -2.687006


-14.580000	150a0
6

K 0.000000 0.000000 0.000000
L 2.687006 2.687006 0.000000
V 0.000000 2.687006 -2.687006
F 2.687006 5.374012 -2.687006
F 5.374012 5.374012 -5.374012
A 2.687006 8.061017 -5.374012


-14.580000	250a0
6

K 0.000000 0.000000 0.000000
L 2.687006 2.687006 0.000000
V 0.000000 2.687006 -2.687006
F 2.687006 5.374012 -2.687006
F 5.374012 5.374012 -5.374012
A 5.374012 8.061017 -2.687006


-14.580000	a02a0
6

K 0.000000 0.000000 0.000000
L 2.687006 2.687006 0.000000
V 0.000000 2.687006 -2.687006
F 0.000000 5.374012 0.000000
F 2.687006 8.061017 0.000000
A 0.000000 8.061017 -2.687006


-14.580000	a00a0
6

K 0.000000 0.000000 0.000000
L 2.687006 2.687006 0.000000
V 0.000000 2.687006 -2.687006
F 2.687006 5.374012 -2.687006
F 5.374012 8.061017 -2.687006
A 2.687006 8.061017 -5.374012


-14.580000	b02a0
6

K 0.000000 0.000000 0.000000
L 2.687006 2.687006 0.000000
V 0.000000 2.687006 -2.687006
F 0.000000 5.374012 0.000000
F 2.687006 8.061017 0.000000
A 0.000000 8.061017 2.687006


-14.580000	345a0
6

K 0.000000 0.000000 0.000000
L 2.687006 2.687006 0.000000
V 0.000000 2.687006 -2.687006
F 2.687006 2.687006 -5.374012
F 5.374012 2.687006 -2.687006
A 5.374012 5.374012 -5.374012


-14.580000	b00a0
6

K 0.000000 0.000000 0.000000
L 2.687006 2.687006 0.000000
V 0.000000 2.687006 -2.687006
F 2.687006 5.374012 -2.687006
F 5.374012 8.061017 -2.687006
A 2.687006 8.061017 0.000000


-14.580000	0b2a0
6

K 0.000000 0.000000 0.000000
L 2.687006 2.687006 0.000000
V 0.000000 2.687006 -2.687006
F 0.000000 5.374012 0.000000
F -2.687006 5.374012 2.687006
A 0.000000 8.061017 2.687006


-14.580000	432a0
6

K 0.000000 0.000000 0.000000
L 2.687006 2.687006 0.000000
V 0.000000 2.687006 -2.687006
F 0.000000 5.374012 0.000000
F 0.000000 8.061017 -2.687006
A 2.687006 8.061017 0.000000


-14.580000	430a0
6

K 0.000000 0.000000 0.000000
L 2.687006 2.687006 0.000000
V 0.000000 2.687006 -2.687006
F 2.687006 5.374012 -2.687006
F 2.687006 8.061017 -5.374012
A 5.374012 8.061017 -2.687006


-14.580000	412a0
6

K 0.000000 0.000000 0.000000
L 2.687006 2.687006 0.000000
V 0.000000 2.687006 -2.687006
F 0.000000 5.374012 0.000000
F -2.687006 8.061017 0.000000
A 0.000000 8.061017 2.687006


-14.580000	522a0
6

K 0.000000 0.000000 0.000000
L 2.687006 2.687006 0.000000
V 0.000000 2.687006 -2.687006
F 0.000000 5.374012 0.000000
F 0.000000 8.061017 2.687006
A 2.687006 8.061017 0.000000


-14.580000	410a0
6

K 0.000000 0.000000 0.000000
L 2.687006 2.687006 0.000000
V 0.000000 2.687006 -2.687006
F 2.687006 5.374012 -2.687006
F 0.000000 8.061017 -2.687006
A 2.687006 8.061017 0.000000


-14.580000	520a0
6

K 0.000000 0.000000 0.000000
L 2.687006 2.687006 0.000000
V 0.000000 2.687006 -2.687006
F 2.687006 5.374012 -2.687006
F 2.687006 8.061017 0.000000
A 5.374012 8.061017 -2.687006


-14.580000	3b2a0
6

K 0.000000 0.000000 0.000000
L 2.687006 2.687006 0.000000
V 0.000000 2.687006 -2.687006
F 0.000000 5.374012 0.000000
F -2.687006 5.374012 2.687006
A -2.687006 8.061017 0.000000


-14.580000	845a0
6

K 0.000000 0.000000 0.000000
L 2.687006 2.687006 0.000000
V 0.000000 2.687006 -2.687006
F 2.687006 2.687006 -5.374012
F 5.374012 2.687006 -2.687006
A 5.374012 0.000000 -5.374012


-14.580000	512a0
6

K 0.000000 0.000000 0.000000
L 2.687006 2.687006 0.000000
V 0.000000 2.687006 -2.687006
F 0.000000 5.374012 0.000000
F -2.687006 8.061017 0.000000
A 0.000000 8.061017 -2.687006


-14.580000	622a0
6

K 0.000000 0.000000 0.000000
L 2.687006 2.687006 0.000000
V 0.000000 2.687006 -2.687006
F 0.000000 5.374012 0.000000
F 0.000000 8.061017 2.687006
A -2.687006 5.374012 2.687006


-14.580000	510a0
6

K 0.000000 0.000000 0.000000
L 2.687006 2.687006 0.000000
V 0.000000 2.687006 -2.687006
F 2.687006 5.374012 -2.687006
F 0.000000 8.061017 -2.687006
A 2.687006 8.061017 -5.374012


-14.580000	730a0
6

K 0.000000 0.000000 0.000000
L 2.687006 2.687006 0.000000
V 0.000000 2.687006 -2.687006
F 2.687006 5.374012 -2.687006
F 2.687006 8.061017 -5.374012
A 5.374012 5.374012 -5.374012


-14.560000	5a340
6

K 0.000000 0.000000 0.000000
L 2.687006 2.687006 0.000000
V 5.374012 2.687006 2.687006
F 5.374012 5.374012 0.000000
F 2.687006 5.374012 -2.687006
A 5.374012 5.374012 -5.374012


-14.560000	a3840
6

K 0.000000 0.000000 0.000000
L 2.687006 2.687006 0.000000
V 5.374012 2.687006 2.687006
F 5.374012 0.000000 0.000000
F 5.374012 2.687006 -2.687006
A 2.687006 2.687006 -5.374012


-14.560000	49800
6

K 0.000000 0.000000 0.000000
L 2.687006 2.687006 0.000000
V 5.374012 5.374012 0.000000
F 5.374012 2.687006 -2.687006
F 5.374012 0.000000 0.000000
A 8.061017 0.000000 2.687006


-14.560000	05410
6

K 0.000000 0.000000 0.000000
L 2.687006 2.687006 0.000000
V 0.000000 5.374012 0.000000
F 2.687006 5.374012 2.687006
F 5.374012 5.374012 0.000000
A 8.061017 8.061017 0.000000


-14.560000	38340
6

K 0.000000 0.000000 0.000000
L 2.687006 2.687006 0.000000
V 5.374012 2.687006 2.687006
F 5.374012 5.374012 0.000000
F 5.374012 2.687006 -2.687006
A 5.374012 5.374012 -5.374012


-14.560000	04510
6

K 0.000000 0.000000 0.000000
L 2.687006 2.687006 0.000000
V 0.000000 5.374012 0.000000
F 2.687006 5.374012 -2.687006
F 5.374012 5.374012 0.000000
A 8.061017 8.061017 0.000000


-14.560000	03840
6

K 0.000000 0.000000 0.000000
L 2.687006 2.687006 0.000000
V 5.374012 2.687006 2.687006
F 5.374012 0.000000 0.000000
F 5.374012 2.687006 -2.687006
A 8.061017 5.374012 -2.687006


-14.560000	58900
6

K 0.000000 0.000000 0.000000
L 2.687006 2.687006 0.000000
V 5.374012 5.374012 0.000000
F 5.374012 2.687006 2.687006
F 5.374012 0.000000 0.000000
A 8.061017 0.000000 -2.687006


-14.560000	47510
6

K 0.000000 0.000000 0.000000
L 2.687006 2.687006 0.000000
V 0.000000 5.374012 0.000000
F 2.687006 5.374012 -2.687006
F 5.374012 2.687006 -2.687006
A 8.061017 2.687006 0.000000


-14.560000	47410
6

K 0.000000 0.000000 0.000000
L 2.687006 2.687006 0.000000
V 0.000000 5.374012 0.000000
F 2.687006 5.374012 2.687006
F 5.374012 2.687006 2.687006
A 8.061017 2.687006 5.374012


-14.560000	58340
6

K 0.000000 0.000000 0.000000
L 2.687006 2.687006 0.000000
V 5.374012 2.687006 2.687006
F 5.374012 5.374012 0.000000
F 5.374012 2.687006 -2.687006
A 8.061017 2.687006 -5.374012


-14.560000	8a340
6

K 0.000000 0.000000 0.000000
L 2.687006 2.687006 0.000000
V 5.374012 2.687006 2.687006
F 5.374012 5.374012 0.000000
F 2.687006 5.374012 -2.687006
A 2.687006 2.687006 -5.374012


-14.560000	24510
6

K 0.000000 0.000000 0.000000
L 2.687006 2.687006 0.000000
V 0.000000 5.374012 0.000000
F 2.687006 5.374012 -2.687006
F 5.374012 5.374012 0.000000
A 5.374012 8.061017 2.687006


-14.560000	79800
6

K 0.000000 0.000000 0.000000
L 2.687006 2.687006 0.000000
V 5.374012 5.374012 0.000000
F 5.374012 2.687006 -2.687006
F 5.374012 0.000000 0.000000
A 8.061017 -2.687006 0.000000


-14.560000	35410
6

K 0.000000 0.000000 0.000000
L 2.687006 2.687006 0.000000
V 0.000000 5.374012 0.000000
F 2.687006 5.374012 2.687006
F 5.374012 5.374012 0.000000
A 5.374012 8.061017 -2.687006


-14.560000	57510
6

K 0.000000 0.000000 0.000000
L 2.687006 2.687006 0.000000
V 0.000000 5.374012 0.000000
F 2.687006 5.374012 -2.687006
F 5.374012 2.687006 -2.687006
A 8.061017 2.687006 -5.374012


-14.560000	57410
6

K 0.000000 0.000000 0.000000
L 2.687006 2.687006 0.000000
V 0.000000 5.374012 0.000000
F 2.687006 5.374012 2.687006
F 5.374012 2.687006 2.687006
A 8.061017 2.687006 0.000000


-14.560000	78900
6

K 0.000000 0.000000 0.000000
L 2.687006 2.687006 0.000000
V 5.374012 5.374012 0.000000
F 5.374012 2.687006 2.687006
F 5.374012 0.000000 0.000000
A 8.061017 -2.687006 0.000000


-14.560000	89800
6

K 0.000000 0.000000 0.000000
L 2.687006 2.687006 0.000000
V 5.374012 5.374012 0.000000
F 5.374012 2.687006 -2.687006
F 5.374012 0.000000 0.000000
A 5.374012 -2.687006 -2.687006


-14.560000	aba00
6

K 0.000000 0.000000 0.000000
L 2.687006 2.687006 0.000000
V 5.374012 5.374012 0.000000
F 2.687006 5.374012 -2.687006
F 0.000000 5.374012 0.000000
A -2.687006 5.374012 -2.687006


-14.560000	45410
6

K 0.000000 0.000000 0.000000
L 2.687006 2.687006 0.000000
V 0.000000 5.374012 0.000000
F 2.687006 5.374012 2.687006
F 5.374012 5.374012 0.000000
A 8.061017 5.374012 2.687006


-14.560000	78340
6

K 0.000000 0.000000 0.000000
L 2.687006 2.687006 0.000000
V 5.374012 2.687006 2.687006
F 5.374012 5.374012 0.000000
F 5.374012 2.687006 -2.687006
A 8.061017 0.000000 -2.687006


-14.560000	aa340
6

K 0.000000 0.000000 0.000000
L 2.687006 2.687006 0.000000
V 5.374012 2.687006 2.687006
F 5.374012 5.374012 0.000000
F 2.687006 5.374012 -2.687006
A 0.000000 5.374012 -5.374012


-14.560000	33840
6

K 0.000000 0.000000 0.000000
L 2.687006 2.687006 0.000000
V 5.374012 2.687006 2.687006
F 5.374012 0.000000 0.000000
F 5.374012 2.687006 -2.687006
A 5.374012 5.374012 -5.374012


-14.560000	aa140
6

K 0.000000 0.000000 0.000000
L 2.687006 2.687006 0.000000
V 5.374012 2.687006 2.687006
F 2.687006 5.374012 2.687006
F 0.000000 5.374012 0.000000
A -2.687006 5.374012 -2.687006


-14.560000	88900
6

K 0.000000 0.000000 0.000000
L 2.687006 2.687006 0.000000
V 5.374012 5.374012 0.000000
F 5.374012 2.687006 2.687006
F 5.374012 0.000000 0.000000
A 5.374012 -2.687006 -2.687006


-14.560000	aab00
6

K 0.000000 0.000000 0.000000
L 2.687006 2.687006 0.000000
V 5.374012 5.374012 0.000000
F 2.687006 5.374012 2.687006
F 0.000000 5.374012 0.000000
A -2.687006 5.374012 -2.687006


-14.560000	44510
6

K 0.000000 0.000000 0.000000
L 2.687006 2.687006 0.000000
V 0.000000 5.374012 0.000000
F 2.687006 5.374012 -2.687006
F 5.374012 5.374012 0.000000
A 8.061017 5.374012 2.687006


-14.560000	99800
6

K 0.000000 0.000000 0.000000
L 2.687006 2.687006 0.000000
V 5.374012 5.374012 0.000000
F 5.374012 2.687006 -2.687006
F 5.374012 0.000000 0.000000
A 5.374012 -2.687006 2.687006


-14.560000	bba00
6

K 0.000000 0.000000 0.000000
L 2.687006 2.687006 0.000000
V 5.374012 5.374012 0.000000
F 2.687006 5.374012 -2.687006
F 0.000000 5.374012 0.000000
A -2.687006 5.374012 2.687006


-14.560000	55410
6

K 0.000000 0.000000 0.000000
L 2.687006 2.687006 0.000000
V 0.000000 5.374012 0.000000
F 2.687006 5.374012 2.687006
F 5.374012 5.374012 0.000000
A 8.061017 5.374012 -2.687006


-14.560000	77510
6

K 0.000000 0.000000 0.000000
L 2.687006 2.687006 0.000000
V 0.000000 5.374012 0.000000
F 2.687006 5.374012 -2.687006
F 5.374012 2.687006 -2.687006
A 8.061017 0.000000 -2.687006


-14.560000	77410
6

K 0.000000 0.000000 0.000000
L 2.687006 2.687006 0.000000
V 0.000000 5.374012 0.000000
F 2.687006 5.374012 2.687006
F 5.374012 2.687006 2.687006
A 8.061017 0.000000 2.687006


-14.560000	88340
6

K 0.000000 0.000000 0.000000
L 2.687006 2.687006 0.000000
V 5.374012 2.687006 2.687006
F 5.374012 5.374012 0.000000
F 5.374012 2.687006 -2.687006
A 5.374012 0.000000 -5.374012


-14.560000	ba140
6

K 0.000000 0.000000 0.000000
L 2.687006 2.687006 0.000000
V 5.374012 2.687006 2.687006
F 2.687006 5.374012 2.687006
F 0.000000 5.374012 0.000000
A -2.687006 5.374012 2.687006


-14.560000	98900
6

K 0.000000 0.000000 0.000000
L 2.687006 2.687006 0.000000
V 5.374012 5.374012 0.000000
F 5.374012 2.687006 2.687006
F 5.374012 0.000000 0.000000
A 5.374012 -2.687006 2.687006


-14.560000	bab00
6

K 0.000000 0.000000 0.000000
L 2.687006 2.687006 0.000000
V 5.374012 5.374012 0.000000
F 2.687006 5.374012 2.687006
F 0.000000 5.374012 0.000000
A -2.687006 5.374012 2.687006


-14.560000	54510
6

K 0.000000 0.000000 0.000000
L 2.687006 2.687006 0.000000
V 0.000000 5.374012 0.000000
F 2.687006 5.374012 -2.687006
F 5.374012 5.374012 0.000000
A 8.061017 5.374012 -2.687006


-14.560000	87510
6

K 0.000000 0.000000 0.000000
L 2.687006 2.687006 0.000000
V 0.000000 5.374012 0.000000
F 2.687006 5.374012 -2.687006
F 5.374012 2.687006 -2.687006
A 5.374012 0.000000 -5.374012


-14.560000	53840
6

K 0.000000 0.000000 0.000000
L 2.687006 2.687006 0.000000
V 5.374012 2.687006 2.687006
F 5.374012 0.000000 0.000000
F 5.374012 2.687006 -2.687006
A 8.061017 2.687006 -5.374012


-14.560000	1ba00
6

K 0.000000 0.000000 0.000000
L 2.687006 2.687006 0.000000
V 5.374012 5.374012 0.000000
F 2.687006 5.374012 -2.687006
F 0.000000 5.374012 0.000000
A -2.687006 8.061017 0.000000


-14.560000	75410
6

K 0.000000 0.000000 0.000000
L 2.687006 2.687006 0.000000
V 0.000000 5.374012 0.000000
F 2.687006 5.374012 2.687006
F 5.374012 5.374012 0.000000
A 8.061017 2.687006 0.000000


-14.560000	97410
6

K 0.000000 0.000000 0.000000
L 2.687006 2.687006 0.000000
V 0.000000 5.374012 0.000000
F 2.687006 5.374012 2.687006
F 5.374012 2.687006 2.687006
A 5.374012 0.000000 5.374012


-14.560000	a8340
6

K 0.000000 0.000000 0.000000
L 2.687006 2.687006 0.000000
V 5.374012 2.687006 2.687006
F 5.374012 5.374012 0.000000
F 5.374012 2.687006 -2.687006
A 2.687006 2.687006 -5.374012


-14.560000	1a340
6

K 0.000000 0.000000 0.000000
L 2.687006 2.687006 0.000000
V 5.374012 2.687006 2.687006
F 5.374012 5.374012 0.000000
F 2.687006 5.374012 -2.687006
A 0.000000 8.061017 -2.687006


-14.560000	1a140
6

K 0.000000 0.000000 0.000000
L 2.687006 2.687006 0.000000
V 5.374012 2.687006 2.687006
F 2.687006 5.374012 2.687006
F 0.000000 5.374012 0.000000
A -2.687006 8.061017 0.000000


-14.560000	1ab00
6

K 0.000000 0.000000 0.000000
L 2.687006 2.687006 0.000000
V 5.374012 5.374012 0.000000
F 2.687006 5.374012 2.687006
F 0.000000 5.374012 0.000000
A -2.687006 8.061017 0.000000


-14.560000	74510
6

K 0.000000 0.000000 0.000000
L 2.687006 2.687006 0.000000
V 0.000000 5.374012 0.000000
F 2.687006 5.374012 -2.687006
F 5.374012 5.374012 0.000000
A 8.061017 2.687006 0.000000


-14.560000	2ba00
6

K 0.000000 0.000000 0.000000
L 2.687006 2.687006 0.000000
V 5.374012 5.374012 0.000000
F 2.687006 5.374012 -2.687006
F 0.000000 5.374012 0.000000
A 0.000000 8.061017 2.687006


-14.560000	3a340
6

K 0.000000 0.000000 0.000000
L 2.687006 2.687006 0.000000
V 5.374012 2.687006 2.687006
F 5.374012 5.374012 0.000000
F 2.687006 5.374012 -2.687006
A 2.687006 8.061017 -5.374012


-14.560000	83840
6

K 0.000000 0.000000 0.000000
L 2.687006 2.687006 0.000000
V 5.374012 2.687006 2.687006
F 5.374012 0.000000 0.000000
F 5.374012 2.687006 -2.687006
A 5.374012 0.000000 -5.374012


-14.560000	3a140
6

K 0.000000 0.000000 0.000000
L 2.687006 2.687006 0.000000
V 5.374012 2.687006 2.687006
F 2.687006 5.374012 2.687006
F 0.000000 5.374012 0.000000
A 0.000000 8.061017 -2.687006


-14.560000	3ab00
6

K 0.000000 0.000000 0.000000
L 2.687006 2.687006 0.000000
V 5.374012 5.374012 0.000000
F 2.687006 5.374012 2.687006
F 0.000000 5.374012 0.000000
A 0.000000 8.061017 -2.687006


-14.560000	07510
6

K 0.000000 0.000000 0.000000
L 2.687006 2.687006 0.000000
V 0.000000 5.374012 0.000000
F 2.687006 5.374012 -2.687006
F 5.374012 2.687006 -2.687006
A 8.061017 5.374012 -2.687006


-14.560000	07410
6

K 0.000000 0.000000 0.000000
L 2.687006 2.687006 0.000000
V 0.000000 5.374012 0.000000
F 2.687006 5.374012 2.687006
F 5.374012 2.687006 2.687006
A 8.061017 5.374012 2.687006


-14.460000	a2610
6

K 0.000000 0.000000 0.000000
L 2.687006 2.687006 0.000000
V 0.000000 5.374012 0.000000
F -2.687006 2.687006 0.000000
F -2.687006 5.374012 2.687006
A -5.374012 5.374012 0.000000


-14.460000	b3610
6

K 0.000000 0.000000 0.000000
L 2.687006 2.687006 0.000000
V 0.000000 5.374012 0.000000
F -2.687006 2.687006 0.000000
F -2.687006 5.374012 -2.687006
A -5.374012 5.374012 0.000000


-14.460000	a9a10
6

K 0.000000 0.000000 0.000000
L 2.687006 2.687006 0.000000
V 0.000000 5.374012 0.000000
F -2.687006 5.374012 -2.687006
F -2.687006 2.687006 0.000000
A -5.374012 2.687006 -2.687006


-14.460000	b8b10
6

K 0.000000 0.000000 0.000000
L 2.687006 2.687006 0.000000
V 0.000000 5.374012 0.000000
F -2.687006 5.374012 2.687006
F -2.687006 2.687006 0.000000
A -5.374012 2.687006 2.687006


-14.460000	63610
6

K 0.000000 0.000000 0.000000
L 2.687006 2.687006 0.000000
V 0.000000 5.374012 0.000000
F -2.687006 2.687006 0.000000
F -2.687006 5.374012 -2.687006
A -5.374012 2.687006 -2.687006


-14.460000	62610
6

K 0.000000 0.000000 0.000000
L 2.687006 2.687006 0.000000
V 0.000000 5.374012 0.000000
F -2.687006 2.687006 0.000000
F -2.687006 5.374012 2.687006
A -5.374012 2.687006 2.687006


-14.460000	19a10
6

K 0.000000 0.000000 0.000000
L 2.687006 2.687006 0.000000
V 0.000000 5.374012 0.000000
F -2.687006 5.374012 -2.687006
F -2.687006 2.687006 0.000000
A -5.374012 5.374012 0.000000


-14.460000	18b10
6

K 0.000000 0.000000 0.000000
L 2.687006 2.687006 0.000000
V 0.000000 5.374012 0.000000
F -2.687006 5.374012 2.687006
F -2.687006 2.687006 0.000000
A -5.374012 5.374012 0.000000


-14.130000	92aa0
6

K 0.000000 0.000000 0.000000
L 2.687006 2.687006 0.000000
V 0.000000 2.687006 -2.687006
F -2.687006 2.687006 -5.374012
F -2.687006 5.374012 -2.687006
A -2.687006 2.687006 0.000000


-14.130000	9b3a0
6

K 0.000000 0.000000 0.000000
L 2.687006 2.687006 0.000000
V 0.000000 2.687006 -2.687006
F 0.000000 5.374012 -5.374012
F -2.687006 5.374012 -2.687006
A -2.687006 2.687006 0.000000


-14.130000	981a0
6

K 0.000000 0.000000 0.000000
L 2.687006 2.687006 0.000000
V 0.000000 2.687006 -2.687006
F -2.687006 5.374012 -2.687006
F -2.687006 2.687006 -5.374012
A -2.687006 0.000000 -2.687006


-14.130000	963a0
6

K 0.000000 0.000000 0.000000
L 2.687006 2.687006 0.000000
V 0.000000 2.687006 -2.687006
F 0.000000 5.374012 -5.374012
F -2.687006 2.687006 -5.374012
A -2.687006 0.000000 -2.687006


-14.130000	b65a0
6

K 0.000000 0.000000 0.000000
L 2.687006 2.687006 0.000000
V 0.000000 2.687006 -2.687006
F 2.687006 2.687006 -5.374012
F 0.000000 0.000000 -5.374012
A -2.687006 0.000000 -2.687006


-14.020000	a9ba0
6

K 0.000000 0.000000 0.000000
L 2.687006 2.687006 0.000000
V 0.000000 2.687006 -2.687006
F -2.687006 2.687006 0.000000
F -2.687006 0.000000 2.687006
A -5.374012 0.000000 0.000000


-14.020000	a96a0
6

K 0.000000 0.000000 0.000000
L 2.687006 2.687006 0.000000
V 0.000000 2.687006 -2.687006
F -2.687006 0.000000 -2.687006
F -2.687006 -2.687006 0.000000
A -5.374012 -2.687006 -2.687006


-14.020000	a76a0
6

K 0.000000 0.000000 0.000000
L 2.687006 2.687006 0.000000
V 0.000000 2.687006 -2.687006
F -2.687006 0.000000 -2.687006
F 0.000000 -2.687006 -2.687006
A -2.687006 -2.687006 -5.374012


-14.020000	19ba0
6

K 0.000000 0.000000 0.000000
L 2.687006 2.687006 0.000000
V 0.000000 2.687006 -2.687006
F -2.687006 2.687006 0.000000
F -2.687006 0.000000 2.687006
A -5.374012 2.687006 2.687006


-14.020000	196a0
6

K 0.000000 0.000000 0.000000
L 2.687006 2.687006 0.000000
V 0.000000 2.687006 -2.687006
F -2.687006 0.000000 -2.687006
F -2.687006 -2.687006 0.000000
A -5.374012 0.000000 0.000000


-14.000000	16910
6

K 0.000000 0.000000 0.000000
L 2.687006 2.687006 0.000000
V 0.000000 5.374012 0.000000
F 0.000000 2.687006 2.687006
F -2.687006 0.000000 2.687006
A -5.374012 2.687006 2.687006


-14.000000	16810
6

K 0.000000 0.000000 0.000000
L 2.687006 2.687006 0.000000
V 0.000000 5.374012 0.000000
F 0.000000 2.687006 -2.687006
F -2.687006 0.000000 -2.687006
A -5.374012 2.687006 -2.687006


-14.000000	58640
6

K 0.000000 0.000000 0.000000
L 2.687006 2.687006 0.000000
V 5.374012 2.687006 2.687006
F 2.687006 0.000000 2.687006
F 2.687006 -2.687006 0.000000
A 5.374012 -2.687006 -2.687006


-14.000000	68640
6

K 0.000000 0.000000 0.000000
L 2.687006 2.687006 0.000000
V 5.374012 2.687006 2.687006
F 2.687006 0.000000 2.687006
F 2.687006 -2.687006 0.000000
A 0.000000 -5.374012 0.000000


-14.000000	78640
6

K 0.000000 0.000000 0.000000
L 2.687006 2.687006 0.000000
V 5.374012 2.687006 2.687006
F 2.687006 0.000000 2.687006
F 2.687006 -2.687006 0.000000
A 5.374012 -5.374012 0.000000


-14.000000	66910
6

K 0.000000 0.000000 0.000000
L 2.687006 2.687006 0.000000
V 0.000000 5.374012 0.000000
F 0.000000 2.687006 2.687006
F -2.687006 0.000000 2.687006
A -5.374012 -2.687006 2.687006


-14.000000	66810
6

K 0.000000 0.000000 0.000000
L 2.687006 2.687006 0.000000
V 0.000000 5.374012 0.000000
F 0.000000 2.687006 -2.687006
F -2.687006 0.000000 -2.687006
A -5.374012 -2.687006 -2.687006


-14.000000	66640
6

K 0.000000 0.000000 0.000000
L 2.687006 2.687006 0.000000
V 5.374012 2.687006 2.687006
F 2.687006 0.000000 2.687006
F 0.000000 -2.687006 2.687006
A -2.687006 -5.374012 2.687006


-14.000000	88640
6

K 0.000000 0.000000 0.000000
L 2.687006 2.687006 0.000000
V 5.374012 2.687006 2.687006
F 2.687006 0.000000 2.687006
F 2.687006 -2.687006 0.000000
A 2.687006 -5.374012 -2.687006


-14.000000	76640
6

K 0.000000 0.000000 0.000000
L 2.687006 2.687006 0.000000
V 5.374012 2.687006 2.687006
F 2.687006 0.000000 2.687006
F 0.000000 -2.687006 2.687006
A 2.687006 -5.374012 2.687006


-14.000000	98640
6

K 0.000000 0.000000 0.000000
L 2.687006 2.687006 0.000000
V 5.374012 2.687006 2.687006
F 2.687006 0.000000 2.687006
F 2.687006 -2.687006 0.000000
A 2.687006 -5.374012 2.687006


-14.000000	86810
6

K 0.000000 0.000000 0.000000
L 2.687006 2.687006 0.000000
V 0.000000 5.374012 0.000000
F 0.000000 2.687006 -2.687006
F -2.687006 0.000000 -2.687006
A -2.687006 -2.687006 -5.374012


-14.000000	86640
6

K 0.000000 0.000000 0.000000
L 2.687006 2.687006 0.000000
V 5.374012 2.687006 2.687006
F 2.687006 0.000000 2.687006
F 0.000000 -2.687006 2.687006
A 0.000000 -5.374012 0.000000


-14.000000	96910
6

K 0.000000 0.000000 0.000000
L 2.687006 2.687006 0.000000
V 0.000000 5.374012 0.000000
F 0.000000 2.687006 2.687006
F -2.687006 0.000000 2.687006
A -2.687006 -2.687006 5.374012


-14.000000	96640
6

K 0.000000 0.000000 0.000000
L 2.687006 2.687006 0.000000
V 5.374012 2.687006 2.687006
F 2.687006 0.000000 2.687006
F 0.000000 -2.687006 2.687006
A 0.000000 -5.374012 5.374012


-14.000000	a6910
6

K 0.000000 0.000000 0.000000
L 2.687006 2.687006 0.000000
V 0.000000 5.374012 0.000000
F 0.000000 2.687006 2.687006
F -2.687006 0.000000 2.687006
A -5.374012 0.000000 0.000000


-14.000000	a6810
6

K 0.000000 0.000000 0.000000
L 2.687006 2.687006 0.000000
V 0.000000 5.374012 0.000000
F 0.000000 2.687006 -2.687006
F -2.687006 0.000000 -2.687006
A -5.374012 0.000000 -5.374012


-14.000000	b6910
6

K 0.000000 0.000000 0.000000
L 2.687006 2.687006 0.000000
V 0.000000 5.374012 0.000000
F 0.000000 2.687006 2.687006
F -2.687006 0.000000 2.687006
A -5.374012 0.000000 5.374012


-14.000000	b6810
6

K 0.000000 0.000000 0.000000
L 2.687006 2.687006 0.000000
V 0.000000 5.374012 0.000000
F 0.000000 2.687006 -2.687006
F -2.687006 0.000000 -2.687006
A -5.374012 0.000000 0.000000


-14.000000	b6640
6

K 0.000000 0.000000 0.000000
L 2.687006 2.687006 0.000000
V 5.374012 2.687006 2.687006
F 2.687006 0.000000 2.687006
F 0.000000 -2.687006 2.687006
A -2.687006 -2.687006 5.374012


-13.810000	610a0
6

K 0.000000 0.000000 0.000000
L 2.687006 2.687006 0.000000
V 0.000000 2.687006 -2.687006
F 2.687006 5.374012 -2.687006
F 0.000000 8.061017 -2.687006
A -2.687006 5.374012 -2.687006


-13.810000	832a0
6

K 0.000000 0.000000 0.000000
L 2.687006 2.687006 0.000000
V 0.000000 2.687006 -2.687006
F 0.000000 5.374012 0.000000
F 0.000000 8.061017 -2.687006
A 0.000000 5.374012 -5.374012


-13.760000	81240
6

K 0.000000 0.000000 0.000000
L 2.687006 2.687006 0.000000
V 5.374012 2.687006 2.687006
F 5.374012 5.374012 5.374012
F 2.687006 8.061017 5.374012
A 2.687006 5.374012 2.687006


-13.760000	81040
6

K 0.000000 0.000000 0.000000
L 2.687006 2.687006 0.000000
V 5.374012 2.687006 2.687006
F 8.061017 5.374012 2.687006
F 5.374012 8.061017 2.687006
A 5.374012 5.374012 0.000000


-13.760000	59210
6

K 0.000000 0.000000 0.000000
L 2.687006 2.687006 0.000000
V 0.000000 5.374012 0.000000
F 0.000000 8.061017 2.687006
F 0.000000 5.374012 5.374012
A 2.687006 5.374012 2.687006


-13.760000	7b100
6

K 0.000000 0.000000 0.000000
L 2.687006 2.687006 0.000000
V 5.374012 5.374012 0.000000
F 2.687006 8.061017 0.000000
F 0.000000 8.061017 2.687006
A 2.687006 5.374012 2.687006


-13.760000	b3540
6

K 0.000000 0.000000 0.000000
L 2.687006 2.687006 0.000000
V 5.374012 2.687006 2.687006
F 8.061017 2.687006 0.000000
F 8.061017 5.374012 -2.687006
A 5.374012 5.374012 0.000000


-13.760000	48310
6

K 0.000000 0.000000 0.000000
L 2.687006 2.687006 0.000000
V 0.000000 5.374012 0.000000
F 0.000000 8.061017 -2.687006
F 0.000000 5.374012 -5.374012
A 2.687006 5.374012 -2.687006


-13.760000	8b400
6

K 0.000000 0.000000 0.000000
L 2.687006 2.687006 0.000000
V 5.374012 5.374012 0.000000
F 8.061017 5.374012 2.687006
F 5.374012 5.374012 5.374012
A 5.374012 2.687006 2.687006


-13.760000	7a100
6

K 0.000000 0.000000 0.000000
L 2.687006 2.687006 0.000000
V 5.374012 5.374012 0.000000
F 2.687006 8.061017 0.000000
F 0.000000 8.061017 -2.687006
A 2.687006 5.374012 -2.687006


-13.760000	8b200
6

K 0.000000 0.000000 0.000000
L 2.687006 2.687006 0.000000
V 5.374012 5.374012 0.000000
F 5.374012 8.061017 2.687006
F 2.687006 8.061017 5.374012
A 2.687006 5.374012 2.687006


-13.760000	36740
6

K 0.000000 0.000000 0.000000
L 2.687006 2.687006 0.000000
V 5.374012 2.687006 2.687006
F 8.061017 0.000000 2.687006
F 5.374012 -2.687006 2.687006
A 5.374012 0.000000 0.000000


-13.760000	9a300
6

K 0.000000 0.000000 0.000000
L 2.687006 2.687006 0.000000
V 5.374012 5.374012 0.000000
F 5.374012 8.061017 -2.687006
F 2.687006 8.061017 -5.374012
A 2.687006 5.374012 -2.687006


-13.760000	9a500
6

K 0.000000 0.000000 0.000000
L 2.687006 2.687006 0.000000
V 5.374012 5.374012 0.000000
F 8.061017 5.374012 -2.687006
F 5.374012 5.374012 -5.374012
A 5.374012 2.687006 -2.687006


-13.760000	a9200
6

K 0.000000 0.000000 0.000000
L 2.687006 2.687006 0.000000
V 5.374012 5.374012 0.000000
F 5.374012 8.061017 2.687006
F 5.374012 5.374012 5.374012
A 2.687006 5.374012 2.687006


-13.760000	65010
6

K 0.000000 0.000000 0.000000
L 2.687006 2.687006 0.000000
V 0.000000 5.374012 0.000000
F 2.687006 8.061017 0.000000
F 5.374012 8.061017 -2.687006
A 2.687006 5.374012 -2.687006


-13.760000	a9400
6

K 0.000000 0.000000 0.000000
L 2.687006 2.687006 0.000000
V 5.374012 5.374012 0.000000
F 8.061017 5.374012 2.687006
F 8.061017 2.687006 5.374012
A 5.374012 2.687006 2.687006


-13.760000	64010
6

K 0.000000 0.000000 0.000000
L 2.687006 2.687006 0.000000
V 0.000000 5.374012 0.000000
F 2.687006 8.061017 0.000000
F 5.374012 8.061017 2.687006
A 2.687006 5.374012 2.687006


-13.760000	63240
6

K 0.000000 0.000000 0.000000
L 2.687006 2.687006 0.000000
V 5.374012 2.687006 2.687006
F 5.374012 5.374012 5.374012
F 5.374012 8.061017 2.687006
A 2.687006 5.374012 2.687006


-13.760000	63040
6

K 0.000000 0.000000 0.000000
L 2.687006 2.687006 0.000000
V 5.374012 2.687006 2.687006
F 8.061017 5.374012 2.687006
F 8.061017 8.061017 0.000000
A 5.374012 5.374012 0.000000


-13.760000	b8540
6

K 0.000000 0.000000 0.000000
L 2.687006 2.687006 0.000000
V 5.374012 2.687006 2.687006
F 8.061017 2.687006 0.000000
F 8.061017 0.000000 -2.687006
A 5.374012 0.000000 0.000000


-13.760000	b8500
6

K 0.000000 0.000000 0.000000
L 2.687006 2.687006 0.000000
V 5.374012 5.374012 0.000000
F 8.061017 5.374012 -2.687006
F 8.061017 2.687006 -5.374012
A 5.374012 2.687006 -2.687006


-13.760000	b8300
6

K 0.000000 0.000000 0.000000
L 2.687006 2.687006 0.000000
V 5.374012 5.374012 0.000000
F 5.374012 8.061017 -2.687006
F 5.374012 5.374012 -5.374012
A 2.687006 5.374012 -2.687006


-13.760000	19700
6

K 0.000000 0.000000 0.000000
L 2.687006 2.687006 0.000000
V 5.374012 5.374012 0.000000
F 8.061017 2.687006 0.000000
F 8.061017 0.000000 2.687006
A 5.374012 2.687006 2.687006


-13.760000	51b40
6

K 0.000000 0.000000 0.000000
L 2.687006 2.687006 0.000000
V 5.374012 2.687006 2.687006
F 2.687006 2.687006 5.374012
F 0.000000 5.374012 5.374012
A 2.687006 5.374012 2.687006


-13.760000	84210
6

K 0.000000 0.000000 0.000000
L 2.687006 2.687006 0.000000
V 0.000000 5.374012 0.000000
F 0.000000 8.061017 2.687006
F 2.687006 8.061017 5.374012
A 2.687006 5.374012 2.687006


-13.760000	95310
6

K 0.000000 0.000000 0.000000
L 2.687006 2.687006 0.000000
V 0.000000 5.374012 0.000000
F 0.000000 8.061017 -2.687006
F 2.687006 8.061017 -5.374012
A 2.687006 5.374012 -2.687006


-13.760000	18700
6

K 0.000000 0.000000 0.000000
L 2.687006 2.687006 0.000000
V 5.374012 5.374012 0.000000
F 8.061017 2.687006 0.000000
F 8.061017 0.000000 -2.687006
A 5.374012 2.687006 -2.687006


-13.760000	18740
6

K 0.000000 0.000000 0.000000
L 2.687006 2.687006 0.000000
V 5.374012 2.687006 2.687006
F 8.061017 0.000000 2.687006
F 8.061017 -2.687006 0.000000
A 5.374012 0.000000 0.000000


-13.690000	38b10
6

K 0.000000 0.000000 0.000000
L 2.687006 2.687006 0.000000
V 0.000000 5.374012 0.000000
F -2.687006 5.374012 2.687006
F -2.687006 2.687006 0.000000
A -2.687006 5.374012 -2.687006


-13.690000	03610
6

K 0.000000 0.000000 0.000000
L 2.687006 2.687006 0.000000
V 0.000000 5.374012 0.000000
F -2.687006 2.687006 0.000000
F -2.687006 5.374012 -2.687006
A 0.000000 8.061017 -2.687006


-13.690000	473a0
6

K 0.000000 0.000000 0.000000
L 2.687006 2.687006 0.000000
V 0.000000 2.687006 -2.687006
F 0.000000 5.374012 -5.374012
F 2.687006 2.687006 -5.374012
A 5.374012 2.687006 -2.687006


-13.690000	02610
6

K 0.000000 0.000000 0.000000
L 2.687006 2.687006 0.000000
V 0.000000 5.374012 0.000000
F -2.687006 2.687006 0.000000
F -2.687006 5.374012 2.687006
A 0.000000 8.061017 2.687006


-13.690000	23610
6

K 0.000000 0.000000 0.000000
L 2.687006 2.687006 0.000000
V 0.000000 5.374012 0.000000
F -2.687006 2.687006 0.000000
F -2.687006 5.374012 -2.687006
A -2.687006 8.061017 0.000000


-13.690000	32610
6

K 0.000000 0.000000 0.000000
L 2.687006 2.687006 0.000000
V 0.000000 5.374012 0.000000
F -2.687006 2.687006 0.000000
F -2.687006 5.374012 2.687006
A -2.687006 8.061017 0.000000


-13.690000	408a0
6

K 0.000000 0.000000 0.000000
L 2.687006 2.687006 0.000000
V 0.000000 2.687006 -2.687006
F 0.000000 0.000000 -5.374012
F 2.687006 2.687006 -5.374012
A 5.374012 2.687006 -2.687006


-13.690000	29a10
6

K 0.000000 0.000000 0.000000
L 2.687006 2.687006 0.000000
V 0.000000 5.374012 0.000000
F -2.687006 5.374012 -2.687006
F -2.687006 2.687006 0.000000
A -2.687006 5.374012 2.687006


-13.590000	815a0
6

K 0.000000 0.000000 0.000000
L 2.687006 2.687006 0.000000
V 0.000000 2.687006 -2.687006
F 2.687006 2.687006 -5.374012
F 0.000000 5.374012 -5.374012
A 0.000000 2.687006 -8.061017


-13.590000	818a0
6

K 0.000000 0.000000 0.000000
L 2.687006 2.687006 0.000000
V 0.000000 2.687006 -2.687006
F 0.000000 0.000000 -5.374012
F -2.687006 2.687006 -5.374012
A -2.687006 0.000000 -8.061017


-13.590000	37aa0
6

K 0.000000 0.000000 0.000000
L 2.687006 2.687006 0.000000
V 0.000000 2.687006 -2.687006
F -2.687006 2.687006 -5.374012
F 0.000000 0.000000 -5.374012
A 0.000000 2.687006 -8.061017


-13.590000	80aa0
6

K 0.000000 0.000000 0.000000
L 2.687006 2.687006 0.000000
V 0.000000 2.687006 -2.687006
F -2.687006 2.687006 -5.374012
F 0.000000 5.374012 -5.374012
A 0.000000 2.687006 -8.061017


-13.590000	808a0
6

K 0.000000 0.000000 0.000000
L 2.687006 2.687006 0.000000
V 0.000000 2.687006 -2.687006
F 0.000000 0.000000 -5.374012
F 2.687006 2.687006 -5.374012
A 2.687006 0.000000 -8.061017


-13.590000	a2aa0
6

K 0.000000 0.000000 0.000000
L 2.687006 2.687006 0.000000
V 0.000000 2.687006 -2.687006
F -2.687006 2.687006 -5.374012
F -2.687006 5.374012 -2.687006
A -5.374012 5.374012 -5.374012


-13.590000	151a0
6

K 0.000000 0.000000 0.000000
L 2.687006 2.687006 0.000000
V 0.000000 2.687006 -2.687006
F -2.687006 5.374012 -2.687006
F 0.000000 5.374012 -5.374012
A -2.687006 8.061017 -5.374012


-13.590000	373a0
6

K 0.000000 0.000000 0.000000
L 2.687006 2.687006 0.000000
V 0.000000 2.687006 -2.687006
F 0.000000 5.374012 -5.374012
F 2.687006 2.687006 -5.374012
A 2.687006 5.374012 -8.061017


-13.590000	365a0
6

K 0.000000 0.000000 0.000000
L 2.687006 2.687006 0.000000
V 0.000000 2.687006 -2.687006
F 2.687006 2.687006 -5.374012
F 0.000000 0.000000 -5.374012
A 0.000000 2.687006 -8.061017


-13.590000	363a0
6

K 0.000000 0.000000 0.000000
L 2.687006 2.687006 0.000000
V 0.000000 2.687006 -2.687006
F 0.000000 5.374012 -5.374012
F -2.687006 2.687006 -5.374012
A -2.687006 5.374012 -8.061017


-13.590000	251a0
6

K 0.000000 0.000000 0.000000
L 2.687006 2.687006 0.000000
V 0.000000 2.687006 -2.687006
F -2.687006 5.374012 -2.687006
F 0.000000 5.374012 -5.374012
A 0.000000 8.061017 -2.687006


-13.590000	a0aa0
6

K 0.000000 0.000000 0.000000
L 2.687006 2.687006 0.000000
V 0.000000 2.687006 -2.687006
F -2.687006 2.687006 -5.374012
F 0.000000 5.374012 -5.374012
A -2.687006 5.374012 -8.061017


-13.590000	a08a0
6

K 0.000000 0.000000 0.000000
L 2.687006 2.687006 0.000000
V 0.000000 2.687006 -2.687006
F 0.000000 0.000000 -5.374012
F 2.687006 2.687006 -5.374012
A 0.000000 2.687006 -8.061017


-13.590000	565a0
6

K 0.000000 0.000000 0.000000
L 2.687006 2.687006 0.000000
V 0.000000 2.687006 -2.687006
F 2.687006 2.687006 -5.374012
F 0.000000 0.000000 -5.374012
A 2.687006 0.000000 -8.061017


-13.590000	563a0
6

K 0.000000 0.000000 0.000000
L 2.687006 2.687006 0.000000
V 0.000000 2.687006 -2.687006
F 0.000000 5.374012 -5.374012
F -2.687006 2.687006 -5.374012
A 0.000000 2.687006 -8.061017


-13.590000	0b3a0
6

K 0.000000 0.000000 0.000000
L 2.687006 2.687006 0.000000
V 0.000000 2.687006 -2.687006
F 0.000000 5.374012 -5.374012
F -2.687006 5.374012 -2.687006
A 0.000000 8.061017 -2.687006


-13.590000	b81a0
6

K 0.000000 0.000000 0.000000
L 2.687006 2.687006 0.000000
V 0.000000 2.687006 -2.687006
F -2.687006 5.374012 -2.687006
F -2.687006 2.687006 -5.374012
A -5.374012 2.687006 -2.687006


-13.590000	a7aa0
6

K 0.000000 0.000000 0.000000
L 2.687006 2.687006 0.000000
V 0.000000 2.687006 -2.687006
F -2.687006 2.687006 -5.374012
F 0.000000 0.000000 -5.374012
A -2.687006 0.000000 -8.061017


-13.590000	a73a0
6

K 0.000000 0.000000 0.000000
L 2.687006 2.687006 0.000000
V 0.000000 2.687006 -2.687006
F 0.000000 5.374012 -5.374012
F 2.687006 2.687006 -5.374012
A 0.000000 2.687006 -8.061017


-13.590000	515a0
6

K 0.000000 0.000000 0.000000
L 2.687006 2.687006 0.000000
V 0.000000 2.687006 -2.687006
F 2.687006 2.687006 -5.374012
F 0.000000 5.374012 -5.374012
A 2.687006 5.374012 -8.061017


-13.590000	3b3a0
6

K 0.000000 0.000000 0.000000
L 2.687006 2.687006 0.000000
V 0.000000 2.687006 -2.687006
F 0.000000 5.374012 -5.374012
F -2.687006 5.374012 -2.687006
A -2.687006 8.061017 -5.374012


-13.590000	62aa0
6

K 0.000000 0.000000 0.000000
L 2.687006 2.687006 0.000000
V 0.000000 2.687006 -2.687006
F -2.687006 2.687006 -5.374012
F -2.687006 5.374012 -2.687006
A -5.374012 2.687006 -2.687006


-13.590000	518a0
6

K 0.000000 0.000000 0.000000
L 2.687006 2.687006 0.000000
V 0.000000 2.687006 -2.687006
F 0.000000 0.000000 -5.374012
F -2.687006 2.687006 -5.374012
A 0.000000 2.687006 -8.061017


-13.590000	181a0
6

K 0.000000 0.000000 0.000000
L 2.687006 2.687006 0.000000
V 0.000000 2.687006 -2.687006
F -2.687006 5.374012 -2.687006
F -2.687006 2.687006 -5.374012
A -5.374012 5.374012 -5.374012


-13.570000	38100
6

K 0.000000 0.000000 0.000000
L 2.687006 2.687006 0.000000
V 5.374012 5.374012 0.000000
F 2.687006 8.061017 0.000000
F 2.687006 5.374012 -2.687006
A 2.687006 8.061017 -5.374012


-13.570000	05900
6

K 0.000000 0.000000 0.000000
L 2.687006 2.687006 0.000000
V 5.374012 5.374012 0.000000
F 5.374012 2.687006 2.687006
F 8.061017 2.687006 0.000000
A 10.748023 5.374012 0.000000


-13.570000	49140
6

K 0.000000 0.000000 0.000000
L 2.687006 2.687006 0.000000
V 5.374012 2.687006 2.687006
F 2.687006 5.374012 2.687006
F 2.687006 2.687006 5.374012
A 5.374012 2.687006 8.061017


-13.570000	38010
6

K 0.000000 0.000000 0.000000
L 2.687006 2.687006 0.000000
V 0.000000 5.374012 0.000000
F 2.687006 8.061017 0.000000
F 2.687006 5.374012 -2.687006
A 2.687006 8.061017 -5.374012


-13.570000	49100
6

K 0.000000 0.000000 0.000000
L 2.687006 2.687006 0.000000
V 5.374012 5.374012 0.000000
F 2.687006 8.061017 0.000000
F 2.687006 5.374012 2.687006
A 5.374012 5.374012 5.374012


-13.570000	49010
6

K 0.000000 0.000000 0.000000
L 2.687006 2.687006 0.000000
V 0.000000 5.374012 0.000000
F 2.687006 8.061017 0.000000
F 2.687006 5.374012 2.687006
A 5.374012 5.374012 5.374012


-13.570000	5a040
6

K 0.000000 0.000000 0.000000
L 2.687006 2.687006 0.000000
V 5.374012 2.687006 2.687006
F 8.061017 5.374012 2.687006
F 5.374012 5.374012 0.000000
A 8.061017 5.374012 -2.687006


-13.570000	5a700
6

K 0.000000 0.000000 0.000000
L 2.687006 2.687006 0.000000
V 5.374012 5.374012 0.000000
F 8.061017 2.687006 0.000000
F 5.374012 2.687006 -2.687006
A 8.061017 2.687006 -5.374012


-13.570000	70900
6

K 0.000000 0.000000 0.000000
L 2.687006 2.687006 0.000000
V 5.374012 5.374012 0.000000
F 5.374012 2.687006 2.687006
F 8.061017 5.374012 2.687006
A 10.748023 2.687006 2.687006


-13.570000	b4140
6

K 0.000000 0.000000 0.000000
L 2.687006 2.687006 0.000000
V 5.374012 2.687006 2.687006
F 2.687006 5.374012 2.687006
F 5.374012 5.374012 5.374012
A 2.687006 5.374012 8.061017


-13.570000	16300
6

K 0.000000 0.000000 0.000000
L 2.687006 2.687006 0.000000
V 5.374012 5.374012 0.000000
F 5.374012 8.061017 -2.687006
F 2.687006 5.374012 -2.687006
A 0.000000 8.061017 -2.687006


-13.570000	5a740
6

K 0.000000 0.000000 0.000000
L 2.687006 2.687006 0.000000
V 5.374012 2.687006 2.687006
F 8.061017 0.000000 2.687006
F 5.374012 0.000000 0.000000
A 8.061017 0.000000 -2.687006


-13.570000	70800
6

K 0.000000 0.000000 0.000000
L 2.687006 2.687006 0.000000
V 5.374012 5.374012 0.000000
F 5.374012 2.687006 -2.687006
F 8.061017 5.374012 -2.687006
A 10.748023 2.687006 -2.687006


-13.570000	a3b00
6

K 0.000000 0.000000 0.000000
L 2.687006 2.687006 0.000000
V 5.374012 5.374012 0.000000
F 2.687006 5.374012 2.687006
F 2.687006 8.061017 0.000000
A 0.000000 8.061017 -2.687006


-13.570000	16200
6

K 0.000000 0.000000 0.000000
L 2.687006 2.687006 0.000000
V 5.374012 5.374012 0.000000
F 5.374012 8.061017 2.687006
F 2.687006 5.374012 2.687006
A 0.000000 8.061017 2.687006


-13.570000	70840
6

K 0.000000 0.000000 0.000000
L 2.687006 2.687006 0.000000
V 5.374012 2.687006 2.687006
F 5.374012 0.000000 0.000000
F 8.061017 2.687006 0.000000
A 10.748023 0.000000 0.000000


-13.570000	04800
6

K 0.000000 0.000000 0.000000
L 2.687006 2.687006 0.000000
V 5.374012 5.374012 0.000000
F 5.374012 2.687006 -2.687006
F 8.061017 2.687006 0.000000
A 10.748023 5.374012 0.000000


-13.570000	04840
6

K 0.000000 0.000000 0.000000
L 2.687006 2.687006 0.000000
V 5.374012 2.687006 2.687006
F 5.374012 0.000000 0.000000
F 8.061017 0.000000 2.687006
A 10.748023 2.687006 2.687006


-13.570000	04340
6

K 0.000000 0.000000 0.000000
L 2.687006 2.687006 0.000000
V 5.374012 2.687006 2.687006
F 5.374012 5.374012 0.000000
F 8.061017 5.374012 2.687006
A 10.748023 8.061017 2.687006


-13.570000	04140
6

K 0.000000 0.000000 0.000000
L 2.687006 2.687006 0.000000
V 5.374012 2.687006 2.687006
F 2.687006 5.374012 2.687006
F 5.374012 5.374012 5.374012
A 8.061017 8.061017 5.374012


-13.570000	58100
6

K 0.000000 0.000000 0.000000
L 2.687006 2.687006 0.000000
V 5.374012 5.374012 0.000000
F 2.687006 8.061017 0.000000
F 2.687006 5.374012 -2.687006
A 5.374012 5.374012 -5.374012


-13.570000	69140
6

K 0.000000 0.000000 0.000000
L 2.687006 2.687006 0.000000
V 5.374012 2.687006 2.687006
F 2.687006 5.374012 2.687006
F 2.687006 2.687006 5.374012
A 0.000000 0.000000 5.374012


-13.570000	58010
6

K 0.000000 0.000000 0.000000
L 2.687006 2.687006 0.000000
V 0.000000 5.374012 0.000000
F 2.687006 8.061017 0.000000
F 2.687006 5.374012 -2.687006
A 5.374012 5.374012 -5.374012


-13.570000	a1510
6

K 0.000000 0.000000 0.000000
L 2.687006 2.687006 0.000000
V 0.000000 5.374012 0.000000
F 2.687006 5.374012 -2.687006
F 0.000000 8.061017 -2.687006
A -2.687006 8.061017 -5.374012


-13.570000	03410
6

K 0.000000 0.000000 0.000000
L 2.687006 2.687006 0.000000
V 0.000000 5.374012 0.000000
F 2.687006 5.374012 2.687006
F 2.687006 8.061017 0.000000
A 5.374012 10.748023 0.000000


-13.570000	03b40
6

K 0.000000 0.000000 0.000000
L 2.687006 2.687006 0.000000
V 5.374012 2.687006 2.687006
F 2.687006 2.687006 5.374012
F 2.687006 5.374012 2.687006
A 5.374012 8.061017 2.687006


-13.570000	b2a00
6

K 0.000000 0.000000 0.000000
L 2.687006 2.687006 0.000000
V 5.374012 5.374012 0.000000
F 2.687006 5.374012 -2.687006
F 2.687006 8.061017 0.000000
A 0.000000 8.061017 2.687006


-13.570000	03b00
6

K 0.000000 0.000000 0.000000
L 2.687006 2.687006 0.000000
V 5.374012 5.374012 0.000000
F 2.687006 5.374012 2.687006
F 2.687006 8.061017 0.000000
A 5.374012 10.748023 0.000000


-13.570000	47340
6

K 0.000000 0.000000 0.000000
L 2.687006 2.687006 0.000000
V 5.374012 2.687006 2.687006
F 5.374012 5.374012 0.000000
F 8.061017 2.687006 0.000000
A 10.748023 2.687006 2.687006


-13.570000	47210
6

K 0.000000 0.000000 0.000000
L 2.687006 2.687006 0.000000
V 0.000000 5.374012 0.000000
F 0.000000 8.061017 2.687006
F 2.687006 5.374012 2.687006
A 5.374012 5.374012 5.374012


-13.570000	b1410
6

K 0.000000 0.000000 0.000000
L 2.687006 2.687006 0.000000
V 0.000000 5.374012 0.000000
F 2.687006 5.374012 2.687006
F 0.000000 8.061017 2.687006
A -2.687006 8.061017 5.374012


-13.570000	02510
6

K 0.000000 0.000000 0.000000
L 2.687006 2.687006 0.000000
V 0.000000 5.374012 0.000000
F 2.687006 5.374012 -2.687006
F 2.687006 8.061017 0.000000
A 5.374012 10.748023 0.000000


-13.570000	13410
6

K 0.000000 0.000000 0.000000
L 2.687006 2.687006 0.000000
V 0.000000 5.374012 0.000000
F 2.687006 5.374012 2.687006
F 2.687006 8.061017 0.000000
A 0.000000 10.748023 0.000000


-13.570000	24340
6

K 0.000000 0.000000 0.000000
L 2.687006 2.687006 0.000000
V 5.374012 2.687006 2.687006
F 5.374012 5.374012 0.000000
F 8.061017 5.374012 2.687006
A 8.061017 8.061017 5.374012


-13.570000	8a700
6

K 0.000000 0.000000 0.000000
L 2.687006 2.687006 0.000000
V 5.374012 5.374012 0.000000
F 8.061017 2.687006 0.000000
F 5.374012 2.687006 -2.687006
A 5.374012 0.000000 -5.374012


-13.570000	24140
6

K 0.000000 0.000000 0.000000
L 2.687006 2.687006 0.000000
V 5.374012 2.687006 2.687006
F 2.687006 5.374012 2.687006
F 5.374012 5.374012 5.374012
A 5.374012 8.061017 8.061017


-13.570000	8a740
6

K 0.000000 0.000000 0.000000
L 2.687006 2.687006 0.000000
V 5.374012 2.687006 2.687006
F 8.061017 0.000000 2.687006
F 5.374012 0.000000 0.000000
A 5.374012 -2.687006 -2.687006


-13.570000	9b700
6

K 0.000000 0.000000 0.000000
L 2.687006 2.687006 0.000000
V 5.374012 5.374012 0.000000
F 8.061017 2.687006 0.000000
F 5.374012 2.687006 2.687006
A 5.374012 0.000000 5.374012


-13.570000	13b40
6

K 0.000000 0.000000 0.000000
L 2.687006 2.687006 0.000000
V 5.374012 2.687006 2.687006
F 2.687006 2.687006 5.374012
F 2.687006 5.374012 2.687006
A 0.000000 8.061017 2.687006


-13.570000	02a00
6

K 0.000000 0.000000 0.000000
L 2.687006 2.687006 0.000000
V 5.374012 5.374012 0.000000
F 2.687006 5.374012 -2.687006
F 2.687006 8.061017 0.000000
A 5.374012 10.748023 0.000000


-13.570000	13b00
6

K 0.000000 0.000000 0.000000
L 2.687006 2.687006 0.000000
V 5.374012 5.374012 0.000000
F 2.687006 5.374012 2.687006
F 2.687006 8.061017 0.000000
A 0.000000 10.748023 0.000000


-13.570000	57340
6

K 0.000000 0.000000 0.000000
L 2.687006 2.687006 0.000000
V 5.374012 2.687006 2.687006
F 5.374012 5.374012 0.000000
F 8.061017 2.687006 0.000000
A 10.748023 2.687006 -2.687006


-13.570000	57310
6

K 0.000000 0.000000 0.000000
L 2.687006 2.687006 0.000000
V 0.000000 5.374012 0.000000
F 0.000000 8.061017 -2.687006
F 2.687006 5.374012 -2.687006
A 5.374012 5.374012 -5.374012


-13.570000	45900
6

K 0.000000 0.000000 0.000000
L 2.687006 2.687006 0.000000
V 5.374012 5.374012 0.000000
F 5.374012 2.687006 2.687006
F 8.061017 2.687006 0.000000
A 10.748023 2.687006 2.687006


-13.570000	01540
6

K 0.000000 0.000000 0.000000
L 2.687006 2.687006 0.000000
V 5.374012 2.687006 2.687006
F 8.061017 2.687006 0.000000
F 5.374012 5.374012 0.000000
A 8.061017 8.061017 0.000000


-13.570000	01510
6

K 0.000000 0.000000 0.000000
L 2.687006 2.687006 0.000000
V 0.000000 5.374012 0.000000
F 2.687006 5.374012 -2.687006
F 0.000000 8.061017 -2.687006
A 2.687006 10.748023 -2.687006


-13.570000	01410
6

K 0.000000 0.000000 0.000000
L 2.687006 2.687006 0.000000
V 0.000000 5.374012 0.000000
F 2.687006 5.374012 2.687006
F 0.000000 8.061017 2.687006
A 2.687006 10.748023 2.687006


-13.570000	12510
6

K 0.000000 0.000000 0.000000
L 2.687006 2.687006 0.000000
V 0.000000 5.374012 0.000000
F 2.687006 5.374012 -2.687006
F 2.687006 8.061017 0.000000
A 0.000000 10.748023 0.000000


-13.570000	23410
6

K 0.000000 0.000000 0.000000
L 2.687006 2.687006 0.000000
V 0.000000 5.374012 0.000000
F 2.687006 5.374012 2.687006
F 2.687006 8.061017 0.000000
A 2.687006 10.748023 2.687006


-13.570000	23b40
6

K 0.000000 0.000000 0.000000
L 2.687006 2.687006 0.000000
V 5.374012 2.687006 2.687006
F 2.687006 2.687006 5.374012
F 2.687006 5.374012 2.687006
A 2.687006 8.061017 5.374012


-13.570000	12a00
6

K 0.000000 0.000000 0.000000
L 2.687006 2.687006 0.000000
V 5.374012 5.374012 0.000000
F 2.687006 5.374012 -2.687006
F 2.687006 8.061017 0.000000
A 0.000000 10.748023 0.000000


-13.570000	23b00
6

K 0.000000 0.000000 0.000000
L 2.687006 2.687006 0.000000
V 5.374012 5.374012 0.000000
F 2.687006 5.374012 2.687006
F 2.687006 8.061017 0.000000
A 2.687006 10.748023 2.687006


-13.570000	88100
6

K 0.000000 0.000000 0.000000
L 2.687006 2.687006 0.000000
V 5.374012 5.374012 0.000000
F 2.687006 8.061017 0.000000
F 2.687006 5.374012 -2.687006
A 2.687006 2.687006 -5.374012


-13.570000	44800
6

K 0.000000 0.000000 0.000000
L 2.687006 2.687006 0.000000
V 5.374012 5.374012 0.000000
F 5.374012 2.687006 -2.687006
F 8.061017 2.687006 0.000000
A 10.748023 2.687006 2.687006


-13.570000	55900
6

K 0.000000 0.000000 0.000000
L 2.687006 2.687006 0.000000
V 5.374012 5.374012 0.000000
F 5.374012 2.687006 2.687006
F 8.061017 2.687006 0.000000
A 10.748023 2.687006 -2.687006


-13.570000	99140
6

K 0.000000 0.000000 0.000000
L 2.687006 2.687006 0.000000
V 5.374012 2.687006 2.687006
F 2.687006 5.374012 2.687006
F 2.687006 2.687006 5.374012
A 2.687006 0.000000 8.061017


-13.570000	88010
6

K 0.000000 0.000000 0.000000
L 2.687006 2.687006 0.000000
V 0.000000 5.374012 0.000000
F 2.687006 8.061017 0.000000
F 2.687006 5.374012 -2.687006
A 2.687006 2.687006 -5.374012


-13.570000	99100
6

K 0.000000 0.000000 0.000000
L 2.687006 2.687006 0.000000
V 5.374012 5.374012 0.000000
F 2.687006 8.061017 0.000000
F 2.687006 5.374012 2.687006
A 2.687006 2.687006 5.374012


-13.570000	11540
6

K 0.000000 0.000000 0.000000
L 2.687006 2.687006 0.000000
V 5.374012 2.687006 2.687006
F 8.061017 2.687006 0.000000
F 5.374012 5.374012 0.000000
A 2.687006 8.061017 0.000000


-13.570000	11510
6

K 0.000000 0.000000 0.000000
L 2.687006 2.687006 0.000000
V 0.000000 5.374012 0.000000
F 2.687006 5.374012 -2.687006
F 0.000000 8.061017 -2.687006
A -2.687006 10.748023 -2.687006


-13.570000	44840
6

K 0.000000 0.000000 0.000000
L 2.687006 2.687006 0.000000
V 5.374012 2.687006 2.687006
F 5.374012 0.000000 0.000000
F 8.061017 0.000000 2.687006
A 10.748023 0.000000 5.374012


-13.570000	99010
6

K 0.000000 0.000000 0.000000
L 2.687006 2.687006 0.000000
V 0.000000 5.374012 0.000000
F 2.687006 8.061017 0.000000
F 2.687006 5.374012 2.687006
A 2.687006 2.687006 5.374012


-13.570000	11410
6

K 0.000000 0.000000 0.000000
L 2.687006 2.687006 0.000000
V 0.000000 5.374012 0.000000
F 2.687006 5.374012 2.687006
F 0.000000 8.061017 2.687006
A -2.687006 10.748023 2.687006


-13.570000	22510
6

K 0.000000 0.000000 0.000000
L 2.687006 2.687006 0.000000
V 0.000000 5.374012 0.000000
F 2.687006 5.374012 -2.687006
F 2.687006 8.061017 0.000000
A 2.687006 10.748023 2.687006


-13.570000	33410
6

K 0.000000 0.000000 0.000000
L 2.687006 2.687006 0.000000
V 0.000000 5.374012 0.000000
F 2.687006 5.374012 2.687006
F 2.687006 8.061017 0.000000
A 2.687006 10.748023 -2.687006


-13.570000	00b00
6

K 0.000000 0.000000 0.000000
L 2.687006 2.687006 0.000000
V 5.374012 5.374012 0.000000
F 2.687006 5.374012 2.687006
F 5.374012 8.061017 2.687006
A 8.061017 10.748023 2.687006


-13.570000	44340
6

K 0.000000 0.000000 0.000000
L 2.687006 2.687006 0.000000
V 5.374012 2.687006 2.687006
F 5.374012 5.374012 0.000000
F 8.061017 5.374012 2.687006
A 10.748023 5.374012 5.374012


-13.570000	00a00
6

K 0.000000 0.000000 0.000000
L 2.687006 2.687006 0.000000
V 5.374012 5.374012 0.000000
F 2.687006 5.374012 -2.687006
F 5.374012 8.061017 -2.687006
A 8.061017 10.748023 -2.687006


-13.570000	aa700
6

K 0.000000 0.000000 0.000000
L 2.687006 2.687006 0.000000
V 5.374012 5.374012 0.000000
F 8.061017 2.687006 0.000000
F 5.374012 2.687006 -2.687006
A 2.687006 2.687006 -5.374012


-13.570000	00900
6

K 0.000000 0.000000 0.000000
L 2.687006 2.687006 0.000000
V 5.374012 5.374012 0.000000
F 5.374012 2.687006 2.687006
F 8.061017 5.374012 2.687006
A 10.748023 8.061017 2.687006


-13.570000	44140
6

K 0.000000 0.000000 0.000000
L 2.687006 2.687006 0.000000
V 5.374012 2.687006 2.687006
F 2.687006 5.374012 2.687006
F 5.374012 5.374012 5.374012
A 8.061017 5.374012 8.061017


-13.570000	bb700
6

K 0.000000 0.000000 0.000000
L 2.687006 2.687006 0.000000
V 5.374012 5.374012 0.000000
F 8.061017 2.687006 0.000000
F 5.374012 2.687006 2.687006
A 2.687006 2.687006 5.374012


-13.570000	33b40
6

K 0.000000 0.000000 0.000000
L 2.687006 2.687006 0.000000
V 5.374012 2.687006 2.687006
F 2.687006 2.687006 5.374012
F 2.687006 5.374012 2.687006
A 2.687006 8.061017 0.000000


-13.570000	00800
6

K 0.000000 0.000000 0.000000
L 2.687006 2.687006 0.000000
V 5.374012 5.374012 0.000000
F 5.374012 2.687006 -2.687006
F 8.061017 5.374012 -2.687006
A 10.748023 8.061017 -2.687006


-13.570000	22a00
6

K 0.000000 0.000000 0.000000
L 2.687006 2.687006 0.000000
V 5.374012 5.374012 0.000000
F 2.687006 5.374012 -2.687006
F 2.687006 8.061017 0.000000
A 2.687006 10.748023 2.687006


-13.570000	33b00
6

K 0.000000 0.000000 0.000000
L 2.687006 2.687006 0.000000
V 5.374012 5.374012 0.000000
F 2.687006 5.374012 2.687006
F 2.687006 8.061017 0.000000
A 2.687006 10.748023 -2.687006


-13.570000	77340
6

K 0.000000 0.000000 0.000000
L 2.687006 2.687006 0.000000
V 5.374012 2.687006 2.687006
F 5.374012 5.374012 0.000000
F 8.061017 2.687006 0.000000
A 10.748023 0.000000 0.000000


-13.570000	00840
6

K 0.000000 0.000000 0.000000
L 2.687006 2.687006 0.000000
V 5.374012 2.687006 2.687006
F 5.374012 0.000000 0.000000
F 8.061017 2.687006 0.000000
A 10.748023 5.374012 0.000000


-13.570000	54800
6

K 0.000000 0.000000 0.000000
L 2.687006 2.687006 0.000000
V 5.374012 5.374012 0.000000
F 5.374012 2.687006 -2.687006
F 8.061017 2.687006 0.000000
A 10.748023 2.687006 -2.687006


-13.570000	ba240
6

K 0.000000 0.000000 0.000000
L 2.687006 2.687006 0.000000
V 5.374012 2.687006 2.687006
F 5.374012 5.374012 5.374012
F 2.687006 5.374012 2.687006
A 0.000000 5.374012 5.374012


-13.570000	21540
6

K 0.000000 0.000000 0.000000
L 2.687006 2.687006 0.000000
V 5.374012 2.687006 2.687006
F 8.061017 2.687006 0.000000
F 5.374012 5.374012 0.000000
A 5.374012 8.061017 2.687006


-13.570000	21510
6

K 0.000000 0.000000 0.000000
L 2.687006 2.687006 0.000000
V 0.000000 5.374012 0.000000
F 2.687006 5.374012 -2.687006
F 0.000000 8.061017 -2.687006
A 0.000000 10.748023 0.000000


-13.570000	54840
6

K 0.000000 0.000000 0.000000
L 2.687006 2.687006 0.000000
V 5.374012 2.687006 2.687006
F 5.374012 0.000000 0.000000
F 8.061017 0.000000 2.687006
A 10.748023 0.000000 0.000000


-13.570000	21410
6

K 0.000000 0.000000 0.000000
L 2.687006 2.687006 0.000000
V 0.000000 5.374012 0.000000
F 2.687006 5.374012 2.687006
F 0.000000 8.061017 2.687006
A 0.000000 10.748023 5.374012


-13.570000	32510
6

K 0.000000 0.000000 0.000000
L 2.687006 2.687006 0.000000
V 0.000000 5.374012 0.000000
F 2.687006 5.374012 -2.687006
F 2.687006 8.061017 0.000000
A 2.687006 10.748023 -2.687006


-13.570000	10b00
6

K 0.000000 0.000000 0.000000
L 2.687006 2.687006 0.000000
V 5.374012 5.374012 0.000000
F 2.687006 5.374012 2.687006
F 5.374012 8.061017 2.687006
A 2.687006 10.748023 2.687006


-13.570000	54340
6

K 0.000000 0.000000 0.000000
L 2.687006 2.687006 0.000000
V 5.374012 2.687006 2.687006
F 5.374012 5.374012 0.000000
F 8.061017 5.374012 2.687006
A 10.748023 5.374012 0.000000


-13.570000	76540
6

K 0.000000 0.000000 0.000000
L 2.687006 2.687006 0.000000
V 5.374012 2.687006 2.687006
F 8.061017 2.687006 0.000000
F 5.374012 0.000000 0.000000
A 8.061017 -2.687006 0.000000


-13.570000	76500
6

K 0.000000 0.000000 0.000000
L 2.687006 2.687006 0.000000
V 5.374012 5.374012 0.000000
F 8.061017 5.374012 -2.687006
F 5.374012 2.687006 -2.687006
A 8.061017 0.000000 -2.687006


-13.570000	10a00
6

K 0.000000 0.000000 0.000000
L 2.687006 2.687006 0.000000
V 5.374012 5.374012 0.000000
F 2.687006 5.374012 -2.687006
F 5.374012 8.061017 -2.687006
A 2.687006 10.748023 -2.687006


-13.570000	76400
6

K 0.000000 0.000000 0.000000
L 2.687006 2.687006 0.000000
V 5.374012 5.374012 0.000000
F 8.061017 5.374012 2.687006
F 5.374012 2.687006 2.687006
A 8.061017 0.000000 2.687006


-13.570000	32a00
6

K 0.000000 0.000000 0.000000
L 2.687006 2.687006 0.000000
V 5.374012 5.374012 0.000000
F 2.687006 5.374012 -2.687006
F 2.687006 8.061017 0.000000
A 2.687006 10.748023 -2.687006


-13.570000	87340
6

K 0.000000 0.000000 0.000000
L 2.687006 2.687006 0.000000
V 5.374012 2.687006 2.687006
F 5.374012 5.374012 0.000000
F 8.061017 2.687006 0.000000
A 8.061017 0.000000 -2.687006


-13.570000	87310
6

K 0.000000 0.000000 0.000000
L 2.687006 2.687006 0.000000
V 0.000000 5.374012 0.000000
F 0.000000 8.061017 -2.687006
F 2.687006 5.374012 -2.687006
A 2.687006 2.687006 -5.374012


-13.570000	a8100
6

K 0.000000 0.000000 0.000000
L 2.687006 2.687006 0.000000
V 5.374012 5.374012 0.000000
F 2.687006 8.061017 0.000000
F 2.687006 5.374012 -2.687006
A 0.000000 5.374012 -5.374012


-13.570000	75900
6

K 0.000000 0.000000 0.000000
L 2.687006 2.687006 0.000000
V 5.374012 5.374012 0.000000
F 5.374012 2.687006 2.687006
F 8.061017 2.687006 0.000000
A 10.748023 0.000000 0.000000


-13.570000	b9140
6

K 0.000000 0.000000 0.000000
L 2.687006 2.687006 0.000000
V 5.374012 2.687006 2.687006
F 2.687006 5.374012 2.687006
F 2.687006 2.687006 5.374012
A 0.000000 2.687006 8.061017


-13.570000	a8010
6

K 0.000000 0.000000 0.000000
L 2.687006 2.687006 0.000000
V 0.000000 5.374012 0.000000
F 2.687006 8.061017 0.000000
F 2.687006 5.374012 -2.687006
A 0.000000 5.374012 -5.374012


-13.570000	b9100
6

K 0.000000 0.000000 0.000000
L 2.687006 2.687006 0.000000
V 5.374012 5.374012 0.000000
F 2.687006 8.061017 0.000000
F 2.687006 5.374012 2.687006
A 0.000000 5.374012 5.374012


-13.570000	31540
6

K 0.000000 0.000000 0.000000
L 2.687006 2.687006 0.000000
V 5.374012 2.687006 2.687006
F 8.061017 2.687006 0.000000
F 5.374012 5.374012 0.000000
A 5.374012 8.061017 -2.687006


-13.570000	31510
6

K 0.000000 0.000000 0.000000
L 2.687006 2.687006 0.000000
V 0.000000 5.374012 0.000000
F 2.687006 5.374012 -2.687006
F 0.000000 8.061017 -2.687006
A 0.000000 10.748023 -5.374012


-13.570000	b9010
6

K 0.000000 0.000000 0.000000
L 2.687006 2.687006 0.000000
V 0.000000 5.374012 0.000000
F 2.687006 8.061017 0.000000
F 2.687006 5.374012 2.687006
A 0.000000 5.374012 5.374012


-13.570000	31410
6

K 0.000000 0.000000 0.000000
L 2.687006 2.687006 0.000000
V 0.000000 5.374012 0.000000
F 2.687006 5.374012 2.687006
F 0.000000 8.061017 2.687006
A 0.000000 10.748023 0.000000


-13.570000	42510
6

K 0.000000 0.000000 0.000000
L 2.687006 2.687006 0.000000
V 0.000000 5.374012 0.000000
F 2.687006 5.374012 -2.687006
F 2.687006 8.061017 0.000000
A 5.374012 8.061017 2.687006


-13.570000	53410
6

K 0.000000 0.000000 0.000000
L 2.687006 2.687006 0.000000
V 0.000000 5.374012 0.000000
F 2.687006 5.374012 2.687006
F 2.687006 8.061017 0.000000
A 5.374012 8.061017 -2.687006


-13.570000	20b00
6

K 0.000000 0.000000 0.000000
L 2.687006 2.687006 0.000000
V 5.374012 5.374012 0.000000
F 2.687006 5.374012 2.687006
F 5.374012 8.061017 2.687006
A 5.374012 10.748023 5.374012


-13.570000	86540
6

K 0.000000 0.000000 0.000000
L 2.687006 2.687006 0.000000
V 5.374012 2.687006 2.687006
F 8.061017 2.687006 0.000000
F 5.374012 0.000000 0.000000
A 5.374012 -2.687006 -2.687006


-13.570000	86500
6

K 0.000000 0.000000 0.000000
L 2.687006 2.687006 0.000000
V 5.374012 5.374012 0.000000
F 8.061017 5.374012 -2.687006
F 5.374012 2.687006 -2.687006
A 5.374012 0.000000 -5.374012


-13.570000	20a00
6

K 0.000000 0.000000 0.000000
L 2.687006 2.687006 0.000000
V 5.374012 5.374012 0.000000
F 2.687006 5.374012 -2.687006
F 5.374012 8.061017 -2.687006
A 5.374012 10.748023 0.000000


-13.570000	20900
6

K 0.000000 0.000000 0.000000
L 2.687006 2.687006 0.000000
V 5.374012 5.374012 0.000000
F 5.374012 2.687006 2.687006
F 8.061017 5.374012 2.687006
A 8.061017 8.061017 5.374012


-13.570000	86300
6

K 0.000000 0.000000 0.000000
L 2.687006 2.687006 0.000000
V 5.374012 5.374012 0.000000
F 5.374012 8.061017 -2.687006
F 2.687006 5.374012 -2.687006
A 2.687006 2.687006 -5.374012


-13.570000	97210
6

K 0.000000 0.000000 0.000000
L 2.687006 2.687006 0.000000
V 0.000000 5.374012 0.000000
F 0.000000 8.061017 2.687006
F 2.687006 5.374012 2.687006
A 2.687006 2.687006 5.374012


-13.570000	74800
6

K 0.000000 0.000000 0.000000
L 2.687006 2.687006 0.000000
V 5.374012 5.374012 0.000000
F 5.374012 2.687006 -2.687006
F 8.061017 2.687006 0.000000
A 10.748023 0.000000 0.000000


-13.570000	85900
6

K 0.000000 0.000000 0.000000
L 2.687006 2.687006 0.000000
V 5.374012 5.374012 0.000000
F 5.374012 2.687006 2.687006
F 8.061017 2.687006 0.000000
A 8.061017 0.000000 -2.687006


-13.570000	1a240
6

K 0.000000 0.000000 0.000000
L 2.687006 2.687006 0.000000
V 5.374012 2.687006 2.687006
F 5.374012 5.374012 5.374012
F 2.687006 5.374012 2.687006
A 0.000000 8.061017 2.687006


-13.570000	74840
6

K 0.000000 0.000000 0.000000
L 2.687006 2.687006 0.000000
V 5.374012 2.687006 2.687006
F 5.374012 0.000000 0.000000
F 8.061017 0.000000 2.687006
A 10.748023 -2.687006 2.687006


-13.570000	1a040
6

K 0.000000 0.000000 0.000000
L 2.687006 2.687006 0.000000
V 5.374012 2.687006 2.687006
F 8.061017 5.374012 2.687006
F 5.374012 5.374012 0.000000
A 2.687006 8.061017 0.000000


-13.570000	30b00
6

K 0.000000 0.000000 0.000000
L 2.687006 2.687006 0.000000
V 5.374012 5.374012 0.000000
F 2.687006 5.374012 2.687006
F 5.374012 8.061017 2.687006
A 5.374012 10.748023 0.000000


-13.570000	74340
6

K 0.000000 0.000000 0.000000
L 2.687006 2.687006 0.000000
V 5.374012 2.687006 2.687006
F 5.374012 5.374012 0.000000
F 8.061017 5.374012 2.687006
A 10.748023 2.687006 2.687006


-13.570000	96540
6

K 0.000000 0.000000 0.000000
L 2.687006 2.687006 0.000000
V 5.374012 2.687006 2.687006
F 8.061017 2.687006 0.000000
F 5.374012 0.000000 0.000000
A 5.374012 -2.687006 2.687006


-13.570000	30a00
6

K 0.000000 0.000000 0.000000
L 2.687006 2.687006 0.000000
V 5.374012 5.374012 0.000000
F 2.687006 5.374012 -2.687006
F 5.374012 8.061017 -2.687006
A 5.374012 10.748023 -5.374012


-13.570000	96400
6

K 0.000000 0.000000 0.000000
L 2.687006 2.687006 0.000000
V 5.374012 5.374012 0.000000
F 8.061017 5.374012 2.687006
F 5.374012 2.687006 2.687006
A 5.374012 0.000000 5.374012


-13.570000	2b700
6

K 0.000000 0.000000 0.000000
L 2.687006 2.687006 0.000000
V 5.374012 5.374012 0.000000
F 8.061017 2.687006 0.000000
F 5.374012 2.687006 2.687006
A 5.374012 5.374012 5.374012


-13.570000	30800
6

K 0.000000 0.000000 0.000000
L 2.687006 2.687006 0.000000
V 5.374012 5.374012 0.000000
F 5.374012 2.687006 -2.687006
F 8.061017 5.374012 -2.687006
A 8.061017 8.061017 -5.374012


-13.570000	96200
6

K 0.000000 0.000000 0.000000
L 2.687006 2.687006 0.000000
V 5.374012 5.374012 0.000000
F 5.374012 8.061017 2.687006
F 2.687006 5.374012 2.687006
A 2.687006 2.687006 5.374012


-13.570000	30840
6

K 0.000000 0.000000 0.000000
L 2.687006 2.687006 0.000000
V 5.374012 2.687006 2.687006
F 5.374012 0.000000 0.000000
F 8.061017 2.687006 0.000000
A 8.061017 5.374012 -2.687006


-13.570000	40b00
6

K 0.000000 0.000000 0.000000
L 2.687006 2.687006 0.000000
V 5.374012 5.374012 0.000000
F 2.687006 5.374012 2.687006
F 5.374012 8.061017 2.687006
A 8.061017 8.061017 5.374012


-13.570000	a6500
6

K 0.000000 0.000000 0.000000
L 2.687006 2.687006 0.000000
V 5.374012 5.374012 0.000000
F 8.061017 5.374012 -2.687006
F 5.374012 2.687006 -2.687006
A 2.687006 2.687006 -5.374012


-13.570000	40900
6

K 0.000000 0.000000 0.000000
L 2.687006 2.687006 0.000000
V 5.374012 5.374012 0.000000
F 5.374012 2.687006 2.687006
F 8.061017 5.374012 2.687006
A 10.748023 5.374012 5.374012


-13.570000	a6300
6

K 0.000000 0.000000 0.000000
L 2.687006 2.687006 0.000000
V 5.374012 5.374012 0.000000
F 5.374012 8.061017 -2.687006
F 2.687006 5.374012 -2.687006
A 0.000000 5.374012 -5.374012


-13.570000	40800
6

K 0.000000 0.000000 0.000000
L 2.687006 2.687006 0.000000
V 5.374012 5.374012 0.000000
F 5.374012 2.687006 -2.687006
F 8.061017 5.374012 -2.687006
A 10.748023 5.374012 0.000000


-13.570000	40840
6

K 0.000000 0.000000 0.000000
L 2.687006 2.687006 0.000000
V 5.374012 2.687006 2.687006
F 5.374012 0.000000 0.000000
F 8.061017 2.687006 0.000000
A 10.748023 2.687006 2.687006


-13.570000	94800
6

K 0.000000 0.000000 0.000000
L 2.687006 2.687006 0.000000
V 5.374012 5.374012 0.000000
F 5.374012 2.687006 -2.687006
F 8.061017 2.687006 0.000000
A 8.061017 0.000000 2.687006


-13.570000	29140
6

K 0.000000 0.000000 0.000000
L 2.687006 2.687006 0.000000
V 5.374012 2.687006 2.687006
F 2.687006 5.374012 2.687006
F 2.687006 2.687006 5.374012
A 2.687006 5.374012 8.061017


-13.570000	3a240
6

K 0.000000 0.000000 0.000000
L 2.687006 2.687006 0.000000
V 5.374012 2.687006 2.687006
F 5.374012 5.374012 5.374012
F 2.687006 5.374012 2.687006
A 2.687006 8.061017 0.000000


-13.570000	29100
6

K 0.000000 0.000000 0.000000
L 2.687006 2.687006 0.000000
V 5.374012 5.374012 0.000000
F 2.687006 8.061017 0.000000
F 2.687006 5.374012 2.687006
A 2.687006 8.061017 5.374012


-13.570000	94840
6

K 0.000000 0.000000 0.000000
L 2.687006 2.687006 0.000000
V 5.374012 2.687006 2.687006
F 5.374012 0.000000 0.000000
F 8.061017 0.000000 2.687006
A 8.061017 -2.687006 5.374012


-13.570000	29010
6

K 0.000000 0.000000 0.000000
L 2.687006 2.687006 0.000000
V 0.000000 5.374012 0.000000
F 2.687006 8.061017 0.000000
F 2.687006 5.374012 2.687006
A 2.687006 8.061017 5.374012


-13.570000	3a040
6

K 0.000000 0.000000 0.000000
L 2.687006 2.687006 0.000000
V 5.374012 2.687006 2.687006
F 8.061017 5.374012 2.687006
F 5.374012 5.374012 0.000000
A 5.374012 8.061017 -2.687006


-13.570000	50a00
6

K 0.000000 0.000000 0.000000
L 2.687006 2.687006 0.000000
V 5.374012 5.374012 0.000000
F 2.687006 5.374012 -2.687006
F 5.374012 8.061017 -2.687006
A 8.061017 8.061017 -5.374012


-13.570000	b6400
6

K 0.000000 0.000000 0.000000
L 2.687006 2.687006 0.000000
V 5.374012 5.374012 0.000000
F 8.061017 5.374012 2.687006
F 5.374012 2.687006 2.687006
A 2.687006 2.687006 5.374012


-13.570000	3a700
6

K 0.000000 0.000000 0.000000
L 2.687006 2.687006 0.000000
V 5.374012 5.374012 0.000000
F 8.061017 2.687006 0.000000
F 5.374012 2.687006 -2.687006
A 5.374012 5.374012 -5.374012


-13.570000	50900
6

K 0.000000 0.000000 0.000000
L 2.687006 2.687006 0.000000
V 5.374012 5.374012 0.000000
F 5.374012 2.687006 2.687006
F 8.061017 5.374012 2.687006
A 10.748023 5.374012 0.000000


-13.570000	94140
6

K 0.000000 0.000000 0.000000
L 2.687006 2.687006 0.000000
V 5.374012 2.687006 2.687006
F 2.687006 5.374012 2.687006
F 5.374012 5.374012 5.374012
A 5.374012 2.687006 8.061017


-13.570000	4b700
6

K 0.000000 0.000000 0.000000
L 2.687006 2.687006 0.000000
V 5.374012 5.374012 0.000000
F 8.061017 2.687006 0.000000
F 5.374012 2.687006 2.687006
A 8.061017 2.687006 5.374012


-13.570000	50800
6

K 0.000000 0.000000 0.000000
L 2.687006 2.687006 0.000000
V 5.374012 5.374012 0.000000
F 5.374012 2.687006 -2.687006
F 8.061017 5.374012 -2.687006
A 10.748023 5.374012 -5.374012


-13.570000	07340
6

K 0.000000 0.000000 0.000000
L 2.687006 2.687006 0.000000
V 5.374012 2.687006 2.687006
F 5.374012 5.374012 0.000000
F 8.061017 2.687006 0.000000
A 10.748023 5.374012 0.000000


-13.570000	b6200
6

K 0.000000 0.000000 0.000000
L 2.687006 2.687006 0.000000
V 5.374012 5.374012 0.000000
F 5.374012 8.061017 2.687006
F 2.687006 5.374012 2.687006
A 0.000000 5.374012 5.374012


-13.570000	07310
6

K 0.000000 0.000000 0.000000
L 2.687006 2.687006 0.000000
V 0.000000 5.374012 0.000000
F 0.000000 8.061017 -2.687006
F 2.687006 5.374012 -2.687006
A 5.374012 8.061017 -2.687006


-13.570000	50840
6

K 0.000000 0.000000 0.000000
L 2.687006 2.687006 0.000000
V 5.374012 2.687006 2.687006
F 5.374012 0.000000 0.000000
F 8.061017 2.687006 0.000000
A 10.748023 2.687006 -2.687006


-13.570000	07210
6

K 0.000000 0.000000 0.000000
L 2.687006 2.687006 0.000000
V 0.000000 5.374012 0.000000
F 0.000000 8.061017 2.687006
F 2.687006 5.374012 2.687006
A 5.374012 8.061017 2.687006


-13.500000	6a540
6

K 0.000000 0.000000 0.000000
L 2.687006 2.687006 0.000000
V 5.374012 2.687006 2.687006
F 8.061017 2.687006 0.000000
F 5.374012 2.687006 -2.687006
A 2.687006 0.000000 -2.687006


-13.500000	89b00
6

K 0.000000 0.000000 0.000000
L 2.687006 2.687006 0.000000
V 5.374012 5.374012 0.000000
F 2.687006 5.374012 2.687006
F 2.687006 2.687006 5.374012
A 2.687006 0.000000 2.687006


-13.500000	ab900
6

K 0.000000 0.000000 0.000000
L 2.687006 2.687006 0.000000
V 5.374012 5.374012 0.000000
F 5.374012 2.687006 2.687006
F 2.687006 2.687006 5.374012
A 0.000000 2.687006 2.687006


-13.500000	89410
6

K 0.000000 0.000000 0.000000
L 2.687006 2.687006 0.000000
V 0.000000 5.374012 0.000000
F 2.687006 5.374012 2.687006
F 2.687006 2.687006 5.374012
A 2.687006 0.000000 2.687006


-13.500000	98a00
6

K 0.000000 0.000000 0.000000
L 2.687006 2.687006 0.000000
V 5.374012 5.374012 0.000000
F 2.687006 5.374012 -2.687006
F 2.687006 2.687006 -5.374012
A 2.687006 0.000000 -2.687006


-13.500000	ba800
6

K 0.000000 0.000000 0.000000
L 2.687006 2.687006 0.000000
V 5.374012 5.374012 0.000000
F 5.374012 2.687006 -2.687006
F 2.687006 2.687006 -5.374012
A 0.000000 2.687006 -2.687006


-13.500000	98510
6

K 0.000000 0.000000 0.000000
L 2.687006 2.687006 0.000000
V 0.000000 5.374012 0.000000
F 2.687006 5.374012 -2.687006
F 2.687006 2.687006 -5.374012
A 2.687006 0.000000 -2.687006


-13.500000	86100
6

K 0.000000 0.000000 0.000000
L 2.687006 2.687006 0.000000
V 5.374012 5.374012 0.000000
F 2.687006 8.061017 0.000000
F 0.000000 5.374012 0.000000
A 0.000000 2.687006 -2.687006


-13.500000	96100
6

K 0.000000 0.000000 0.000000
L 2.687006 2.687006 0.000000
V 5.374012 5.374012 0.000000
F 2.687006 8.061017 0.000000
F 0.000000 5.374012 0.000000
A 0.000000 2.687006 2.687006


-13.500000	a6700
6

K 0.000000 0.000000 0.000000
L 2.687006 2.687006 0.000000
V 5.374012 5.374012 0.000000
F 8.061017 2.687006 0.000000
F 5.374012 0.000000 0.000000
A 2.687006 0.000000 -2.687006


-13.500000	b6700
6

K 0.000000 0.000000 0.000000
L 2.687006 2.687006 0.000000
V 5.374012 5.374012 0.000000
F 8.061017 2.687006 0.000000
F 5.374012 0.000000 0.000000
A 2.687006 0.000000 2.687006


-13.450000	79aa0
6

K 0.000000 0.000000 0.000000
L 2.687006 2.687006 0.000000
V 0.000000 2.687006 -2.687006
F -2.687006 2.687006 -5.374012
F -2.687006 0.000000 -2.687006
A 0.000000 -2.687006 -2.687006


-13.450000	9b8a0
6

K 0.000000 0.000000 0.000000
L 2.687006 2.687006 0.000000
V 0.000000 2.687006 -2.687006
F 0.000000 0.000000 -5.374012
F -2.687006 0.000000 -2.687006
A -2.687006 -2.687006 0.000000


-13.450000	991a0
6

K 0.000000 0.000000 0.000000
L 2.687006 2.687006 0.000000
V 0.000000 2.687006 -2.687006
F -2.687006 5.374012 -2.687006
F -2.687006 2.687006 0.000000
A -2.687006 0.000000 2.687006


-13.450000	99aa0
6

K 0.000000 0.000000 0.000000
L 2.687006 2.687006 0.000000
V 0.000000 2.687006 -2.687006
F -2.687006 2.687006 -5.374012
F -2.687006 0.000000 -2.687006
A -2.687006 -2.687006 0.000000


-13.400000	a9840
6

K 0.000000 0.000000 0.000000
L 2.687006 2.687006 0.000000
V 5.374012 2.687006 2.687006
F 5.374012 0.000000 0.000000
F 5.374012 -2.687006 2.687006
A 2.687006 -2.687006 0.000000


-13.400000	b8840
6

K 0.000000 0.000000 0.000000
L 2.687006 2.687006 0.000000
V 5.374012 2.687006 2.687006
F 5.374012 0.000000 0.000000
F 5.374012 -2.687006 -2.687006
A 2.687006 -2.687006 0.000000


-13.130000	057a0
6

K 0.000000 0.000000 0.000000
L 2.687006 2.687006 0.000000
V 0.000000 2.687006 -2.687006
F 2.687006 0.000000 -2.687006
F 5.374012 0.000000 -5.374012
A 8.061017 2.687006 -5.374012


-13.130000	387a0
6

K 0.000000 0.000000 0.000000
L 2.687006 2.687006 0.000000
V 0.000000 2.687006 -2.687006
F 2.687006 0.000000 -2.687006
F 2.687006 -2.687006 -5.374012
A 2.687006 0.000000 -8.061017


-13.130000	477a0
6

K 0.000000 0.000000 0.000000
L 2.687006 2.687006 0.000000
V 0.000000 2.687006 -2.687006
F 2.687006 0.000000 -2.687006
F 5.374012 -2.687006 -2.687006
A 8.061017 -2.687006 0.000000


-13.130000	587a0
6

K 0.000000 0.000000 0.000000
L 2.687006 2.687006 0.000000
V 0.000000 2.687006 -2.687006
F 2.687006 0.000000 -2.687006
F 2.687006 -2.687006 -5.374012
A 5.374012 -2.687006 -8.061017


-13.130000	357a0
6

K 0.000000 0.000000 0.000000
L 2.687006 2.687006 0.000000
V 0.000000 2.687006 -2.687006
F 2.687006 0.000000 -2.687006
F 5.374012 0.000000 -5.374012
A 5.374012 2.687006 -8.061017


-13.130000	577a0
6

K 0.000000 0.000000 0.000000
L 2.687006 2.687006 0.000000
V 0.000000 2.687006 -2.687006
F 2.687006 0.000000 -2.687006
F 5.374012 -2.687006 -2.687006
A 8.061017 -2.687006 -5.374012


-13.130000	687a0
6

K 0.000000 0.000000 0.000000
L 2.687006 2.687006 0.000000
V 0.000000 2.687006 -2.687006
F 2.687006 0.000000 -2.687006
F 2.687006 -2.687006 -5.374012
A 0.000000 -5.374012 -5.374012


-13.130000	457a0
6

K 0.000000 0.000000 0.000000
L 2.687006 2.687006 0.000000
V 0.000000 2.687006 -2.687006
F 2.687006 0.000000 -2.687006
F 5.374012 0.000000 -5.374012
A 8.061017 0.000000 -2.687006


-13.130000	677a0
6

K 0.000000 0.000000 0.000000
L 2.687006 2.687006 0.000000
V 0.000000 2.687006 -2.687006
F 2.687006 0.000000 -2.687006
F 5.374012 -2.687006 -2.687006
A 2.687006 -5.374012 -2.687006


-13.130000	787a0
6

K 0.000000 0.000000 0.000000
L 2.687006 2.687006 0.000000
V 0.000000 2.687006 -2.687006
F 2.687006 0.000000 -2.687006
F 2.687006 -2.687006 -5.374012
A 5.374012 -5.374012 -5.374012


-13.130000	557a0
6

K 0.000000 0.000000 0.000000
L 2.687006 2.687006 0.000000
V 0.000000 2.687006 -2.687006
F 2.687006 0.000000 -2.687006
F 5.374012 0.000000 -5.374012
A 8.061017 0.000000 -8.061017


-13.130000	777a0
6

K 0.000000 0.000000 0.000000
L 2.687006 2.687006 0.000000
V 0.000000 2.687006 -2.687006
F 2.687006 0.000000 -2.687006
F 5.374012 -2.687006 -2.687006
A 8.061017 -5.374012 -2.687006


-13.130000	887a0
6

K 0.000000 0.000000 0.000000
L 2.687006 2.687006 0.000000
V 0.000000 2.687006 -2.687006
F 2.687006 0.000000 -2.687006
F 2.687006 -2.687006 -5.374012
A 2.687006 -5.374012 -8.061017


-13.130000	877a0
6

K 0.000000 0.000000 0.000000
L 2.687006 2.687006 0.000000
V 0.000000 2.687006 -2.687006
F 2.687006 0.000000 -2.687006
F 5.374012 -2.687006 -2.687006
A 5.374012 -5.374012 -5.374012


-13.130000	987a0
6

K 0.000000 0.000000 0.000000
L 2.687006 2.687006 0.000000
V 0.000000 2.687006 -2.687006
F 2.687006 0.000000 -2.687006
F 2.687006 -2.687006 -5.374012
A 2.687006 -5.374012 -2.687006


-13.130000	757a0
6

K 0.000000 0.000000 0.000000
L 2.687006 2.687006 0.000000
V 0.000000 2.687006 -2.687006
F 2.687006 0.000000 -2.687006
F 5.374012 0.000000 -5.374012
A 8.061017 -2.687006 -5.374012


-13.130000	977a0
6

K 0.000000 0.000000 0.000000
L 2.687006 2.687006 0.000000
V 0.000000 2.687006 -2.687006
F 2.687006 0.000000 -2.687006
F 5.374012 -2.687006 -2.687006
A 5.374012 -5.374012 0.000000


-13.130000	a87a0
6

K 0.000000 0.000000 0.000000
L 2.687006 2.687006 0.000000
V 0.000000 2.687006 -2.687006
F 2.687006 0.000000 -2.687006
F 2.687006 -2.687006 -5.374012
A 0.000000 -2.687006 -8.061017


-13.130000	857a0
6

K 0.000000 0.000000 0.000000
L 2.687006 2.687006 0.000000
V 0.000000 2.687006 -2.687006
F 2.687006 0.000000 -2.687006
F 5.374012 0.000000 -5.374012
A 5.374012 -2.687006 -8.061017


-13.130000	a57a0
6

K 0.000000 0.000000 0.000000
L 2.687006 2.687006 0.000000
V 0.000000 2.687006 -2.687006
F 2.687006 0.000000 -2.687006
F 5.374012 0.000000 -5.374012
A 2.687006 0.000000 -8.061017


-13.130000	077a0
6

K 0.000000 0.000000 0.000000
L 2.687006 2.687006 0.000000
V 0.000000 2.687006 -2.687006
F 2.687006 0.000000 -2.687006
F 5.374012 -2.687006 -2.687006
A 8.061017 0.000000 -2.687006


-12.820000	165a0
6

K 0.000000 0.000000 0.000000
L 2.687006 2.687006 0.000000
V 0.000000 2.687006 -2.687006
F 2.687006 2.687006 -5.374012
F 0.000000 0.000000 -5.374012
A -2.687006 2.687006 -5.374012


-12.820000	70aa0
6

K 0.000000 0.000000 0.000000
L 2.687006 2.687006 0.000000
V 0.000000 2.687006 -2.687006
F -2.687006 2.687006 -5.374012
F 0.000000 5.374012 -5.374012
A 2.687006 2.687006 -5.374012


-12.820000	b15a0
6

K 0.000000 0.000000 0.000000
L 2.687006 2.687006 0.000000
V 0.000000 2.687006 -2.687006
F 2.687006 2.687006 -5.374012
F 0.000000 5.374012 -5.374012
A -2.687006 5.374012 -2.687006


-12.820000	781a0
6

K 0.000000 0.000000 0.000000
L 2.687006 2.687006 0.000000
V 0.000000 2.687006 -2.687006
F -2.687006 5.374012 -2.687006
F -2.687006 2.687006 -5.374012
A 0.000000 0.000000 -5.374012


-12.820000	673a0
6

K 0.000000 0.000000 0.000000
L 2.687006 2.687006 0.000000
V 0.000000 2.687006 -2.687006
F 0.000000 5.374012 -5.374012
F 2.687006 2.687006 -5.374012
A 0.000000 0.000000 -5.374012


-12.820000	018a0
6

K 0.000000 0.000000 0.000000
L 2.687006 2.687006 0.000000
V 0.000000 2.687006 -2.687006
F 0.000000 0.000000 -5.374012
F -2.687006 2.687006 -5.374012
A 0.000000 5.374012 -5.374012


-12.820000	763a0
6

K 0.000000 0.000000 0.000000
L 2.687006 2.687006 0.000000
V 0.000000 2.687006 -2.687006
F 0.000000 5.374012 -5.374012
F -2.687006 2.687006 -5.374012
A 0.000000 0.000000 -5.374012


-12.820000	108a0
6

K 0.000000 0.000000 0.000000
L 2.687006 2.687006 0.000000
V 0.000000 2.687006 -2.687006
F 0.000000 0.000000 -5.374012
F 2.687006 2.687006 -5.374012
A 0.000000 5.374012 -5.374012


-12.820000	218a0
6

K 0.000000 0.000000 0.000000
L 2.687006 2.687006 0.000000
V 0.000000 2.687006 -2.687006
F 0.000000 0.000000 -5.374012
F -2.687006 2.687006 -5.374012
A -2.687006 5.374012 -2.687006


-12.820000	751a0
6

K 0.000000 0.000000 0.000000
L 2.687006 2.687006 0.000000
V 0.000000 2.687006 -2.687006
F -2.687006 5.374012 -2.687006
F 0.000000 5.374012 -5.374012
A 2.687006 2.687006 -5.374012


-12.820000	615a0
6

K 0.000000 0.000000 0.000000
L 2.687006 2.687006 0.000000
V 0.000000 2.687006 -2.687006
F 2.687006 2.687006 -5.374012
F 0.000000 5.374012 -5.374012
A -2.687006 2.687006 -5.374012


-12.820000	07aa0
6

K 0.000000 0.000000 0.000000
L 2.687006 2.687006 0.000000
V 0.000000 2.687006 -2.687006
F -2.687006 2.687006 -5.374012
F 0.000000 0.000000 -5.374012
A 2.687006 2.687006 -5.374012


-12.650000	268a0
6

K 0.000000 0.000000 0.000000
L 2.687006 2.687006 0.000000
V 0.000000 2.687006 -2.687006
F 0.000000 0.000000 -5.374012
F -2.687006 -2.687006 -5.374012
A -2.687006 0.000000 -2.687006


-12.650000	7b1a0
6

K 0.000000 0.000000 0.000000
L 2.687006 2.687006 0.000000
V 0.000000 2.687006 -2.687006
F -2.687006 5.374012 -2.687006
F -5.374012 5.374012 0.000000
A -2.687006 2.687006 0.000000


-12.650000	7baa0
6

K 0.000000 0.000000 0.000000
L 2.687006 2.687006 0.000000
V 0.000000 2.687006 -2.687006
F -2.687006 2.687006 -5.374012
F -5.374012 2.687006 -2.687006
A -2.687006 0.000000 -2.687006


-12.650000	46aa0
6

K 0.000000 0.000000 0.000000
L 2.687006 2.687006 0.000000
V 0.000000 2.687006 -2.687006
F -2.687006 2.687006 -5.374012
F -5.374012 0.000000 -5.374012
A -2.687006 0.000000 -2.687006


-12.650000	461a0
6

K 0.000000 0.000000 0.000000
L 2.687006 2.687006 0.000000
V 0.000000 2.687006 -2.687006
F -2.687006 5.374012 -2.687006
F -5.374012 2.687006 -2.687006
A -2.687006 2.687006 0.000000


-12.510000	a1940
6

K 0.000000 0.000000 0.000000
L 2.687006 2.687006 0.000000
V 5.374012 2.687006 2.687006
F 5.374012 0.000000 5.374012
F 2.687006 2.687006 5.374012
A 0.000000 2.687006 2.687006


-12.510000	a6240
6

K 0.000000 0.000000 0.000000
L 2.687006 2.687006 0.000000
V 5.374012 2.687006 2.687006
F 5.374012 5.374012 5.374012
F 2.687006 2.687006 5.374012
A 0.000000 2.687006 2.687006


-12.210000	275a0
6

K 0.000000 0.000000 0.000000
L 2.687006 2.687006 0.000000
V 0.000000 2.687006 -2.687006
F 2.687006 2.687006 -5.374012
F 5.374012 0.000000 -5.374012
A 5.374012 2.687006 -2.687006


-12.210000	905a0
6

K 0.000000 0.000000 0.000000
L 2.687006 2.687006 0.000000
V 0.000000 2.687006 -2.687006
F 2.687006 2.687006 -5.374012
F 5.374012 5.374012 -5.374012
A 5.374012 2.687006 -2.687006


-12.210000	0b610
6

K 0.000000 0.000000 0.000000
L 2.687006 2.687006 0.000000
V 0.000000 5.374012 0.000000
F -2.687006 2.687006 0.000000
F -5.374012 2.687006 2.687006
A -2.687006 5.374012 2.687006


-12.210000	0a610
6

K 0.000000 0.000000 0.000000
L 2.687006 2.687006 0.000000
V 0.000000 5.374012 0.000000
F -2.687006 2.687006 0.000000
F -5.374012 2.687006 -2.687006
A -2.687006 5.374012 -2.687006


-12.210000	41610
6

K 0.000000 0.000000 0.000000
L 2.687006 2.687006 0.000000
V 0.000000 5.374012 0.000000
F -2.687006 2.687006 0.000000
F -5.374012 5.374012 0.000000
A -2.687006 5.374012 2.687006


-12.210000	51610
6

K 0.000000 0.000000 0.000000
L 2.687006 2.687006 0.000000
V 0.000000 5.374012 0.000000
F -2.687006 2.687006 0.000000
F -5.374012 5.374012 0.000000
A -2.687006 5.374012 -2.687006


-12.190000	87010
6

K 0.000000 0.000000 0.000000
L 2.687006 2.687006 0.000000
V 0.000000 5.374012 0.000000
F 2.687006 8.061017 0.000000
F 5.374012 5.374012 0.000000
A 5.374012 2.687006 -2.687006


-12.190000	97010
6

K 0.000000 0.000000 0.000000
L 2.687006 2.687006 0.000000
V 0.000000 5.374012 0.000000
F 2.687006 8.061017 0.000000
F 5.374012 5.374012 0.000000
A 5.374012 2.687006 2.687006


-12.190000	1a540
6

K 0.000000 0.000000 0.000000
L 2.687006 2.687006 0.000000
V 5.374012 2.687006 2.687006
F 8.061017 2.687006 0.000000
F 5.374012 2.687006 -2.687006
A 2.687006 5.374012 -2.687006


-12.190000	61340
6

K 0.000000 0.000000 0.000000
L 2.687006 2.687006 0.000000
V 5.374012 2.687006 2.687006
F 5.374012 5.374012 0.000000
F 2.687006 8.061017 0.000000
A 0.000000 5.374012 0.000000


-12.190000	83140
6

K 0.000000 0.000000 0.000000
L 2.687006 2.687006 0.000000
V 5.374012 2.687006 2.687006
F 2.687006 5.374012 2.687006
F 2.687006 8.061017 0.000000
A 2.687006 5.374012 -2.687006


-12.140000	a36a0
6

K 0.000000 0.000000 0.000000
L 2.687006 2.687006 0.000000
V 0.000000 2.687006 -2.687006
F -2.687006 0.000000 -2.687006
F -2.687006 2.687006 -5.374012
A -5.374012 2.687006 -8.061017


-12.140000	6b8a0
6

K 0.000000 0.000000 0.000000
L 2.687006 2.687006 0.000000
V 0.000000 2.687006 -2.687006
F 0.000000 0.000000 -5.374012
F -2.687006 0.000000 -2.687006
A -5.374012 -2.687006 -2.687006


-12.140000	a3ba0
6

K 0.000000 0.000000 0.000000
L 2.687006 2.687006 0.000000
V 0.000000 2.687006 -2.687006
F -2.687006 2.687006 0.000000
F -2.687006 5.374012 -2.687006
A -5.374012 5.374012 -5.374012


-12.140000	691a0
6

K 0.000000 0.000000 0.000000
L 2.687006 2.687006 0.000000
V 0.000000 2.687006 -2.687006
F -2.687006 5.374012 -2.687006
F -2.687006 2.687006 0.000000
A -5.374012 0.000000 0.000000


-12.140000	69aa0
6

K 0.000000 0.000000 0.000000
L 2.687006 2.687006 0.000000
V 0.000000 2.687006 -2.687006
F -2.687006 2.687006 -5.374012
F -2.687006 0.000000 -2.687006
A -5.374012 -2.687006 -2.687006


-12.140000	03ba0
6

K 0.000000 0.000000 0.000000
L 2.687006 2.687006 0.000000
V 0.000000 2.687006 -2.687006
F -2.687006 2.687006 0.000000
F -2.687006 5.374012 -2.687006
A 0.000000 8.061017 -2.687006


-12.140000	136a0
6

K 0.000000 0.000000 0.000000
L 2.687006 2.687006 0.000000
V 0.000000 2.687006 -2.687006
F -2.687006 0.000000 -2.687006
F -2.687006 2.687006 -5.374012
A -5.374012 5.374012 -5.374012


-12.140000	356a0
6

K 0.000000 0.000000 0.000000
L 2.687006 2.687006 0.000000
V 0.000000 2.687006 -2.687006
F -2.687006 0.000000 -2.687006
F 0.000000 0.000000 -5.374012
A 0.000000 2.687006 -8.061017


-12.140000	13ba0
6

K 0.000000 0.000000 0.000000
L 2.687006 2.687006 0.000000
V 0.000000 2.687006 -2.687006
F -2.687006 2.687006 0.000000
F -2.687006 5.374012 -2.687006
A -5.374012 8.061017 -2.687006


-12.140000	89aa0
6

K 0.000000 0.000000 0.000000
L 2.687006 2.687006 0.000000
V 0.000000 2.687006 -2.687006
F -2.687006 2.687006 -5.374012
F -2.687006 0.000000 -2.687006
A -2.687006 -2.687006 -5.374012


-12.140000	ab8a0
6

K 0.000000 0.000000 0.000000
L 2.687006 2.687006 0.000000
V 0.000000 2.687006 -2.687006
F 0.000000 0.000000 -5.374012
F -2.687006 0.000000 -2.687006
A -5.374012 0.000000 -5.374012


-12.140000	23ba0
6

K 0.000000 0.000000 0.000000
L 2.687006 2.687006 0.000000
V 0.000000 2.687006 -2.687006
F -2.687006 2.687006 0.000000
F -2.687006 5.374012 -2.687006
A -2.687006 8.061017 0.000000


-12.140000	336a0
6

K 0.000000 0.000000 0.000000
L 2.687006 2.687006 0.000000
V 0.000000 2.687006 -2.687006
F -2.687006 0.000000 -2.687006
F -2.687006 2.687006 -5.374012
A -2.687006 5.374012 -8.061017


-12.140000	556a0
6

K 0.000000 0.000000 0.000000
L 2.687006 2.687006 0.000000
V 0.000000 2.687006 -2.687006
F -2.687006 0.000000 -2.687006
F 0.000000 0.000000 -5.374012
A 2.687006 0.000000 -8.061017


-12.140000	bb8a0
6

K 0.000000 0.000000 0.000000
L 2.687006 2.687006 0.000000
V 0.000000 2.687006 -2.687006
F 0.000000 0.000000 -5.374012
F -2.687006 0.000000 -2.687006
A -5.374012 0.000000 0.000000


-12.140000	33ba0
6

K 0.000000 0.000000 0.000000
L 2.687006 2.687006 0.000000
V 0.000000 2.687006 -2.687006
F -2.687006 2.687006 0.000000
F -2.687006 5.374012 -2.687006
A -2.687006 8.061017 -5.374012


-12.140000	b91a0
6

K 0.000000 0.000000 0.000000
L 2.687006 2.687006 0.000000
V 0.000000 2.687006 -2.687006
F -2.687006 5.374012 -2.687006
F -2.687006 2.687006 0.000000
A -5.374012 2.687006 2.687006


-12.140000	536a0
6

K 0.000000 0.000000 0.000000
L 2.687006 2.687006 0.000000
V 0.000000 2.687006 -2.687006
F -2.687006 0.000000 -2.687006
F -2.687006 2.687006 -5.374012
A 0.000000 2.687006 -8.061017


-12.140000	756a0
6

K 0.000000 0.000000 0.000000
L 2.687006 2.687006 0.000000
V 0.000000 2.687006 -2.687006
F -2.687006 0.000000 -2.687006
F 0.000000 0.000000 -5.374012
A 2.687006 -2.687006 -5.374012


-12.140000	b9aa0
6

K 0.000000 0.000000 0.000000
L 2.687006 2.687006 0.000000
V 0.000000 2.687006 -2.687006
F -2.687006 2.687006 -5.374012
F -2.687006 0.000000 -2.687006
A -5.374012 0.000000 0.000000


-12.140000	1b8a0
6

K 0.000000 0.000000 0.000000
L 2.687006 2.687006 0.000000
V 0.000000 2.687006 -2.687006
F 0.000000 0.000000 -5.374012
F -2.687006 0.000000 -2.687006
A -5.374012 2.687006 -2.687006


-12.140000	856a0
6

K 0.000000 0.000000 0.000000
L 2.687006 2.687006 0.000000
V 0.000000 2.687006 -2.687006
F -2.687006 0.000000 -2.687006
F 0.000000 0.000000 -5.374012
A 0.000000 -2.687006 -8.061017


-12.140000	291a0
6

K 0.000000 0.000000 0.000000
L 2.687006 2.687006 0.000000
V 0.000000 2.687006 -2.687006
F -2.687006 5.374012 -2.687006
F -2.687006 2.687006 0.000000
A -2.687006 5.374012 2.687006


-12.140000	836a0
6

K 0.000000 0.000000 0.000000
L 2.687006 2.687006 0.000000
V 0.000000 2.687006 -2.687006
F -2.687006 0.000000 -2.687006
F -2.687006 2.687006 -5.374012
A -2.687006 0.000000 -8.061017


-12.140000	a56a0
6

K 0.000000 0.000000 0.000000
L 2.687006 2.687006 0.000000
V 0.000000 2.687006 -2.687006
F -2.687006 0.000000 -2.687006
F 0.000000 0.000000 -5.374012
A -2.687006 0.000000 -8.061017


-12.090000	27010
6

K 0.000000 0.000000 0.000000
L 2.687006 2.687006 0.000000
V 0.000000 5.374012 0.000000
F 2.687006 8.061017 0.000000
F 5.374012 5.374012 0.000000
A 5.374012 8.061017 2.687006


-12.090000	27900
6

K 0.000000 0.000000 0.000000
L 2.687006 2.687006 0.000000
V 5.374012 5.374012 0.000000
F 5.374012 2.687006 2.687006
F 8.061017 0.000000 2.687006
A 8.061017 2.687006 5.374012


-12.090000	81a00
6

K 0.000000 0.000000 0.000000
L 2.687006 2.687006 0.000000
V 5.374012 5.374012 0.000000
F 2.687006 5.374012 -2.687006
F 0.000000 8.061017 -2.687006
A 0.000000 5.374012 -5.374012


-12.090000	15a00
6

K 0.000000 0.000000 0.000000
L 2.687006 2.687006 0.000000
V 5.374012 5.374012 0.000000
F 2.687006 5.374012 -2.687006
F 5.374012 5.374012 -5.374012
A 2.687006 8.061017 -5.374012


-12.090000	37010
6

K 0.000000 0.000000 0.000000
L 2.687006 2.687006 0.000000
V 0.000000 5.374012 0.000000
F 2.687006 8.061017 0.000000
F 5.374012 5.374012 0.000000
A 5.374012 8.061017 -2.687006


-12.090000	7b410
6

K 0.000000 0.000000 0.000000
L 2.687006 2.687006 0.000000
V 0.000000 5.374012 0.000000
F 2.687006 5.374012 2.687006
F 0.000000 5.374012 5.374012
A 2.687006 2.687006 5.374012


-12.090000	80510
6

K 0.000000 0.000000 0.000000
L 2.687006 2.687006 0.000000
V 0.000000 5.374012 0.000000
F 2.687006 5.374012 -2.687006
F 5.374012 8.061017 -2.687006
A 5.374012 5.374012 -5.374012


-12.090000	15800
6

K 0.000000 0.000000 0.000000
L 2.687006 2.687006 0.000000
V 5.374012 5.374012 0.000000
F 5.374012 2.687006 -2.687006
F 8.061017 2.687006 -5.374012
A 5.374012 5.374012 -5.374012


-12.090000	80340
6

K 0.000000 0.000000 0.000000
L 2.687006 2.687006 0.000000
V 5.374012 2.687006 2.687006
F 5.374012 5.374012 0.000000
F 8.061017 8.061017 0.000000
A 8.061017 5.374012 -2.687006


-12.090000	37800
6

K 0.000000 0.000000 0.000000
L 2.687006 2.687006 0.000000
V 5.374012 5.374012 0.000000
F 5.374012 2.687006 -2.687006
F 8.061017 0.000000 -2.687006
A 8.061017 2.687006 -5.374012


-12.090000	a2340
6

K 0.000000 0.000000 0.000000
L 2.687006 2.687006 0.000000
V 5.374012 2.687006 2.687006
F 5.374012 5.374012 0.000000
F 5.374012 8.061017 2.687006
A 2.687006 8.061017 0.000000


-12.090000	37840
6

K 0.000000 0.000000 0.000000
L 2.687006 2.687006 0.000000
V 5.374012 2.687006 2.687006
F 5.374012 0.000000 0.000000
F 8.061017 -2.687006 0.000000
A 8.061017 0.000000 -2.687006


-12.090000	48800
6

K 0.000000 0.000000 0.000000
L 2.687006 2.687006 0.000000
V 5.374012 5.374012 0.000000
F 5.374012 2.687006 -2.687006
F 5.374012 0.000000 -5.374012
A 8.061017 0.000000 -2.687006


-12.090000	59900
6

K 0.000000 0.000000 0.000000
L 2.687006 2.687006 0.000000
V 5.374012 5.374012 0.000000
F 5.374012 2.687006 2.687006
F 5.374012 0.000000 5.374012
A 8.061017 0.000000 2.687006


-12.090000	91140
6

K 0.000000 0.000000 0.000000
L 2.687006 2.687006 0.000000
V 5.374012 2.687006 2.687006
F 2.687006 5.374012 2.687006
F 0.000000 8.061017 2.687006
A 0.000000 5.374012 5.374012


-12.090000	7bb00
6

K 0.000000 0.000000 0.000000
L 2.687006 2.687006 0.000000
V 5.374012 5.374012 0.000000
F 2.687006 5.374012 2.687006
F 0.000000 5.374012 5.374012
A 2.687006 2.687006 5.374012


-12.090000	b3340
6

K 0.000000 0.000000 0.000000
L 2.687006 2.687006 0.000000
V 5.374012 2.687006 2.687006
F 5.374012 5.374012 0.000000
F 5.374012 8.061017 -2.687006
A 2.687006 8.061017 0.000000


-12.090000	15510
6

K 0.000000 0.000000 0.000000
L 2.687006 2.687006 0.000000
V 0.000000 5.374012 0.000000
F 2.687006 5.374012 -2.687006
F 5.374012 5.374012 -5.374012
A 2.687006 8.061017 -5.374012


-12.090000	48840
6

K 0.000000 0.000000 0.000000
L 2.687006 2.687006 0.000000
V 5.374012 2.687006 2.687006
F 5.374012 0.000000 0.000000
F 5.374012 -2.687006 -2.687006
A 8.061017 -2.687006 0.000000


-12.090000	a2140
6

K 0.000000 0.000000 0.000000
L 2.687006 2.687006 0.000000
V 5.374012 2.687006 2.687006
F 2.687006 5.374012 2.687006
F 2.687006 8.061017 5.374012
A 0.000000 8.061017 2.687006


-12.090000	59840
6

K 0.000000 0.000000 0.000000
L 2.687006 2.687006 0.000000
V 5.374012 2.687006 2.687006
F 5.374012 0.000000 0.000000
F 5.374012 -2.687006 2.687006
A 8.061017 -2.687006 0.000000


-12.090000	7b900
6

K 0.000000 0.000000 0.000000
L 2.687006 2.687006 0.000000
V 5.374012 5.374012 0.000000
F 5.374012 2.687006 2.687006
F 2.687006 2.687006 5.374012
A 5.374012 0.000000 5.374012


-12.090000	b3140
6

K 0.000000 0.000000 0.000000
L 2.687006 2.687006 0.000000
V 5.374012 2.687006 2.687006
F 2.687006 5.374012 2.687006
F 2.687006 8.061017 0.000000
A 0.000000 8.061017 2.687006


-12.090000	91b00
6

K 0.000000 0.000000 0.000000
L 2.687006 2.687006 0.000000
V 5.374012 5.374012 0.000000
F 2.687006 5.374012 2.687006
F 0.000000 8.061017 2.687006
A 0.000000 5.374012 5.374012


-12.090000	15340
6

K 0.000000 0.000000 0.000000
L 2.687006 2.687006 0.000000
V 5.374012 2.687006 2.687006
F 5.374012 5.374012 0.000000
F 8.061017 5.374012 -2.687006
A 5.374012 8.061017 -2.687006


-12.090000	a2b00
6

K 0.000000 0.000000 0.000000
L 2.687006 2.687006 0.000000
V 5.374012 5.374012 0.000000
F 2.687006 5.374012 2.687006
F 2.687006 8.061017 5.374012
A 0.000000 8.061017 2.687006


-12.090000	b3a00
6

K 0.000000 0.000000 0.000000
L 2.687006 2.687006 0.000000
V 5.374012 5.374012 0.000000
F 2.687006 5.374012 -2.687006
F 2.687006 8.061017 -5.374012
A 0.000000 8.061017 -2.687006


-12.090000	26100
6

K 0.000000 0.000000 0.000000
L 2.687006 2.687006 0.000000
V 5.374012 5.374012 0.000000
F 2.687006 8.061017 0.000000
F 0.000000 5.374012 0.000000
A 0.000000 8.061017 2.687006


-12.090000	14900
6

K 0.000000 0.000000 0.000000
L 2.687006 2.687006 0.000000
V 5.374012 5.374012 0.000000
F 5.374012 2.687006 2.687006
F 8.061017 2.687006 5.374012
A 5.374012 5.374012 5.374012


-12.090000	90410
6

K 0.000000 0.000000 0.000000
L 2.687006 2.687006 0.000000
V 0.000000 5.374012 0.000000
F 2.687006 5.374012 2.687006
F 5.374012 8.061017 2.687006
A 5.374012 5.374012 5.374012


-12.090000	7aa00
6

K 0.000000 0.000000 0.000000
L 2.687006 2.687006 0.000000
V 5.374012 5.374012 0.000000
F 2.687006 5.374012 -2.687006
F 0.000000 5.374012 -5.374012
A 2.687006 2.687006 -5.374012


-12.090000	14410
6

K 0.000000 0.000000 0.000000
L 2.687006 2.687006 0.000000
V 0.000000 5.374012 0.000000
F 2.687006 5.374012 2.687006
F 5.374012 5.374012 5.374012
A 2.687006 8.061017 5.374012


-12.090000	25510
6

K 0.000000 0.000000 0.000000
L 2.687006 2.687006 0.000000
V 0.000000 5.374012 0.000000
F 2.687006 5.374012 -2.687006
F 5.374012 5.374012 -5.374012
A 5.374012 8.061017 -2.687006


-12.090000	7a800
6

K 0.000000 0.000000 0.000000
L 2.687006 2.687006 0.000000
V 5.374012 5.374012 0.000000
F 5.374012 2.687006 -2.687006
F 2.687006 2.687006 -5.374012
A 5.374012 0.000000 -5.374012


-12.090000	25340
6

K 0.000000 0.000000 0.000000
L 2.687006 2.687006 0.000000
V 5.374012 2.687006 2.687006
F 5.374012 5.374012 0.000000
F 8.061017 5.374012 -2.687006
A 8.061017 8.061017 0.000000


-12.090000	14b00
6

K 0.000000 0.000000 0.000000
L 2.687006 2.687006 0.000000
V 5.374012 5.374012 0.000000
F 2.687006 5.374012 2.687006
F 5.374012 5.374012 5.374012
A 2.687006 8.061017 5.374012


-12.090000	36100
6

K 0.000000 0.000000 0.000000
L 2.687006 2.687006 0.000000
V 5.374012 5.374012 0.000000
F 2.687006 8.061017 0.000000
F 0.000000 5.374012 0.000000
A 0.000000 8.061017 -2.687006


-12.090000	7a540
6

K 0.000000 0.000000 0.000000
L 2.687006 2.687006 0.000000
V 5.374012 2.687006 2.687006
F 8.061017 2.687006 0.000000
F 5.374012 2.687006 -2.687006
A 8.061017 0.000000 -2.687006


-12.090000	7a510
6

K 0.000000 0.000000 0.000000
L 2.687006 2.687006 0.000000
V 0.000000 5.374012 0.000000
F 2.687006 5.374012 -2.687006
F 0.000000 5.374012 -5.374012
A 2.687006 2.687006 -5.374012


-12.090000	a0510
6

K 0.000000 0.000000 0.000000
L 2.687006 2.687006 0.000000
V 0.000000 5.374012 0.000000
F 2.687006 5.374012 -2.687006
F 5.374012 8.061017 -2.687006
A 2.687006 8.061017 -5.374012


-12.090000	a0340
6

K 0.000000 0.000000 0.000000
L 2.687006 2.687006 0.000000
V 5.374012 2.687006 2.687006
F 5.374012 5.374012 0.000000
F 8.061017 8.061017 0.000000
A 5.374012 8.061017 -2.687006


-12.090000	46700
6

K 0.000000 0.000000 0.000000
L 2.687006 2.687006 0.000000
V 5.374012 5.374012 0.000000
F 8.061017 2.687006 0.000000
F 5.374012 0.000000 0.000000
A 8.061017 0.000000 2.687006


-12.090000	a0140
6

K 0.000000 0.000000 0.000000
L 2.687006 2.687006 0.000000
V 5.374012 2.687006 2.687006
F 2.687006 5.374012 2.687006
F 5.374012 8.061017 2.687006
A 2.687006 8.061017 0.000000


-12.090000	b0410
6

K 0.000000 0.000000 0.000000
L 2.687006 2.687006 0.000000
V 0.000000 5.374012 0.000000
F 2.687006 5.374012 2.687006
F 5.374012 8.061017 2.687006
A 2.687006 8.061017 5.374012


-12.090000	b0340
6

K 0.000000 0.000000 0.000000
L 2.687006 2.687006 0.000000
V 5.374012 2.687006 2.687006
F 5.374012 5.374012 0.000000
F 8.061017 8.061017 0.000000
A 5.374012 8.061017 2.687006


-12.090000	56700
6

K 0.000000 0.000000 0.000000
L 2.687006 2.687006 0.000000
V 5.374012 5.374012 0.000000
F 8.061017 2.687006 0.000000
F 5.374012 0.000000 0.000000
A 8.061017 0.000000 -2.687006


-12.090000	b0140
6

K 0.000000 0.000000 0.000000
L 2.687006 2.687006 0.000000
V 5.374012 2.687006 2.687006
F 2.687006 5.374012 2.687006
F 5.374012 8.061017 2.687006
A 2.687006 8.061017 5.374012


-12.090000	34410
6

K 0.000000 0.000000 0.000000
L 2.687006 2.687006 0.000000
V 0.000000 5.374012 0.000000
F 2.687006 5.374012 2.687006
F 5.374012 5.374012 5.374012
A 5.374012 8.061017 2.687006


-12.090000	65a00
6

K 0.000000 0.000000 0.000000
L 2.687006 2.687006 0.000000
V 5.374012 5.374012 0.000000
F 2.687006 5.374012 -2.687006
F 5.374012 5.374012 -5.374012
A 2.687006 2.687006 -5.374012


-12.090000	0b410
6

K 0.000000 0.000000 0.000000
L 2.687006 2.687006 0.000000
V 0.000000 5.374012 0.000000
F 2.687006 5.374012 2.687006
F 0.000000 5.374012 5.374012
A 2.687006 8.061017 5.374012


-12.090000	65800
6

K 0.000000 0.000000 0.000000
L 2.687006 2.687006 0.000000
V 5.374012 5.374012 0.000000
F 5.374012 2.687006 -2.687006
F 8.061017 2.687006 -5.374012
A 5.374012 0.000000 -5.374012


-12.090000	65840
6

K 0.000000 0.000000 0.000000
L 2.687006 2.687006 0.000000
V 5.374012 2.687006 2.687006
F 5.374012 0.000000 0.000000
F 8.061017 0.000000 -2.687006
A 5.374012 -2.687006 -2.687006


-12.090000	0b140
6

K 0.000000 0.000000 0.000000
L 2.687006 2.687006 0.000000
V 5.374012 2.687006 2.687006
F 2.687006 5.374012 2.687006
F 0.000000 5.374012 5.374012
A 2.687006 8.061017 5.374012


-12.090000	43510
6

K 0.000000 0.000000 0.000000
L 2.687006 2.687006 0.000000
V 0.000000 5.374012 0.000000
F 2.687006 5.374012 -2.687006
F 2.687006 8.061017 -5.374012
A 5.374012 8.061017 -2.687006


-12.090000	0bb00
6

K 0.000000 0.000000 0.000000
L 2.687006 2.687006 0.000000
V 5.374012 5.374012 0.000000
F 2.687006 5.374012 2.687006
F 0.000000 5.374012 5.374012
A 2.687006 8.061017 5.374012


-12.090000	43340
6

K 0.000000 0.000000 0.000000
L 2.687006 2.687006 0.000000
V 5.374012 2.687006 2.687006
F 5.374012 5.374012 0.000000
F 5.374012 8.061017 -2.687006
A 8.061017 8.061017 0.000000


-12.090000	65510
6

K 0.000000 0.000000 0.000000
L 2.687006 2.687006 0.000000
V 0.000000 5.374012 0.000000
F 2.687006 5.374012 -2.687006
F 5.374012 5.374012 -5.374012
A 2.687006 2.687006 -5.374012


-12.090000	0b900
6

K 0.000000 0.000000 0.000000
L 2.687006 2.687006 0.000000
V 5.374012 5.374012 0.000000
F 5.374012 2.687006 2.687006
F 2.687006 2.687006 5.374012
A 5.374012 5.374012 5.374012


-12.090000	43140
6

K 0.000000 0.000000 0.000000
L 2.687006 2.687006 0.000000
V 5.374012 2.687006 2.687006
F 2.687006 5.374012 2.687006
F 2.687006 8.061017 0.000000
A 5.374012 8.061017 2.687006


-12.090000	64900
6

K 0.000000 0.000000 0.000000
L 2.687006 2.687006 0.000000
V 5.374012 5.374012 0.000000
F 5.374012 2.687006 2.687006
F 8.061017 2.687006 5.374012
A 5.374012 0.000000 5.374012


-12.090000	0aa00
6

K 0.000000 0.000000 0.000000
L 2.687006 2.687006 0.000000
V 5.374012 5.374012 0.000000
F 2.687006 5.374012 -2.687006
F 0.000000 5.374012 -5.374012
A 2.687006 8.061017 -5.374012


-12.090000	64410
6

K 0.000000 0.000000 0.000000
L 2.687006 2.687006 0.000000
V 0.000000 5.374012 0.000000
F 2.687006 5.374012 2.687006
F 5.374012 5.374012 5.374012
A 2.687006 2.687006 5.374012


-12.090000	0a800
6

K 0.000000 0.000000 0.000000
L 2.687006 2.687006 0.000000
V 5.374012 5.374012 0.000000
F 5.374012 2.687006 -2.687006
F 2.687006 2.687006 -5.374012
A 5.374012 5.374012 -5.374012


-12.090000	64b00
6

K 0.000000 0.000000 0.000000
L 2.687006 2.687006 0.000000
V 5.374012 5.374012 0.000000
F 2.687006 5.374012 2.687006
F 5.374012 5.374012 5.374012
A 2.687006 2.687006 5.374012


-12.090000	0a540
6

K 0.000000 0.000000 0.000000
L 2.687006 2.687006 0.000000
V 5.374012 2.687006 2.687006
F 8.061017 2.687006 0.000000
F 5.374012 2.687006 -2.687006
A 8.061017 5.374012 -2.687006


-12.090000	0a510
6

K 0.000000 0.000000 0.000000
L 2.687006 2.687006 0.000000
V 0.000000 5.374012 0.000000
F 2.687006 5.374012 -2.687006
F 0.000000 5.374012 -5.374012
A 2.687006 8.061017 -5.374012


-12.090000	63800
6

K 0.000000 0.000000 0.000000
L 2.687006 2.687006 0.000000
V 5.374012 5.374012 0.000000
F 5.374012 2.687006 -2.687006
F 5.374012 5.374012 -5.374012
A 2.687006 2.687006 -5.374012


-12.090000	09b00
6

K 0.000000 0.000000 0.000000
L 2.687006 2.687006 0.000000
V 5.374012 5.374012 0.000000
F 2.687006 5.374012 2.687006
F 2.687006 2.687006 5.374012
A 5.374012 5.374012 5.374012


-12.090000	41340
6

K 0.000000 0.000000 0.000000
L 2.687006 2.687006 0.000000
V 5.374012 2.687006 2.687006
F 5.374012 5.374012 0.000000
F 2.687006 8.061017 0.000000
A 5.374012 8.061017 2.687006


-12.090000	52410
6

K 0.000000 0.000000 0.000000
L 2.687006 2.687006 0.000000
V 0.000000 5.374012 0.000000
F 2.687006 5.374012 2.687006
F 2.687006 8.061017 5.374012
A 5.374012 8.061017 2.687006


-12.090000	63510
6

K 0.000000 0.000000 0.000000
L 2.687006 2.687006 0.000000
V 0.000000 5.374012 0.000000
F 2.687006 5.374012 -2.687006
F 2.687006 8.061017 -5.374012
A 0.000000 5.374012 -5.374012


-12.090000	a7800
6

K 0.000000 0.000000 0.000000
L 2.687006 2.687006 0.000000
V 5.374012 5.374012 0.000000
F 5.374012 2.687006 -2.687006
F 8.061017 0.000000 -2.687006
A 5.374012 0.000000 -5.374012


-12.090000	52340
6

K 0.000000 0.000000 0.000000
L 2.687006 2.687006 0.000000
V 5.374012 2.687006 2.687006
F 5.374012 5.374012 0.000000
F 5.374012 8.061017 2.687006
A 8.061017 8.061017 0.000000


-12.090000	a7840
6

K 0.000000 0.000000 0.000000
L 2.687006 2.687006 0.000000
V 5.374012 2.687006 2.687006
F 5.374012 0.000000 0.000000
F 8.061017 -2.687006 0.000000
A 5.374012 -2.687006 -2.687006


-12.090000	09900
6

K 0.000000 0.000000 0.000000
L 2.687006 2.687006 0.000000
V 5.374012 5.374012 0.000000
F 5.374012 2.687006 2.687006
F 5.374012 0.000000 5.374012
A 8.061017 2.687006 5.374012


-12.090000	41140
6

K 0.000000 0.000000 0.000000
L 2.687006 2.687006 0.000000
V 5.374012 2.687006 2.687006
F 2.687006 5.374012 2.687006
F 0.000000 8.061017 2.687006
A 2.687006 8.061017 5.374012


-12.090000	52140
6

K 0.000000 0.000000 0.000000
L 2.687006 2.687006 0.000000
V 5.374012 2.687006 2.687006
F 2.687006 5.374012 2.687006
F 2.687006 8.061017 5.374012
A 5.374012 8.061017 2.687006


-12.090000	41b00
6

K 0.000000 0.000000 0.000000
L 2.687006 2.687006 0.000000
V 5.374012 5.374012 0.000000
F 2.687006 5.374012 2.687006
F 0.000000 8.061017 2.687006
A 2.687006 8.061017 5.374012


-12.090000	63a00
6

K 0.000000 0.000000 0.000000
L 2.687006 2.687006 0.000000
V 5.374012 5.374012 0.000000
F 2.687006 5.374012 -2.687006
F 2.687006 8.061017 -5.374012
A 0.000000 5.374012 -5.374012


-12.090000	09410
6

K 0.000000 0.000000 0.000000
L 2.687006 2.687006 0.000000
V 0.000000 5.374012 0.000000
F 2.687006 5.374012 2.687006
F 2.687006 2.687006 5.374012
A 5.374012 5.374012 5.374012


-12.090000	73800
6

K 0.000000 0.000000 0.000000
L 2.687006 2.687006 0.000000
V 5.374012 5.374012 0.000000
F 5.374012 2.687006 -2.687006
F 5.374012 5.374012 -5.374012
A 8.061017 2.687006 -5.374012


-12.090000	84900
6

K 0.000000 0.000000 0.000000
L 2.687006 2.687006 0.000000
V 5.374012 5.374012 0.000000
F 5.374012 2.687006 2.687006
F 8.061017 2.687006 5.374012
A 8.061017 0.000000 2.687006


-12.090000	95800
6

K 0.000000 0.000000 0.000000
L 2.687006 2.687006 0.000000
V 5.374012 5.374012 0.000000
F 5.374012 2.687006 -2.687006
F 8.061017 2.687006 -5.374012
A 8.061017 0.000000 -2.687006


-12.090000	95840
6

K 0.000000 0.000000 0.000000
L 2.687006 2.687006 0.000000
V 5.374012 2.687006 2.687006
F 5.374012 0.000000 0.000000
F 8.061017 0.000000 -2.687006
A 8.061017 -2.687006 0.000000


-12.090000	b7900
6

K 0.000000 0.000000 0.000000
L 2.687006 2.687006 0.000000
V 5.374012 5.374012 0.000000
F 5.374012 2.687006 2.687006
F 8.061017 0.000000 2.687006
A 5.374012 0.000000 5.374012


-12.090000	3b140
6

K 0.000000 0.000000 0.000000
L 2.687006 2.687006 0.000000
V 5.374012 2.687006 2.687006
F 2.687006 5.374012 2.687006
F 0.000000 5.374012 5.374012
A 0.000000 8.061017 2.687006


-12.090000	08a00
6

K 0.000000 0.000000 0.000000
L 2.687006 2.687006 0.000000
V 5.374012 5.374012 0.000000
F 2.687006 5.374012 -2.687006
F 2.687006 2.687006 -5.374012
A 5.374012 5.374012 -5.374012


-12.090000	19b00
6

K 0.000000 0.000000 0.000000
L 2.687006 2.687006 0.000000
V 5.374012 5.374012 0.000000
F 2.687006 5.374012 2.687006
F 2.687006 2.687006 5.374012
A 0.000000 5.374012 5.374012


-12.090000	51340
6

K 0.000000 0.000000 0.000000
L 2.687006 2.687006 0.000000
V 5.374012 2.687006 2.687006
F 5.374012 5.374012 0.000000
F 2.687006 8.061017 0.000000
A 5.374012 8.061017 -2.687006


-12.090000	62410
6

K 0.000000 0.000000 0.000000
L 2.687006 2.687006 0.000000
V 0.000000 5.374012 0.000000
F 2.687006 5.374012 2.687006
F 2.687006 8.061017 5.374012
A 0.000000 5.374012 5.374012


-12.090000	73510
6

K 0.000000 0.000000 0.000000
L 2.687006 2.687006 0.000000
V 0.000000 5.374012 0.000000
F 2.687006 5.374012 -2.687006
F 2.687006 8.061017 -5.374012
A 5.374012 5.374012 -5.374012


-12.090000	b7840
6

K 0.000000 0.000000 0.000000
L 2.687006 2.687006 0.000000
V 5.374012 2.687006 2.687006
F 5.374012 0.000000 0.000000
F 8.061017 -2.687006 0.000000
A 5.374012 -2.687006 2.687006


-12.090000	08800
6

K 0.000000 0.000000 0.000000
L 2.687006 2.687006 0.000000
V 5.374012 5.374012 0.000000
F 5.374012 2.687006 -2.687006
F 5.374012 0.000000 -5.374012
A 8.061017 2.687006 -5.374012


-12.090000	19900
6

K 0.000000 0.000000 0.000000
L 2.687006 2.687006 0.000000
V 5.374012 5.374012 0.000000
F 5.374012 2.687006 2.687006
F 5.374012 0.000000 5.374012
A 2.687006 2.687006 5.374012


-12.090000	51140
6

K 0.000000 0.000000 0.000000
L 2.687006 2.687006 0.000000
V 5.374012 2.687006 2.687006
F 2.687006 5.374012 2.687006
F 0.000000 8.061017 2.687006
A 2.687006 8.061017 0.000000


-12.090000	2aa00
6

K 0.000000 0.000000 0.000000
L 2.687006 2.687006 0.000000
V 5.374012 5.374012 0.000000
F 2.687006 5.374012 -2.687006
F 0.000000 5.374012 -5.374012
A 0.000000 8.061017 -2.687006


-12.090000	3bb00
6

K 0.000000 0.000000 0.000000
L 2.687006 2.687006 0.000000
V 5.374012 5.374012 0.000000
F 2.687006 5.374012 2.687006
F 0.000000 5.374012 5.374012
A 0.000000 8.061017 2.687006


-12.090000	73340
6

K 0.000000 0.000000 0.000000
L 2.687006 2.687006 0.000000
V 5.374012 2.687006 2.687006
F 5.374012 5.374012 0.000000
F 5.374012 8.061017 -2.687006
A 8.061017 5.374012 -2.687006


-12.090000	08840
6

K 0.000000 0.000000 0.000000
L 2.687006 2.687006 0.000000
V 5.374012 2.687006 2.687006
F 5.374012 0.000000 0.000000
F 5.374012 -2.687006 -2.687006
A 8.061017 0.000000 -2.687006


-12.090000	62140
6

K 0.000000 0.000000 0.000000
L 2.687006 2.687006 0.000000
V 5.374012 2.687006 2.687006
F 2.687006 5.374012 2.687006
F 2.687006 8.061017 5.374012
A 0.000000 5.374012 5.374012


-12.090000	51a00
6

K 0.000000 0.000000 0.000000
L 2.687006 2.687006 0.000000
V 5.374012 5.374012 0.000000
F 2.687006 5.374012 -2.687006
F 0.000000 8.061017 -2.687006
A 2.687006 8.061017 -5.374012


-12.090000	62b00
6

K 0.000000 0.000000 0.000000
L 2.687006 2.687006 0.000000
V 5.374012 5.374012 0.000000
F 2.687006 5.374012 2.687006
F 2.687006 8.061017 5.374012
A 0.000000 5.374012 5.374012


-12.090000	08510
6

K 0.000000 0.000000 0.000000
L 2.687006 2.687006 0.000000
V 0.000000 5.374012 0.000000
F 2.687006 5.374012 -2.687006
F 2.687006 2.687006 -5.374012
A 5.374012 5.374012 -5.374012


-12.090000	62900
6

K 0.000000 0.000000 0.000000
L 2.687006 2.687006 0.000000
V 5.374012 5.374012 0.000000
F 5.374012 2.687006 2.687006
F 5.374012 5.374012 5.374012
A 2.687006 2.687006 5.374012


-12.090000	73a00
6

K 0.000000 0.000000 0.000000
L 2.687006 2.687006 0.000000
V 5.374012 5.374012 0.000000
F 2.687006 5.374012 -2.687006
F 2.687006 8.061017 -5.374012
A 5.374012 5.374012 -5.374012


-12.090000	19410
6

K 0.000000 0.000000 0.000000
L 2.687006 2.687006 0.000000
V 0.000000 5.374012 0.000000
F 2.687006 5.374012 2.687006
F 2.687006 2.687006 5.374012
A 0.000000 5.374012 5.374012


-12.090000	18a00
6

K 0.000000 0.000000 0.000000
L 2.687006 2.687006 0.000000
V 5.374012 5.374012 0.000000
F 2.687006 5.374012 -2.687006
F 2.687006 2.687006 -5.374012
A 0.000000 5.374012 -5.374012


-12.090000	72410
6

K 0.000000 0.000000 0.000000
L 2.687006 2.687006 0.000000
V 0.000000 5.374012 0.000000
F 2.687006 5.374012 2.687006
F 2.687006 8.061017 5.374012
A 5.374012 5.374012 5.374012


-12.090000	18800
6

K 0.000000 0.000000 0.000000
L 2.687006 2.687006 0.000000
V 5.374012 5.374012 0.000000
F 5.374012 2.687006 -2.687006
F 5.374012 0.000000 -5.374012
A 2.687006 2.687006 -5.374012


-12.090000	72b00
6

K 0.000000 0.000000 0.000000
L 2.687006 2.687006 0.000000
V 5.374012 5.374012 0.000000
F 2.687006 5.374012 2.687006
F 2.687006 8.061017 5.374012
A 5.374012 5.374012 5.374012


-12.090000	18510
6

K 0.000000 0.000000 0.000000
L 2.687006 2.687006 0.000000
V 0.000000 5.374012 0.000000
F 2.687006 5.374012 -2.687006
F 2.687006 2.687006 -5.374012
A 0.000000 5.374012 -5.374012


-12.090000	72900
6

K 0.000000 0.000000 0.000000
L 2.687006 2.687006 0.000000
V 5.374012 5.374012 0.000000
F 5.374012 2.687006 2.687006
F 5.374012 5.374012 5.374012
A 8.061017 2.687006 5.374012


-11.970000	7bba0
6

K 0.000000 0.000000 0.000000
L 2.687006 2.687006 0.000000
V 0.000000 2.687006 -2.687006
F -2.687006 2.687006 0.000000
F -5.374012 2.687006 2.687006
A -2.687006 0.000000 2.687006


-11.970000	486a0
6

K 0.000000 0.000000 0.000000
L 2.687006 2.687006 0.000000
V 0.000000 2.687006 -2.687006
F -2.687006 0.000000 -2.687006
F -2.687006 -2.687006 -5.374012
A 0.000000 -2.687006 -2.687006


-11.970000	7b6a0
6

K 0.000000 0.000000 0.000000
L 2.687006 2.687006 0.000000
V 0.000000 2.687006 -2.687006
F -2.687006 0.000000 -2.687006
F -5.374012 0.000000 0.000000
A -2.687006 -2.687006 0.000000


-11.970000	46ba0
6

K 0.000000 0.000000 0.000000
L 2.687006 2.687006 0.000000
V 0.000000 2.687006 -2.687006
F -2.687006 2.687006 0.000000
F -5.374012 0.000000 0.000000
A -2.687006 0.000000 2.687006


-11.970000	466a0
6

K 0.000000 0.000000 0.000000
L 2.687006 2.687006 0.000000
V 0.000000 2.687006 -2.687006
F -2.687006 0.000000 -2.687006
F -5.374012 -2.687006 -2.687006
A -2.687006 -2.687006 0.000000


-11.950000	6ab40
6

K 0.000000 0.000000 0.000000
L 2.687006 2.687006 0.000000
V 5.374012 2.687006 2.687006
F 2.687006 2.687006 5.374012
F 0.000000 2.687006 2.687006
A -2.687006 0.000000 2.687006


-11.950000	89910
6

K 0.000000 0.000000 0.000000
L 2.687006 2.687006 0.000000
V 0.000000 5.374012 0.000000
F 0.000000 2.687006 2.687006
F 0.000000 0.000000 5.374012
A 0.000000 -2.687006 2.687006


-11.950000	ab640
6

K 0.000000 0.000000 0.000000
L 2.687006 2.687006 0.000000
V 5.374012 2.687006 2.687006
F 2.687006 0.000000 2.687006
F 0.000000 0.000000 5.374012
A -2.687006 0.000000 2.687006


-11.950000	aab40
6

K 0.000000 0.000000 0.000000
L 2.687006 2.687006 0.000000
V 5.374012 2.687006 2.687006
F 2.687006 2.687006 5.374012
F 0.000000 2.687006 2.687006
A -2.687006 2.687006 0.000000


-11.950000	98810
6

K 0.000000 0.000000 0.000000
L 2.687006 2.687006 0.000000
V 0.000000 5.374012 0.000000
F 0.000000 2.687006 -2.687006
F 0.000000 0.000000 -5.374012
A 0.000000 -2.687006 -2.687006


-11.950000	a6840
6

K 0.000000 0.000000 0.000000
L 2.687006 2.687006 0.000000
V 5.374012 2.687006 2.687006
F 5.374012 0.000000 0.000000
F 2.687006 -2.687006 0.000000
A 0.000000 -2.687006 -2.687006


-11.950000	b6840
6

K 0.000000 0.000000 0.000000
L 2.687006 2.687006 0.000000
V 5.374012 2.687006 2.687006
F 5.374012 0.000000 0.000000
F 2.687006 -2.687006 0.000000
A 0.000000 -2.687006 2.687006


-11.640000	89110
6

K 0.000000 0.000000 0.000000
L 2.687006 2.687006 0.000000
V 0.000000 5.374012 0.000000
F -2.687006 8.061017 0.000000
F -2.687006 5.374012 2.687006
A -2.687006 2.687006 0.000000


-11.640000	98110
6

K 0.000000 0.000000 0.000000
L 2.687006 2.687006 0.000000
V 0.000000 5.374012 0.000000
F -2.687006 8.061017 0.000000
F -2.687006 5.374012 -2.687006
A -2.687006 2.687006 0.000000


-11.640000	86210
6

K 0.000000 0.000000 0.000000
L 2.687006 2.687006 0.000000
V 0.000000 5.374012 0.000000
F 0.000000 8.061017 2.687006
F -2.687006 5.374012 2.687006
A -2.687006 2.687006 0.000000


-11.640000	96310
6

K 0.000000 0.000000 0.000000
L 2.687006 2.687006 0.000000
V 0.000000 5.374012 0.000000
F 0.000000 8.061017 -2.687006
F -2.687006 5.374012 -2.687006
A -2.687006 2.687006 0.000000


-11.530000	a9610
6

K 0.000000 0.000000 0.000000
L 2.687006 2.687006 0.000000
V 0.000000 5.374012 0.000000
F -2.687006 2.687006 0.000000
F -2.687006 0.000000 2.687006
A -5.374012 0.000000 0.000000


-11.530000	b8610
6

K 0.000000 0.000000 0.000000
L 2.687006 2.687006 0.000000
V 0.000000 5.374012 0.000000
F -2.687006 2.687006 0.000000
F -2.687006 0.000000 -2.687006
A -5.374012 0.000000 0.000000


-11.530000	19610
6

K 0.000000 0.000000 0.000000
L 2.687006 2.687006 0.000000
V 0.000000 5.374012 0.000000
F -2.687006 2.687006 0.000000
F -2.687006 0.000000 2.687006
A -5.374012 2.687006 2.687006


-11.530000	18610
6

K 0.000000 0.000000 0.000000
L 2.687006 2.687006 0.000000
V 0.000000 5.374012 0.000000
F -2.687006 2.687006 0.000000
F -2.687006 0.000000 -2.687006
A -5.374012 2.687006 -2.687006


-11.440000	701a0
6

K 0.000000 0.000000 0.000000
L 2.687006 2.687006 0.000000
V 0.000000 2.687006 -2.687006
F -2.687006 5.374012 -2.687006
F 0.000000 8.061017 -2.687006
A 2.687006 5.374012 -2.687006


-11.440000	923a0
6

K 0.000000 0.000000 0.000000
L 2.687006 2.687006 0.000000
V 0.000000 2.687006 -2.687006
F 0.000000 5.374012 -5.374012
F 0.000000 8.061017 -2.687006
A 0.000000 5.374012 0.000000


-11.340000	b38a0
6

K 0.000000 0.000000 0.000000
L 2.687006 2.687006 0.000000
V 0.000000 2.687006 -2.687006
F 0.000000 0.000000 -5.374012
F 0.000000 2.687006 -8.061017
A -2.687006 2.687006 -5.374012


-11.340000	b35a0
6

K 0.000000 0.000000 0.000000
L 2.687006 2.687006 0.000000
V 0.000000 2.687006 -2.687006
F 2.687006 2.687006 -5.374012
F 2.687006 5.374012 -8.061017
A 0.000000 5.374012 -5.374012


-11.340000	48aa0
6

K 0.000000 0.000000 0.000000
L 2.687006 2.687006 0.000000
V 0.000000 2.687006 -2.687006
F -2.687006 2.687006 -5.374012
F -2.687006 0.000000 -8.061017
A 0.000000 0.000000 -5.374012


-11.340000	913a0
6

K 0.000000 0.000000 0.000000
L 2.687006 2.687006 0.000000
V 0.000000 2.687006 -2.687006
F 0.000000 5.374012 -5.374012
F -2.687006 8.061017 -5.374012
A -2.687006 5.374012 -2.687006


-11.340000	801a0
6

K 0.000000 0.000000 0.000000
L 2.687006 2.687006 0.000000
V 0.000000 2.687006 -2.687006
F -2.687006 5.374012 -2.687006
F 0.000000 8.061017 -2.687006
A 0.000000 5.374012 -5.374012


-11.340000	483a0
6

K 0.000000 0.000000 0.000000
L 2.687006 2.687006 0.000000
V 0.000000 2.687006 -2.687006
F 0.000000 5.374012 -5.374012
F 0.000000 2.687006 -8.061017
A 2.687006 2.687006 -5.374012


-11.340000	25aa0
6

K 0.000000 0.000000 0.000000
L 2.687006 2.687006 0.000000
V 0.000000 2.687006 -2.687006
F -2.687006 2.687006 -5.374012
F 0.000000 2.687006 -8.061017
A 0.000000 5.374012 -5.374012


-11.340000	258a0
6

K 0.000000 0.000000 0.000000
L 2.687006 2.687006 0.000000
V 0.000000 2.687006 -2.687006
F 0.000000 0.000000 -5.374012
F 2.687006 0.000000 -8.061017
A 2.687006 2.687006 -5.374012


-11.340000	7a1a0
6

K 0.000000 0.000000 0.000000
L 2.687006 2.687006 0.000000
V 0.000000 2.687006 -2.687006
F -2.687006 5.374012 -2.687006
F -5.374012 5.374012 -5.374012
A -2.687006 2.687006 -5.374012


-11.340000	9a3a0
6

K 0.000000 0.000000 0.000000
L 2.687006 2.687006 0.000000
V 0.000000 2.687006 -2.687006
F 0.000000 5.374012 -5.374012
F -2.687006 5.374012 -8.061017
A -2.687006 2.687006 -5.374012


-11.340000	9a5a0
6

K 0.000000 0.000000 0.000000
L 2.687006 2.687006 0.000000
V 0.000000 2.687006 -2.687006
F 2.687006 2.687006 -5.374012
F 0.000000 2.687006 -8.061017
A 0.000000 0.000000 -5.374012


-11.340000	561a0
6

K 0.000000 0.000000 0.000000
L 2.687006 2.687006 0.000000
V 0.000000 2.687006 -2.687006
F -2.687006 5.374012 -2.687006
F -5.374012 2.687006 -2.687006
A -2.687006 2.687006 -5.374012


-11.340000	438a0
6

K 0.000000 0.000000 0.000000
L 2.687006 2.687006 0.000000
V 0.000000 2.687006 -2.687006
F 0.000000 0.000000 -5.374012
F 0.000000 2.687006 -8.061017
A 2.687006 2.687006 -5.374012


-11.340000	0baa0
6

K 0.000000 0.000000 0.000000
L 2.687006 2.687006 0.000000
V 0.000000 2.687006 -2.687006
F -2.687006 2.687006 -5.374012
F -5.374012 2.687006 -2.687006
A -2.687006 5.374012 -2.687006


-11.340000	43aa0
6

K 0.000000 0.000000 0.000000
L 2.687006 2.687006 0.000000
V 0.000000 2.687006 -2.687006
F -2.687006 2.687006 -5.374012
F -2.687006 5.374012 -8.061017
A 0.000000 5.374012 -5.374012


-11.340000	b85a0
6

K 0.000000 0.000000 0.000000
L 2.687006 2.687006 0.000000
V 0.000000 2.687006 -2.687006
F 2.687006 2.687006 -5.374012
F 2.687006 0.000000 -8.061017
A 0.000000 0.000000 -5.374012


-11.340000	41aa0
6

K 0.000000 0.000000 0.000000
L 2.687006 2.687006 0.000000
V 0.000000 2.687006 -2.687006
F -2.687006 2.687006 -5.374012
F -5.374012 5.374012 -5.374012
A -2.687006 5.374012 -2.687006


-11.340000	b83a0
6

K 0.000000 0.000000 0.000000
L 2.687006 2.687006 0.000000
V 0.000000 2.687006 -2.687006
F 0.000000 5.374012 -5.374012
F 0.000000 2.687006 -8.061017
A -2.687006 2.687006 -5.374012


-11.340000	95aa0
6

K 0.000000 0.000000 0.000000
L 2.687006 2.687006 0.000000
V 0.000000 2.687006 -2.687006
F -2.687006 2.687006 -5.374012
F 0.000000 2.687006 -8.061017
A 0.000000 0.000000 -5.374012


-11.340000	623a0
6

K 0.000000 0.000000 0.000000
L 2.687006 2.687006 0.000000
V 0.000000 2.687006 -2.687006
F 0.000000 5.374012 -5.374012
F 0.000000 8.061017 -2.687006
A -2.687006 5.374012 -2.687006


-11.340000	2a8a0
6

K 0.000000 0.000000 0.000000
L 2.687006 2.687006 0.000000
V 0.000000 2.687006 -2.687006
F 0.000000 0.000000 -5.374012
F -2.687006 0.000000 -8.061017
A -2.687006 2.687006 -5.374012


-11.340000	731a0
6

K 0.000000 0.000000 0.000000
L 2.687006 2.687006 0.000000
V 0.000000 2.687006 -2.687006
F -2.687006 5.374012 -2.687006
F -2.687006 8.061017 -5.374012
A 0.000000 5.374012 -5.374012


-11.340000	953a0
6

K 0.000000 0.000000 0.000000
L 2.687006 2.687006 0.000000
V 0.000000 2.687006 -2.687006
F 0.000000 5.374012 -5.374012
F 2.687006 5.374012 -8.061017
A 2.687006 2.687006 -5.374012


-11.340000	2a5a0
6

K 0.000000 0.000000 0.000000
L 2.687006 2.687006 0.000000
V 0.000000 2.687006 -2.687006
F 2.687006 2.687006 -5.374012
F 0.000000 2.687006 -8.061017
A 0.000000 5.374012 -5.374012


-11.320000	70140
6

K 0.000000 0.000000 0.000000
L 2.687006 2.687006 0.000000
V 5.374012 2.687006 2.687006
F 2.687006 5.374012 2.687006
F 5.374012 8.061017 2.687006
A 8.061017 5.374012 2.687006


-11.320000	92340
6

K 0.000000 0.000000 0.000000
L 2.687006 2.687006 0.000000
V 5.374012 2.687006 2.687006
F 5.374012 5.374012 0.000000
F 5.374012 8.061017 2.687006
A 5.374012 5.374012 5.374012


-11.320000	23800
6

K 0.000000 0.000000 0.000000
L 2.687006 2.687006 0.000000
V 5.374012 5.374012 0.000000
F 5.374012 2.687006 -2.687006
F 5.374012 5.374012 -5.374012
A 5.374012 8.061017 -2.687006


-11.320000	45a00
6

K 0.000000 0.000000 0.000000
L 2.687006 2.687006 0.000000
V 5.374012 5.374012 0.000000
F 2.687006 5.374012 -2.687006
F 5.374012 5.374012 -5.374012
A 8.061017 5.374012 -2.687006


-11.320000	ab410
6

K 0.000000 0.000000 0.000000
L 2.687006 2.687006 0.000000
V 0.000000 5.374012 0.000000
F 2.687006 5.374012 2.687006
F 0.000000 5.374012 5.374012
A -2.687006 5.374012 2.687006


-11.320000	32900
6

K 0.000000 0.000000 0.000000
L 2.687006 2.687006 0.000000
V 5.374012 5.374012 0.000000
F 5.374012 2.687006 2.687006
F 5.374012 5.374012 5.374012
A 5.374012 8.061017 2.687006


-11.320000	54b00
6

K 0.000000 0.000000 0.000000
L 2.687006 2.687006 0.000000
V 5.374012 5.374012 0.000000
F 2.687006 5.374012 2.687006
F 5.374012 5.374012 5.374012
A 8.061017 5.374012 2.687006


-11.320000	ba510
6

K 0.000000 0.000000 0.000000
L 2.687006 2.687006 0.000000
V 0.000000 5.374012 0.000000
F 2.687006 5.374012 -2.687006
F 0.000000 5.374012 -5.374012
A -2.687006 5.374012 -2.687006


-11.320000	29840
6

K 0.000000 0.000000 0.000000
L 2.687006 2.687006 0.000000
V 5.374012 2.687006 2.687006
F 5.374012 0.000000 0.000000
F 5.374012 -2.687006 2.687006
A 5.374012 0.000000 5.374012


-11.200000	6b300
6

K 0.000000 0.000000 0.000000
L 2.687006 2.687006 0.000000
V 5.374012 5.374012 0.000000
F 5.374012 8.061017 -2.687006
F 2.687006 8.061017 0.000000
A 0.000000 5.374012 0.000000


-11.200000	a3740
6

K 0.000000 0.000000 0.000000
L 2.687006 2.687006 0.000000
V 5.374012 2.687006 2.687006
F 8.061017 0.000000 2.687006
F 8.061017 2.687006 0.000000
A 5.374012 2.687006 -2.687006


-11.200000	6a200
6

K 0.000000 0.000000 0.000000
L 2.687006 2.687006 0.000000
V 5.374012 5.374012 0.000000
F 5.374012 8.061017 2.687006
F 2.687006 8.061017 0.000000
A 0.000000 5.374012 0.000000


-11.200000	69500
6

K 0.000000 0.000000 0.000000
L 2.687006 2.687006 0.000000
V 5.374012 5.374012 0.000000
F 8.061017 5.374012 -2.687006
F 8.061017 2.687006 0.000000
A 5.374012 0.000000 0.000000


-11.200000	68400
6

K 0.000000 0.000000 0.000000
L 2.687006 2.687006 0.000000
V 5.374012 5.374012 0.000000
F 8.061017 5.374012 2.687006
F 8.061017 2.687006 0.000000
A 5.374012 0.000000 0.000000


-11.200000	a8040
6

K 0.000000 0.000000 0.000000
L 2.687006 2.687006 0.000000
V 5.374012 2.687006 2.687006
F 8.061017 5.374012 2.687006
F 8.061017 2.687006 0.000000
A 5.374012 2.687006 -2.687006


-11.200000	75210
6

K 0.000000 0.000000 0.000000
L 2.687006 2.687006 0.000000
V 0.000000 5.374012 0.000000
F 0.000000 8.061017 2.687006
F 2.687006 8.061017 0.000000
A 5.374012 5.374012 0.000000


-11.200000	74310
6

K 0.000000 0.000000 0.000000
L 2.687006 2.687006 0.000000
V 0.000000 5.374012 0.000000
F 0.000000 8.061017 -2.687006
F 2.687006 8.061017 0.000000
A 5.374012 5.374012 0.000000


-11.100000	27b40
6

K 0.000000 0.000000 0.000000
L 2.687006 2.687006 0.000000
V 5.374012 2.687006 2.687006
F 2.687006 2.687006 5.374012
F 5.374012 0.000000 5.374012
A 5.374012 2.687006 8.061017


-11.100000	81500
6

K 0.000000 0.000000 0.000000
L 2.687006 2.687006 0.000000
V 5.374012 5.374012 0.000000
F 8.061017 5.374012 -2.687006
F 5.374012 8.061017 -2.687006
A 5.374012 5.374012 -5.374012


-11.100000	27240
6

K 0.000000 0.000000 0.000000
L 2.687006 2.687006 0.000000
V 5.374012 2.687006 2.687006
F 5.374012 5.374012 5.374012
F 8.061017 2.687006 5.374012
A 8.061017 5.374012 8.061017


-11.100000	27200
6

K 0.000000 0.000000 0.000000
L 2.687006 2.687006 0.000000
V 5.374012 5.374012 0.000000
F 5.374012 8.061017 2.687006
F 8.061017 5.374012 2.687006
A 8.061017 8.061017 5.374012


-11.100000	48040
6

K 0.000000 0.000000 0.000000
L 2.687006 2.687006 0.000000
V 5.374012 2.687006 2.687006
F 8.061017 5.374012 2.687006
F 8.061017 2.687006 0.000000
A 10.748023 2.687006 2.687006


-11.100000	48000
6

K 0.000000 0.000000 0.000000
L 2.687006 2.687006 0.000000
V 5.374012 5.374012 0.000000
F 8.061017 8.061017 0.000000
F 8.061017 5.374012 -2.687006
A 10.748023 5.374012 0.000000


-11.100000	59040
6

K 0.000000 0.000000 0.000000
L 2.687006 2.687006 0.000000
V 5.374012 2.687006 2.687006
F 8.061017 5.374012 2.687006
F 8.061017 2.687006 5.374012
A 10.748023 2.687006 2.687006


-11.100000	59000
6

K 0.000000 0.000000 0.000000
L 2.687006 2.687006 0.000000
V 5.374012 5.374012 0.000000
F 8.061017 8.061017 0.000000
F 8.061017 5.374012 2.687006
A 10.748023 5.374012 0.000000


-11.100000	91440
6

K 0.000000 0.000000 0.000000
L 2.687006 2.687006 0.000000
V 5.374012 2.687006 2.687006
F 8.061017 2.687006 5.374012
F 5.374012 5.374012 5.374012
A 5.374012 2.687006 8.061017


-11.100000	91400
6

K 0.000000 0.000000 0.000000
L 2.687006 2.687006 0.000000
V 5.374012 5.374012 0.000000
F 8.061017 5.374012 2.687006
F 5.374012 8.061017 2.687006
A 5.374012 5.374012 5.374012


-11.100000	80a10
6

K 0.000000 0.000000 0.000000
L 2.687006 2.687006 0.000000
V 0.000000 5.374012 0.000000
F -2.687006 5.374012 -2.687006
F 0.000000 8.061017 -2.687006
A 0.000000 5.374012 -5.374012


-11.100000	26440
6

K 0.000000 0.000000 0.000000
L 2.687006 2.687006 0.000000
V 5.374012 2.687006 2.687006
F 8.061017 2.687006 5.374012
F 5.374012 0.000000 5.374012
A 5.374012 2.687006 8.061017


-11.100000	15240
6

K 0.000000 0.000000 0.000000
L 2.687006 2.687006 0.000000
V 5.374012 2.687006 2.687006
F 5.374012 5.374012 5.374012
F 8.061017 5.374012 2.687006
A 5.374012 8.061017 2.687006


-11.100000	15210
6

K 0.000000 0.000000 0.000000
L 2.687006 2.687006 0.000000
V 0.000000 5.374012 0.000000
F 0.000000 8.061017 2.687006
F 2.687006 8.061017 0.000000
A 0.000000 10.748023 0.000000


-11.100000	15200
6

K 0.000000 0.000000 0.000000
L 2.687006 2.687006 0.000000
V 5.374012 5.374012 0.000000
F 5.374012 8.061017 2.687006
F 8.061017 8.061017 0.000000
A 5.374012 10.748023 0.000000


-11.100000	a2a10
6

K 0.000000 0.000000 0.000000
L 2.687006 2.687006 0.000000
V 0.000000 5.374012 0.000000
F -2.687006 5.374012 -2.687006
F -2.687006 8.061017 0.000000
A -5.374012 8.061017 -2.687006


-11.100000	b3b10
6

K 0.000000 0.000000 0.000000
L 2.687006 2.687006 0.000000
V 0.000000 5.374012 0.000000
F -2.687006 5.374012 2.687006
F -2.687006 8.061017 0.000000
A -5.374012 8.061017 2.687006


-11.100000	26240
6

K 0.000000 0.000000 0.000000
L 2.687006 2.687006 0.000000
V 5.374012 2.687006 2.687006
F 5.374012 5.374012 5.374012
F 2.687006 2.687006 5.374012
A 2.687006 5.374012 8.061017


-11.100000	15110
6

K 0.000000 0.000000 0.000000
L 2.687006 2.687006 0.000000
V 0.000000 5.374012 0.000000
F -2.687006 8.061017 0.000000
F 0.000000 8.061017 -2.687006
A -2.687006 10.748023 -2.687006


-11.100000	48440
6

K 0.000000 0.000000 0.000000
L 2.687006 2.687006 0.000000
V 5.374012 2.687006 2.687006
F 8.061017 2.687006 5.374012
F 8.061017 0.000000 2.687006
A 10.748023 0.000000 5.374012


-11.100000	15100
6

K 0.000000 0.000000 0.000000
L 2.687006 2.687006 0.000000
V 5.374012 5.374012 0.000000
F 2.687006 8.061017 0.000000
F 5.374012 8.061017 -2.687006
A 2.687006 10.748023 -2.687006


-11.100000	26210
6

K 0.000000 0.000000 0.000000
L 2.687006 2.687006 0.000000
V 0.000000 5.374012 0.000000
F 0.000000 8.061017 2.687006
F -2.687006 5.374012 2.687006
A -2.687006 8.061017 5.374012


-11.100000	59540
6

K 0.000000 0.000000 0.000000
L 2.687006 2.687006 0.000000
V 5.374012 2.687006 2.687006
F 8.061017 2.687006 0.000000
F 8.061017 0.000000 2.687006
A 10.748023 0.000000 0.000000


-11.100000	37300
6

K 0.000000 0.000000 0.000000
L 2.687006 2.687006 0.000000
V 5.374012 5.374012 0.000000
F 5.374012 8.061017 -2.687006
F 8.061017 5.374012 -2.687006
A 8.061017 8.061017 -5.374012


-11.100000	7b740
6

K 0.000000 0.000000 0.000000
L 2.687006 2.687006 0.000000
V 5.374012 2.687006 2.687006
F 8.061017 0.000000 2.687006
F 5.374012 0.000000 5.374012
A 8.061017 -2.687006 5.374012


-11.100000	48400
6

K 0.000000 0.000000 0.000000
L 2.687006 2.687006 0.000000
V 5.374012 5.374012 0.000000
F 8.061017 5.374012 2.687006
F 8.061017 2.687006 0.000000
A 10.748023 2.687006 2.687006


-11.100000	59500
6

K 0.000000 0.000000 0.000000
L 2.687006 2.687006 0.000000
V 5.374012 5.374012 0.000000
F 8.061017 5.374012 -2.687006
F 8.061017 2.687006 0.000000
A 10.748023 2.687006 -2.687006


-11.100000	91940
6

K 0.000000 0.000000 0.000000
L 2.687006 2.687006 0.000000
V 5.374012 2.687006 2.687006
F 5.374012 0.000000 5.374012
F 2.687006 2.687006 5.374012
A 2.687006 0.000000 8.061017


-11.100000	90b40
6

K 0.000000 0.000000 0.000000
L 2.687006 2.687006 0.000000
V 5.374012 2.687006 2.687006
F 2.687006 2.687006 5.374012
F 5.374012 5.374012 5.374012
A 5.374012 2.687006 8.061017


-11.100000	90b10
6

K 0.000000 0.000000 0.000000
L 2.687006 2.687006 0.000000
V 0.000000 5.374012 0.000000
F -2.687006 5.374012 2.687006
F 0.000000 8.061017 2.687006
A 0.000000 5.374012 5.374012


-11.100000	14310
6

K 0.000000 0.000000 0.000000
L 2.687006 2.687006 0.000000
V 0.000000 5.374012 0.000000
F 0.000000 8.061017 -2.687006
F 2.687006 8.061017 0.000000
A 0.000000 10.748023 0.000000


-11.100000	14300
6

K 0.000000 0.000000 0.000000
L 2.687006 2.687006 0.000000
V 5.374012 5.374012 0.000000
F 5.374012 8.061017 -2.687006
F 8.061017 8.061017 0.000000
A 5.374012 10.748023 0.000000


-11.100000	25240
6

K 0.000000 0.000000 0.000000
L 2.687006 2.687006 0.000000
V 5.374012 2.687006 2.687006
F 5.374012 5.374012 5.374012
F 8.061017 5.374012 2.687006
A 8.061017 8.061017 5.374012


-11.100000	14110
6

K 0.000000 0.000000 0.000000
L 2.687006 2.687006 0.000000
V 0.000000 5.374012 0.000000
F -2.687006 8.061017 0.000000
F 0.000000 8.061017 2.687006
A -2.687006 10.748023 2.687006


-11.100000	14100
6

K 0.000000 0.000000 0.000000
L 2.687006 2.687006 0.000000
V 5.374012 5.374012 0.000000
F 2.687006 8.061017 0.000000
F 5.374012 8.061017 2.687006
A 2.687006 10.748023 2.687006


-11.100000	25210
6

K 0.000000 0.000000 0.000000
L 2.687006 2.687006 0.000000
V 0.000000 5.374012 0.000000
F 0.000000 8.061017 2.687006
F 2.687006 8.061017 0.000000
A 2.687006 10.748023 2.687006


-11.100000	25200
6

K 0.000000 0.000000 0.000000
L 2.687006 2.687006 0.000000
V 5.374012 5.374012 0.000000
F 5.374012 8.061017 2.687006
F 8.061017 8.061017 0.000000
A 8.061017 10.748023 2.687006


-11.100000	36310
6

K 0.000000 0.000000 0.000000
L 2.687006 2.687006 0.000000
V 0.000000 5.374012 0.000000
F 0.000000 8.061017 -2.687006
F -2.687006 5.374012 -2.687006
A -2.687006 8.061017 -5.374012


-11.100000	90940
6

K 0.000000 0.000000 0.000000
L 2.687006 2.687006 0.000000
V 5.374012 2.687006 2.687006
F 5.374012 0.000000 5.374012
F 8.061017 2.687006 5.374012
A 8.061017 0.000000 8.061017


-11.100000	25110
6

K 0.000000 0.000000 0.000000
L 2.687006 2.687006 0.000000
V 0.000000 5.374012 0.000000
F -2.687006 8.061017 0.000000
F 0.000000 8.061017 -2.687006
A 0.000000 10.748023 0.000000


-11.100000	25100
6

K 0.000000 0.000000 0.000000
L 2.687006 2.687006 0.000000
V 5.374012 5.374012 0.000000
F 2.687006 8.061017 0.000000
F 5.374012 8.061017 -2.687006
A 5.374012 10.748023 0.000000


-11.100000	8b740
6

K 0.000000 0.000000 0.000000
L 2.687006 2.687006 0.000000
V 5.374012 2.687006 2.687006
F 8.061017 0.000000 2.687006
F 5.374012 0.000000 5.374012
A 5.374012 -2.687006 2.687006


-11.100000	a0a10
6

K 0.000000 0.000000 0.000000
L 2.687006 2.687006 0.000000
V 0.000000 5.374012 0.000000
F -2.687006 5.374012 -2.687006
F 0.000000 8.061017 -2.687006
A -2.687006 8.061017 -5.374012


-11.100000	46440
6

K 0.000000 0.000000 0.000000
L 2.687006 2.687006 0.000000
V 5.374012 2.687006 2.687006
F 8.061017 2.687006 5.374012
F 5.374012 0.000000 5.374012
A 8.061017 0.000000 8.061017


-11.100000	46240
6

K 0.000000 0.000000 0.000000
L 2.687006 2.687006 0.000000
V 5.374012 2.687006 2.687006
F 5.374012 5.374012 5.374012
F 2.687006 2.687006 5.374012
A 5.374012 2.687006 8.061017


-11.100000	46210
6

K 0.000000 0.000000 0.000000
L 2.687006 2.687006 0.000000
V 0.000000 5.374012 0.000000
F 0.000000 8.061017 2.687006
F -2.687006 5.374012 2.687006
A 0.000000 5.374012 5.374012


-11.100000	b0b40
6

K 0.000000 0.000000 0.000000
L 2.687006 2.687006 0.000000
V 5.374012 2.687006 2.687006
F 2.687006 2.687006 5.374012
F 5.374012 5.374012 5.374012
A 2.687006 5.374012 8.061017


-11.100000	b0b10
6

K 0.000000 0.000000 0.000000
L 2.687006 2.687006 0.000000
V 0.000000 5.374012 0.000000
F -2.687006 5.374012 2.687006
F 0.000000 8.061017 2.687006
A -2.687006 8.061017 5.374012


-11.100000	34310
6

K 0.000000 0.000000 0.000000
L 2.687006 2.687006 0.000000
V 0.000000 5.374012 0.000000
F 0.000000 8.061017 -2.687006
F 2.687006 8.061017 0.000000
A 2.687006 10.748023 -2.687006


-11.100000	34300
6

K 0.000000 0.000000 0.000000
L 2.687006 2.687006 0.000000
V 5.374012 5.374012 0.000000
F 5.374012 8.061017 -2.687006
F 8.061017 8.061017 0.000000
A 8.061017 10.748023 -2.687006


-11.100000	34110
6

K 0.000000 0.000000 0.000000
L 2.687006 2.687006 0.000000
V 0.000000 5.374012 0.000000
F -2.687006 8.061017 0.000000
F 0.000000 8.061017 2.687006
A 0.000000 10.748023 0.000000


-11.100000	34100
6

K 0.000000 0.000000 0.000000
L 2.687006 2.687006 0.000000
V 5.374012 5.374012 0.000000
F 2.687006 8.061017 0.000000
F 5.374012 8.061017 2.687006
A 5.374012 10.748023 0.000000


-11.100000	56310
6

K 0.000000 0.000000 0.000000
L 2.687006 2.687006 0.000000
V 0.000000 5.374012 0.000000
F 0.000000 8.061017 -2.687006
F -2.687006 5.374012 -2.687006
A 0.000000 5.374012 -5.374012


-11.100000	b0940
6

K 0.000000 0.000000 0.000000
L 2.687006 2.687006 0.000000
V 5.374012 2.687006 2.687006
F 5.374012 0.000000 5.374012
F 8.061017 2.687006 5.374012
A 5.374012 2.687006 8.061017


-11.100000	43700
6

K 0.000000 0.000000 0.000000
L 2.687006 2.687006 0.000000
V 5.374012 5.374012 0.000000
F 8.061017 2.687006 0.000000
F 8.061017 5.374012 -2.687006
A 10.748023 5.374012 0.000000


-11.100000	a9110
6

K 0.000000 0.000000 0.000000
L 2.687006 2.687006 0.000000
V 0.000000 5.374012 0.000000
F -2.687006 8.061017 0.000000
F -2.687006 5.374012 2.687006
A -5.374012 5.374012 0.000000


-11.100000	0b310
6

K 0.000000 0.000000 0.000000
L 2.687006 2.687006 0.000000
V 0.000000 5.374012 0.000000
F 0.000000 8.061017 -2.687006
F -2.687006 8.061017 0.000000
A 0.000000 10.748023 0.000000


-11.100000	0b300
6

K 0.000000 0.000000 0.000000
L 2.687006 2.687006 0.000000
V 5.374012 5.374012 0.000000
F 5.374012 8.061017 -2.687006
F 2.687006 8.061017 0.000000
A 5.374012 10.748023 0.000000


-11.100000	43740
6

K 0.000000 0.000000 0.000000
L 2.687006 2.687006 0.000000
V 5.374012 2.687006 2.687006
F 8.061017 0.000000 2.687006
F 8.061017 2.687006 0.000000
A 10.748023 2.687006 2.687006


-11.100000	65940
6

K 0.000000 0.000000 0.000000
L 2.687006 2.687006 0.000000
V 5.374012 2.687006 2.687006
F 5.374012 0.000000 5.374012
F 8.061017 0.000000 2.687006
A 5.374012 -2.687006 2.687006


-11.100000	0b040
6

K 0.000000 0.000000 0.000000
L 2.687006 2.687006 0.000000
V 5.374012 2.687006 2.687006
F 8.061017 5.374012 2.687006
F 5.374012 5.374012 5.374012
A 8.061017 8.061017 5.374012


-11.100000	0b010
6

K 0.000000 0.000000 0.000000
L 2.687006 2.687006 0.000000
V 0.000000 5.374012 0.000000
F 2.687006 8.061017 0.000000
F 0.000000 8.061017 2.687006
A 2.687006 10.748023 2.687006


-11.100000	0b000
6

K 0.000000 0.000000 0.000000
L 2.687006 2.687006 0.000000
V 5.374012 5.374012 0.000000
F 8.061017 8.061017 0.000000
F 5.374012 8.061017 2.687006
A 8.061017 10.748023 2.687006


-11.100000	43440
6

K 0.000000 0.000000 0.000000
L 2.687006 2.687006 0.000000
V 5.374012 2.687006 2.687006
F 8.061017 2.687006 5.374012
F 8.061017 5.374012 2.687006
A 10.748023 5.374012 5.374012


-11.100000	43400
6

K 0.000000 0.000000 0.000000
L 2.687006 2.687006 0.000000
V 5.374012 5.374012 0.000000
F 8.061017 5.374012 2.687006
F 8.061017 8.061017 0.000000
A 10.748023 8.061017 2.687006


-11.100000	0a210
6

K 0.000000 0.000000 0.000000
L 2.687006 2.687006 0.000000
V 0.000000 5.374012 0.000000
F 0.000000 8.061017 2.687006
F -2.687006 8.061017 0.000000
A 0.000000 10.748023 0.000000


-11.100000	0a200
6

K 0.000000 0.000000 0.000000
L 2.687006 2.687006 0.000000
V 5.374012 5.374012 0.000000
F 5.374012 8.061017 2.687006
F 2.687006 8.061017 0.000000
A 5.374012 10.748023 0.000000


-11.100000	0a010
6

K 0.000000 0.000000 0.000000
L 2.687006 2.687006 0.000000
V 0.000000 5.374012 0.000000
F 2.687006 8.061017 0.000000
F 0.000000 8.061017 -2.687006
A 2.687006 10.748023 -2.687006


-11.100000	0a000
6

K 0.000000 0.000000 0.000000
L 2.687006 2.687006 0.000000
V 5.374012 5.374012 0.000000
F 8.061017 8.061017 0.000000
F 5.374012 8.061017 -2.687006
A 8.061017 10.748023 -2.687006


-11.100000	52700
6

K 0.000000 0.000000 0.000000
L 2.687006 2.687006 0.000000
V 5.374012 5.374012 0.000000
F 8.061017 2.687006 0.000000
F 8.061017 5.374012 2.687006
A 10.748023 5.374012 0.000000


-11.100000	b8110
6

K 0.000000 0.000000 0.000000
L 2.687006 2.687006 0.000000
V 0.000000 5.374012 0.000000
F -2.687006 8.061017 0.000000
F -2.687006 5.374012 -2.687006
A -5.374012 5.374012 0.000000


-11.100000	52740
6

K 0.000000 0.000000 0.000000
L 2.687006 2.687006 0.000000
V 5.374012 2.687006 2.687006
F 8.061017 0.000000 2.687006
F 8.061017 2.687006 5.374012
A 10.748023 2.687006 2.687006


-11.100000	09040
6

K 0.000000 0.000000 0.000000
L 2.687006 2.687006 0.000000
V 5.374012 2.687006 2.687006
F 8.061017 5.374012 2.687006
F 8.061017 2.687006 5.374012
A 10.748023 5.374012 5.374012


-11.100000	09000
6

K 0.000000 0.000000 0.000000
L 2.687006 2.687006 0.000000
V 5.374012 5.374012 0.000000
F 8.061017 8.061017 0.000000
F 8.061017 5.374012 2.687006
A 10.748023 8.061017 2.687006


-11.100000	41440
6

K 0.000000 0.000000 0.000000
L 2.687006 2.687006 0.000000
V 5.374012 2.687006 2.687006
F 8.061017 2.687006 5.374012
F 5.374012 5.374012 5.374012
A 8.061017 5.374012 8.061017


-11.100000	52540
6

K 0.000000 0.000000 0.000000
L 2.687006 2.687006 0.000000
V 5.374012 2.687006 2.687006
F 8.061017 2.687006 0.000000
F 8.061017 5.374012 2.687006
A 10.748023 5.374012 0.000000


-11.100000	41400
6

K 0.000000 0.000000 0.000000
L 2.687006 2.687006 0.000000
V 5.374012 5.374012 0.000000
F 8.061017 5.374012 2.687006
F 5.374012 8.061017 2.687006
A 8.061017 8.061017 5.374012


-11.100000	52500
6

K 0.000000 0.000000 0.000000
L 2.687006 2.687006 0.000000
V 5.374012 5.374012 0.000000
F 8.061017 5.374012 -2.687006
F 8.061017 8.061017 0.000000
A 10.748023 8.061017 -2.687006


-11.100000	63b10
6

K 0.000000 0.000000 0.000000
L 2.687006 2.687006 0.000000
V 0.000000 5.374012 0.000000
F -2.687006 5.374012 2.687006
F -2.687006 8.061017 0.000000
A -5.374012 5.374012 0.000000


-11.100000	09540
6

K 0.000000 0.000000 0.000000
L 2.687006 2.687006 0.000000
V 5.374012 2.687006 2.687006
F 8.061017 2.687006 0.000000
F 8.061017 0.000000 2.687006
A 10.748023 2.687006 2.687006


-11.100000	a7300
6

K 0.000000 0.000000 0.000000
L 2.687006 2.687006 0.000000
V 5.374012 5.374012 0.000000
F 5.374012 8.061017 -2.687006
F 8.061017 5.374012 -2.687006
A 5.374012 5.374012 -5.374012


-11.100000	09500
6

K 0.000000 0.000000 0.000000
L 2.687006 2.687006 0.000000
V 5.374012 5.374012 0.000000
F 8.061017 5.374012 -2.687006
F 8.061017 2.687006 0.000000
A 10.748023 5.374012 0.000000


-11.100000	41940
6

K 0.000000 0.000000 0.000000
L 2.687006 2.687006 0.000000
V 5.374012 2.687006 2.687006
F 5.374012 0.000000 5.374012
F 2.687006 2.687006 5.374012
A 5.374012 2.687006 8.061017


-11.100000	73700
6

K 0.000000 0.000000 0.000000
L 2.687006 2.687006 0.000000
V 5.374012 5.374012 0.000000
F 8.061017 2.687006 0.000000
F 8.061017 5.374012 -2.687006
A 10.748023 2.687006 -2.687006


-11.100000	b7b40
6

K 0.000000 0.000000 0.000000
L 2.687006 2.687006 0.000000
V 5.374012 2.687006 2.687006
F 2.687006 2.687006 5.374012
F 5.374012 0.000000 5.374012
A 2.687006 0.000000 8.061017


-11.100000	08040
6

K 0.000000 0.000000 0.000000
L 2.687006 2.687006 0.000000
V 5.374012 2.687006 2.687006
F 8.061017 5.374012 2.687006
F 8.061017 2.687006 0.000000
A 10.748023 5.374012 0.000000


-11.100000	08000
6

K 0.000000 0.000000 0.000000
L 2.687006 2.687006 0.000000
V 5.374012 5.374012 0.000000
F 8.061017 8.061017 0.000000
F 8.061017 5.374012 -2.687006
A 10.748023 8.061017 -2.687006


-11.100000	19110
6

K 0.000000 0.000000 0.000000
L 2.687006 2.687006 0.000000
V 0.000000 5.374012 0.000000
F -2.687006 8.061017 0.000000
F -2.687006 5.374012 2.687006
A -5.374012 8.061017 2.687006


-11.100000	2a210
6

K 0.000000 0.000000 0.000000
L 2.687006 2.687006 0.000000
V 0.000000 5.374012 0.000000
F 0.000000 8.061017 2.687006
F -2.687006 8.061017 0.000000
A -2.687006 10.748023 2.687006


-11.100000	2a200
6

K 0.000000 0.000000 0.000000
L 2.687006 2.687006 0.000000
V 5.374012 5.374012 0.000000
F 5.374012 8.061017 2.687006
F 2.687006 8.061017 0.000000
A 2.687006 10.748023 2.687006


-11.100000	3b310
6

K 0.000000 0.000000 0.000000
L 2.687006 2.687006 0.000000
V 0.000000 5.374012 0.000000
F 0.000000 8.061017 -2.687006
F -2.687006 8.061017 0.000000
A -2.687006 10.748023 -2.687006


-11.100000	3b300
6

K 0.000000 0.000000 0.000000
L 2.687006 2.687006 0.000000
V 5.374012 5.374012 0.000000
F 5.374012 8.061017 -2.687006
F 2.687006 8.061017 0.000000
A 2.687006 10.748023 -2.687006


-11.100000	73740
6

K 0.000000 0.000000 0.000000
L 2.687006 2.687006 0.000000
V 5.374012 2.687006 2.687006
F 8.061017 0.000000 2.687006
F 8.061017 2.687006 0.000000
A 10.748023 0.000000 0.000000


-11.100000	51500
6

K 0.000000 0.000000 0.000000
L 2.687006 2.687006 0.000000
V 5.374012 5.374012 0.000000
F 8.061017 5.374012 -2.687006
F 5.374012 8.061017 -2.687006
A 8.061017 8.061017 -5.374012


-11.100000	95940
6

K 0.000000 0.000000 0.000000
L 2.687006 2.687006 0.000000
V 5.374012 2.687006 2.687006
F 5.374012 0.000000 5.374012
F 8.061017 0.000000 2.687006
A 8.061017 -2.687006 5.374012


-11.100000	2a010
6

K 0.000000 0.000000 0.000000
L 2.687006 2.687006 0.000000
V 0.000000 5.374012 0.000000
F 2.687006 8.061017 0.000000
F 0.000000 8.061017 -2.687006
A 0.000000 10.748023 0.000000


-11.100000	2a000
6

K 0.000000 0.000000 0.000000
L 2.687006 2.687006 0.000000
V 5.374012 5.374012 0.000000
F 8.061017 8.061017 0.000000
F 5.374012 8.061017 -2.687006
A 5.374012 10.748023 0.000000


-11.100000	3b040
6

K 0.000000 0.000000 0.000000
L 2.687006 2.687006 0.000000
V 5.374012 2.687006 2.687006
F 8.061017 5.374012 2.687006
F 5.374012 5.374012 5.374012
A 5.374012 8.061017 2.687006


-11.100000	3b010
6

K 0.000000 0.000000 0.000000
L 2.687006 2.687006 0.000000
V 0.000000 5.374012 0.000000
F 2.687006 8.061017 0.000000
F 0.000000 8.061017 2.687006
A 0.000000 10.748023 0.000000


-11.100000	3b000
6

K 0.000000 0.000000 0.000000
L 2.687006 2.687006 0.000000
V 5.374012 5.374012 0.000000
F 8.061017 8.061017 0.000000
F 5.374012 8.061017 2.687006
A 5.374012 10.748023 0.000000


-11.100000	73440
6

K 0.000000 0.000000 0.000000
L 2.687006 2.687006 0.000000
V 5.374012 2.687006 2.687006
F 8.061017 2.687006 5.374012
F 8.061017 5.374012 2.687006
A 10.748023 2.687006 2.687006


-11.100000	73400
6

K 0.000000 0.000000 0.000000
L 2.687006 2.687006 0.000000
V 5.374012 5.374012 0.000000
F 8.061017 5.374012 2.687006
F 8.061017 8.061017 0.000000
A 10.748023 5.374012 0.000000


-11.100000	62a10
6

K 0.000000 0.000000 0.000000
L 2.687006 2.687006 0.000000
V 0.000000 5.374012 0.000000
F -2.687006 5.374012 -2.687006
F -2.687006 8.061017 0.000000
A -5.374012 5.374012 0.000000


-11.100000	08440
6

K 0.000000 0.000000 0.000000
L 2.687006 2.687006 0.000000
V 5.374012 2.687006 2.687006
F 8.061017 2.687006 5.374012
F 8.061017 0.000000 2.687006
A 10.748023 2.687006 2.687006


-11.100000	08400
6

K 0.000000 0.000000 0.000000
L 2.687006 2.687006 0.000000
V 5.374012 5.374012 0.000000
F 8.061017 5.374012 2.687006
F 8.061017 2.687006 0.000000
A 10.748023 5.374012 0.000000


-11.100000	b7240
6

K 0.000000 0.000000 0.000000
L 2.687006 2.687006 0.000000
V 5.374012 2.687006 2.687006
F 5.374012 5.374012 5.374012
F 8.061017 2.687006 5.374012
A 5.374012 2.687006 8.061017


-11.100000	b7200
6

K 0.000000 0.000000 0.000000
L 2.687006 2.687006 0.000000
V 5.374012 5.374012 0.000000
F 5.374012 8.061017 2.687006
F 8.061017 5.374012 2.687006
A 5.374012 5.374012 5.374012


-11.100000	72700
6

K 0.000000 0.000000 0.000000
L 2.687006 2.687006 0.000000
V 5.374012 5.374012 0.000000
F 8.061017 2.687006 0.000000
F 8.061017 5.374012 2.687006
A 10.748023 2.687006 2.687006


-11.100000	18110
6

K 0.000000 0.000000 0.000000
L 2.687006 2.687006 0.000000
V 0.000000 5.374012 0.000000
F -2.687006 8.061017 0.000000
F -2.687006 5.374012 -2.687006
A -5.374012 8.061017 -2.687006


-11.100000	72740
6

K 0.000000 0.000000 0.000000
L 2.687006 2.687006 0.000000
V 5.374012 2.687006 2.687006
F 8.061017 0.000000 2.687006
F 8.061017 2.687006 5.374012
A 10.748023 0.000000 5.374012


-11.100000	72540
6

K 0.000000 0.000000 0.000000
L 2.687006 2.687006 0.000000
V 5.374012 2.687006 2.687006
F 8.061017 2.687006 0.000000
F 8.061017 5.374012 2.687006
A 10.748023 2.687006 2.687006


-11.100000	72500
6

K 0.000000 0.000000 0.000000
L 2.687006 2.687006 0.000000
V 5.374012 5.374012 0.000000
F 8.061017 5.374012 -2.687006
F 8.061017 8.061017 0.000000
A 10.748023 5.374012 0.000000


-11.030000	81b40
6

K 0.000000 0.000000 0.000000
L 2.687006 2.687006 0.000000
V 5.374012 2.687006 2.687006
F 2.687006 2.687006 5.374012
F 0.000000 5.374012 5.374012
A 0.000000 2.687006 2.687006


-11.030000	36b40
6

K 0.000000 0.000000 0.000000
L 2.687006 2.687006 0.000000
V 5.374012 2.687006 2.687006
F 2.687006 2.687006 5.374012
F 0.000000 0.000000 5.374012
A 0.000000 2.687006 2.687006


-10.960000	89a10
6

K 0.000000 0.000000 0.000000
L 2.687006 2.687006 0.000000
V 0.000000 5.374012 0.000000
F -2.687006 5.374012 -2.687006
F -2.687006 2.687006 0.000000
A -2.687006 0.000000 -2.687006


-10.960000	88b10
6

K 0.000000 0.000000 0.000000
L 2.687006 2.687006 0.000000
V 0.000000 5.374012 0.000000
F -2.687006 5.374012 2.687006
F -2.687006 2.687006 0.000000
A -2.687006 0.000000 -2.687006


-10.960000	99a10
6

K 0.000000 0.000000 0.000000
L 2.687006 2.687006 0.000000
V 0.000000 5.374012 0.000000
F -2.687006 5.374012 -2.687006
F -2.687006 2.687006 0.000000
A -2.687006 0.000000 2.687006


-10.960000	98b10
6

K 0.000000 0.000000 0.000000
L 2.687006 2.687006 0.000000
V 0.000000 5.374012 0.000000
F -2.687006 5.374012 2.687006
F -2.687006 2.687006 0.000000
A -2.687006 0.000000 2.687006


-10.660000	816a0
6

K 0.000000 0.000000 0.000000
L 2.687006 2.687006 0.000000
V 0.000000 2.687006 -2.687006
F -2.687006 0.000000 -2.687006
F -5.374012 2.687006 -2.687006
A -5.374012 0.000000 -5.374012


-10.660000	81ba0
6

K 0.000000 0.000000 0.000000
L 2.687006 2.687006 0.000000
V 0.000000 2.687006 -2.687006
F -2.687006 2.687006 0.000000
F -5.374012 5.374012 0.000000
A -5.374012 2.687006 -2.687006


-10.660000	916a0
6

K 0.000000 0.000000 0.000000
L 2.687006 2.687006 0.000000
V 0.000000 2.687006 -2.687006
F -2.687006 0.000000 -2.687006
F -5.374012 2.687006 -2.687006
A -5.374012 0.000000 0.000000


-10.660000	26ba0
6

K 0.000000 0.000000 0.000000
L 2.687006 2.687006 0.000000
V 0.000000 2.687006 -2.687006
F -2.687006 2.687006 0.000000
F -5.374012 0.000000 0.000000
A -5.374012 2.687006 2.687006


-10.660000	266a0
6

K 0.000000 0.000000 0.000000
L 2.687006 2.687006 0.000000
V 0.000000 2.687006 -2.687006
F -2.687006 0.000000 -2.687006
F -5.374012 -2.687006 -2.687006
A -5.374012 0.000000 0.000000


-10.660000	598a0
6

K 0.000000 0.000000 0.000000
L 2.687006 2.687006 0.000000
V 0.000000 2.687006 -2.687006
F 0.000000 0.000000 -5.374012
F 0.000000 -2.687006 -2.687006
A 2.687006 -2.687006 -5.374012


-10.660000	91ba0
6

K 0.000000 0.000000 0.000000
L 2.687006 2.687006 0.000000
V 0.000000 2.687006 -2.687006
F -2.687006 2.687006 0.000000
F -5.374012 5.374012 0.000000
A -5.374012 2.687006 2.687006


-10.660000	a2ba0
6

K 0.000000 0.000000 0.000000
L 2.687006 2.687006 0.000000
V 0.000000 2.687006 -2.687006
F -2.687006 2.687006 0.000000
F -2.687006 5.374012 2.687006
A -5.374012 5.374012 0.000000


-10.660000	36ba0
6

K 0.000000 0.000000 0.000000
L 2.687006 2.687006 0.000000
V 0.000000 2.687006 -2.687006
F -2.687006 2.687006 0.000000
F -5.374012 0.000000 0.000000
A -5.374012 2.687006 -2.687006


-10.660000	366a0
6

K 0.000000 0.000000 0.000000
L 2.687006 2.687006 0.000000
V 0.000000 2.687006 -2.687006
F -2.687006 0.000000 -2.687006
F -5.374012 -2.687006 -2.687006
A -5.374012 0.000000 -5.374012


-10.660000	8bba0
6

K 0.000000 0.000000 0.000000
L 2.687006 2.687006 0.000000
V 0.000000 2.687006 -2.687006
F -2.687006 2.687006 0.000000
F -5.374012 2.687006 2.687006
A -5.374012 0.000000 0.000000


-10.660000	7a6a0
6

K 0.000000 0.000000 0.000000
L 2.687006 2.687006 0.000000
V 0.000000 2.687006 -2.687006
F -2.687006 0.000000 -2.687006
F -5.374012 0.000000 -5.374012
A -2.687006 -2.687006 -5.374012


-10.660000	8b6a0
6

K 0.000000 0.000000 0.000000
L 2.687006 2.687006 0.000000
V 0.000000 2.687006 -2.687006
F -2.687006 0.000000 -2.687006
F -5.374012 0.000000 0.000000
A -5.374012 -2.687006 -2.687006


-10.660000	9aba0
6

K 0.000000 0.000000 0.000000
L 2.687006 2.687006 0.000000
V 0.000000 2.687006 -2.687006
F -2.687006 2.687006 0.000000
F -5.374012 2.687006 -2.687006
A -5.374012 0.000000 0.000000


-10.660000	566a0
6

K 0.000000 0.000000 0.000000
L 2.687006 2.687006 0.000000
V 0.000000 2.687006 -2.687006
F -2.687006 0.000000 -2.687006
F -5.374012 -2.687006 -2.687006
A -2.687006 -2.687006 -5.374012


-10.660000	9a6a0
6

K 0.000000 0.000000 0.000000
L 2.687006 2.687006 0.000000
V 0.000000 2.687006 -2.687006
F -2.687006 0.000000 -2.687006
F -5.374012 0.000000 -5.374012
A -5.374012 -2.687006 -2.687006


-10.660000	0bba0
6

K 0.000000 0.000000 0.000000
L 2.687006 2.687006 0.000000
V 0.000000 2.687006 -2.687006
F -2.687006 2.687006 0.000000
F -5.374012 2.687006 2.687006
A -2.687006 5.374012 2.687006


-10.660000	a98a0
6

K 0.000000 0.000000 0.000000
L 2.687006 2.687006 0.000000
V 0.000000 2.687006 -2.687006
F 0.000000 0.000000 -5.374012
F 0.000000 -2.687006 -2.687006
A -2.687006 -2.687006 -5.374012


-10.660000	b86a0
6

K 0.000000 0.000000 0.000000
L 2.687006 2.687006 0.000000
V 0.000000 2.687006 -2.687006
F -2.687006 0.000000 -2.687006
F -2.687006 -2.687006 -5.374012
A -5.374012 -2.687006 -2.687006


-10.660000	41ba0
6

K 0.000000 0.000000 0.000000
L 2.687006 2.687006 0.000000
V 0.000000 2.687006 -2.687006
F -2.687006 2.687006 0.000000
F -5.374012 5.374012 0.000000
A -2.687006 5.374012 2.687006


-10.660000	2aba0
6

K 0.000000 0.000000 0.000000
L 2.687006 2.687006 0.000000
V 0.000000 2.687006 -2.687006
F -2.687006 2.687006 0.000000
F -5.374012 2.687006 -2.687006
A -5.374012 5.374012 0.000000


-10.660000	3bba0
6

K 0.000000 0.000000 0.000000
L 2.687006 2.687006 0.000000
V 0.000000 2.687006 -2.687006
F -2.687006 2.687006 0.000000
F -5.374012 2.687006 2.687006
A -5.374012 5.374012 0.000000


-10.660000	62ba0
6

K 0.000000 0.000000 0.000000
L 2.687006 2.687006 0.000000
V 0.000000 2.687006 -2.687006
F -2.687006 2.687006 0.000000
F -2.687006 5.374012 2.687006
A -5.374012 2.687006 2.687006


-10.660000	2a6a0
6

K 0.000000 0.000000 0.000000
L 2.687006 2.687006 0.000000
V 0.000000 2.687006 -2.687006
F -2.687006 0.000000 -2.687006
F -5.374012 0.000000 -5.374012
A -5.374012 2.687006 -2.687006


-10.660000	3b6a0
6

K 0.000000 0.000000 0.000000
L 2.687006 2.687006 0.000000
V 0.000000 2.687006 -2.687006
F -2.687006 0.000000 -2.687006
F -5.374012 0.000000 0.000000
A -5.374012 2.687006 -2.687006


-10.660000	186a0
6

K 0.000000 0.000000 0.000000
L 2.687006 2.687006 0.000000
V 0.000000 2.687006 -2.687006
F -2.687006 0.000000 -2.687006
F -2.687006 -2.687006 -5.374012
A -5.374012 0.000000 -5.374012


-10.640000	a3810
6

K 0.000000 0.000000 0.000000
L 2.687006 2.687006 0.000000
V 0.000000 5.374012 0.000000
F 0.000000 2.687006 -2.687006
F 0.000000 5.374012 -5.374012
A -2.687006 5.374012 -8.061017


-10.640000	b4910
6

K 0.000000 0.000000 0.000000
L 2.687006 2.687006 0.000000
V 0.000000 5.374012 0.000000
F 0.000000 2.687006 2.687006
F 2.687006 2.687006 5.374012
A 0.000000 2.687006 8.061017


-10.640000	05810
6

K 0.000000 0.000000 0.000000
L 2.687006 2.687006 0.000000
V 0.000000 5.374012 0.000000
F 0.000000 2.687006 -2.687006
F 2.687006 2.687006 -5.374012
A 5.374012 5.374012 -5.374012


-10.640000	38810
6

K 0.000000 0.000000 0.000000
L 2.687006 2.687006 0.000000
V 0.000000 5.374012 0.000000
F 0.000000 2.687006 -2.687006
F 0.000000 0.000000 -5.374012
A 0.000000 2.687006 -8.061017


-10.640000	49910
6

K 0.000000 0.000000 0.000000
L 2.687006 2.687006 0.000000
V 0.000000 5.374012 0.000000
F 0.000000 2.687006 2.687006
F 0.000000 0.000000 5.374012
A 2.687006 0.000000 8.061017


-10.640000	5a810
6

K 0.000000 0.000000 0.000000
L 2.687006 2.687006 0.000000
V 0.000000 5.374012 0.000000
F 0.000000 2.687006 -2.687006
F -2.687006 2.687006 -5.374012
A 0.000000 2.687006 -8.061017


-10.640000	6b910
6

K 0.000000 0.000000 0.000000
L 2.687006 2.687006 0.000000
V 0.000000 5.374012 0.000000
F 0.000000 2.687006 2.687006
F -2.687006 2.687006 5.374012
A -5.374012 0.000000 5.374012


-10.640000	49640
6

K 0.000000 0.000000 0.000000
L 2.687006 2.687006 0.000000
V 5.374012 2.687006 2.687006
F 2.687006 0.000000 2.687006
F 2.687006 -2.687006 5.374012
A 5.374012 -2.687006 8.061017


-10.640000	92910
6

K 0.000000 0.000000 0.000000
L 2.687006 2.687006 0.000000
V 0.000000 5.374012 0.000000
F 0.000000 2.687006 2.687006
F 0.000000 5.374012 5.374012
A 0.000000 2.687006 8.061017


-10.640000	6b640
6

K 0.000000 0.000000 0.000000
L 2.687006 2.687006 0.000000
V 5.374012 2.687006 2.687006
F 2.687006 0.000000 2.687006
F 0.000000 0.000000 5.374012
A -2.687006 -2.687006 5.374012


-10.640000	04910
6

K 0.000000 0.000000 0.000000
L 2.687006 2.687006 0.000000
V 0.000000 5.374012 0.000000
F 0.000000 2.687006 2.687006
F 2.687006 2.687006 5.374012
A 5.374012 5.374012 5.374012


-10.640000	6a810
6

K 0.000000 0.000000 0.000000
L 2.687006 2.687006 0.000000
V 0.000000 5.374012 0.000000
F 0.000000 2.687006 -2.687006
F -2.687006 2.687006 -5.374012
A -5.374012 0.000000 -5.374012


-10.640000	03810
6

K 0.000000 0.000000 0.000000
L 2.687006 2.687006 0.000000
V 0.000000 5.374012 0.000000
F 0.000000 2.687006 -2.687006
F 0.000000 5.374012 -5.374012
A 2.687006 8.061017 -5.374012


-10.640000	58810
6

K 0.000000 0.000000 0.000000
L 2.687006 2.687006 0.000000
V 0.000000 5.374012 0.000000
F 0.000000 2.687006 -2.687006
F 0.000000 0.000000 -5.374012
A 2.687006 0.000000 -8.061017


-10.640000	69910
6

K 0.000000 0.000000 0.000000
L 2.687006 2.687006 0.000000
V 0.000000 5.374012 0.000000
F 0.000000 2.687006 2.687006
F 0.000000 0.000000 5.374012
A -2.687006 -2.687006 5.374012


-10.640000	47640
6

K 0.000000 0.000000 0.000000
L 2.687006 2.687006 0.000000
V 5.374012 2.687006 2.687006
F 2.687006 0.000000 2.687006
F 5.374012 -2.687006 2.687006
A 8.061017 -2.687006 5.374012


-10.640000	69640
6

K 0.000000 0.000000 0.000000
L 2.687006 2.687006 0.000000
V 5.374012 2.687006 2.687006
F 2.687006 0.000000 2.687006
F 2.687006 -2.687006 5.374012
A 0.000000 -5.374012 5.374012


-10.640000	b2910
6

K 0.000000 0.000000 0.000000
L 2.687006 2.687006 0.000000
V 0.000000 5.374012 0.000000
F 0.000000 2.687006 2.687006
F 0.000000 5.374012 5.374012
A -2.687006 5.374012 8.061017


-10.640000	13810
6

K 0.000000 0.000000 0.000000
L 2.687006 2.687006 0.000000
V 0.000000 5.374012 0.000000
F 0.000000 2.687006 -2.687006
F 0.000000 5.374012 -5.374012
A -2.687006 8.061017 -5.374012


-10.640000	24910
6

K 0.000000 0.000000 0.000000
L 2.687006 2.687006 0.000000
V 0.000000 5.374012 0.000000
F 0.000000 2.687006 2.687006
F 2.687006 2.687006 5.374012
A 2.687006 5.374012 8.061017


-10.640000	35810
6

K 0.000000 0.000000 0.000000
L 2.687006 2.687006 0.000000
V 0.000000 5.374012 0.000000
F 0.000000 2.687006 -2.687006
F 2.687006 2.687006 -5.374012
A 2.687006 5.374012 -8.061017


-10.640000	68810
6

K 0.000000 0.000000 0.000000
L 2.687006 2.687006 0.000000
V 0.000000 5.374012 0.000000
F 0.000000 2.687006 -2.687006
F 0.000000 0.000000 -5.374012
A -2.687006 -2.687006 -5.374012


-10.640000	79910
6

K 0.000000 0.000000 0.000000
L 2.687006 2.687006 0.000000
V 0.000000 5.374012 0.000000
F 0.000000 2.687006 2.687006
F 0.000000 0.000000 5.374012
A 2.687006 -2.687006 5.374012


-10.640000	57640
6

K 0.000000 0.000000 0.000000
L 2.687006 2.687006 0.000000
V 5.374012 2.687006 2.687006
F 2.687006 0.000000 2.687006
F 5.374012 -2.687006 2.687006
A 8.061017 -2.687006 0.000000


-10.640000	8a810
6

K 0.000000 0.000000 0.000000
L 2.687006 2.687006 0.000000
V 0.000000 5.374012 0.000000
F 0.000000 2.687006 -2.687006
F -2.687006 2.687006 -5.374012
A -2.687006 0.000000 -8.061017


-10.640000	9b910
6

K 0.000000 0.000000 0.000000
L 2.687006 2.687006 0.000000
V 0.000000 5.374012 0.000000
F 0.000000 2.687006 2.687006
F -2.687006 2.687006 5.374012
A -2.687006 0.000000 8.061017


-10.640000	79640
6

K 0.000000 0.000000 0.000000
L 2.687006 2.687006 0.000000
V 5.374012 2.687006 2.687006
F 2.687006 0.000000 2.687006
F 2.687006 -2.687006 5.374012
A 5.374012 -5.374012 5.374012


-10.640000	02910
6

K 0.000000 0.000000 0.000000
L 2.687006 2.687006 0.000000
V 0.000000 5.374012 0.000000
F 0.000000 2.687006 2.687006
F 0.000000 5.374012 5.374012
A 2.687006 8.061017 5.374012


-10.640000	9b640
6

K 0.000000 0.000000 0.000000
L 2.687006 2.687006 0.000000
V 5.374012 2.687006 2.687006
F 2.687006 0.000000 2.687006
F 0.000000 0.000000 5.374012
A 0.000000 -2.687006 8.061017


-10.640000	78810
6

K 0.000000 0.000000 0.000000
L 2.687006 2.687006 0.000000
V 0.000000 5.374012 0.000000
F 0.000000 2.687006 -2.687006
F 0.000000 0.000000 -5.374012
A 2.687006 -2.687006 -5.374012


-10.640000	67640
6

K 0.000000 0.000000 0.000000
L 2.687006 2.687006 0.000000
V 5.374012 2.687006 2.687006
F 2.687006 0.000000 2.687006
F 5.374012 -2.687006 2.687006
A 2.687006 -5.374012 2.687006


-10.640000	ab910
6

K 0.000000 0.000000 0.000000
L 2.687006 2.687006 0.000000
V 0.000000 5.374012 0.000000
F 0.000000 2.687006 2.687006
F -2.687006 2.687006 5.374012
A -5.374012 2.687006 2.687006


-10.640000	89640
6

K 0.000000 0.000000 0.000000
L 2.687006 2.687006 0.000000
V 5.374012 2.687006 2.687006
F 2.687006 0.000000 2.687006
F 2.687006 -2.687006 5.374012
A 2.687006 -5.374012 2.687006


-10.640000	12910
6

K 0.000000 0.000000 0.000000
L 2.687006 2.687006 0.000000
V 0.000000 5.374012 0.000000
F 0.000000 2.687006 2.687006
F 0.000000 5.374012 5.374012
A -2.687006 8.061017 5.374012


-10.640000	33810
6

K 0.000000 0.000000 0.000000
L 2.687006 2.687006 0.000000
V 0.000000 5.374012 0.000000
F 0.000000 2.687006 -2.687006
F 0.000000 5.374012 -5.374012
A 0.000000 8.061017 -8.061017


-10.640000	44910
6

K 0.000000 0.000000 0.000000
L 2.687006 2.687006 0.000000
V 0.000000 5.374012 0.000000
F 0.000000 2.687006 2.687006
F 2.687006 2.687006 5.374012
A 5.374012 2.687006 8.061017


-10.640000	55810
6

K 0.000000 0.000000 0.000000
L 2.687006 2.687006 0.000000
V 0.000000 5.374012 0.000000
F 0.000000 2.687006 -2.687006
F 2.687006 2.687006 -5.374012
A 5.374012 2.687006 -8.061017


-10.640000	66840
6

K 0.000000 0.000000 0.000000
L 2.687006 2.687006 0.000000
V 5.374012 2.687006 2.687006
F 5.374012 0.000000 0.000000
F 2.687006 -2.687006 0.000000
A 0.000000 -5.374012 0.000000


-10.640000	88810
6

K 0.000000 0.000000 0.000000
L 2.687006 2.687006 0.000000
V 0.000000 5.374012 0.000000
F 0.000000 2.687006 -2.687006
F 0.000000 0.000000 -5.374012
A 0.000000 -2.687006 -8.061017


-10.640000	99910
6

K 0.000000 0.000000 0.000000
L 2.687006 2.687006 0.000000
V 0.000000 5.374012 0.000000
F 0.000000 2.687006 2.687006
F 0.000000 0.000000 5.374012
A 0.000000 -2.687006 8.061017


-10.640000	77640
6

K 0.000000 0.000000 0.000000
L 2.687006 2.687006 0.000000
V 5.374012 2.687006 2.687006
F 2.687006 0.000000 2.687006
F 5.374012 -2.687006 2.687006
A 8.061017 -5.374012 2.687006


-10.640000	aa810
6

K 0.000000 0.000000 0.000000
L 2.687006 2.687006 0.000000
V 0.000000 5.374012 0.000000
F 0.000000 2.687006 -2.687006
F -2.687006 2.687006 -5.374012
A -5.374012 2.687006 -8.061017


-10.640000	bb910
6

K 0.000000 0.000000 0.000000
L 2.687006 2.687006 0.000000
V 0.000000 5.374012 0.000000
F 0.000000 2.687006 2.687006
F -2.687006 2.687006 5.374012
A -5.374012 2.687006 8.061017


-10.640000	99640
6

K 0.000000 0.000000 0.000000
L 2.687006 2.687006 0.000000
V 5.374012 2.687006 2.687006
F 2.687006 0.000000 2.687006
F 2.687006 -2.687006 5.374012
A 2.687006 -5.374012 8.061017


-10.640000	22910
6

K 0.000000 0.000000 0.000000
L 2.687006 2.687006 0.000000
V 0.000000 5.374012 0.000000
F 0.000000 2.687006 2.687006
F 0.000000 5.374012 5.374012
A 0.000000 8.061017 8.061017


-10.640000	bb640
6

K 0.000000 0.000000 0.000000
L 2.687006 2.687006 0.000000
V 5.374012 2.687006 2.687006
F 2.687006 0.000000 2.687006
F 0.000000 0.000000 5.374012
A -2.687006 0.000000 8.061017


-10.640000	76840
6

K 0.000000 0.000000 0.000000
L 2.687006 2.687006 0.000000
V 5.374012 2.687006 2.687006
F 5.374012 0.000000 0.000000
F 2.687006 -2.687006 0.000000
A 5.374012 -5.374012 0.000000


-10.640000	bab40
6

K 0.000000 0.000000 0.000000
L 2.687006 2.687006 0.000000
V 5.374012 2.687006 2.687006
F 2.687006 2.687006 5.374012
F 0.000000 2.687006 2.687006
A -2.687006 2.687006 5.374012


-10.640000	87640
6

K 0.000000 0.000000 0.000000
L 2.687006 2.687006 0.000000
V 5.374012 2.687006 2.687006
F 2.687006 0.000000 2.687006
F 5.374012 -2.687006 2.687006
A 5.374012 -5.374012 0.000000


-10.640000	ba810
6

K 0.000000 0.000000 0.000000
L 2.687006 2.687006 0.000000
V 0.000000 5.374012 0.000000
F 0.000000 2.687006 -2.687006
F -2.687006 2.687006 -5.374012
A -5.374012 2.687006 -2.687006


-10.640000	53810
6

K 0.000000 0.000000 0.000000
L 2.687006 2.687006 0.000000
V 0.000000 5.374012 0.000000
F 0.000000 2.687006 -2.687006
F 0.000000 5.374012 -5.374012
A 2.687006 5.374012 -8.061017


-10.640000	75810
6

K 0.000000 0.000000 0.000000
L 2.687006 2.687006 0.000000
V 0.000000 5.374012 0.000000
F 0.000000 2.687006 -2.687006
F 2.687006 2.687006 -5.374012
A 5.374012 0.000000 -5.374012


-10.640000	86840
6

K 0.000000 0.000000 0.000000
L 2.687006 2.687006 0.000000
V 5.374012 2.687006 2.687006
F 5.374012 0.000000 0.000000
F 2.687006 -2.687006 0.000000
A 2.687006 -5.374012 -2.687006


-10.640000	a8810
6

K 0.000000 0.000000 0.000000
L 2.687006 2.687006 0.000000
V 0.000000 5.374012 0.000000
F 0.000000 2.687006 -2.687006
F 0.000000 0.000000 -5.374012
A -2.687006 0.000000 -8.061017


-10.640000	b9910
6

K 0.000000 0.000000 0.000000
L 2.687006 2.687006 0.000000
V 0.000000 5.374012 0.000000
F 0.000000 2.687006 2.687006
F 0.000000 0.000000 5.374012
A -2.687006 0.000000 8.061017


-10.640000	97640
6

K 0.000000 0.000000 0.000000
L 2.687006 2.687006 0.000000
V 5.374012 2.687006 2.687006
F 2.687006 0.000000 2.687006
F 5.374012 -2.687006 2.687006
A 5.374012 -5.374012 5.374012


-10.640000	1b910
6

K 0.000000 0.000000 0.000000
L 2.687006 2.687006 0.000000
V 0.000000 5.374012 0.000000
F 0.000000 2.687006 2.687006
F -2.687006 2.687006 5.374012
A -5.374012 5.374012 5.374012


-10.640000	b9640
6

K 0.000000 0.000000 0.000000
L 2.687006 2.687006 0.000000
V 5.374012 2.687006 2.687006
F 2.687006 0.000000 2.687006
F 2.687006 -2.687006 5.374012
A 0.000000 -2.687006 8.061017


-10.640000	42910
6

K 0.000000 0.000000 0.000000
L 2.687006 2.687006 0.000000
V 0.000000 5.374012 0.000000
F 0.000000 2.687006 2.687006
F 0.000000 5.374012 5.374012
A 2.687006 5.374012 8.061017


-10.640000	1b640
6

K 0.000000 0.000000 0.000000
L 2.687006 2.687006 0.000000
V 5.374012 2.687006 2.687006
F 2.687006 0.000000 2.687006
F 0.000000 0.000000 5.374012
A -2.687006 2.687006 5.374012


-10.640000	74910
6

K 0.000000 0.000000 0.000000
L 2.687006 2.687006 0.000000
V 0.000000 5.374012 0.000000
F 0.000000 2.687006 2.687006
F 2.687006 2.687006 5.374012
A 5.374012 0.000000 5.374012


-10.640000	85810
6

K 0.000000 0.000000 0.000000
L 2.687006 2.687006 0.000000
V 0.000000 5.374012 0.000000
F 0.000000 2.687006 -2.687006
F 2.687006 2.687006 -5.374012
A 2.687006 0.000000 -8.061017


-10.640000	96840
6

K 0.000000 0.000000 0.000000
L 2.687006 2.687006 0.000000
V 5.374012 2.687006 2.687006
F 5.374012 0.000000 0.000000
F 2.687006 -2.687006 0.000000
A 2.687006 -5.374012 2.687006


-10.640000	1ab40
6

K 0.000000 0.000000 0.000000
L 2.687006 2.687006 0.000000
V 5.374012 2.687006 2.687006
F 2.687006 2.687006 5.374012
F 0.000000 2.687006 2.687006
A -2.687006 5.374012 2.687006


-10.640000	1a810
6

K 0.000000 0.000000 0.000000
L 2.687006 2.687006 0.000000
V 0.000000 5.374012 0.000000
F 0.000000 2.687006 -2.687006
F -2.687006 2.687006 -5.374012
A -5.374012 5.374012 -5.374012


-10.640000	2b910
6

K 0.000000 0.000000 0.000000
L 2.687006 2.687006 0.000000
V 0.000000 5.374012 0.000000
F 0.000000 2.687006 2.687006
F -2.687006 2.687006 5.374012
A -2.687006 5.374012 8.061017


-10.640000	2b640
6

K 0.000000 0.000000 0.000000
L 2.687006 2.687006 0.000000
V 5.374012 2.687006 2.687006
F 2.687006 0.000000 2.687006
F 0.000000 0.000000 5.374012
A 0.000000 2.687006 8.061017


-10.640000	83810
6

K 0.000000 0.000000 0.000000
L 2.687006 2.687006 0.000000
V 0.000000 5.374012 0.000000
F 0.000000 2.687006 -2.687006
F 0.000000 5.374012 -5.374012
A 0.000000 2.687006 -8.061017


-10.640000	94910
6

K 0.000000 0.000000 0.000000
L 2.687006 2.687006 0.000000
V 0.000000 5.374012 0.000000
F 0.000000 2.687006 2.687006
F 2.687006 2.687006 5.374012
A 2.687006 0.000000 8.061017


-10.640000	a5810
6

K 0.000000 0.000000 0.000000
L 2.687006 2.687006 0.000000
V 0.000000 5.374012 0.000000
F 0.000000 2.687006 -2.687006
F 2.687006 2.687006 -5.374012
A 0.000000 2.687006 -8.061017


-10.640000	29910
6

K 0.000000 0.000000 0.000000
L 2.687006 2.687006 0.000000
V 0.000000 5.374012 0.000000
F 0.000000 2.687006 2.687006
F 0.000000 0.000000 5.374012
A 0.000000 2.687006 8.061017


-10.640000	3a810
6

K 0.000000 0.000000 0.000000
L 2.687006 2.687006 0.000000
V 0.000000 5.374012 0.000000
F 0.000000 2.687006 -2.687006
F -2.687006 2.687006 -5.374012
A -2.687006 5.374012 -8.061017


-10.640000	4b910
6

K 0.000000 0.000000 0.000000
L 2.687006 2.687006 0.000000
V 0.000000 5.374012 0.000000
F 0.000000 2.687006 2.687006
F -2.687006 2.687006 5.374012
A 0.000000 2.687006 8.061017


-10.640000	29640
6

K 0.000000 0.000000 0.000000
L 2.687006 2.687006 0.000000
V 5.374012 2.687006 2.687006
F 2.687006 0.000000 2.687006
F 2.687006 -2.687006 5.374012
A 2.687006 0.000000 8.061017


-10.640000	4b640
6

K 0.000000 0.000000 0.000000
L 2.687006 2.687006 0.000000
V 5.374012 2.687006 2.687006
F 2.687006 0.000000 2.687006
F 0.000000 0.000000 5.374012
A 2.687006 0.000000 8.061017


-10.520000	496a0
6

K 0.000000 0.000000 0.000000
L 2.687006 2.687006 0.000000
V 0.000000 2.687006 -2.687006
F -2.687006 0.000000 -2.687006
F -2.687006 -2.687006 0.000000
A 0.000000 -2.687006 2.687006


-10.520000	476a0
6

K 0.000000 0.000000 0.000000
L 2.687006 2.687006 0.000000
V 0.000000 2.687006 -2.687006
F -2.687006 0.000000 -2.687006
F 0.000000 -2.687006 -2.687006
A 2.687006 -2.687006 0.000000


-10.520000	79ba0
6

K 0.000000 0.000000 0.000000
L 2.687006 2.687006 0.000000
V 0.000000 2.687006 -2.687006
F -2.687006 2.687006 0.000000
F -2.687006 0.000000 2.687006
A 0.000000 -2.687006 2.687006


-10.520000	89ba0
6

K 0.000000 0.000000 0.000000
L 2.687006 2.687006 0.000000
V 0.000000 2.687006 -2.687006
F -2.687006 2.687006 0.000000
F -2.687006 0.000000 2.687006
A -2.687006 -2.687006 0.000000


-10.520000	296a0
6

K 0.000000 0.000000 0.000000
L 2.687006 2.687006 0.000000
V 0.000000 2.687006 -2.687006
F -2.687006 0.000000 -2.687006
F -2.687006 -2.687006 0.000000
A -2.687006 0.000000 2.687006


-10.330000	5a210
6

K 0.000000 0.000000 0.000000
L 2.687006 2.687006 0.000000
V 0.000000 5.374012 0.000000
F 0.000000 8.061017 2.687006
F -2.687006 8.061017 0.000000
A 0.000000 8.061017 -2.687006


-10.330000	5a200
6

K 0.000000 0.000000 0.000000
L 2.687006 2.687006 0.000000
V 5.374012 5.374012 0.000000
F 5.374012 8.061017 2.687006
F 2.687006 8.061017 0.000000
A 5.374012 8.061017 -2.687006


-10.330000	92540
6

K 0.000000 0.000000 0.000000
L 2.687006 2.687006 0.000000
V 5.374012 2.687006 2.687006
F 8.061017 2.687006 0.000000
F 8.061017 5.374012 2.687006
A 8.061017 2.687006 5.374012


-10.330000	92500
6

K 0.000000 0.000000 0.000000
L 2.687006 2.687006 0.000000
V 5.374012 5.374012 0.000000
F 8.061017 5.374012 -2.687006
F 8.061017 8.061017 0.000000
A 8.061017 5.374012 2.687006


-10.330000	6b040
6

K 0.000000 0.000000 0.000000
L 2.687006 2.687006 0.000000
V 5.374012 2.687006 2.687006
F 8.061017 5.374012 2.687006
F 5.374012 5.374012 5.374012
A 2.687006 2.687006 5.374012


-10.330000	6b010
6

K 0.000000 0.000000 0.000000
L 2.687006 2.687006 0.000000
V 0.000000 5.374012 0.000000
F 2.687006 8.061017 0.000000
F 0.000000 8.061017 2.687006
A -2.687006 5.374012 2.687006


-10.330000	a3400
6

K 0.000000 0.000000 0.000000
L 2.687006 2.687006 0.000000
V 5.374012 5.374012 0.000000
F 8.061017 5.374012 2.687006
F 8.061017 8.061017 0.000000
A 5.374012 8.061017 -2.687006


-10.330000	70b40
6

K 0.000000 0.000000 0.000000
L 2.687006 2.687006 0.000000
V 5.374012 2.687006 2.687006
F 2.687006 2.687006 5.374012
F 5.374012 5.374012 5.374012
A 8.061017 2.687006 5.374012


-10.330000	b4310
6

K 0.000000 0.000000 0.000000
L 2.687006 2.687006 0.000000
V 0.000000 5.374012 0.000000
F 0.000000 8.061017 -2.687006
F 2.687006 8.061017 0.000000
A 0.000000 8.061017 2.687006


-10.330000	b4300
6

K 0.000000 0.000000 0.000000
L 2.687006 2.687006 0.000000
V 5.374012 5.374012 0.000000
F 5.374012 8.061017 -2.687006
F 8.061017 8.061017 0.000000
A 5.374012 8.061017 2.687006


-10.330000	16440
6

K 0.000000 0.000000 0.000000
L 2.687006 2.687006 0.000000
V 5.374012 2.687006 2.687006
F 8.061017 2.687006 5.374012
F 5.374012 0.000000 5.374012
A 2.687006 2.687006 5.374012


-10.330000	92a10
6

K 0.000000 0.000000 0.000000
L 2.687006 2.687006 0.000000
V 0.000000 5.374012 0.000000
F -2.687006 5.374012 -2.687006
F -2.687006 8.061017 0.000000
A -2.687006 5.374012 2.687006


-10.330000	38440
6

K 0.000000 0.000000 0.000000
L 2.687006 2.687006 0.000000
V 5.374012 2.687006 2.687006
F 8.061017 2.687006 5.374012
F 8.061017 0.000000 2.687006
A 8.061017 2.687006 0.000000


-10.330000	38400
6

K 0.000000 0.000000 0.000000
L 2.687006 2.687006 0.000000
V 5.374012 5.374012 0.000000
F 8.061017 5.374012 2.687006
F 8.061017 2.687006 0.000000
A 8.061017 5.374012 -2.687006


-10.330000	6a010
6

K 0.000000 0.000000 0.000000
L 2.687006 2.687006 0.000000
V 0.000000 5.374012 0.000000
F 2.687006 8.061017 0.000000
F 0.000000 8.061017 -2.687006
A -2.687006 5.374012 -2.687006


-10.330000	69040
6

K 0.000000 0.000000 0.000000
L 2.687006 2.687006 0.000000
V 5.374012 2.687006 2.687006
F 8.061017 5.374012 2.687006
F 8.061017 2.687006 5.374012
A 5.374012 0.000000 5.374012


-10.330000	b2540
6

K 0.000000 0.000000 0.000000
L 2.687006 2.687006 0.000000
V 5.374012 2.687006 2.687006
F 8.061017 2.687006 0.000000
F 8.061017 5.374012 2.687006
A 5.374012 5.374012 5.374012


-10.330000	a1400
6

K 0.000000 0.000000 0.000000
L 2.687006 2.687006 0.000000
V 5.374012 5.374012 0.000000
F 8.061017 5.374012 2.687006
F 5.374012 8.061017 2.687006
A 2.687006 8.061017 0.000000


-10.330000	b2500
6

K 0.000000 0.000000 0.000000
L 2.687006 2.687006 0.000000
V 5.374012 5.374012 0.000000
F 8.061017 5.374012 -2.687006
F 8.061017 8.061017 0.000000
A 5.374012 8.061017 2.687006


-10.330000	13700
6

K 0.000000 0.000000 0.000000
L 2.687006 2.687006 0.000000
V 5.374012 5.374012 0.000000
F 8.061017 2.687006 0.000000
F 8.061017 5.374012 -2.687006
A 5.374012 8.061017 -2.687006


-10.330000	57b40
6

K 0.000000 0.000000 0.000000
L 2.687006 2.687006 0.000000
V 5.374012 2.687006 2.687006
F 2.687006 2.687006 5.374012
F 5.374012 0.000000 5.374012
A 8.061017 0.000000 2.687006


-10.330000	8a210
6

K 0.000000 0.000000 0.000000
L 2.687006 2.687006 0.000000
V 0.000000 5.374012 0.000000
F 0.000000 8.061017 2.687006
F -2.687006 8.061017 0.000000
A -2.687006 5.374012 -2.687006


-10.330000	9b310
6

K 0.000000 0.000000 0.000000
L 2.687006 2.687006 0.000000
V 0.000000 5.374012 0.000000
F 0.000000 8.061017 -2.687006
F -2.687006 8.061017 0.000000
A -2.687006 5.374012 2.687006


-10.330000	b1500
6

K 0.000000 0.000000 0.000000
L 2.687006 2.687006 0.000000
V 5.374012 5.374012 0.000000
F 8.061017 5.374012 -2.687006
F 5.374012 8.061017 -2.687006
A 2.687006 8.061017 0.000000


-10.330000	35940
6

K 0.000000 0.000000 0.000000
L 2.687006 2.687006 0.000000
V 5.374012 2.687006 2.687006
F 5.374012 0.000000 5.374012
F 8.061017 0.000000 2.687006
A 8.061017 2.687006 0.000000


-10.330000	12700
6

K 0.000000 0.000000 0.000000
L 2.687006 2.687006 0.000000
V 5.374012 5.374012 0.000000
F 8.061017 2.687006 0.000000
F 8.061017 5.374012 2.687006
A 5.374012 8.061017 2.687006


-10.330000	12740
6

K 0.000000 0.000000 0.000000
L 2.687006 2.687006 0.000000
V 5.374012 2.687006 2.687006
F 8.061017 0.000000 2.687006
F 8.061017 2.687006 5.374012
A 5.374012 5.374012 5.374012


-10.330000	23700
6

K 0.000000 0.000000 0.000000
L 2.687006 2.687006 0.000000
V 5.374012 5.374012 0.000000
F 8.061017 2.687006 0.000000
F 8.061017 5.374012 -2.687006
A 8.061017 8.061017 0.000000


-10.330000	23740
6

K 0.000000 0.000000 0.000000
L 2.687006 2.687006 0.000000
V 5.374012 2.687006 2.687006
F 8.061017 0.000000 2.687006
F 8.061017 2.687006 0.000000
A 8.061017 5.374012 2.687006


-10.330000	89040
6

K 0.000000 0.000000 0.000000
L 2.687006 2.687006 0.000000
V 5.374012 2.687006 2.687006
F 8.061017 5.374012 2.687006
F 8.061017 2.687006 5.374012
A 8.061017 0.000000 2.687006


-10.330000	89000
6

K 0.000000 0.000000 0.000000
L 2.687006 2.687006 0.000000
V 5.374012 5.374012 0.000000
F 8.061017 8.061017 0.000000
F 8.061017 5.374012 2.687006
A 8.061017 2.687006 0.000000


-10.330000	ab010
6

K 0.000000 0.000000 0.000000
L 2.687006 2.687006 0.000000
V 0.000000 5.374012 0.000000
F 2.687006 8.061017 0.000000
F 0.000000 8.061017 2.687006
A -2.687006 8.061017 0.000000


-10.330000	ab000
6

K 0.000000 0.000000 0.000000
L 2.687006 2.687006 0.000000
V 5.374012 5.374012 0.000000
F 8.061017 8.061017 0.000000
F 5.374012 8.061017 2.687006
A 2.687006 8.061017 0.000000


-10.330000	45110
6

K 0.000000 0.000000 0.000000
L 2.687006 2.687006 0.000000
V 0.000000 5.374012 0.000000
F -2.687006 8.061017 0.000000
F 0.000000 8.061017 -2.687006
A 2.687006 8.061017 0.000000


-10.330000	45100
6

K 0.000000 0.000000 0.000000
L 2.687006 2.687006 0.000000
V 5.374012 5.374012 0.000000
F 2.687006 8.061017 0.000000
F 5.374012 8.061017 -2.687006
A 8.061017 8.061017 0.000000


-10.330000	01940
6

K 0.000000 0.000000 0.000000
L 2.687006 2.687006 0.000000
V 5.374012 2.687006 2.687006
F 5.374012 0.000000 5.374012
F 2.687006 2.687006 5.374012
A 5.374012 5.374012 5.374012


-10.330000	67240
6

K 0.000000 0.000000 0.000000
L 2.687006 2.687006 0.000000
V 5.374012 2.687006 2.687006
F 5.374012 5.374012 5.374012
F 8.061017 2.687006 5.374012
A 5.374012 0.000000 5.374012


-10.330000	32700
6

K 0.000000 0.000000 0.000000
L 2.687006 2.687006 0.000000
V 5.374012 5.374012 0.000000
F 8.061017 2.687006 0.000000
F 8.061017 5.374012 2.687006
A 8.061017 8.061017 0.000000


-10.330000	32740
6

K 0.000000 0.000000 0.000000
L 2.687006 2.687006 0.000000
V 5.374012 2.687006 2.687006
F 8.061017 0.000000 2.687006
F 8.061017 2.687006 5.374012
A 8.061017 5.374012 2.687006


-10.330000	98040
6

K 0.000000 0.000000 0.000000
L 2.687006 2.687006 0.000000
V 5.374012 2.687006 2.687006
F 8.061017 5.374012 2.687006
F 8.061017 2.687006 0.000000
A 8.061017 0.000000 2.687006


-10.330000	98000
6

K 0.000000 0.000000 0.000000
L 2.687006 2.687006 0.000000
V 5.374012 5.374012 0.000000
F 8.061017 8.061017 0.000000
F 8.061017 5.374012 -2.687006
A 8.061017 2.687006 0.000000


-10.330000	ba010
6

K 0.000000 0.000000 0.000000
L 2.687006 2.687006 0.000000
V 0.000000 5.374012 0.000000
F 2.687006 8.061017 0.000000
F 0.000000 8.061017 -2.687006
A -2.687006 8.061017 0.000000


-10.330000	ba000
6

K 0.000000 0.000000 0.000000
L 2.687006 2.687006 0.000000
V 5.374012 5.374012 0.000000
F 8.061017 8.061017 0.000000
F 5.374012 8.061017 -2.687006
A 2.687006 8.061017 0.000000


-10.330000	54110
6

K 0.000000 0.000000 0.000000
L 2.687006 2.687006 0.000000
V 0.000000 5.374012 0.000000
F -2.687006 8.061017 0.000000
F 0.000000 8.061017 2.687006
A 2.687006 8.061017 0.000000


-10.330000	54100
6

K 0.000000 0.000000 0.000000
L 2.687006 2.687006 0.000000
V 5.374012 5.374012 0.000000
F 2.687006 8.061017 0.000000
F 5.374012 8.061017 2.687006
A 8.061017 8.061017 0.000000


-10.330000	10940
6

K 0.000000 0.000000 0.000000
L 2.687006 2.687006 0.000000
V 5.374012 2.687006 2.687006
F 5.374012 0.000000 5.374012
F 8.061017 2.687006 5.374012
A 5.374012 5.374012 5.374012


-10.330000	76240
6

K 0.000000 0.000000 0.000000
L 2.687006 2.687006 0.000000
V 5.374012 2.687006 2.687006
F 5.374012 5.374012 5.374012
F 2.687006 2.687006 5.374012
A 5.374012 0.000000 5.374012


-10.330000	87240
6

K 0.000000 0.000000 0.000000
L 2.687006 2.687006 0.000000
V 5.374012 2.687006 2.687006
F 5.374012 5.374012 5.374012
F 8.061017 2.687006 5.374012
A 8.061017 0.000000 2.687006


-10.330000	87200
6

K 0.000000 0.000000 0.000000
L 2.687006 2.687006 0.000000
V 5.374012 5.374012 0.000000
F 5.374012 8.061017 2.687006
F 8.061017 5.374012 2.687006
A 8.061017 2.687006 0.000000


-10.330000	42a10
6

K 0.000000 0.000000 0.000000
L 2.687006 2.687006 0.000000
V 0.000000 5.374012 0.000000
F -2.687006 5.374012 -2.687006
F -2.687006 8.061017 0.000000
A 0.000000 8.061017 2.687006


-10.330000	53b10
6

K 0.000000 0.000000 0.000000
L 2.687006 2.687006 0.000000
V 0.000000 5.374012 0.000000
F -2.687006 5.374012 2.687006
F -2.687006 8.061017 0.000000
A 0.000000 8.061017 -2.687006


-10.330000	75100
6

K 0.000000 0.000000 0.000000
L 2.687006 2.687006 0.000000
V 5.374012 5.374012 0.000000
F 2.687006 8.061017 0.000000
F 5.374012 8.061017 -2.687006
A 8.061017 5.374012 -2.687006


-10.330000	b9540
6

K 0.000000 0.000000 0.000000
L 2.687006 2.687006 0.000000
V 5.374012 2.687006 2.687006
F 8.061017 2.687006 0.000000
F 8.061017 0.000000 2.687006
A 5.374012 0.000000 5.374012


-10.330000	97300
6

K 0.000000 0.000000 0.000000
L 2.687006 2.687006 0.000000
V 5.374012 5.374012 0.000000
F 5.374012 8.061017 -2.687006
F 8.061017 5.374012 -2.687006
A 8.061017 2.687006 0.000000


-10.330000	1b740
6

K 0.000000 0.000000 0.000000
L 2.687006 2.687006 0.000000
V 5.374012 2.687006 2.687006
F 8.061017 0.000000 2.687006
F 5.374012 0.000000 5.374012
A 2.687006 2.687006 5.374012


-10.330000	85240
6

K 0.000000 0.000000 0.000000
L 2.687006 2.687006 0.000000
V 5.374012 2.687006 2.687006
F 5.374012 5.374012 5.374012
F 8.061017 5.374012 2.687006
A 8.061017 2.687006 0.000000


-10.330000	74100
6

K 0.000000 0.000000 0.000000
L 2.687006 2.687006 0.000000
V 5.374012 5.374012 0.000000
F 2.687006 8.061017 0.000000
F 5.374012 8.061017 2.687006
A 8.061017 5.374012 2.687006


-10.330000	85200
6

K 0.000000 0.000000 0.000000
L 2.687006 2.687006 0.000000
V 5.374012 5.374012 0.000000
F 5.374012 8.061017 2.687006
F 8.061017 8.061017 0.000000
A 8.061017 5.374012 -2.687006


-10.330000	30940
6

K 0.000000 0.000000 0.000000
L 2.687006 2.687006 0.000000
V 5.374012 2.687006 2.687006
F 5.374012 0.000000 5.374012
F 8.061017 2.687006 5.374012
A 8.061017 5.374012 2.687006


-10.330000	40a10
6

K 0.000000 0.000000 0.000000
L 2.687006 2.687006 0.000000
V 0.000000 5.374012 0.000000
F -2.687006 5.374012 -2.687006
F 0.000000 8.061017 -2.687006
A 2.687006 8.061017 0.000000


-10.330000	07b40
6

K 0.000000 0.000000 0.000000
L 2.687006 2.687006 0.000000
V 5.374012 2.687006 2.687006
F 2.687006 2.687006 5.374012
F 5.374012 0.000000 5.374012
A 8.061017 2.687006 5.374012


-10.330000	4b310
6

K 0.000000 0.000000 0.000000
L 2.687006 2.687006 0.000000
V 0.000000 5.374012 0.000000
F 0.000000 8.061017 -2.687006
F -2.687006 8.061017 0.000000
A 0.000000 8.061017 2.687006


-10.330000	4b300
6

K 0.000000 0.000000 0.000000
L 2.687006 2.687006 0.000000
V 5.374012 5.374012 0.000000
F 5.374012 8.061017 -2.687006
F 2.687006 8.061017 0.000000
A 5.374012 8.061017 2.687006


-10.330000	61440
6

K 0.000000 0.000000 0.000000
L 2.687006 2.687006 0.000000
V 5.374012 2.687006 2.687006
F 8.061017 2.687006 5.374012
F 5.374012 5.374012 5.374012
A 2.687006 2.687006 5.374012


-10.330000	83440
6

K 0.000000 0.000000 0.000000
L 2.687006 2.687006 0.000000
V 5.374012 2.687006 2.687006
F 8.061017 2.687006 5.374012
F 8.061017 5.374012 2.687006
A 8.061017 2.687006 0.000000


-10.330000	83400
6

K 0.000000 0.000000 0.000000
L 2.687006 2.687006 0.000000
V 5.374012 5.374012 0.000000
F 8.061017 5.374012 2.687006
F 8.061017 8.061017 0.000000
A 8.061017 5.374012 -2.687006


-10.330000	50b40
6

K 0.000000 0.000000 0.000000
L 2.687006 2.687006 0.000000
V 5.374012 2.687006 2.687006
F 2.687006 2.687006 5.374012
F 5.374012 5.374012 5.374012
A 8.061017 5.374012 2.687006


-10.330000	50b10
6

K 0.000000 0.000000 0.000000
L 2.687006 2.687006 0.000000
V 0.000000 5.374012 0.000000
F -2.687006 5.374012 2.687006
F 0.000000 8.061017 2.687006
A 2.687006 8.061017 0.000000


-10.330000	94300
6

K 0.000000 0.000000 0.000000
L 2.687006 2.687006 0.000000
V 5.374012 5.374012 0.000000
F 5.374012 8.061017 -2.687006
F 8.061017 8.061017 0.000000
A 8.061017 5.374012 2.687006


-10.330000	a5210
6

K 0.000000 0.000000 0.000000
L 2.687006 2.687006 0.000000
V 0.000000 5.374012 0.000000
F 0.000000 8.061017 2.687006
F 2.687006 8.061017 0.000000
A 0.000000 8.061017 -2.687006


-10.330000	a5200
6

K 0.000000 0.000000 0.000000
L 2.687006 2.687006 0.000000
V 5.374012 5.374012 0.000000
F 5.374012 8.061017 2.687006
F 8.061017 8.061017 0.000000
A 5.374012 8.061017 -2.687006


-10.330000	83b10
6

K 0.000000 0.000000 0.000000
L 2.687006 2.687006 0.000000
V 0.000000 5.374012 0.000000
F -2.687006 5.374012 2.687006
F -2.687006 8.061017 0.000000
A -2.687006 5.374012 -2.687006


-10.330000	29540
6

K 0.000000 0.000000 0.000000
L 2.687006 2.687006 0.000000
V 5.374012 2.687006 2.687006
F 8.061017 2.687006 0.000000
F 8.061017 0.000000 2.687006
A 8.061017 2.687006 5.374012


-10.330000	29500
6

K 0.000000 0.000000 0.000000
L 2.687006 2.687006 0.000000
V 5.374012 5.374012 0.000000
F 8.061017 5.374012 -2.687006
F 8.061017 2.687006 0.000000
A 8.061017 5.374012 2.687006


-10.260000	16740
6

K 0.000000 0.000000 0.000000
L 2.687006 2.687006 0.000000
V 5.374012 2.687006 2.687006
F 8.061017 0.000000 2.687006
F 5.374012 -2.687006 2.687006
A 2.687006 0.000000 2.687006


-10.260000	89210
6

K 0.000000 0.000000 0.000000
L 2.687006 2.687006 0.000000
V 0.000000 5.374012 0.000000
F 0.000000 8.061017 2.687006
F 0.000000 5.374012 5.374012
A 0.000000 2.687006 2.687006


-10.260000	98310
6

K 0.000000 0.000000 0.000000
L 2.687006 2.687006 0.000000
V 0.000000 5.374012 0.000000
F 0.000000 8.061017 -2.687006
F 0.000000 5.374012 -5.374012
A 0.000000 2.687006 -2.687006


-10.160000	7ba10
6

K 0.000000 0.000000 0.000000
L 2.687006 2.687006 0.000000
V 0.000000 5.374012 0.000000
F -2.687006 5.374012 -2.687006
F -5.374012 5.374012 0.000000
A -2.687006 2.687006 0.000000


-10.160000	7ab10
6

K 0.000000 0.000000 0.000000
L 2.687006 2.687006 0.000000
V 0.000000 5.374012 0.000000
F -2.687006 5.374012 2.687006
F -5.374012 5.374012 0.000000
A -2.687006 2.687006 0.000000


-10.160000	46a10
6

K 0.000000 0.000000 0.000000
L 2.687006 2.687006 0.000000
V 0.000000 5.374012 0.000000
F -2.687006 5.374012 -2.687006
F -5.374012 2.687006 -2.687006
A -2.687006 2.687006 0.000000


-10.160000	56b10
6

K 0.000000 0.000000 0.000000
L 2.687006 2.687006 0.000000
V 0.000000 5.374012 0.000000
F -2.687006 5.374012 2.687006
F -5.374012 2.687006 2.687006
A -2.687006 2.687006 0.000000


-10.090000	97aa0
6

K 0.000000 0.000000 0.000000
L 2.687006 2.687006 0.000000
V 0.000000 2.687006 -2.687006
F -2.687006 2.687006 -5.374012
F 0.000000 0.000000 -5.374012
A 0.000000 -2.687006 -2.687006


-10.090000	965a0
6

K 0.000000 0.000000 0.000000
L 2.687006 2.687006 0.000000
V 0.000000 2.687006 -2.687006
F 2.687006 2.687006 -5.374012
F 0.000000 0.000000 -5.374012
A 0.000000 -2.687006 -2.687006


-9.890000	5aba0
6

K 0.000000 0.000000 0.000000
L 2.687006 2.687006 0.000000
V 0.000000 2.687006 -2.687006
F -2.687006 2.687006 0.000000
F -5.374012 2.687006 -2.687006
A -2.687006 2.687006 -5.374012


-9.890000	016a0
6

K 0.000000 0.000000 0.000000
L 2.687006 2.687006 0.000000
V 0.000000 2.687006 -2.687006
F -2.687006 0.000000 -2.687006
F -5.374012 2.687006 -2.687006
A -2.687006 5.374012 -2.687006


-9.770000	6b2a0
6

K 0.000000 0.000000 0.000000
L 2.687006 2.687006 0.000000
V 0.000000 2.687006 -2.687006
F 0.000000 5.374012 0.000000
F -2.687006 5.374012 2.687006
A -5.374012 2.687006 2.687006


-9.770000	700a0
6

K 0.000000 0.000000 0.000000
L 2.687006 2.687006 0.000000
V 0.000000 2.687006 -2.687006
F 2.687006 5.374012 -2.687006
F 5.374012 8.061017 -2.687006
A 8.061017 5.374012 -2.687006


-9.770000	922a0
6

K 0.000000 0.000000 0.000000
L 2.687006 2.687006 0.000000
V 0.000000 2.687006 -2.687006
F 0.000000 5.374012 0.000000
F 0.000000 8.061017 2.687006
A 0.000000 5.374012 5.374012


-9.770000	a32a0
6

K 0.000000 0.000000 0.000000
L 2.687006 2.687006 0.000000
V 0.000000 2.687006 -2.687006
F 0.000000 5.374012 0.000000
F 0.000000 8.061017 -2.687006
A -2.687006 8.061017 -5.374012


-9.770000	a30a0
6

K 0.000000 0.000000 0.000000
L 2.687006 2.687006 0.000000
V 0.000000 2.687006 -2.687006
F 2.687006 5.374012 -2.687006
F 2.687006 8.061017 -5.374012
A 0.000000 8.061017 -8.061017


-9.770000	050a0
6

K 0.000000 0.000000 0.000000
L 2.687006 2.687006 0.000000
V 0.000000 2.687006 -2.687006
F 2.687006 5.374012 -2.687006
F 5.374012 5.374012 -5.374012
A 8.061017 8.061017 -5.374012


-9.770000	045a0
6

K 0.000000 0.000000 0.000000
L 2.687006 2.687006 0.000000
V 0.000000 2.687006 -2.687006
F 2.687006 2.687006 -5.374012
F 5.374012 2.687006 -2.687006
A 8.061017 5.374012 -2.687006


-9.770000	a12a0
6

K 0.000000 0.000000 0.000000
L 2.687006 2.687006 0.000000
V 0.000000 2.687006 -2.687006
F 0.000000 5.374012 0.000000
F -2.687006 8.061017 0.000000
A -5.374012 8.061017 -2.687006


-9.770000	b22a0
6

K 0.000000 0.000000 0.000000
L 2.687006 2.687006 0.000000
V 0.000000 2.687006 -2.687006
F 0.000000 5.374012 0.000000
F 0.000000 8.061017 2.687006
A -2.687006 8.061017 5.374012


-9.770000	a10a0
6

K 0.000000 0.000000 0.000000
L 2.687006 2.687006 0.000000
V 0.000000 2.687006 -2.687006
F 2.687006 5.374012 -2.687006
F 0.000000 8.061017 -2.687006
A -2.687006 8.061017 -5.374012


-9.770000	032a0
6

K 0.000000 0.000000 0.000000
L 2.687006 2.687006 0.000000
V 0.000000 2.687006 -2.687006
F 0.000000 5.374012 0.000000
F 0.000000 8.061017 -2.687006
A 2.687006 10.748023 -2.687006


-9.770000	b20a0
6

K 0.000000 0.000000 0.000000
L 2.687006 2.687006 0.000000
V 0.000000 2.687006 -2.687006
F 2.687006 5.374012 -2.687006
F 2.687006 8.061017 0.000000
A 0.000000 8.061017 2.687006


-9.770000	030a0
6

K 0.000000 0.000000 0.000000
L 2.687006 2.687006 0.000000
V 0.000000 2.687006 -2.687006
F 2.687006 5.374012 -2.687006
F 2.687006 8.061017 -5.374012
A 5.374012 10.748023 -5.374012


-9.770000	9b2a0
6

K 0.000000 0.000000 0.000000
L 2.687006 2.687006 0.000000
V 0.000000 2.687006 -2.687006
F 0.000000 5.374012 0.000000
F -2.687006 5.374012 2.687006
A -2.687006 2.687006 5.374012


-9.770000	b12a0
6

K 0.000000 0.000000 0.000000
L 2.687006 2.687006 0.000000
V 0.000000 2.687006 -2.687006
F 0.000000 5.374012 0.000000
F -2.687006 8.061017 0.000000
A -5.374012 8.061017 2.687006


-9.770000	022a0
6

K 0.000000 0.000000 0.000000
L 2.687006 2.687006 0.000000
V 0.000000 2.687006 -2.687006
F 0.000000 5.374012 0.000000
F 0.000000 8.061017 2.687006
A 2.687006 10.748023 2.687006


-9.770000	b10a0
6

K 0.000000 0.000000 0.000000
L 2.687006 2.687006 0.000000
V 0.000000 2.687006 -2.687006
F 2.687006 5.374012 -2.687006
F 0.000000 8.061017 -2.687006
A -2.687006 8.061017 0.000000


-9.770000	132a0
6

K 0.000000 0.000000 0.000000
L 2.687006 2.687006 0.000000
V 0.000000 2.687006 -2.687006
F 0.000000 5.374012 0.000000
F 0.000000 8.061017 -2.687006
A -2.687006 10.748023 -2.687006


-9.770000	020a0
6

K 0.000000 0.000000 0.000000
L 2.687006 2.687006 0.000000
V 0.000000 2.687006 -2.687006
F 2.687006 5.374012 -2.687006
F 2.687006 8.061017 0.000000
A 5.374012 10.748023 0.000000


-9.770000	130a0
6

K 0.000000 0.000000 0.000000
L 2.687006 2.687006 0.000000
V 0.000000 2.687006 -2.687006
F 2.687006 5.374012 -2.687006
F 2.687006 8.061017 -5.374012
A 0.000000 10.748023 -5.374012


-9.770000	350a0
6

K 0.000000 0.000000 0.000000
L 2.687006 2.687006 0.000000
V 0.000000 2.687006 -2.687006
F 2.687006 5.374012 -2.687006
F 5.374012 5.374012 -5.374012
A 5.374012 8.061017 -8.061017


-9.770000	ab2a0
6

K 0.000000 0.000000 0.000000
L 2.687006 2.687006 0.000000
V 0.000000 2.687006 -2.687006
F 0.000000 5.374012 0.000000
F -2.687006 5.374012 2.687006
A -5.374012 5.374012 0.000000


-9.770000	012a0
6

K 0.000000 0.000000 0.000000
L 2.687006 2.687006 0.000000
V 0.000000 2.687006 -2.687006
F 0.000000 5.374012 0.000000
F -2.687006 8.061017 0.000000
A 0.000000 10.748023 0.000000


-9.770000	122a0
6

K 0.000000 0.000000 0.000000
L 2.687006 2.687006 0.000000
V 0.000000 2.687006 -2.687006
F 0.000000 5.374012 0.000000
F 0.000000 8.061017 2.687006
A -2.687006 10.748023 2.687006


-9.770000	010a0
6

K 0.000000 0.000000 0.000000
L 2.687006 2.687006 0.000000
V 0.000000 2.687006 -2.687006
F 2.687006 5.374012 -2.687006
F 0.000000 8.061017 -2.687006
A 2.687006 10.748023 -2.687006


-9.770000	232a0
6

K 0.000000 0.000000 0.000000
L 2.687006 2.687006 0.000000
V 0.000000 2.687006 -2.687006
F 0.000000 5.374012 0.000000
F 0.000000 8.061017 -2.687006
A 0.000000 10.748023 0.000000


-9.770000	120a0
6

K 0.000000 0.000000 0.000000
L 2.687006 2.687006 0.000000
V 0.000000 2.687006 -2.687006
F 2.687006 5.374012 -2.687006
F 2.687006 8.061017 0.000000
A 0.000000 10.748023 0.000000


-9.770000	230a0
6

K 0.000000 0.000000 0.000000
L 2.687006 2.687006 0.000000
V 0.000000 2.687006 -2.687006
F 2.687006 5.374012 -2.687006
F 2.687006 8.061017 -5.374012
A 2.687006 10.748023 -2.687006


-9.770000	450a0
6

K 0.000000 0.000000 0.000000
L 2.687006 2.687006 0.000000
V 0.000000 2.687006 -2.687006
F 2.687006 5.374012 -2.687006
F 5.374012 5.374012 -5.374012
A 8.061017 5.374012 -2.687006


-9.770000	bb2a0
6

K 0.000000 0.000000 0.000000
L 2.687006 2.687006 0.000000
V 0.000000 2.687006 -2.687006
F 0.000000 5.374012 0.000000
F -2.687006 5.374012 2.687006
A -5.374012 5.374012 5.374012


-9.770000	002a0
6

K 0.000000 0.000000 0.000000
L 2.687006 2.687006 0.000000
V 0.000000 2.687006 -2.687006
F 0.000000 5.374012 0.000000
F 2.687006 8.061017 0.000000
A 5.374012 10.748023 0.000000


-9.770000	445a0
6

K 0.000000 0.000000 0.000000
L 2.687006 2.687006 0.000000
V 0.000000 2.687006 -2.687006
F 2.687006 2.687006 -5.374012
F 5.374012 2.687006 -2.687006
A 8.061017 2.687006 0.000000


-9.770000	112a0
6

K 0.000000 0.000000 0.000000
L 2.687006 2.687006 0.000000
V 0.000000 2.687006 -2.687006
F 0.000000 5.374012 0.000000
F -2.687006 8.061017 0.000000
A -5.374012 10.748023 0.000000


-9.770000	000a0
6

K 0.000000 0.000000 0.000000
L 2.687006 2.687006 0.000000
V 0.000000 2.687006 -2.687006
F 2.687006 5.374012 -2.687006
F 5.374012 8.061017 -2.687006
A 8.061017 10.748023 -2.687006


-9.770000	222a0
6

K 0.000000 0.000000 0.000000
L 2.687006 2.687006 0.000000
V 0.000000 2.687006 -2.687006
F 0.000000 5.374012 0.000000
F 0.000000 8.061017 2.687006
A 0.000000 10.748023 5.374012


-9.770000	110a0
6

K 0.000000 0.000000 0.000000
L 2.687006 2.687006 0.000000
V 0.000000 2.687006 -2.687006
F 2.687006 5.374012 -2.687006
F 0.000000 8.061017 -2.687006
A -2.687006 10.748023 -2.687006


-9.770000	332a0
6

K 0.000000 0.000000 0.000000
L 2.687006 2.687006 0.000000
V 0.000000 2.687006 -2.687006
F 0.000000 5.374012 0.000000
F 0.000000 8.061017 -2.687006
A 0.000000 10.748023 -5.374012


-9.770000	220a0
6

K 0.000000 0.000000 0.000000
L 2.687006 2.687006 0.000000
V 0.000000 2.687006 -2.687006
F 2.687006 5.374012 -2.687006
F 2.687006 8.061017 0.000000
A 2.687006 10.748023 2.687006


-9.770000	330a0
6

K 0.000000 0.000000 0.000000
L 2.687006 2.687006 0.000000
V 0.000000 2.687006 -2.687006
F 2.687006 5.374012 -2.687006
F 2.687006 8.061017 -5.374012
A 2.687006 10.748023 -8.061017


-9.770000	550a0
6

K 0.000000 0.000000 0.000000
L 2.687006 2.687006 0.000000
V 0.000000 2.687006 -2.687006
F 2.687006 5.374012 -2.687006
F 5.374012 5.374012 -5.374012
A 8.061017 5.374012 -8.061017


-9.770000	102a0
6

K 0.000000 0.000000 0.000000
L 2.687006 2.687006 0.000000
V 0.000000 2.687006 -2.687006
F 0.000000 5.374012 0.000000
F 2.687006 8.061017 0.000000
A 0.000000 10.748023 0.000000


-9.770000	545a0
6

K 0.000000 0.000000 0.000000
L 2.687006 2.687006 0.000000
V 0.000000 2.687006 -2.687006
F 2.687006 2.687006 -5.374012
F 5.374012 2.687006 -2.687006
A 8.061017 2.687006 -5.374012


-9.770000	212a0
6

K 0.000000 0.000000 0.000000
L 2.687006 2.687006 0.000000
V 0.000000 2.687006 -2.687006
F 0.000000 5.374012 0.000000
F -2.687006 8.061017 0.000000
A -2.687006 10.748023 2.687006


-9.770000	100a0
6

K 0.000000 0.000000 0.000000
L 2.687006 2.687006 0.000000
V 0.000000 2.687006 -2.687006
F 2.687006 5.374012 -2.687006
F 5.374012 8.061017 -2.687006
A 2.687006 10.748023 -2.687006


-9.770000	322a0
6

K 0.000000 0.000000 0.000000
L 2.687006 2.687006 0.000000
V 0.000000 2.687006 -2.687006
F 0.000000 5.374012 0.000000
F 0.000000 8.061017 2.687006
A 0.000000 10.748023 0.000000


-9.770000	210a0
6

K 0.000000 0.000000 0.000000
L 2.687006 2.687006 0.000000
V 0.000000 2.687006 -2.687006
F 2.687006 5.374012 -2.687006
F 0.000000 8.061017 -2.687006
A 0.000000 10.748023 0.000000


-9.770000	320a0
6

K 0.000000 0.000000 0.000000
L 2.687006 2.687006 0.000000
V 0.000000 2.687006 -2.687006
F 2.687006 5.374012 -2.687006
F 2.687006 8.061017 0.000000
A 2.687006 10.748023 -2.687006


-9.770000	1b2a0
6

K 0.000000 0.000000 0.000000
L 2.687006 2.687006 0.000000
V 0.000000 2.687006 -2.687006
F 0.000000 5.374012 0.000000
F -2.687006 5.374012 2.687006
A -5.374012 8.061017 2.687006


-9.770000	202a0
6

K 0.000000 0.000000 0.000000
L 2.687006 2.687006 0.000000
V 0.000000 2.687006 -2.687006
F 0.000000 5.374012 0.000000
F 2.687006 8.061017 0.000000
A 2.687006 10.748023 2.687006


-9.770000	312a0
6

K 0.000000 0.000000 0.000000
L 2.687006 2.687006 0.000000
V 0.000000 2.687006 -2.687006
F 0.000000 5.374012 0.000000
F -2.687006 8.061017 0.000000
A -2.687006 10.748023 -2.687006


-9.770000	200a0
6

K 0.000000 0.000000 0.000000
L 2.687006 2.687006 0.000000
V 0.000000 2.687006 -2.687006
F 2.687006 5.374012 -2.687006
F 5.374012 8.061017 -2.687006
A 5.374012 10.748023 0.000000


-9.770000	422a0
6

K 0.000000 0.000000 0.000000
L 2.687006 2.687006 0.000000
V 0.000000 2.687006 -2.687006
F 0.000000 5.374012 0.000000
F 0.000000 8.061017 2.687006
A 2.687006 8.061017 5.374012


-9.770000	310a0
6

K 0.000000 0.000000 0.000000
L 2.687006 2.687006 0.000000
V 0.000000 2.687006 -2.687006
F 2.687006 5.374012 -2.687006
F 0.000000 8.061017 -2.687006
A 0.000000 10.748023 -5.374012


-9.770000	532a0
6

K 0.000000 0.000000 0.000000
L 2.687006 2.687006 0.000000
V 0.000000 2.687006 -2.687006
F 0.000000 5.374012 0.000000
F 0.000000 8.061017 -2.687006
A 2.687006 8.061017 -5.374012


-9.770000	420a0
6

K 0.000000 0.000000 0.000000
L 2.687006 2.687006 0.000000
V 0.000000 2.687006 -2.687006
F 2.687006 5.374012 -2.687006
F 2.687006 8.061017 0.000000
A 5.374012 8.061017 2.687006


-9.770000	530a0
6

K 0.000000 0.000000 0.000000
L 2.687006 2.687006 0.000000
V 0.000000 2.687006 -2.687006
F 2.687006 5.374012 -2.687006
F 2.687006 8.061017 -5.374012
A 5.374012 8.061017 -8.061017


-9.770000	750a0
6

K 0.000000 0.000000 0.000000
L 2.687006 2.687006 0.000000
V 0.000000 2.687006 -2.687006
F 2.687006 5.374012 -2.687006
F 5.374012 5.374012 -5.374012
A 8.061017 2.687006 -5.374012


-9.770000	2b2a0
6

K 0.000000 0.000000 0.000000
L 2.687006 2.687006 0.000000
V 0.000000 2.687006 -2.687006
F 0.000000 5.374012 0.000000
F -2.687006 5.374012 2.687006
A -2.687006 8.061017 5.374012


-9.770000	302a0
6

K 0.000000 0.000000 0.000000
L 2.687006 2.687006 0.000000
V 0.000000 2.687006 -2.687006
F 0.000000 5.374012 0.000000
F 2.687006 8.061017 0.000000
A 2.687006 10.748023 -2.687006


-9.770000	745a0
6

K 0.000000 0.000000 0.000000
L 2.687006 2.687006 0.000000
V 0.000000 2.687006 -2.687006
F 2.687006 2.687006 -5.374012
F 5.374012 2.687006 -2.687006
A 8.061017 0.000000 -2.687006


-9.770000	300a0
6

K 0.000000 0.000000 0.000000
L 2.687006 2.687006 0.000000
V 0.000000 2.687006 -2.687006
F 2.687006 5.374012 -2.687006
F 5.374012 8.061017 -2.687006
A 5.374012 10.748023 -5.374012


-9.770000	850a0
6

K 0.000000 0.000000 0.000000
L 2.687006 2.687006 0.000000
V 0.000000 2.687006 -2.687006
F 2.687006 5.374012 -2.687006
F 5.374012 5.374012 -5.374012
A 5.374012 2.687006 -8.061017


-9.770000	402a0
6

K 0.000000 0.000000 0.000000
L 2.687006 2.687006 0.000000
V 0.000000 2.687006 -2.687006
F 0.000000 5.374012 0.000000
F 2.687006 8.061017 0.000000
A 5.374012 8.061017 2.687006


-9.770000	400a0
6

K 0.000000 0.000000 0.000000
L 2.687006 2.687006 0.000000
V 0.000000 2.687006 -2.687006
F 2.687006 5.374012 -2.687006
F 5.374012 8.061017 -2.687006
A 8.061017 8.061017 0.000000


-9.770000	4b2a0
6

K 0.000000 0.000000 0.000000
L 2.687006 2.687006 0.000000
V 0.000000 2.687006 -2.687006
F 0.000000 5.374012 0.000000
F -2.687006 5.374012 2.687006
A 0.000000 5.374012 5.374012


-9.770000	502a0
6

K 0.000000 0.000000 0.000000
L 2.687006 2.687006 0.000000
V 0.000000 2.687006 -2.687006
F 0.000000 5.374012 0.000000
F 2.687006 8.061017 0.000000
A 5.374012 8.061017 -2.687006


-9.770000	612a0
6

K 0.000000 0.000000 0.000000
L 2.687006 2.687006 0.000000
V 0.000000 2.687006 -2.687006
F 0.000000 5.374012 0.000000
F -2.687006 8.061017 0.000000
A -5.374012 5.374012 0.000000


-9.770000	500a0
6

K 0.000000 0.000000 0.000000
L 2.687006 2.687006 0.000000
V 0.000000 2.687006 -2.687006
F 2.687006 5.374012 -2.687006
F 5.374012 8.061017 -2.687006
A 8.061017 8.061017 -5.374012


-9.770000	830a0
6

K 0.000000 0.000000 0.000000
L 2.687006 2.687006 0.000000
V 0.000000 2.687006 -2.687006
F 2.687006 5.374012 -2.687006
F 2.687006 8.061017 -5.374012
A 2.687006 5.374012 -8.061017


-9.770000	a50a0
6

K 0.000000 0.000000 0.000000
L 2.687006 2.687006 0.000000
V 0.000000 2.687006 -2.687006
F 2.687006 5.374012 -2.687006
F 5.374012 5.374012 -5.374012
A 2.687006 5.374012 -8.061017


-9.720000	8b100
6

K 0.000000 0.000000 0.000000
L 2.687006 2.687006 0.000000
V 5.374012 5.374012 0.000000
F 2.687006 8.061017 0.000000
F 0.000000 8.061017 2.687006
A 0.000000 5.374012 0.000000


-9.720000	9a100
6

K 0.000000 0.000000 0.000000
L 2.687006 2.687006 0.000000
V 5.374012 5.374012 0.000000
F 2.687006 8.061017 0.000000
F 0.000000 8.061017 -2.687006
A 0.000000 5.374012 0.000000


-9.720000	a9700
6

K 0.000000 0.000000 0.000000
L 2.687006 2.687006 0.000000
V 5.374012 5.374012 0.000000
F 8.061017 2.687006 0.000000
F 8.061017 0.000000 2.687006
A 5.374012 0.000000 0.000000


-9.720000	63540
6

K 0.000000 0.000000 0.000000
L 2.687006 2.687006 0.000000
V 5.374012 2.687006 2.687006
F 8.061017 2.687006 0.000000
F 8.061017 5.374012 -2.687006
A 5.374012 2.687006 -2.687006


-9.720000	b8700
6

K 0.000000 0.000000 0.000000
L 2.687006 2.687006 0.000000
V 5.374012 5.374012 0.000000
F 8.061017 2.687006 0.000000
F 8.061017 0.000000 -2.687006
A 5.374012 0.000000 0.000000


-9.720000	84010
6

K 0.000000 0.000000 0.000000
L 2.687006 2.687006 0.000000
V 0.000000 5.374012 0.000000
F 2.687006 8.061017 0.000000
F 5.374012 8.061017 2.687006
A 5.374012 5.374012 0.000000


-9.720000	95010
6

K 0.000000 0.000000 0.000000
L 2.687006 2.687006 0.000000
V 0.000000 5.374012 0.000000
F 2.687006 8.061017 0.000000
F 5.374012 8.061017 -2.687006
A 5.374012 5.374012 0.000000


-9.720000	18540
6

K 0.000000 0.000000 0.000000
L 2.687006 2.687006 0.000000
V 5.374012 2.687006 2.687006
F 8.061017 2.687006 0.000000
F 8.061017 0.000000 -2.687006
A 5.374012 2.687006 -2.687006


-9.650000	92610
6

K 0.000000 0.000000 0.000000
L 2.687006 2.687006 0.000000
V 0.000000 5.374012 0.000000
F -2.687006 2.687006 0.000000
F -2.687006 5.374012 2.687006
A -2.687006 2.687006 5.374012


-9.650000	a3610
6

K 0.000000 0.000000 0.000000
L 2.687006 2.687006 0.000000
V 0.000000 5.374012 0.000000
F -2.687006 2.687006 0.000000
F -2.687006 5.374012 -2.687006
A -5.374012 5.374012 -5.374012


-9.650000	b2610
6

K 0.000000 0.000000 0.000000
L 2.687006 2.687006 0.000000
V 0.000000 5.374012 0.000000
F -2.687006 2.687006 0.000000
F -2.687006 5.374012 2.687006
A -5.374012 5.374012 5.374012


-9.650000	69a10
6

K 0.000000 0.000000 0.000000
L 2.687006 2.687006 0.000000
V 0.000000 5.374012 0.000000
F -2.687006 5.374012 -2.687006
F -2.687006 2.687006 0.000000
A -5.374012 0.000000 0.000000


-9.650000	68b10
6

K 0.000000 0.000000 0.000000
L 2.687006 2.687006 0.000000
V 0.000000 5.374012 0.000000
F -2.687006 5.374012 2.687006
F -2.687006 2.687006 0.000000
A -5.374012 0.000000 0.000000


-9.650000	13610
6

K 0.000000 0.000000 0.000000
L 2.687006 2.687006 0.000000
V 0.000000 5.374012 0.000000
F -2.687006 2.687006 0.000000
F -2.687006 5.374012 -2.687006
A -5.374012 8.061017 -2.687006


-9.650000	12610
6

K 0.000000 0.000000 0.000000
L 2.687006 2.687006 0.000000
V 0.000000 5.374012 0.000000
F -2.687006 2.687006 0.000000
F -2.687006 5.374012 2.687006
A -5.374012 8.061017 2.687006


-9.650000	22610
6

K 0.000000 0.000000 0.000000
L 2.687006 2.687006 0.000000
V 0.000000 5.374012 0.000000
F -2.687006 2.687006 0.000000
F -2.687006 5.374012 2.687006
A -2.687006 8.061017 5.374012


-9.650000	33610
6

K 0.000000 0.000000 0.000000
L 2.687006 2.687006 0.000000
V 0.000000 5.374012 0.000000
F -2.687006 2.687006 0.000000
F -2.687006 5.374012 -2.687006
A -2.687006 8.061017 -5.374012


-9.650000	42610
6

K 0.000000 0.000000 0.000000
L 2.687006 2.687006 0.000000
V 0.000000 5.374012 0.000000
F -2.687006 2.687006 0.000000
F -2.687006 5.374012 2.687006
A 0.000000 5.374012 5.374012


-9.650000	a8b10
6

K 0.000000 0.000000 0.000000
L 2.687006 2.687006 0.000000
V 0.000000 5.374012 0.000000
F -2.687006 5.374012 2.687006
F -2.687006 2.687006 0.000000
A -5.374012 2.687006 -2.687006


-9.650000	53610
6

K 0.000000 0.000000 0.000000
L 2.687006 2.687006 0.000000
V 0.000000 5.374012 0.000000
F -2.687006 2.687006 0.000000
F -2.687006 5.374012 -2.687006
A 0.000000 5.374012 -5.374012


-9.650000	b9a10
6

K 0.000000 0.000000 0.000000
L 2.687006 2.687006 0.000000
V 0.000000 5.374012 0.000000
F -2.687006 5.374012 -2.687006
F -2.687006 2.687006 0.000000
A -5.374012 2.687006 2.687006


-9.650000	83610
6

K 0.000000 0.000000 0.000000
L 2.687006 2.687006 0.000000
V 0.000000 5.374012 0.000000
F -2.687006 2.687006 0.000000
F -2.687006 5.374012 -2.687006
A -2.687006 2.687006 -5.374012


-9.480000	7b610
6

K 0.000000 0.000000 0.000000
L 2.687006 2.687006 0.000000
V 0.000000 5.374012 0.000000
F -2.687006 2.687006 0.000000
F -5.374012 2.687006 2.687006
A -2.687006 0.000000 2.687006


-9.480000	7a610
6

K 0.000000 0.000000 0.000000
L 2.687006 2.687006 0.000000
V 0.000000 5.374012 0.000000
F -2.687006 2.687006 0.000000
F -5.374012 2.687006 -2.687006
A -2.687006 0.000000 -2.687006


-9.480000	46610
6

K 0.000000 0.000000 0.000000
L 2.687006 2.687006 0.000000
V 0.000000 5.374012 0.000000
F -2.687006 2.687006 0.000000
F -5.374012 0.000000 0.000000
A -2.687006 0.000000 2.687006


-9.480000	56610
6

K 0.000000 0.000000 0.000000
L 2.687006 2.687006 0.000000
V 0.000000 5.374012 0.000000
F -2.687006 2.687006 0.000000
F -5.374012 0.000000 0.000000
A -2.687006 0.000000 -2.687006


-9.210000	49ba0
6

K 0.000000 0.000000 0.000000
L 2.687006 2.687006 0.000000
V 0.000000 2.687006 -2.687006
F -2.687006 2.687006 0.000000
F -2.687006 0.000000 2.687006
A 0.000000 0.000000 5.374012


-9.210000	69ba0
6

K 0.000000 0.000000 0.000000
L 2.687006 2.687006 0.000000
V 0.000000 2.687006 -2.687006
F -2.687006 2.687006 0.000000
F -2.687006 0.000000 2.687006
A -5.374012 -2.687006 2.687006


-9.210000	696a0
6

K 0.000000 0.000000 0.000000
L 2.687006 2.687006 0.000000
V 0.000000 2.687006 -2.687006
F -2.687006 0.000000 -2.687006
F -2.687006 -2.687006 0.000000
A -5.374012 -5.374012 0.000000


-9.210000	576a0
6

K 0.000000 0.000000 0.000000
L 2.687006 2.687006 0.000000
V 0.000000 2.687006 -2.687006
F -2.687006 0.000000 -2.687006
F 0.000000 -2.687006 -2.687006
A 2.687006 -2.687006 -5.374012


-9.210000	796a0
6

K 0.000000 0.000000 0.000000
L 2.687006 2.687006 0.000000
V 0.000000 2.687006 -2.687006
F -2.687006 0.000000 -2.687006
F -2.687006 -2.687006 0.000000
A 0.000000 -5.374012 0.000000


-9.210000	676a0
6

K 0.000000 0.000000 0.000000
L 2.687006 2.687006 0.000000
V 0.000000 2.687006 -2.687006
F -2.687006 0.000000 -2.687006
F 0.000000 -2.687006 -2.687006
A -2.687006 -5.374012 -2.687006


-9.210000	896a0
6

K 0.000000 0.000000 0.000000
L 2.687006 2.687006 0.000000
V 0.000000 2.687006 -2.687006
F -2.687006 0.000000 -2.687006
F -2.687006 -2.687006 0.000000
A -2.687006 -5.374012 -2.687006


-9.210000	99ba0
6

K 0.000000 0.000000 0.000000
L 2.687006 2.687006 0.000000
V 0.000000 2.687006 -2.687006
F -2.687006 2.687006 0.000000
F -2.687006 0.000000 2.687006
A -2.687006 -2.687006 5.374012


-9.210000	776a0
6

K 0.000000 0.000000 0.000000
L 2.687006 2.687006 0.000000
V 0.000000 2.687006 -2.687006
F -2.687006 0.000000 -2.687006
F 0.000000 -2.687006 -2.687006
A 2.687006 -5.374012 -2.687006


-9.210000	996a0
6

K 0.000000 0.000000 0.000000
L 2.687006 2.687006 0.000000
V 0.000000 2.687006 -2.687006
F -2.687006 0.000000 -2.687006
F -2.687006 -2.687006 0.000000
A -2.687006 -5.374012 2.687006


-9.210000	876a0
6

K 0.000000 0.000000 0.000000
L 2.687006 2.687006 0.000000
V 0.000000 2.687006 -2.687006
F -2.687006 0.000000 -2.687006
F 0.000000 -2.687006 -2.687006
A 0.000000 -5.374012 -5.374012


-9.210000	b9ba0
6

K 0.000000 0.000000 0.000000
L 2.687006 2.687006 0.000000
V 0.000000 2.687006 -2.687006
F -2.687006 2.687006 0.000000
F -2.687006 0.000000 2.687006
A -5.374012 0.000000 5.374012


-9.210000	976a0
6

K 0.000000 0.000000 0.000000
L 2.687006 2.687006 0.000000
V 0.000000 2.687006 -2.687006
F -2.687006 0.000000 -2.687006
F 0.000000 -2.687006 -2.687006
A 0.000000 -5.374012 0.000000


-9.210000	b96a0
6

K 0.000000 0.000000 0.000000
L 2.687006 2.687006 0.000000
V 0.000000 2.687006 -2.687006
F -2.687006 0.000000 -2.687006
F -2.687006 -2.687006 0.000000
A -5.374012 -2.687006 2.687006


-9.210000	29ba0
6

K 0.000000 0.000000 0.000000
L 2.687006 2.687006 0.000000
V 0.000000 2.687006 -2.687006
F -2.687006 2.687006 0.000000
F -2.687006 0.000000 2.687006
A -2.687006 2.687006 5.374012


-8.950000	38940
6

K 0.000000 0.000000 0.000000
L 2.687006 2.687006 0.000000
V 5.374012 2.687006 2.687006
F 5.374012 0.000000 5.374012
F 5.374012 -2.687006 2.687006
A 5.374012 0.000000 0.000000


-8.950000	45a10
6

K 0.000000 0.000000 0.000000
L 2.687006 2.687006 0.000000
V 0.000000 5.374012 0.000000
F -2.687006 5.374012 -2.687006
F 0.000000 5.374012 -5.374012
A 2.687006 5.374012 -2.687006


-8.950000	89200
6

K 0.000000 0.000000 0.000000
L 2.687006 2.687006 0.000000
V 5.374012 5.374012 0.000000
F 5.374012 8.061017 2.687006
F 5.374012 5.374012 5.374012
A 5.374012 2.687006 2.687006


-8.950000	ab400
6

K 0.000000 0.000000 0.000000
L 2.687006 2.687006 0.000000
V 5.374012 5.374012 0.000000
F 8.061017 5.374012 2.687006
F 5.374012 5.374012 5.374012
A 2.687006 5.374012 2.687006


-8.950000	54b10
6

K 0.000000 0.000000 0.000000
L 2.687006 2.687006 0.000000
V 0.000000 5.374012 0.000000
F -2.687006 5.374012 2.687006
F 0.000000 5.374012 5.374012
A 2.687006 5.374012 2.687006


-8.950000	98300
6

K 0.000000 0.000000 0.000000
L 2.687006 2.687006 0.000000
V 5.374012 5.374012 0.000000
F 5.374012 8.061017 -2.687006
F 5.374012 5.374012 -5.374012
A 5.374012 2.687006 -2.687006


-8.950000	ba500
6

K 0.000000 0.000000 0.000000
L 2.687006 2.687006 0.000000
V 5.374012 5.374012 0.000000
F 8.061017 5.374012 -2.687006
F 5.374012 5.374012 -5.374012
A 2.687006 5.374012 -2.687006


-8.950000	61040
6

K 0.000000 0.000000 0.000000
L 2.687006 2.687006 0.000000
V 5.374012 2.687006 2.687006
F 8.061017 5.374012 2.687006
F 5.374012 8.061017 2.687006
A 2.687006 5.374012 2.687006


-8.950000	83240
6

K 0.000000 0.000000 0.000000
L 2.687006 2.687006 0.000000
V 5.374012 2.687006 2.687006
F 5.374012 5.374012 5.374012
F 5.374012 8.061017 2.687006
A 5.374012 5.374012 0.000000


-8.850000	81210
6

K 0.000000 0.000000 0.000000
L 2.687006 2.687006 0.000000
V 0.000000 5.374012 0.000000
F 0.000000 8.061017 2.687006
F -2.687006 10.748023 2.687006
A -2.687006 8.061017 0.000000


-8.850000	81200
6

K 0.000000 0.000000 0.000000
L 2.687006 2.687006 0.000000
V 5.374012 5.374012 0.000000
F 5.374012 8.061017 2.687006
F 2.687006 10.748023 2.687006
A 2.687006 8.061017 0.000000


-8.850000	81010
6

K 0.000000 0.000000 0.000000
L 2.687006 2.687006 0.000000
V 0.000000 5.374012 0.000000
F 2.687006 8.061017 0.000000
F 0.000000 10.748023 0.000000
A 0.000000 8.061017 -2.687006


-8.850000	81000
6

K 0.000000 0.000000 0.000000
L 2.687006 2.687006 0.000000
V 5.374012 5.374012 0.000000
F 8.061017 8.061017 0.000000
F 5.374012 10.748023 0.000000
A 5.374012 8.061017 -2.687006


-8.850000	59240
6

K 0.000000 0.000000 0.000000
L 2.687006 2.687006 0.000000
V 5.374012 2.687006 2.687006
F 5.374012 5.374012 5.374012
F 5.374012 2.687006 8.061017
A 8.061017 2.687006 5.374012


-8.850000	59200
6

K 0.000000 0.000000 0.000000
L 2.687006 2.687006 0.000000
V 5.374012 5.374012 0.000000
F 5.374012 8.061017 2.687006
F 5.374012 5.374012 5.374012
A 8.061017 5.374012 2.687006


-8.850000	15700
6

K 0.000000 0.000000 0.000000
L 2.687006 2.687006 0.000000
V 5.374012 5.374012 0.000000
F 8.061017 2.687006 0.000000
F 10.748023 2.687006 -2.687006
A 8.061017 5.374012 -2.687006


-8.850000	59b40
6

K 0.000000 0.000000 0.000000
L 2.687006 2.687006 0.000000
V 5.374012 2.687006 2.687006
F 2.687006 2.687006 5.374012
F 2.687006 0.000000 8.061017
A 5.374012 0.000000 5.374012


-8.850000	80240
6

K 0.000000 0.000000 0.000000
L 2.687006 2.687006 0.000000
V 5.374012 2.687006 2.687006
F 5.374012 5.374012 5.374012
F 8.061017 8.061017 5.374012
A 8.061017 5.374012 2.687006


-8.850000	7b110
6

K 0.000000 0.000000 0.000000
L 2.687006 2.687006 0.000000
V 0.000000 5.374012 0.000000
F -2.687006 8.061017 0.000000
F -5.374012 8.061017 2.687006
A -2.687006 5.374012 2.687006


-8.850000	a2440
6

K 0.000000 0.000000 0.000000
L 2.687006 2.687006 0.000000
V 5.374012 2.687006 2.687006
F 8.061017 2.687006 5.374012
F 8.061017 5.374012 8.061017
A 5.374012 5.374012 5.374012


-8.850000	80210
6

K 0.000000 0.000000 0.000000
L 2.687006 2.687006 0.000000
V 0.000000 5.374012 0.000000
F 0.000000 8.061017 2.687006
F 2.687006 10.748023 2.687006
A 2.687006 8.061017 0.000000


-8.850000	80200
6

K 0.000000 0.000000 0.000000
L 2.687006 2.687006 0.000000
V 5.374012 5.374012 0.000000
F 5.374012 8.061017 2.687006
F 8.061017 10.748023 2.687006
A 8.061017 8.061017 0.000000


-8.850000	91310
6

K 0.000000 0.000000 0.000000
L 2.687006 2.687006 0.000000
V 0.000000 5.374012 0.000000
F 0.000000 8.061017 -2.687006
F -2.687006 10.748023 -2.687006
A -2.687006 8.061017 0.000000


-8.850000	91300
6

K 0.000000 0.000000 0.000000
L 2.687006 2.687006 0.000000
V 5.374012 5.374012 0.000000
F 5.374012 8.061017 -2.687006
F 2.687006 10.748023 -2.687006
A 2.687006 8.061017 0.000000


-8.850000	15740
6

K 0.000000 0.000000 0.000000
L 2.687006 2.687006 0.000000
V 5.374012 2.687006 2.687006
F 8.061017 0.000000 2.687006
F 10.748023 0.000000 0.000000
A 8.061017 2.687006 0.000000


-8.850000	a2400
6

K 0.000000 0.000000 0.000000
L 2.687006 2.687006 0.000000
V 5.374012 5.374012 0.000000
F 8.061017 5.374012 2.687006
F 8.061017 8.061017 5.374012
A 5.374012 8.061017 2.687006


-8.850000	b3500
6

K 0.000000 0.000000 0.000000
L 2.687006 2.687006 0.000000
V 5.374012 5.374012 0.000000
F 8.061017 5.374012 -2.687006
F 8.061017 8.061017 -5.374012
A 5.374012 8.061017 -2.687006


-8.850000	37940
6

K 0.000000 0.000000 0.000000
L 2.687006 2.687006 0.000000
V 5.374012 2.687006 2.687006
F 5.374012 0.000000 5.374012
F 8.061017 -2.687006 5.374012
A 8.061017 0.000000 2.687006


-8.850000	80110
6

K 0.000000 0.000000 0.000000
L 2.687006 2.687006 0.000000
V 0.000000 5.374012 0.000000
F -2.687006 8.061017 0.000000
F 0.000000 10.748023 0.000000
A 0.000000 8.061017 -2.687006


-8.850000	80100
6

K 0.000000 0.000000 0.000000
L 2.687006 2.687006 0.000000
V 5.374012 5.374012 0.000000
F 2.687006 8.061017 0.000000
F 5.374012 10.748023 0.000000
A 5.374012 8.061017 -2.687006


-8.850000	26740
6

K 0.000000 0.000000 0.000000
L 2.687006 2.687006 0.000000
V 5.374012 2.687006 2.687006
F 8.061017 0.000000 2.687006
F 5.374012 -2.687006 2.687006
A 5.374012 0.000000 5.374012


-8.850000	91040
6

K 0.000000 0.000000 0.000000
L 2.687006 2.687006 0.000000
V 5.374012 2.687006 2.687006
F 8.061017 5.374012 2.687006
F 5.374012 8.061017 2.687006
A 5.374012 5.374012 5.374012


-8.850000	91010
6

K 0.000000 0.000000 0.000000
L 2.687006 2.687006 0.000000
V 0.000000 5.374012 0.000000
F 2.687006 8.061017 0.000000
F 0.000000 10.748023 0.000000
A 0.000000 8.061017 2.687006


-8.850000	91000
6

K 0.000000 0.000000 0.000000
L 2.687006 2.687006 0.000000
V 5.374012 5.374012 0.000000
F 8.061017 8.061017 0.000000
F 5.374012 10.748023 0.000000
A 5.374012 8.061017 2.687006


-8.850000	15440
6

K 0.000000 0.000000 0.000000
L 2.687006 2.687006 0.000000
V 5.374012 2.687006 2.687006
F 8.061017 2.687006 5.374012
F 10.748023 2.687006 2.687006
A 8.061017 5.374012 2.687006


-8.850000	15400
6

K 0.000000 0.000000 0.000000
L 2.687006 2.687006 0.000000
V 5.374012 5.374012 0.000000
F 8.061017 5.374012 2.687006
F 10.748023 5.374012 0.000000
A 8.061017 8.061017 0.000000


-8.850000	48300
6

K 0.000000 0.000000 0.000000
L 2.687006 2.687006 0.000000
V 5.374012 5.374012 0.000000
F 5.374012 8.061017 -2.687006
F 5.374012 5.374012 -5.374012
A 8.061017 5.374012 -2.687006


-8.850000	a2940
6

K 0.000000 0.000000 0.000000
L 2.687006 2.687006 0.000000
V 5.374012 2.687006 2.687006
F 5.374012 0.000000 5.374012
F 5.374012 2.687006 8.061017
A 2.687006 2.687006 5.374012


-8.850000	25a10
6

K 0.000000 0.000000 0.000000
L 2.687006 2.687006 0.000000
V 0.000000 5.374012 0.000000
F -2.687006 5.374012 -2.687006
F 0.000000 5.374012 -5.374012
A 0.000000 8.061017 -2.687006


-8.850000	8b440
6

K 0.000000 0.000000 0.000000
L 2.687006 2.687006 0.000000
V 5.374012 2.687006 2.687006
F 8.061017 2.687006 5.374012
F 5.374012 2.687006 8.061017
A 5.374012 0.000000 5.374012


-8.850000	14700
6

K 0.000000 0.000000 0.000000
L 2.687006 2.687006 0.000000
V 5.374012 5.374012 0.000000
F 8.061017 2.687006 0.000000
F 10.748023 2.687006 2.687006
A 8.061017 5.374012 2.687006


-8.850000	8b240
6

K 0.000000 0.000000 0.000000
L 2.687006 2.687006 0.000000
V 5.374012 2.687006 2.687006
F 5.374012 5.374012 5.374012
F 2.687006 5.374012 8.061017
A 2.687006 2.687006 5.374012


-8.850000	7a110
6

K 0.000000 0.000000 0.000000
L 2.687006 2.687006 0.000000
V 0.000000 5.374012 0.000000
F -2.687006 8.061017 0.000000
F -5.374012 8.061017 -2.687006
A -2.687006 5.374012 -2.687006


-8.850000	8b210
6

K 0.000000 0.000000 0.000000
L 2.687006 2.687006 0.000000
V 0.000000 5.374012 0.000000
F 0.000000 8.061017 2.687006
F -2.687006 8.061017 5.374012
A -2.687006 5.374012 2.687006


-8.850000	90310
6

K 0.000000 0.000000 0.000000
L 2.687006 2.687006 0.000000
V 0.000000 5.374012 0.000000
F 0.000000 8.061017 -2.687006
F 2.687006 10.748023 -2.687006
A 2.687006 8.061017 0.000000


-8.850000	90300
6

K 0.000000 0.000000 0.000000
L 2.687006 2.687006 0.000000
V 5.374012 5.374012 0.000000
F 5.374012 8.061017 -2.687006
F 8.061017 10.748023 -2.687006
A 8.061017 8.061017 0.000000


-8.850000	14740
6

K 0.000000 0.000000 0.000000
L 2.687006 2.687006 0.000000
V 5.374012 2.687006 2.687006
F 8.061017 0.000000 2.687006
F 10.748023 0.000000 5.374012
A 8.061017 2.687006 5.374012


-8.850000	90110
6

K 0.000000 0.000000 0.000000
L 2.687006 2.687006 0.000000
V 0.000000 5.374012 0.000000
F -2.687006 8.061017 0.000000
F 0.000000 10.748023 0.000000
A 0.000000 8.061017 2.687006


-8.850000	90100
6

K 0.000000 0.000000 0.000000
L 2.687006 2.687006 0.000000
V 5.374012 5.374012 0.000000
F 2.687006 8.061017 0.000000
F 5.374012 10.748023 0.000000
A 5.374012 8.061017 2.687006


-8.850000	14540
6

K 0.000000 0.000000 0.000000
L 2.687006 2.687006 0.000000
V 5.374012 2.687006 2.687006
F 8.061017 2.687006 0.000000
F 10.748023 2.687006 2.687006
A 8.061017 5.374012 2.687006


-8.850000	14500
6

K 0.000000 0.000000 0.000000
L 2.687006 2.687006 0.000000
V 5.374012 5.374012 0.000000
F 8.061017 5.374012 -2.687006
F 10.748023 5.374012 0.000000
A 8.061017 8.061017 0.000000


-8.850000	a0440
6

K 0.000000 0.000000 0.000000
L 2.687006 2.687006 0.000000
V 5.374012 2.687006 2.687006
F 8.061017 2.687006 5.374012
F 10.748023 5.374012 5.374012
A 8.061017 5.374012 2.687006


-8.850000	a0400
6

K 0.000000 0.000000 0.000000
L 2.687006 2.687006 0.000000
V 5.374012 5.374012 0.000000
F 8.061017 5.374012 2.687006
F 10.748023 8.061017 2.687006
A 8.061017 8.061017 0.000000


-8.850000	a0700
6

K 0.000000 0.000000 0.000000
L 2.687006 2.687006 0.000000
V 5.374012 5.374012 0.000000
F 8.061017 2.687006 0.000000
F 10.748023 5.374012 0.000000
A 8.061017 5.374012 -2.687006


-8.850000	46110
6

K 0.000000 0.000000 0.000000
L 2.687006 2.687006 0.000000
V 0.000000 5.374012 0.000000
F -2.687006 8.061017 0.000000
F -5.374012 5.374012 0.000000
A -2.687006 5.374012 2.687006


-8.850000	a0740
6

K 0.000000 0.000000 0.000000
L 2.687006 2.687006 0.000000
V 5.374012 2.687006 2.687006
F 8.061017 0.000000 2.687006
F 10.748023 2.687006 2.687006
A 8.061017 2.687006 0.000000


-8.850000	b0540
6

K 0.000000 0.000000 0.000000
L 2.687006 2.687006 0.000000
V 5.374012 2.687006 2.687006
F 8.061017 2.687006 0.000000
F 10.748023 5.374012 0.000000
A 8.061017 5.374012 2.687006


-8.850000	9a310
6

K 0.000000 0.000000 0.000000
L 2.687006 2.687006 0.000000
V 0.000000 5.374012 0.000000
F 0.000000 8.061017 -2.687006
F -2.687006 8.061017 -5.374012
A -2.687006 5.374012 -2.687006


-8.850000	b0500
6

K 0.000000 0.000000 0.000000
L 2.687006 2.687006 0.000000
V 5.374012 5.374012 0.000000
F 8.061017 5.374012 -2.687006
F 10.748023 8.061017 -2.687006
A 8.061017 8.061017 0.000000


-8.850000	34940
6

K 0.000000 0.000000 0.000000
L 2.687006 2.687006 0.000000
V 5.374012 2.687006 2.687006
F 5.374012 0.000000 5.374012
F 8.061017 0.000000 8.061017
A 8.061017 2.687006 5.374012


-8.850000	b0700
6

K 0.000000 0.000000 0.000000
L 2.687006 2.687006 0.000000
V 5.374012 5.374012 0.000000
F 8.061017 2.687006 0.000000
F 10.748023 5.374012 0.000000
A 8.061017 5.374012 2.687006


-8.850000	34b40
6

K 0.000000 0.000000 0.000000
L 2.687006 2.687006 0.000000
V 5.374012 2.687006 2.687006
F 2.687006 2.687006 5.374012
F 5.374012 2.687006 8.061017
A 5.374012 5.374012 5.374012


-8.850000	34b10
6

K 0.000000 0.000000 0.000000
L 2.687006 2.687006 0.000000
V 0.000000 5.374012 0.000000
F -2.687006 5.374012 2.687006
F 0.000000 5.374012 5.374012
A 0.000000 8.061017 2.687006


-8.850000	56110
6

K 0.000000 0.000000 0.000000
L 2.687006 2.687006 0.000000
V 0.000000 5.374012 0.000000
F -2.687006 8.061017 0.000000
F -5.374012 5.374012 0.000000
A -2.687006 5.374012 -2.687006


-8.850000	b0740
6

K 0.000000 0.000000 0.000000
L 2.687006 2.687006 0.000000
V 5.374012 2.687006 2.687006
F 8.061017 0.000000 2.687006
F 10.748023 2.687006 2.687006
A 8.061017 2.687006 5.374012


-8.850000	a9240
6

K 0.000000 0.000000 0.000000
L 2.687006 2.687006 0.000000
V 5.374012 2.687006 2.687006
F 5.374012 5.374012 5.374012
F 5.374012 2.687006 8.061017
A 2.687006 2.687006 5.374012


-8.850000	a9210
6

K 0.000000 0.000000 0.000000
L 2.687006 2.687006 0.000000
V 0.000000 5.374012 0.000000
F 0.000000 8.061017 2.687006
F 0.000000 5.374012 5.374012
A -2.687006 5.374012 2.687006


-8.850000	0ba10
6

K 0.000000 0.000000 0.000000
L 2.687006 2.687006 0.000000
V 0.000000 5.374012 0.000000
F -2.687006 5.374012 -2.687006
F -5.374012 5.374012 0.000000
A -2.687006 8.061017 0.000000


-8.850000	65440
6

K 0.000000 0.000000 0.000000
L 2.687006 2.687006 0.000000
V 5.374012 2.687006 2.687006
F 8.061017 2.687006 5.374012
F 10.748023 2.687006 2.687006
A 8.061017 0.000000 2.687006


-8.850000	65400
6

K 0.000000 0.000000 0.000000
L 2.687006 2.687006 0.000000
V 5.374012 5.374012 0.000000
F 8.061017 5.374012 2.687006
F 10.748023 5.374012 0.000000
A 8.061017 2.687006 0.000000


-8.850000	65040
6

K 0.000000 0.000000 0.000000
L 2.687006 2.687006 0.000000
V 5.374012 2.687006 2.687006
F 8.061017 5.374012 2.687006
F 10.748023 5.374012 0.000000
A 8.061017 2.687006 0.000000


-8.850000	43a10
6

K 0.000000 0.000000 0.000000
L 2.687006 2.687006 0.000000
V 0.000000 5.374012 0.000000
F -2.687006 5.374012 -2.687006
F -2.687006 8.061017 -5.374012
A 0.000000 8.061017 -2.687006


-8.850000	65000
6

K 0.000000 0.000000 0.000000
L 2.687006 2.687006 0.000000
V 5.374012 5.374012 0.000000
F 8.061017 8.061017 0.000000
F 10.748023 8.061017 -2.687006
A 8.061017 5.374012 -2.687006


-8.850000	a9440
6

K 0.000000 0.000000 0.000000
L 2.687006 2.687006 0.000000
V 5.374012 2.687006 2.687006
F 8.061017 2.687006 5.374012
F 8.061017 0.000000 8.061017
A 5.374012 0.000000 5.374012


-8.850000	0ab10
6

K 0.000000 0.000000 0.000000
L 2.687006 2.687006 0.000000
V 0.000000 5.374012 0.000000
F -2.687006 5.374012 2.687006
F -5.374012 5.374012 0.000000
A -2.687006 8.061017 0.000000


-8.850000	64540
6

K 0.000000 0.000000 0.000000
L 2.687006 2.687006 0.000000
V 5.374012 2.687006 2.687006
F 8.061017 2.687006 0.000000
F 10.748023 2.687006 2.687006
A 8.061017 0.000000 2.687006


-8.850000	64500
6

K 0.000000 0.000000 0.000000
L 2.687006 2.687006 0.000000
V 5.374012 5.374012 0.000000
F 8.061017 5.374012 -2.687006
F 10.748023 5.374012 0.000000
A 8.061017 2.687006 0.000000


-8.850000	64040
6

K 0.000000 0.000000 0.000000
L 2.687006 2.687006 0.000000
V 5.374012 2.687006 2.687006
F 8.061017 5.374012 2.687006
F 10.748023 5.374012 5.374012
A 8.061017 2.687006 5.374012


-8.850000	64000
6

K 0.000000 0.000000 0.000000
L 2.687006 2.687006 0.000000
V 5.374012 5.374012 0.000000
F 8.061017 8.061017 0.000000
F 10.748023 8.061017 2.687006
A 8.061017 5.374012 2.687006


-8.850000	a7040
6

K 0.000000 0.000000 0.000000
L 2.687006 2.687006 0.000000
V 5.374012 2.687006 2.687006
F 8.061017 5.374012 2.687006
F 10.748023 2.687006 2.687006
A 8.061017 2.687006 0.000000


-8.850000	a7000
6

K 0.000000 0.000000 0.000000
L 2.687006 2.687006 0.000000
V 5.374012 5.374012 0.000000
F 8.061017 8.061017 0.000000
F 10.748023 5.374012 0.000000
A 8.061017 5.374012 -2.687006


-8.850000	63210
6

K 0.000000 0.000000 0.000000
L 2.687006 2.687006 0.000000
V 0.000000 5.374012 0.000000
F 0.000000 8.061017 2.687006
F 0.000000 10.748023 0.000000
A -2.687006 8.061017 0.000000


-8.850000	63200
6

K 0.000000 0.000000 0.000000
L 2.687006 2.687006 0.000000
V 5.374012 5.374012 0.000000
F 5.374012 8.061017 2.687006
F 5.374012 10.748023 0.000000
A 2.687006 8.061017 0.000000


-8.850000	52b40
6

K 0.000000 0.000000 0.000000
L 2.687006 2.687006 0.000000
V 5.374012 2.687006 2.687006
F 2.687006 2.687006 5.374012
F 2.687006 5.374012 8.061017
A 5.374012 5.374012 5.374012


-8.850000	41a10
6

K 0.000000 0.000000 0.000000
L 2.687006 2.687006 0.000000
V 0.000000 5.374012 0.000000
F -2.687006 5.374012 -2.687006
F -5.374012 8.061017 -2.687006
A -2.687006 8.061017 0.000000


-8.850000	52b10
6

K 0.000000 0.000000 0.000000
L 2.687006 2.687006 0.000000
V 0.000000 5.374012 0.000000
F -2.687006 5.374012 2.687006
F -2.687006 8.061017 5.374012
A 0.000000 8.061017 2.687006


-8.850000	63010
6

K 0.000000 0.000000 0.000000
L 2.687006 2.687006 0.000000
V 0.000000 5.374012 0.000000
F 2.687006 8.061017 0.000000
F 2.687006 10.748023 -2.687006
A 0.000000 8.061017 -2.687006


-8.850000	63000
6

K 0.000000 0.000000 0.000000
L 2.687006 2.687006 0.000000
V 5.374012 5.374012 0.000000
F 8.061017 8.061017 0.000000
F 8.061017 10.748023 -2.687006
A 5.374012 8.061017 -2.687006


-8.850000	a7440
6

K 0.000000 0.000000 0.000000
L 2.687006 2.687006 0.000000
V 5.374012 2.687006 2.687006
F 8.061017 2.687006 5.374012
F 10.748023 0.000000 5.374012
A 8.061017 0.000000 2.687006


-8.850000	a7400
6

K 0.000000 0.000000 0.000000
L 2.687006 2.687006 0.000000
V 5.374012 5.374012 0.000000
F 8.061017 5.374012 2.687006
F 10.748023 2.687006 2.687006
A 8.061017 2.687006 0.000000


-8.850000	b8310
6

K 0.000000 0.000000 0.000000
L 2.687006 2.687006 0.000000
V 0.000000 5.374012 0.000000
F 0.000000 8.061017 -2.687006
F 0.000000 5.374012 -5.374012
A -2.687006 5.374012 -2.687006


-8.850000	52940
6

K 0.000000 0.000000 0.000000
L 2.687006 2.687006 0.000000
V 5.374012 2.687006 2.687006
F 5.374012 0.000000 5.374012
F 5.374012 2.687006 8.061017
A 8.061017 2.687006 5.374012


-8.850000	b7040
6

K 0.000000 0.000000 0.000000
L 2.687006 2.687006 0.000000
V 5.374012 2.687006 2.687006
F 8.061017 5.374012 2.687006
F 10.748023 2.687006 2.687006
A 8.061017 2.687006 5.374012


-8.850000	b7000
6

K 0.000000 0.000000 0.000000
L 2.687006 2.687006 0.000000
V 5.374012 5.374012 0.000000
F 8.061017 8.061017 0.000000
F 10.748023 5.374012 0.000000
A 8.061017 5.374012 2.687006


-8.850000	3b440
6

K 0.000000 0.000000 0.000000
L 2.687006 2.687006 0.000000
V 5.374012 2.687006 2.687006
F 8.061017 2.687006 5.374012
F 5.374012 2.687006 8.061017
A 5.374012 5.374012 5.374012


-8.850000	3b400
6

K 0.000000 0.000000 0.000000
L 2.687006 2.687006 0.000000
V 5.374012 5.374012 0.000000
F 8.061017 5.374012 2.687006
F 5.374012 5.374012 5.374012
A 5.374012 8.061017 2.687006


-8.850000	62310
6

K 0.000000 0.000000 0.000000
L 2.687006 2.687006 0.000000
V 0.000000 5.374012 0.000000
F 0.000000 8.061017 -2.687006
F 0.000000 10.748023 0.000000
A -2.687006 8.061017 0.000000


-8.850000	62300
6

K 0.000000 0.000000 0.000000
L 2.687006 2.687006 0.000000
V 5.374012 5.374012 0.000000
F 5.374012 8.061017 -2.687006
F 5.374012 10.748023 0.000000
A 2.687006 8.061017 0.000000


-8.850000	08940
6

K 0.000000 0.000000 0.000000
L 2.687006 2.687006 0.000000
V 5.374012 2.687006 2.687006
F 5.374012 0.000000 5.374012
F 5.374012 -2.687006 2.687006
A 8.061017 0.000000 2.687006


-8.850000	73240
6

K 0.000000 0.000000 0.000000
L 2.687006 2.687006 0.000000
V 5.374012 2.687006 2.687006
F 5.374012 5.374012 5.374012
F 5.374012 8.061017 2.687006
A 8.061017 5.374012 2.687006


-8.850000	73210
6

K 0.000000 0.000000 0.000000
L 2.687006 2.687006 0.000000
V 0.000000 5.374012 0.000000
F 0.000000 8.061017 2.687006
F 0.000000 10.748023 0.000000
A 2.687006 8.061017 0.000000


-8.850000	73200
6

K 0.000000 0.000000 0.000000
L 2.687006 2.687006 0.000000
V 5.374012 5.374012 0.000000
F 5.374012 8.061017 2.687006
F 5.374012 10.748023 0.000000
A 8.061017 8.061017 0.000000


-8.850000	62040
6

K 0.000000 0.000000 0.000000
L 2.687006 2.687006 0.000000
V 5.374012 2.687006 2.687006
F 8.061017 5.374012 2.687006
F 8.061017 8.061017 5.374012
A 5.374012 5.374012 5.374012


-8.850000	51b10
6

K 0.000000 0.000000 0.000000
L 2.687006 2.687006 0.000000
V 0.000000 5.374012 0.000000
F -2.687006 5.374012 2.687006
F -5.374012 8.061017 2.687006
A -2.687006 8.061017 0.000000


-8.850000	84240
6

K 0.000000 0.000000 0.000000
L 2.687006 2.687006 0.000000
V 5.374012 2.687006 2.687006
F 5.374012 5.374012 5.374012
F 8.061017 5.374012 8.061017
A 8.061017 2.687006 5.374012


-8.850000	62010
6

K 0.000000 0.000000 0.000000
L 2.687006 2.687006 0.000000
V 0.000000 5.374012 0.000000
F 2.687006 8.061017 0.000000
F 2.687006 10.748023 2.687006
A 0.000000 8.061017 2.687006


-8.850000	62000
6

K 0.000000 0.000000 0.000000
L 2.687006 2.687006 0.000000
V 5.374012 5.374012 0.000000
F 8.061017 8.061017 0.000000
F 8.061017 10.748023 2.687006
A 5.374012 8.061017 2.687006


-8.850000	73110
6

K 0.000000 0.000000 0.000000
L 2.687006 2.687006 0.000000
V 0.000000 5.374012 0.000000
F -2.687006 8.061017 0.000000
F -2.687006 10.748023 -2.687006
A 0.000000 8.061017 -2.687006


-8.850000	73100
6

K 0.000000 0.000000 0.000000
L 2.687006 2.687006 0.000000
V 5.374012 5.374012 0.000000
F 2.687006 8.061017 0.000000
F 2.687006 10.748023 -2.687006
A 5.374012 8.061017 -2.687006


-8.850000	b7540
6

K 0.000000 0.000000 0.000000
L 2.687006 2.687006 0.000000
V 5.374012 2.687006 2.687006
F 8.061017 2.687006 0.000000
F 10.748023 0.000000 0.000000
A 8.061017 0.000000 2.687006


-8.850000	84200
6

K 0.000000 0.000000 0.000000
L 2.687006 2.687006 0.000000
V 5.374012 5.374012 0.000000
F 5.374012 8.061017 2.687006
F 8.061017 8.061017 5.374012
A 8.061017 5.374012 2.687006


-8.850000	95300
6

K 0.000000 0.000000 0.000000
L 2.687006 2.687006 0.000000
V 5.374012 5.374012 0.000000
F 5.374012 8.061017 -2.687006
F 8.061017 8.061017 -5.374012
A 8.061017 5.374012 -2.687006


-8.850000	19740
6

K 0.000000 0.000000 0.000000
L 2.687006 2.687006 0.000000
V 5.374012 2.687006 2.687006
F 8.061017 0.000000 2.687006
F 8.061017 -2.687006 5.374012
A 5.374012 0.000000 5.374012


-8.850000	b7500
6

K 0.000000 0.000000 0.000000
L 2.687006 2.687006 0.000000
V 5.374012 5.374012 0.000000
F 8.061017 5.374012 -2.687006
F 10.748023 2.687006 -2.687006
A 8.061017 2.687006 0.000000


-8.850000	3b940
6

K 0.000000 0.000000 0.000000
L 2.687006 2.687006 0.000000
V 5.374012 2.687006 2.687006
F 5.374012 0.000000 5.374012
F 2.687006 0.000000 8.061017
A 2.687006 2.687006 5.374012


-8.850000	84b40
6

K 0.000000 0.000000 0.000000
L 2.687006 2.687006 0.000000
V 5.374012 2.687006 2.687006
F 2.687006 2.687006 5.374012
F 5.374012 2.687006 8.061017
A 5.374012 0.000000 5.374012


-8.850000	2a500
6

K 0.000000 0.000000 0.000000
L 2.687006 2.687006 0.000000
V 5.374012 5.374012 0.000000
F 8.061017 5.374012 -2.687006
F 5.374012 5.374012 -5.374012
A 5.374012 8.061017 -2.687006


-8.850000	72310
6

K 0.000000 0.000000 0.000000
L 2.687006 2.687006 0.000000
V 0.000000 5.374012 0.000000
F 0.000000 8.061017 -2.687006
F 0.000000 10.748023 0.000000
A 2.687006 8.061017 0.000000


-8.850000	72300
6

K 0.000000 0.000000 0.000000
L 2.687006 2.687006 0.000000
V 5.374012 5.374012 0.000000
F 5.374012 8.061017 -2.687006
F 5.374012 10.748023 0.000000
A 8.061017 8.061017 0.000000


-8.850000	72110
6

K 0.000000 0.000000 0.000000
L 2.687006 2.687006 0.000000
V 0.000000 5.374012 0.000000
F -2.687006 8.061017 0.000000
F -2.687006 10.748023 2.687006
A 0.000000 8.061017 2.687006


-8.850000	72100
6

K 0.000000 0.000000 0.000000
L 2.687006 2.687006 0.000000
V 5.374012 5.374012 0.000000
F 2.687006 8.061017 0.000000
F 2.687006 10.748023 2.687006
A 5.374012 8.061017 2.687006


-8.780000	381a0
6

K 0.000000 0.000000 0.000000
L 2.687006 2.687006 0.000000
V 0.000000 2.687006 -2.687006
F -2.687006 5.374012 -2.687006
F -2.687006 2.687006 -5.374012
A -2.687006 5.374012 -8.061017


-8.780000	6b3a0
6

K 0.000000 0.000000 0.000000
L 2.687006 2.687006 0.000000
V 0.000000 2.687006 -2.687006
F 0.000000 5.374012 -5.374012
F -2.687006 5.374012 -2.687006
A -5.374012 2.687006 -2.687006


-8.780000	163a0
6

K 0.000000 0.000000 0.000000
L 2.687006 2.687006 0.000000
V 0.000000 2.687006 -2.687006
F 0.000000 5.374012 -5.374012
F -2.687006 2.687006 -5.374012
A -5.374012 5.374012 -5.374012


-8.780000	708a0
6

K 0.000000 0.000000 0.000000
L 2.687006 2.687006 0.000000
V 0.000000 2.687006 -2.687006
F 0.000000 0.000000 -5.374012
F 2.687006 2.687006 -5.374012
A 5.374012 0.000000 -5.374012


-8.780000	051a0
6

K 0.000000 0.000000 0.000000
L 2.687006 2.687006 0.000000
V 0.000000 2.687006 -2.687006
F -2.687006 5.374012 -2.687006
F 0.000000 5.374012 -5.374012
A 2.687006 8.061017 -5.374012


-8.780000	581a0
6

K 0.000000 0.000000 0.000000
L 2.687006 2.687006 0.000000
V 0.000000 2.687006 -2.687006
F -2.687006 5.374012 -2.687006
F -2.687006 2.687006 -5.374012
A 0.000000 2.687006 -8.061017


-8.780000	a15a0
6

K 0.000000 0.000000 0.000000
L 2.687006 2.687006 0.000000
V 0.000000 2.687006 -2.687006
F 2.687006 2.687006 -5.374012
F 0.000000 5.374012 -5.374012
A -2.687006 5.374012 -8.061017


-8.780000	b2aa0
6

K 0.000000 0.000000 0.000000
L 2.687006 2.687006 0.000000
V 0.000000 2.687006 -2.687006
F -2.687006 2.687006 -5.374012
F -2.687006 5.374012 -2.687006
A -5.374012 5.374012 0.000000


-8.780000	a18a0
6

K 0.000000 0.000000 0.000000
L 2.687006 2.687006 0.000000
V 0.000000 2.687006 -2.687006
F 0.000000 0.000000 -5.374012
F -2.687006 2.687006 -5.374012
A -5.374012 2.687006 -8.061017


-8.780000	681a0
6

K 0.000000 0.000000 0.000000
L 2.687006 2.687006 0.000000
V 0.000000 2.687006 -2.687006
F -2.687006 5.374012 -2.687006
F -2.687006 2.687006 -5.374012
A -5.374012 0.000000 -5.374012


-8.780000	57aa0
6

K 0.000000 0.000000 0.000000
L 2.687006 2.687006 0.000000
V 0.000000 2.687006 -2.687006
F -2.687006 2.687006 -5.374012
F 0.000000 0.000000 -5.374012
A 2.687006 0.000000 -8.061017


-8.780000	02aa0
6

K 0.000000 0.000000 0.000000
L 2.687006 2.687006 0.000000
V 0.000000 2.687006 -2.687006
F -2.687006 2.687006 -5.374012
F -2.687006 5.374012 -2.687006
A 0.000000 8.061017 -2.687006


-8.780000	351a0
6

K 0.000000 0.000000 0.000000
L 2.687006 2.687006 0.000000
V 0.000000 2.687006 -2.687006
F -2.687006 5.374012 -2.687006
F 0.000000 5.374012 -5.374012
A 0.000000 8.061017 -8.061017


-8.780000	573a0
6

K 0.000000 0.000000 0.000000
L 2.687006 2.687006 0.000000
V 0.000000 2.687006 -2.687006
F 0.000000 5.374012 -5.374012
F 2.687006 2.687006 -5.374012
A 5.374012 2.687006 -8.061017


-8.780000	b18a0
6

K 0.000000 0.000000 0.000000
L 2.687006 2.687006 0.000000
V 0.000000 2.687006 -2.687006
F 0.000000 0.000000 -5.374012
F -2.687006 2.687006 -5.374012
A -5.374012 2.687006 -2.687006


-8.780000	015a0
6

K 0.000000 0.000000 0.000000
L 2.687006 2.687006 0.000000
V 0.000000 2.687006 -2.687006
F 2.687006 2.687006 -5.374012
F 0.000000 5.374012 -5.374012
A 2.687006 8.061017 -5.374012


-8.780000	ab3a0
6

K 0.000000 0.000000 0.000000
L 2.687006 2.687006 0.000000
V 0.000000 2.687006 -2.687006
F 0.000000 5.374012 -5.374012
F -2.687006 5.374012 -2.687006
A -5.374012 5.374012 -5.374012


-8.780000	67aa0
6

K 0.000000 0.000000 0.000000
L 2.687006 2.687006 0.000000
V 0.000000 2.687006 -2.687006
F -2.687006 2.687006 -5.374012
F 0.000000 0.000000 -5.374012
A -2.687006 -2.687006 -5.374012


-8.780000	12aa0
6

K 0.000000 0.000000 0.000000
L 2.687006 2.687006 0.000000
V 0.000000 2.687006 -2.687006
F -2.687006 2.687006 -5.374012
F -2.687006 5.374012 -2.687006
A -5.374012 8.061017 -2.687006


-8.780000	881a0
6

K 0.000000 0.000000 0.000000
L 2.687006 2.687006 0.000000
V 0.000000 2.687006 -2.687006
F -2.687006 5.374012 -2.687006
F -2.687006 2.687006 -5.374012
A -2.687006 0.000000 -8.061017


-8.780000	115a0
6

K 0.000000 0.000000 0.000000
L 2.687006 2.687006 0.000000
V 0.000000 2.687006 -2.687006
F 2.687006 2.687006 -5.374012
F 0.000000 5.374012 -5.374012
A -2.687006 8.061017 -5.374012


-8.780000	bb3a0
6

K 0.000000 0.000000 0.000000
L 2.687006 2.687006 0.000000
V 0.000000 2.687006 -2.687006
F 0.000000 5.374012 -5.374012
F -2.687006 5.374012 -2.687006
A -5.374012 5.374012 0.000000


-8.780000	77aa0
6

K 0.000000 0.000000 0.000000
L 2.687006 2.687006 0.000000
V 0.000000 2.687006 -2.687006
F -2.687006 2.687006 -5.374012
F 0.000000 0.000000 -5.374012
A 2.687006 -2.687006 -5.374012


-8.780000	665a0
6

K 0.000000 0.000000 0.000000
L 2.687006 2.687006 0.000000
V 0.000000 2.687006 -2.687006
F 2.687006 2.687006 -5.374012
F 0.000000 0.000000 -5.374012
A -2.687006 -2.687006 -5.374012


-8.780000	00aa0
6

K 0.000000 0.000000 0.000000
L 2.687006 2.687006 0.000000
V 0.000000 2.687006 -2.687006
F -2.687006 2.687006 -5.374012
F 0.000000 5.374012 -5.374012
A 2.687006 8.061017 -5.374012


-8.780000	663a0
6

K 0.000000 0.000000 0.000000
L 2.687006 2.687006 0.000000
V 0.000000 2.687006 -2.687006
F 0.000000 5.374012 -5.374012
F -2.687006 2.687006 -5.374012
A -5.374012 0.000000 -5.374012


-8.780000	008a0
6

K 0.000000 0.000000 0.000000
L 2.687006 2.687006 0.000000
V 0.000000 2.687006 -2.687006
F 0.000000 0.000000 -5.374012
F 2.687006 2.687006 -5.374012
A 5.374012 5.374012 -5.374012


-8.780000	22aa0
6

K 0.000000 0.000000 0.000000
L 2.687006 2.687006 0.000000
V 0.000000 2.687006 -2.687006
F -2.687006 2.687006 -5.374012
F -2.687006 5.374012 -2.687006
A -2.687006 8.061017 0.000000


-8.780000	551a0
6

K 0.000000 0.000000 0.000000
L 2.687006 2.687006 0.000000
V 0.000000 2.687006 -2.687006
F -2.687006 5.374012 -2.687006
F 0.000000 5.374012 -5.374012
A 2.687006 5.374012 -8.061017


-8.780000	773a0
6

K 0.000000 0.000000 0.000000
L 2.687006 2.687006 0.000000
V 0.000000 2.687006 -2.687006
F 0.000000 5.374012 -5.374012
F 2.687006 2.687006 -5.374012
A 5.374012 0.000000 -5.374012


-8.780000	118a0
6

K 0.000000 0.000000 0.000000
L 2.687006 2.687006 0.000000
V 0.000000 2.687006 -2.687006
F 0.000000 0.000000 -5.374012
F -2.687006 2.687006 -5.374012
A -5.374012 5.374012 -5.374012


-8.780000	215a0
6

K 0.000000 0.000000 0.000000
L 2.687006 2.687006 0.000000
V 0.000000 2.687006 -2.687006
F 2.687006 2.687006 -5.374012
F 0.000000 5.374012 -5.374012
A 0.000000 8.061017 -2.687006


-8.780000	87aa0
6

K 0.000000 0.000000 0.000000
L 2.687006 2.687006 0.000000
V 0.000000 2.687006 -2.687006
F -2.687006 2.687006 -5.374012
F 0.000000 0.000000 -5.374012
A 0.000000 -2.687006 -8.061017


-8.780000	765a0
6

K 0.000000 0.000000 0.000000
L 2.687006 2.687006 0.000000
V 0.000000 2.687006 -2.687006
F 2.687006 2.687006 -5.374012
F 0.000000 0.000000 -5.374012
A 2.687006 -2.687006 -5.374012


-8.780000	10aa0
6

K 0.000000 0.000000 0.000000
L 2.687006 2.687006 0.000000
V 0.000000 2.687006 -2.687006
F -2.687006 2.687006 -5.374012
F 0.000000 5.374012 -5.374012
A -2.687006 8.061017 -5.374012


-8.780000	32aa0
6

K 0.000000 0.000000 0.000000
L 2.687006 2.687006 0.000000
V 0.000000 2.687006 -2.687006
F -2.687006 2.687006 -5.374012
F -2.687006 5.374012 -2.687006
A -2.687006 8.061017 -5.374012


-8.780000	873a0
6

K 0.000000 0.000000 0.000000
L 2.687006 2.687006 0.000000
V 0.000000 2.687006 -2.687006
F 0.000000 5.374012 -5.374012
F 2.687006 2.687006 -5.374012
A 2.687006 0.000000 -8.061017


-8.780000	a81a0
6

K 0.000000 0.000000 0.000000
L 2.687006 2.687006 0.000000
V 0.000000 2.687006 -2.687006
F -2.687006 5.374012 -2.687006
F -2.687006 2.687006 -5.374012
A -5.374012 2.687006 -8.061017


-8.780000	315a0
6

K 0.000000 0.000000 0.000000
L 2.687006 2.687006 0.000000
V 0.000000 2.687006 -2.687006
F 2.687006 2.687006 -5.374012
F 0.000000 5.374012 -5.374012
A 0.000000 8.061017 -8.061017


-8.780000	1b3a0
6

K 0.000000 0.000000 0.000000
L 2.687006 2.687006 0.000000
V 0.000000 2.687006 -2.687006
F 0.000000 5.374012 -5.374012
F -2.687006 5.374012 -2.687006
A -5.374012 8.061017 -2.687006


-8.780000	865a0
6

K 0.000000 0.000000 0.000000
L 2.687006 2.687006 0.000000
V 0.000000 2.687006 -2.687006
F 2.687006 2.687006 -5.374012
F 0.000000 0.000000 -5.374012
A 0.000000 -2.687006 -8.061017


-8.780000	20aa0
6

K 0.000000 0.000000 0.000000
L 2.687006 2.687006 0.000000
V 0.000000 2.687006 -2.687006
F -2.687006 2.687006 -5.374012
F 0.000000 5.374012 -5.374012
A 0.000000 8.061017 -2.687006


-8.780000	863a0
6

K 0.000000 0.000000 0.000000
L 2.687006 2.687006 0.000000
V 0.000000 2.687006 -2.687006
F 0.000000 5.374012 -5.374012
F -2.687006 2.687006 -5.374012
A -2.687006 0.000000 -8.061017


-8.780000	318a0
6

K 0.000000 0.000000 0.000000
L 2.687006 2.687006 0.000000
V 0.000000 2.687006 -2.687006
F 0.000000 0.000000 -5.374012
F -2.687006 2.687006 -5.374012
A -2.687006 5.374012 -8.061017


-8.780000	2b3a0
6

K 0.000000 0.000000 0.000000
L 2.687006 2.687006 0.000000
V 0.000000 2.687006 -2.687006
F 0.000000 5.374012 -5.374012
F -2.687006 5.374012 -2.687006
A -2.687006 8.061017 0.000000


-8.780000	30aa0
6

K 0.000000 0.000000 0.000000
L 2.687006 2.687006 0.000000
V 0.000000 2.687006 -2.687006
F -2.687006 2.687006 -5.374012
F 0.000000 5.374012 -5.374012
A 0.000000 8.061017 -8.061017


-8.780000	308a0
6

K 0.000000 0.000000 0.000000
L 2.687006 2.687006 0.000000
V 0.000000 2.687006 -2.687006
F 0.000000 0.000000 -5.374012
F 2.687006 2.687006 -5.374012
A 2.687006 5.374012 -8.061017


-8.780000	851a0
6

K 0.000000 0.000000 0.000000
L 2.687006 2.687006 0.000000
V 0.000000 2.687006 -2.687006
F -2.687006 5.374012 -2.687006
F 0.000000 5.374012 -5.374012
A 0.000000 2.687006 -8.061017


-8.780000	a65a0
6

K 0.000000 0.000000 0.000000
L 2.687006 2.687006 0.000000
V 0.000000 2.687006 -2.687006
F 2.687006 2.687006 -5.374012
F 0.000000 0.000000 -5.374012
A -2.687006 0.000000 -8.061017


-8.780000	a63a0
6

K 0.000000 0.000000 0.000000
L 2.687006 2.687006 0.000000
V 0.000000 2.687006 -2.687006
F 0.000000 5.374012 -5.374012
F -2.687006 2.687006 -5.374012
A -5.374012 2.687006 -8.061017


-8.780000	50aa0
6

K 0.000000 0.000000 0.000000
L 2.687006 2.687006 0.000000
V 0.000000 2.687006 -2.687006
F -2.687006 2.687006 -5.374012
F 0.000000 5.374012 -5.374012
A 2.687006 5.374012 -8.061017


-8.780000	b63a0
6

K 0.000000 0.000000 0.000000
L 2.687006 2.687006 0.000000
V 0.000000 2.687006 -2.687006
F 0.000000 5.374012 -5.374012
F -2.687006 2.687006 -5.374012
A -5.374012 2.687006 -2.687006


-8.780000	508a0
6

K 0.000000 0.000000 0.000000
L 2.687006 2.687006 0.000000
V 0.000000 2.687006 -2.687006
F 0.000000 0.000000 -5.374012
F 2.687006 2.687006 -5.374012
A 5.374012 2.687006 -8.061017


-8.780000	a51a0
6

K 0.000000 0.000000 0.000000
L 2.687006 2.687006 0.000000
V 0.000000 2.687006 -2.687006
F -2.687006 5.374012 -2.687006
F 0.000000 5.374012 -5.374012
A -2.687006 5.374012 -8.061017


-8.780000	073a0
6

K 0.000000 0.000000 0.000000
L 2.687006 2.687006 0.000000
V 0.000000 2.687006 -2.687006
F 0.000000 5.374012 -5.374012
F 2.687006 2.687006 -5.374012
A 5.374012 5.374012 -5.374012


-8.780000	618a0
6

K 0.000000 0.000000 0.000000
L 2.687006 2.687006 0.000000
V 0.000000 2.687006 -2.687006
F 0.000000 0.000000 -5.374012
F -2.687006 2.687006 -5.374012
A -5.374012 0.000000 -5.374012


-8.610000	468a0
6

K 0.000000 0.000000 0.000000
L 2.687006 2.687006 0.000000
V 0.000000 2.687006 -2.687006
F 0.000000 0.000000 -5.374012
F -2.687006 -2.687006 -5.374012
A 0.000000 -2.687006 -2.687006


-8.610000	b78a0
6

K 0.000000 0.000000 0.000000
L 2.687006 2.687006 0.000000
V 0.000000 2.687006 -2.687006
F 0.000000 0.000000 -5.374012
F 2.687006 -2.687006 -5.374012
A 0.000000 -2.687006 -2.687006


-8.590000	66700
6

K 0.000000 0.000000 0.000000
L 2.687006 2.687006 0.000000
V 5.374012 5.374012 0.000000
F 8.061017 2.687006 0.000000
F 5.374012 0.000000 0.000000
A 2.687006 -2.687006 0.000000


-8.590000	66100
6

K 0.000000 0.000000 0.000000
L 2.687006 2.687006 0.000000
V 5.374012 5.374012 0.000000
F 2.687006 8.061017 0.000000
F 0.000000 5.374012 0.000000
A -2.687006 2.687006 0.000000


-8.170000	81610
6

K 0.000000 0.000000 0.000000
L 2.687006 2.687006 0.000000
V 0.000000 5.374012 0.000000
F -2.687006 2.687006 0.000000
F -5.374012 5.374012 0.000000
A -5.374012 2.687006 -2.687006


-8.170000	91610
6

K 0.000000 0.000000 0.000000
L 2.687006 2.687006 0.000000
V 0.000000 5.374012 0.000000
F -2.687006 2.687006 0.000000
F -5.374012 5.374012 0.000000
A -5.374012 2.687006 2.687006


-8.170000	26610
6

K 0.000000 0.000000 0.000000
L 2.687006 2.687006 0.000000
V 0.000000 5.374012 0.000000
F -2.687006 2.687006 0.000000
F -5.374012 0.000000 0.000000
A -5.374012 2.687006 2.687006


-8.170000	36610
6

K 0.000000 0.000000 0.000000
L 2.687006 2.687006 0.000000
V 0.000000 5.374012 0.000000
F -2.687006 2.687006 0.000000
F -5.374012 0.000000 0.000000
A -5.374012 2.687006 -2.687006


-8.170000	8b610
6

K 0.000000 0.000000 0.000000
L 2.687006 2.687006 0.000000
V 0.000000 5.374012 0.000000
F -2.687006 2.687006 0.000000
F -5.374012 2.687006 2.687006
A -5.374012 0.000000 0.000000


-8.170000	9a610
6

K 0.000000 0.000000 0.000000
L 2.687006 2.687006 0.000000
V 0.000000 5.374012 0.000000
F -2.687006 2.687006 0.000000
F -5.374012 2.687006 -2.687006
A -5.374012 0.000000 0.000000


-8.170000	2a610
6

K 0.000000 0.000000 0.000000
L 2.687006 2.687006 0.000000
V 0.000000 5.374012 0.000000
F -2.687006 2.687006 0.000000
F -5.374012 2.687006 -2.687006
A -5.374012 5.374012 0.000000


-8.170000	3b610
6

K 0.000000 0.000000 0.000000
L 2.687006 2.687006 0.000000
V 0.000000 5.374012 0.000000
F -2.687006 2.687006 0.000000
F -5.374012 2.687006 2.687006
A -5.374012 5.374012 0.000000


-8.030000	79610
6

K 0.000000 0.000000 0.000000
L 2.687006 2.687006 0.000000
V 0.000000 5.374012 0.000000
F -2.687006 2.687006 0.000000
F -2.687006 0.000000 2.687006
A 0.000000 -2.687006 2.687006


-8.030000	78610
6

K 0.000000 0.000000 0.000000
L 2.687006 2.687006 0.000000
V 0.000000 5.374012 0.000000
F -2.687006 2.687006 0.000000
F -2.687006 0.000000 -2.687006
A 0.000000 -2.687006 -2.687006


-8.030000	89610
6

K 0.000000 0.000000 0.000000
L 2.687006 2.687006 0.000000
V 0.000000 5.374012 0.000000
F -2.687006 2.687006 0.000000
F -2.687006 0.000000 2.687006
A -2.687006 -2.687006 0.000000


-8.030000	98610
6

K 0.000000 0.000000 0.000000
L 2.687006 2.687006 0.000000
V 0.000000 5.374012 0.000000
F -2.687006 2.687006 0.000000
F -2.687006 0.000000 -2.687006
A -2.687006 -2.687006 0.000000


-7.840000	761a0
6

K 0.000000 0.000000 0.000000
L 2.687006 2.687006 0.000000
V 0.000000 2.687006 -2.687006
F -2.687006 5.374012 -2.687006
F -5.374012 2.687006 -2.687006
A -2.687006 0.000000 -2.687006


-7.840000	4baa0
6

K 0.000000 0.000000 0.000000
L 2.687006 2.687006 0.000000
V 0.000000 2.687006 -2.687006
F -2.687006 2.687006 -5.374012
F -5.374012 2.687006 -2.687006
A -2.687006 2.687006 0.000000


-7.400000	01610
6

K 0.000000 0.000000 0.000000
L 2.687006 2.687006 0.000000
V 0.000000 5.374012 0.000000
F -2.687006 2.687006 0.000000
F -5.374012 5.374012 0.000000
A -2.687006 8.061017 0.000000


-7.300000	813a0
6

K 0.000000 0.000000 0.000000
L 2.687006 2.687006 0.000000
V 0.000000 2.687006 -2.687006
F 0.000000 5.374012 -5.374012
F -2.687006 8.061017 -5.374012
A -2.687006 5.374012 -8.061017


-7.300000	811a0
6

K 0.000000 0.000000 0.000000
L 2.687006 2.687006 0.000000
V 0.000000 2.687006 -2.687006
F -2.687006 5.374012 -2.687006
F -5.374012 8.061017 -2.687006
A -5.374012 5.374012 -5.374012


-7.300000	81aa0
6

K 0.000000 0.000000 0.000000
L 2.687006 2.687006 0.000000
V 0.000000 2.687006 -2.687006
F -2.687006 2.687006 -5.374012
F -5.374012 5.374012 -5.374012
A -5.374012 2.687006 -8.061017


-7.300000	805a0
6

K 0.000000 0.000000 0.000000
L 2.687006 2.687006 0.000000
V 0.000000 2.687006 -2.687006
F 2.687006 2.687006 -5.374012
F 5.374012 5.374012 -5.374012
A 5.374012 2.687006 -8.061017


-7.300000	15aa0
6

K 0.000000 0.000000 0.000000
L 2.687006 2.687006 0.000000
V 0.000000 2.687006 -2.687006
F -2.687006 2.687006 -5.374012
F 0.000000 2.687006 -8.061017
A -2.687006 5.374012 -8.061017


-7.300000	26aa0
6

K 0.000000 0.000000 0.000000
L 2.687006 2.687006 0.000000
V 0.000000 2.687006 -2.687006
F -2.687006 2.687006 -5.374012
F -5.374012 0.000000 -5.374012
A -5.374012 2.687006 -2.687006


-7.300000	158a0
6

K 0.000000 0.000000 0.000000
L 2.687006 2.687006 0.000000
V 0.000000 2.687006 -2.687006
F 0.000000 0.000000 -5.374012
F 2.687006 0.000000 -8.061017
A 0.000000 2.687006 -8.061017


-7.300000	803a0
6

K 0.000000 0.000000 0.000000
L 2.687006 2.687006 0.000000
V 0.000000 2.687006 -2.687006
F 0.000000 5.374012 -5.374012
F 2.687006 8.061017 -5.374012
A 2.687006 5.374012 -8.061017


-7.300000	378a0
6

K 0.000000 0.000000 0.000000
L 2.687006 2.687006 0.000000
V 0.000000 2.687006 -2.687006
F 0.000000 0.000000 -5.374012
F 2.687006 -2.687006 -5.374012
A 2.687006 0.000000 -8.061017


-7.300000	a23a0
6

K 0.000000 0.000000 0.000000
L 2.687006 2.687006 0.000000
V 0.000000 2.687006 -2.687006
F 0.000000 5.374012 -5.374012
F 0.000000 8.061017 -2.687006
A -2.687006 8.061017 -5.374012


-7.300000	155a0
6

K 0.000000 0.000000 0.000000
L 2.687006 2.687006 0.000000
V 0.000000 2.687006 -2.687006
F 2.687006 2.687006 -5.374012
F 5.374012 2.687006 -8.061017
A 2.687006 5.374012 -8.061017


-7.300000	488a0
6

K 0.000000 0.000000 0.000000
L 2.687006 2.687006 0.000000
V 0.000000 2.687006 -2.687006
F 0.000000 0.000000 -5.374012
F 0.000000 -2.687006 -8.061017
A 2.687006 -2.687006 -5.374012


-7.300000	911a0
6

K 0.000000 0.000000 0.000000
L 2.687006 2.687006 0.000000
V 0.000000 2.687006 -2.687006
F -2.687006 5.374012 -2.687006
F -5.374012 8.061017 -2.687006
A -5.374012 5.374012 0.000000


-7.300000	b33a0
6

K 0.000000 0.000000 0.000000
L 2.687006 2.687006 0.000000
V 0.000000 2.687006 -2.687006
F 0.000000 5.374012 -5.374012
F 0.000000 8.061017 -8.061017
A -2.687006 8.061017 -5.374012


-7.300000	a21a0
6

K 0.000000 0.000000 0.000000
L 2.687006 2.687006 0.000000
V 0.000000 2.687006 -2.687006
F -2.687006 5.374012 -2.687006
F -2.687006 8.061017 0.000000
A -5.374012 8.061017 -2.687006


-7.300000	375a0
6

K 0.000000 0.000000 0.000000
L 2.687006 2.687006 0.000000
V 0.000000 2.687006 -2.687006
F 2.687006 2.687006 -5.374012
F 5.374012 0.000000 -5.374012
A 5.374012 2.687006 -8.061017


-7.300000	b31a0
6

K 0.000000 0.000000 0.000000
L 2.687006 2.687006 0.000000
V 0.000000 2.687006 -2.687006
F -2.687006 5.374012 -2.687006
F -2.687006 8.061017 -5.374012
A -5.374012 8.061017 -2.687006


-7.300000	153a0
6

K 0.000000 0.000000 0.000000
L 2.687006 2.687006 0.000000
V 0.000000 2.687006 -2.687006
F 0.000000 5.374012 -5.374012
F 2.687006 5.374012 -8.061017
A 0.000000 8.061017 -8.061017


-7.300000	485a0
6

K 0.000000 0.000000 0.000000
L 2.687006 2.687006 0.000000
V 0.000000 2.687006 -2.687006
F 2.687006 2.687006 -5.374012
F 2.687006 0.000000 -8.061017
A 5.374012 0.000000 -5.374012


-7.300000	91aa0
6

K 0.000000 0.000000 0.000000
L 2.687006 2.687006 0.000000
V 0.000000 2.687006 -2.687006
F -2.687006 2.687006 -5.374012
F -5.374012 5.374012 -5.374012
A -5.374012 2.687006 -2.687006


-7.300000	b3aa0
6

K 0.000000 0.000000 0.000000
L 2.687006 2.687006 0.000000
V 0.000000 2.687006 -2.687006
F -2.687006 2.687006 -5.374012
F -2.687006 5.374012 -8.061017
A -5.374012 5.374012 -5.374012


-7.300000	261a0
6

K 0.000000 0.000000 0.000000
L 2.687006 2.687006 0.000000
V 0.000000 2.687006 -2.687006
F -2.687006 5.374012 -2.687006
F -5.374012 2.687006 -2.687006
A -5.374012 5.374012 0.000000


-7.300000	7a3a0
6

K 0.000000 0.000000 0.000000
L 2.687006 2.687006 0.000000
V 0.000000 2.687006 -2.687006
F 0.000000 5.374012 -5.374012
F -2.687006 5.374012 -8.061017
A 0.000000 2.687006 -8.061017


-7.300000	36aa0
6

K 0.000000 0.000000 0.000000
L 2.687006 2.687006 0.000000
V 0.000000 2.687006 -2.687006
F -2.687006 2.687006 -5.374012
F -5.374012 0.000000 -5.374012
A -5.374012 2.687006 -8.061017


-7.300000	368a0
6

K 0.000000 0.000000 0.000000
L 2.687006 2.687006 0.000000
V 0.000000 2.687006 -2.687006
F 0.000000 0.000000 -5.374012
F -2.687006 -2.687006 -5.374012
A -2.687006 0.000000 -8.061017


-7.300000	8b1a0
6

K 0.000000 0.000000 0.000000
L 2.687006 2.687006 0.000000
V 0.000000 2.687006 -2.687006
F -2.687006 5.374012 -2.687006
F -5.374012 5.374012 0.000000
A -5.374012 2.687006 -2.687006


-7.300000	255a0
6

K 0.000000 0.000000 0.000000
L 2.687006 2.687006 0.000000
V 0.000000 2.687006 -2.687006
F 2.687006 2.687006 -5.374012
F 5.374012 2.687006 -8.061017
A 5.374012 5.374012 -5.374012


-7.300000	7aaa0
6

K 0.000000 0.000000 0.000000
L 2.687006 2.687006 0.000000
V 0.000000 2.687006 -2.687006
F -2.687006 2.687006 -5.374012
F -5.374012 2.687006 -8.061017
A -2.687006 0.000000 -8.061017


-7.300000	8baa0
6

K 0.000000 0.000000 0.000000
L 2.687006 2.687006 0.000000
V 0.000000 2.687006 -2.687006
F -2.687006 2.687006 -5.374012
F -5.374012 2.687006 -2.687006
A -5.374012 0.000000 -5.374012


-7.300000	7a8a0
6

K 0.000000 0.000000 0.000000
L 2.687006 2.687006 0.000000
V 0.000000 2.687006 -2.687006
F 0.000000 0.000000 -5.374012
F -2.687006 0.000000 -8.061017
A 0.000000 -2.687006 -8.061017


-7.300000	253a0
6

K 0.000000 0.000000 0.000000
L 2.687006 2.687006 0.000000
V 0.000000 2.687006 -2.687006
F 0.000000 5.374012 -5.374012
F 2.687006 5.374012 -8.061017
A 2.687006 8.061017 -5.374012


-7.300000	7a5a0
6

K 0.000000 0.000000 0.000000
L 2.687006 2.687006 0.000000
V 0.000000 2.687006 -2.687006
F 2.687006 2.687006 -5.374012
F 0.000000 2.687006 -8.061017
A 2.687006 0.000000 -8.061017


-7.300000	361a0
6

K 0.000000 0.000000 0.000000
L 2.687006 2.687006 0.000000
V 0.000000 2.687006 -2.687006
F -2.687006 5.374012 -2.687006
F -5.374012 2.687006 -2.687006
A -5.374012 5.374012 -5.374012


-7.300000	a05a0
6

K 0.000000 0.000000 0.000000
L 2.687006 2.687006 0.000000
V 0.000000 2.687006 -2.687006
F 2.687006 2.687006 -5.374012
F 5.374012 5.374012 -5.374012
A 2.687006 5.374012 -8.061017


-7.300000	a03a0
6

K 0.000000 0.000000 0.000000
L 2.687006 2.687006 0.000000
V 0.000000 2.687006 -2.687006
F 0.000000 5.374012 -5.374012
F 2.687006 8.061017 -5.374012
A 0.000000 8.061017 -8.061017


-7.300000	a01a0
6

K 0.000000 0.000000 0.000000
L 2.687006 2.687006 0.000000
V 0.000000 2.687006 -2.687006
F -2.687006 5.374012 -2.687006
F 0.000000 8.061017 -2.687006
A -2.687006 8.061017 -5.374012


-7.300000	56aa0
6

K 0.000000 0.000000 0.000000
L 2.687006 2.687006 0.000000
V 0.000000 2.687006 -2.687006
F -2.687006 2.687006 -5.374012
F -5.374012 0.000000 -5.374012
A -2.687006 0.000000 -8.061017


-7.300000	9a1a0
6

K 0.000000 0.000000 0.000000
L 2.687006 2.687006 0.000000
V 0.000000 2.687006 -2.687006
F -2.687006 5.374012 -2.687006
F -5.374012 5.374012 -5.374012
A -5.374012 2.687006 -2.687006


-7.300000	b03a0
6

K 0.000000 0.000000 0.000000
L 2.687006 2.687006 0.000000
V 0.000000 2.687006 -2.687006
F 0.000000 5.374012 -5.374012
F 2.687006 8.061017 -5.374012
A 0.000000 8.061017 -2.687006


-7.300000	568a0
6

K 0.000000 0.000000 0.000000
L 2.687006 2.687006 0.000000
V 0.000000 2.687006 -2.687006
F 0.000000 0.000000 -5.374012
F -2.687006 -2.687006 -5.374012
A 0.000000 -2.687006 -8.061017


-7.300000	b01a0
6

K 0.000000 0.000000 0.000000
L 2.687006 2.687006 0.000000
V 0.000000 2.687006 -2.687006
F -2.687006 5.374012 -2.687006
F 0.000000 8.061017 -2.687006
A -2.687006 8.061017 0.000000


-7.300000	9aaa0
6

K 0.000000 0.000000 0.000000
L 2.687006 2.687006 0.000000
V 0.000000 2.687006 -2.687006
F -2.687006 2.687006 -5.374012
F -5.374012 2.687006 -8.061017
A -5.374012 0.000000 -5.374012


-7.300000	9a8a0
6

K 0.000000 0.000000 0.000000
L 2.687006 2.687006 0.000000
V 0.000000 2.687006 -2.687006
F 0.000000 0.000000 -5.374012
F -2.687006 0.000000 -8.061017
A -2.687006 -2.687006 -5.374012


-7.300000	65aa0
6

K 0.000000 0.000000 0.000000
L 2.687006 2.687006 0.000000
V 0.000000 2.687006 -2.687006
F -2.687006 2.687006 -5.374012
F 0.000000 2.687006 -8.061017
A -2.687006 0.000000 -8.061017


-7.300000	658a0
6

K 0.000000 0.000000 0.000000
L 2.687006 2.687006 0.000000
V 0.000000 2.687006 -2.687006
F 0.000000 0.000000 -5.374012
F 2.687006 0.000000 -8.061017
A 0.000000 -2.687006 -8.061017


-7.300000	435a0
6

K 0.000000 0.000000 0.000000
L 2.687006 2.687006 0.000000
V 0.000000 2.687006 -2.687006
F 2.687006 2.687006 -5.374012
F 2.687006 5.374012 -8.061017
A 5.374012 5.374012 -5.374012


-7.300000	0b1a0
6

K 0.000000 0.000000 0.000000
L 2.687006 2.687006 0.000000
V 0.000000 2.687006 -2.687006
F -2.687006 5.374012 -2.687006
F -5.374012 5.374012 0.000000
A -2.687006 8.061017 0.000000


-7.300000	655a0
6

K 0.000000 0.000000 0.000000
L 2.687006 2.687006 0.000000
V 0.000000 2.687006 -2.687006
F 2.687006 2.687006 -5.374012
F 5.374012 2.687006 -8.061017
A 2.687006 0.000000 -8.061017


-7.300000	433a0
6

K 0.000000 0.000000 0.000000
L 2.687006 2.687006 0.000000
V 0.000000 2.687006 -2.687006
F 0.000000 5.374012 -5.374012
F 0.000000 8.061017 -8.061017
A 2.687006 8.061017 -5.374012


-7.300000	431a0
6

K 0.000000 0.000000 0.000000
L 2.687006 2.687006 0.000000
V 0.000000 2.687006 -2.687006
F -2.687006 5.374012 -2.687006
F -2.687006 8.061017 -5.374012
A 0.000000 8.061017 -2.687006


-7.300000	653a0
6

K 0.000000 0.000000 0.000000
L 2.687006 2.687006 0.000000
V 0.000000 2.687006 -2.687006
F 0.000000 5.374012 -5.374012
F 2.687006 5.374012 -8.061017
A 0.000000 2.687006 -8.061017


-7.300000	0a3a0
6

K 0.000000 0.000000 0.000000
L 2.687006 2.687006 0.000000
V 0.000000 2.687006 -2.687006
F 0.000000 5.374012 -5.374012
F -2.687006 5.374012 -8.061017
A 0.000000 8.061017 -8.061017


-7.300000	0a1a0
6

K 0.000000 0.000000 0.000000
L 2.687006 2.687006 0.000000
V 0.000000 2.687006 -2.687006
F -2.687006 5.374012 -2.687006
F -5.374012 5.374012 -5.374012
A -2.687006 8.061017 -5.374012


-7.300000	0aaa0
6

K 0.000000 0.000000 0.000000
L 2.687006 2.687006 0.000000
V 0.000000 2.687006 -2.687006
F -2.687006 2.687006 -5.374012
F -5.374012 2.687006 -8.061017
A -2.687006 5.374012 -8.061017


-7.300000	0a8a0
6

K 0.000000 0.000000 0.000000
L 2.687006 2.687006 0.000000
V 0.000000 2.687006 -2.687006
F 0.000000 0.000000 -5.374012
F -2.687006 0.000000 -8.061017
A 0.000000 2.687006 -8.061017


-7.300000	0a5a0
6

K 0.000000 0.000000 0.000000
L 2.687006 2.687006 0.000000
V 0.000000 2.687006 -2.687006
F 2.687006 2.687006 -5.374012
F 0.000000 2.687006 -8.061017
A 2.687006 5.374012 -8.061017


-7.300000	638a0
6

K 0.000000 0.000000 0.000000
L 2.687006 2.687006 0.000000
V 0.000000 2.687006 -2.687006
F 0.000000 0.000000 -5.374012
F 0.000000 2.687006 -8.061017
A -2.687006 0.000000 -8.061017


-7.300000	635a0
6

K 0.000000 0.000000 0.000000
L 2.687006 2.687006 0.000000
V 0.000000 2.687006 -2.687006
F 2.687006 2.687006 -5.374012
F 2.687006 5.374012 -8.061017
A 0.000000 2.687006 -8.061017


-7.300000	b8aa0
6

K 0.000000 0.000000 0.000000
L 2.687006 2.687006 0.000000
V 0.000000 2.687006 -2.687006
F -2.687006 2.687006 -5.374012
F -2.687006 0.000000 -8.061017
A -5.374012 0.000000 -5.374012


-7.300000	413a0
6

K 0.000000 0.000000 0.000000
L 2.687006 2.687006 0.000000
V 0.000000 2.687006 -2.687006
F 0.000000 5.374012 -5.374012
F -2.687006 8.061017 -5.374012
A 0.000000 8.061017 -2.687006


-7.300000	a78a0
6

K 0.000000 0.000000 0.000000
L 2.687006 2.687006 0.000000
V 0.000000 2.687006 -2.687006
F 0.000000 0.000000 -5.374012
F 2.687006 -2.687006 -5.374012
A 0.000000 -2.687006 -8.061017


-7.300000	523a0
6

K 0.000000 0.000000 0.000000
L 2.687006 2.687006 0.000000
V 0.000000 2.687006 -2.687006
F 0.000000 5.374012 -5.374012
F 0.000000 8.061017 -2.687006
A 2.687006 8.061017 -5.374012


-7.300000	b88a0
6

K 0.000000 0.000000 0.000000
L 2.687006 2.687006 0.000000
V 0.000000 2.687006 -2.687006
F 0.000000 0.000000 -5.374012
F 0.000000 -2.687006 -8.061017
A -2.687006 -2.687006 -5.374012


-7.300000	411a0
6

K 0.000000 0.000000 0.000000
L 2.687006 2.687006 0.000000
V 0.000000 2.687006 -2.687006
F -2.687006 5.374012 -2.687006
F -5.374012 8.061017 -2.687006
A -2.687006 8.061017 0.000000


-7.300000	633a0
6

K 0.000000 0.000000 0.000000
L 2.687006 2.687006 0.000000
V 0.000000 2.687006 -2.687006
F 0.000000 5.374012 -5.374012
F 0.000000 8.061017 -8.061017
A -2.687006 5.374012 -8.061017


-7.300000	521a0
6

K 0.000000 0.000000 0.000000
L 2.687006 2.687006 0.000000
V 0.000000 2.687006 -2.687006
F -2.687006 5.374012 -2.687006
F -2.687006 8.061017 0.000000
A 0.000000 8.061017 -2.687006


-7.300000	a75a0
6

K 0.000000 0.000000 0.000000
L 2.687006 2.687006 0.000000
V 0.000000 2.687006 -2.687006
F 2.687006 2.687006 -5.374012
F 5.374012 0.000000 -5.374012
A 2.687006 0.000000 -8.061017


-7.300000	631a0
6

K 0.000000 0.000000 0.000000
L 2.687006 2.687006 0.000000
V 0.000000 2.687006 -2.687006
F -2.687006 5.374012 -2.687006
F -2.687006 8.061017 -5.374012
A -5.374012 5.374012 -5.374012


-7.300000	63aa0
6

K 0.000000 0.000000 0.000000
L 2.687006 2.687006 0.000000
V 0.000000 2.687006 -2.687006
F -2.687006 2.687006 -5.374012
F -2.687006 5.374012 -8.061017
A -5.374012 2.687006 -8.061017


-7.300000	738a0
6

K 0.000000 0.000000 0.000000
L 2.687006 2.687006 0.000000
V 0.000000 2.687006 -2.687006
F 0.000000 0.000000 -5.374012
F 0.000000 2.687006 -8.061017
A 2.687006 0.000000 -8.061017


-7.300000	2a3a0
6

K 0.000000 0.000000 0.000000
L 2.687006 2.687006 0.000000
V 0.000000 2.687006 -2.687006
F 0.000000 5.374012 -5.374012
F -2.687006 5.374012 -8.061017
A -2.687006 8.061017 -5.374012


-7.300000	958a0
6

K 0.000000 0.000000 0.000000
L 2.687006 2.687006 0.000000
V 0.000000 2.687006 -2.687006
F 0.000000 0.000000 -5.374012
F 2.687006 0.000000 -8.061017
A 2.687006 -2.687006 -5.374012


-7.300000	2a1a0
6

K 0.000000 0.000000 0.000000
L 2.687006 2.687006 0.000000
V 0.000000 2.687006 -2.687006
F -2.687006 5.374012 -2.687006
F -5.374012 5.374012 -5.374012
A -5.374012 8.061017 -2.687006


-7.300000	735a0
6

K 0.000000 0.000000 0.000000
L 2.687006 2.687006 0.000000
V 0.000000 2.687006 -2.687006
F 2.687006 2.687006 -5.374012
F 2.687006 5.374012 -8.061017
A 5.374012 2.687006 -8.061017


-7.300000	08aa0
6

K 0.000000 0.000000 0.000000
L 2.687006 2.687006 0.000000
V 0.000000 2.687006 -2.687006
F -2.687006 2.687006 -5.374012
F -2.687006 0.000000 -8.061017
A 0.000000 2.687006 -8.061017


-7.300000	3b1a0
6

K 0.000000 0.000000 0.000000
L 2.687006 2.687006 0.000000
V 0.000000 2.687006 -2.687006
F -2.687006 5.374012 -2.687006
F -5.374012 5.374012 0.000000
A -5.374012 8.061017 -2.687006


-7.300000	513a0
6

K 0.000000 0.000000 0.000000
L 2.687006 2.687006 0.000000
V 0.000000 2.687006 -2.687006
F 0.000000 5.374012 -5.374012
F -2.687006 8.061017 -5.374012
A 0.000000 8.061017 -8.061017


-7.300000	955a0
6

K 0.000000 0.000000 0.000000
L 2.687006 2.687006 0.000000
V 0.000000 2.687006 -2.687006
F 2.687006 2.687006 -5.374012
F 5.374012 2.687006 -8.061017
A 5.374012 0.000000 -5.374012


-7.300000	088a0
6

K 0.000000 0.000000 0.000000
L 2.687006 2.687006 0.000000
V 0.000000 2.687006 -2.687006
F 0.000000 0.000000 -5.374012
F 0.000000 -2.687006 -8.061017
A 2.687006 0.000000 -8.061017


-7.300000	2aaa0
6

K 0.000000 0.000000 0.000000
L 2.687006 2.687006 0.000000
V 0.000000 2.687006 -2.687006
F -2.687006 2.687006 -5.374012
F -5.374012 2.687006 -8.061017
A -5.374012 5.374012 -5.374012


-7.300000	511a0
6

K 0.000000 0.000000 0.000000
L 2.687006 2.687006 0.000000
V 0.000000 2.687006 -2.687006
F -2.687006 5.374012 -2.687006
F -5.374012 8.061017 -2.687006
A -2.687006 8.061017 -5.374012


-7.300000	733a0
6

K 0.000000 0.000000 0.000000
L 2.687006 2.687006 0.000000
V 0.000000 2.687006 -2.687006
F 0.000000 5.374012 -5.374012
F 0.000000 8.061017 -8.061017
A 2.687006 5.374012 -8.061017


-7.300000	3baa0
6

K 0.000000 0.000000 0.000000
L 2.687006 2.687006 0.000000
V 0.000000 2.687006 -2.687006
F -2.687006 2.687006 -5.374012
F -5.374012 2.687006 -2.687006
A -5.374012 5.374012 -5.374012


-7.300000	621a0
6

K 0.000000 0.000000 0.000000
L 2.687006 2.687006 0.000000
V 0.000000 2.687006 -2.687006
F -2.687006 5.374012 -2.687006
F -2.687006 8.061017 0.000000
A -5.374012 5.374012 0.000000


-7.300000	085a0
6

K 0.000000 0.000000 0.000000
L 2.687006 2.687006 0.000000
V 0.000000 2.687006 -2.687006
F 2.687006 2.687006 -5.374012
F 2.687006 0.000000 -8.061017
A 5.374012 2.687006 -8.061017


-7.300000	51aa0
6

K 0.000000 0.000000 0.000000
L 2.687006 2.687006 0.000000
V 0.000000 2.687006 -2.687006
F -2.687006 2.687006 -5.374012
F -5.374012 5.374012 -5.374012
A -2.687006 5.374012 -8.061017


-7.300000	73aa0
6

K 0.000000 0.000000 0.000000
L 2.687006 2.687006 0.000000
V 0.000000 2.687006 -2.687006
F -2.687006 2.687006 -5.374012
F -2.687006 5.374012 -8.061017
A 0.000000 2.687006 -8.061017


-7.300000	083a0
6

K 0.000000 0.000000 0.000000
L 2.687006 2.687006 0.000000
V 0.000000 2.687006 -2.687006
F 0.000000 5.374012 -5.374012
F 0.000000 2.687006 -8.061017
A 2.687006 5.374012 -8.061017


-7.300000	18aa0
6

K 0.000000 0.000000 0.000000
L 2.687006 2.687006 0.000000
V 0.000000 2.687006 -2.687006
F -2.687006 2.687006 -5.374012
F -2.687006 0.000000 -8.061017
A -5.374012 2.687006 -8.061017


-7.300000	188a0
6

K 0.000000 0.000000 0.000000
L 2.687006 2.687006 0.000000
V 0.000000 2.687006 -2.687006
F 0.000000 0.000000 -5.374012
F 0.000000 -2.687006 -8.061017
A -2.687006 0.000000 -8.061017


-7.300000	185a0
6

K 0.000000 0.000000 0.000000
L 2.687006 2.687006 0.000000
V 0.000000 2.687006 -2.687006
F 2.687006 2.687006 -5.374012
F 2.687006 0.000000 -8.061017
A 0.000000 2.687006 -8.061017


-7.300000	183a0
6

K 0.000000 0.000000 0.000000
L 2.687006 2.687006 0.000000
V 0.000000 2.687006 -2.687006
F 0.000000 5.374012 -5.374012
F 0.000000 2.687006 -8.061017
A -2.687006 5.374012 -8.061017


-7.280000	a3800
6

K 0.000000 0.000000 0.000000
L 2.687006 2.687006 0.000000
V 5.374012 5.374012 0.000000
F 5.374012 2.687006 -2.687006
F 5.374012 5.374012 -5.374012
A 2.687006 5.374012 -8.061017


-7.280000	b4900
6

K 0.000000 0.000000 0.000000
L 2.687006 2.687006 0.000000
V 5.374012 5.374012 0.000000
F 5.374012 2.687006 2.687006
F 8.061017 2.687006 5.374012
A 5.374012 2.687006 8.061017


-7.280000	05a00
6

K 0.000000 0.000000 0.000000
L 2.687006 2.687006 0.000000
V 5.374012 5.374012 0.000000
F 2.687006 5.374012 -2.687006
F 5.374012 5.374012 -5.374012
A 8.061017 8.061017 -5.374012


-7.280000	6b410
6

K 0.000000 0.000000 0.000000
L 2.687006 2.687006 0.000000
V 0.000000 5.374012 0.000000
F 2.687006 5.374012 2.687006
F 0.000000 5.374012 5.374012
A -2.687006 2.687006 5.374012


-7.280000	70510
6

K 0.000000 0.000000 0.000000
L 2.687006 2.687006 0.000000
V 0.000000 5.374012 0.000000
F 2.687006 5.374012 -2.687006
F 5.374012 8.061017 -2.687006
A 8.061017 5.374012 -2.687006


-7.280000	70410
6

K 0.000000 0.000000 0.000000
L 2.687006 2.687006 0.000000
V 0.000000 5.374012 0.000000
F 2.687006 5.374012 2.687006
F 5.374012 8.061017 2.687006
A 8.061017 5.374012 2.687006


-7.280000	05800
6

K 0.000000 0.000000 0.000000
L 2.687006 2.687006 0.000000
V 5.374012 5.374012 0.000000
F 5.374012 2.687006 -2.687006
F 8.061017 2.687006 -5.374012
A 10.748023 5.374012 -5.374012


-7.280000	70340
6

K 0.000000 0.000000 0.000000
L 2.687006 2.687006 0.000000
V 5.374012 2.687006 2.687006
F 5.374012 5.374012 0.000000
F 8.061017 8.061017 0.000000
A 10.748023 5.374012 0.000000


-7.280000	05840
6

K 0.000000 0.000000 0.000000
L 2.687006 2.687006 0.000000
V 5.374012 2.687006 2.687006
F 5.374012 0.000000 0.000000
F 8.061017 0.000000 -2.687006
A 10.748023 2.687006 -2.687006


-7.280000	6b140
6

K 0.000000 0.000000 0.000000
L 2.687006 2.687006 0.000000
V 5.374012 2.687006 2.687006
F 2.687006 5.374012 2.687006
F 0.000000 5.374012 5.374012
A -2.687006 2.687006 5.374012


-7.280000	38a00
6

K 0.000000 0.000000 0.000000
L 2.687006 2.687006 0.000000
V 5.374012 5.374012 0.000000
F 2.687006 5.374012 -2.687006
F 2.687006 2.687006 -5.374012
A 2.687006 5.374012 -8.061017


-7.280000	49b00
6

K 0.000000 0.000000 0.000000
L 2.687006 2.687006 0.000000
V 5.374012 5.374012 0.000000
F 2.687006 5.374012 2.687006
F 2.687006 2.687006 5.374012
A 5.374012 2.687006 8.061017


-7.280000	92410
6

K 0.000000 0.000000 0.000000
L 2.687006 2.687006 0.000000
V 0.000000 5.374012 0.000000
F 2.687006 5.374012 2.687006
F 2.687006 8.061017 5.374012
A 2.687006 5.374012 8.061017


-7.280000	a3510
6

K 0.000000 0.000000 0.000000
L 2.687006 2.687006 0.000000
V 0.000000 5.374012 0.000000
F 2.687006 5.374012 -2.687006
F 2.687006 8.061017 -5.374012
A 0.000000 8.061017 -8.061017


-7.280000	38800
6

K 0.000000 0.000000 0.000000
L 2.687006 2.687006 0.000000
V 5.374012 5.374012 0.000000
F 5.374012 2.687006 -2.687006
F 5.374012 0.000000 -5.374012
A 5.374012 2.687006 -8.061017


-7.280000	49900
6

K 0.000000 0.000000 0.000000
L 2.687006 2.687006 0.000000
V 5.374012 5.374012 0.000000
F 5.374012 2.687006 2.687006
F 5.374012 0.000000 5.374012
A 8.061017 0.000000 8.061017


-7.280000	5aa00
6

K 0.000000 0.000000 0.000000
L 2.687006 2.687006 0.000000
V 5.374012 5.374012 0.000000
F 2.687006 5.374012 -2.687006
F 0.000000 5.374012 -5.374012
A 2.687006 5.374012 -8.061017


-7.280000	6bb00
6

K 0.000000 0.000000 0.000000
L 2.687006 2.687006 0.000000
V 5.374012 5.374012 0.000000
F 2.687006 5.374012 2.687006
F 0.000000 5.374012 5.374012
A -2.687006 2.687006 5.374012


-7.280000	a3340
6

K 0.000000 0.000000 0.000000
L 2.687006 2.687006 0.000000
V 5.374012 2.687006 2.687006
F 5.374012 5.374012 0.000000
F 5.374012 8.061017 -2.687006
A 2.687006 8.061017 -5.374012


-7.280000	b4410
6

K 0.000000 0.000000 0.000000
L 2.687006 2.687006 0.000000
V 0.000000 5.374012 0.000000
F 2.687006 5.374012 2.687006
F 5.374012 5.374012 5.374012
A 2.687006 5.374012 8.061017


-7.280000	05510
6

K 0.000000 0.000000 0.000000
L 2.687006 2.687006 0.000000
V 0.000000 5.374012 0.000000
F 2.687006 5.374012 -2.687006
F 5.374012 5.374012 -5.374012
A 8.061017 8.061017 -5.374012


-7.280000	38840
6

K 0.000000 0.000000 0.000000
L 2.687006 2.687006 0.000000
V 5.374012 2.687006 2.687006
F 5.374012 0.000000 0.000000
F 5.374012 -2.687006 -2.687006
A 5.374012 0.000000 -5.374012


-7.280000	92140
6

K 0.000000 0.000000 0.000000
L 2.687006 2.687006 0.000000
V 5.374012 2.687006 2.687006
F 2.687006 5.374012 2.687006
F 2.687006 8.061017 5.374012
A 2.687006 5.374012 8.061017


-7.280000	49840
6

K 0.000000 0.000000 0.000000
L 2.687006 2.687006 0.000000
V 5.374012 2.687006 2.687006
F 5.374012 0.000000 0.000000
F 5.374012 -2.687006 2.687006
A 8.061017 -2.687006 5.374012


-7.280000	5a800
6

K 0.000000 0.000000 0.000000
L 2.687006 2.687006 0.000000
V 5.374012 5.374012 0.000000
F 5.374012 2.687006 -2.687006
F 2.687006 2.687006 -5.374012
A 5.374012 2.687006 -8.061017


-7.280000	6b900
6

K 0.000000 0.000000 0.000000
L 2.687006 2.687006 0.000000
V 5.374012 5.374012 0.000000
F 5.374012 2.687006 2.687006
F 2.687006 2.687006 5.374012
A 0.000000 0.000000 5.374012


-7.280000	a3140
6

K 0.000000 0.000000 0.000000
L 2.687006 2.687006 0.000000
V 5.374012 2.687006 2.687006
F 2.687006 5.374012 2.687006
F 2.687006 8.061017 0.000000
A 0.000000 8.061017 -2.687006


-7.280000	05340
6

K 0.000000 0.000000 0.000000
L 2.687006 2.687006 0.000000
V 5.374012 2.687006 2.687006
F 5.374012 5.374012 0.000000
F 8.061017 5.374012 -2.687006
A 10.748023 8.061017 -2.687006


-7.280000	92b00
6

K 0.000000 0.000000 0.000000
L 2.687006 2.687006 0.000000
V 5.374012 5.374012 0.000000
F 2.687006 5.374012 2.687006
F 2.687006 8.061017 5.374012
A 2.687006 5.374012 8.061017


-7.280000	38510
6

K 0.000000 0.000000 0.000000
L 2.687006 2.687006 0.000000
V 0.000000 5.374012 0.000000
F 2.687006 5.374012 -2.687006
F 2.687006 2.687006 -5.374012
A 2.687006 5.374012 -8.061017


-7.280000	92900
6

K 0.000000 0.000000 0.000000
L 2.687006 2.687006 0.000000
V 5.374012 5.374012 0.000000
F 5.374012 2.687006 2.687006
F 5.374012 5.374012 5.374012
A 5.374012 2.687006 8.061017


-7.280000	a3a00
6

K 0.000000 0.000000 0.000000
L 2.687006 2.687006 0.000000
V 5.374012 5.374012 0.000000
F 2.687006 5.374012 -2.687006
F 2.687006 8.061017 -5.374012
A 0.000000 8.061017 -8.061017


-7.280000	b4b00
6

K 0.000000 0.000000 0.000000
L 2.687006 2.687006 0.000000
V 5.374012 5.374012 0.000000
F 2.687006 5.374012 2.687006
F 5.374012 5.374012 5.374012
A 2.687006 5.374012 8.061017


-7.280000	16100
6

K 0.000000 0.000000 0.000000
L 2.687006 2.687006 0.000000
V 5.374012 5.374012 0.000000
F 2.687006 8.061017 0.000000
F 0.000000 5.374012 0.000000
A -2.687006 8.061017 0.000000


-7.280000	5a540
6

K 0.000000 0.000000 0.000000
L 2.687006 2.687006 0.000000
V 5.374012 2.687006 2.687006
F 8.061017 2.687006 0.000000
F 5.374012 2.687006 -2.687006
A 8.061017 2.687006 -5.374012


-7.280000	49410
6

K 0.000000 0.000000 0.000000
L 2.687006 2.687006 0.000000
V 0.000000 5.374012 0.000000
F 2.687006 5.374012 2.687006
F 2.687006 2.687006 5.374012
A 5.374012 2.687006 8.061017


-7.280000	5a510
6

K 0.000000 0.000000 0.000000
L 2.687006 2.687006 0.000000
V 0.000000 5.374012 0.000000
F 2.687006 5.374012 -2.687006
F 0.000000 5.374012 -5.374012
A 2.687006 5.374012 -8.061017


-7.280000	04900
6

K 0.000000 0.000000 0.000000
L 2.687006 2.687006 0.000000
V 5.374012 5.374012 0.000000
F 5.374012 2.687006 2.687006
F 8.061017 2.687006 5.374012
A 10.748023 5.374012 5.374012


-7.280000	6aa00
6

K 0.000000 0.000000 0.000000
L 2.687006 2.687006 0.000000
V 5.374012 5.374012 0.000000
F 2.687006 5.374012 -2.687006
F 0.000000 5.374012 -5.374012
A -2.687006 2.687006 -5.374012


-7.280000	04410
6

K 0.000000 0.000000 0.000000
L 2.687006 2.687006 0.000000
V 0.000000 5.374012 0.000000
F 2.687006 5.374012 2.687006
F 5.374012 5.374012 5.374012
A 8.061017 8.061017 5.374012


-7.280000	6a800
6

K 0.000000 0.000000 0.000000
L 2.687006 2.687006 0.000000
V 5.374012 5.374012 0.000000
F 5.374012 2.687006 -2.687006
F 2.687006 2.687006 -5.374012
A 0.000000 0.000000 -5.374012


-7.280000	04b00
6

K 0.000000 0.000000 0.000000
L 2.687006 2.687006 0.000000
V 5.374012 5.374012 0.000000
F 2.687006 5.374012 2.687006
F 5.374012 5.374012 5.374012
A 8.061017 8.061017 5.374012


-7.280000	6a510
6

K 0.000000 0.000000 0.000000
L 2.687006 2.687006 0.000000
V 0.000000 5.374012 0.000000
F 2.687006 5.374012 -2.687006
F 0.000000 5.374012 -5.374012
A -2.687006 2.687006 -5.374012


-7.280000	03800
6

K 0.000000 0.000000 0.000000
L 2.687006 2.687006 0.000000
V 5.374012 5.374012 0.000000
F 5.374012 2.687006 -2.687006
F 5.374012 5.374012 -5.374012
A 8.061017 8.061017 -5.374012


-7.280000	47010
6

K 0.000000 0.000000 0.000000
L 2.687006 2.687006 0.000000
V 0.000000 5.374012 0.000000
F 2.687006 8.061017 0.000000
F 5.374012 5.374012 0.000000
A 8.061017 5.374012 2.687006


-7.280000	47900
6

K 0.000000 0.000000 0.000000
L 2.687006 2.687006 0.000000
V 5.374012 5.374012 0.000000
F 5.374012 2.687006 2.687006
F 8.061017 0.000000 2.687006
A 10.748023 0.000000 5.374012


-7.280000	58a00
6

K 0.000000 0.000000 0.000000
L 2.687006 2.687006 0.000000
V 5.374012 5.374012 0.000000
F 2.687006 5.374012 -2.687006
F 2.687006 2.687006 -5.374012
A 5.374012 2.687006 -8.061017


-7.280000	69b00
6

K 0.000000 0.000000 0.000000
L 2.687006 2.687006 0.000000
V 5.374012 5.374012 0.000000
F 2.687006 5.374012 2.687006
F 2.687006 2.687006 5.374012
A 0.000000 0.000000 5.374012


-7.280000	a1340
6

K 0.000000 0.000000 0.000000
L 2.687006 2.687006 0.000000
V 5.374012 2.687006 2.687006
F 5.374012 5.374012 0.000000
F 2.687006 8.061017 0.000000
A 0.000000 8.061017 -2.687006


-7.280000	b2410
6

K 0.000000 0.000000 0.000000
L 2.687006 2.687006 0.000000
V 0.000000 5.374012 0.000000
F 2.687006 5.374012 2.687006
F 2.687006 8.061017 5.374012
A 0.000000 8.061017 8.061017


-7.280000	03510
6

K 0.000000 0.000000 0.000000
L 2.687006 2.687006 0.000000
V 0.000000 5.374012 0.000000
F 2.687006 5.374012 -2.687006
F 2.687006 8.061017 -5.374012
A 5.374012 10.748023 -5.374012


-7.280000	47800
6

K 0.000000 0.000000 0.000000
L 2.687006 2.687006 0.000000
V 5.374012 5.374012 0.000000
F 5.374012 2.687006 -2.687006
F 8.061017 0.000000 -2.687006
A 10.748023 0.000000 0.000000


-7.280000	b2340
6

K 0.000000 0.000000 0.000000
L 2.687006 2.687006 0.000000
V 5.374012 2.687006 2.687006
F 5.374012 5.374012 0.000000
F 5.374012 8.061017 2.687006
A 2.687006 8.061017 5.374012


-7.280000	47840
6

K 0.000000 0.000000 0.000000
L 2.687006 2.687006 0.000000
V 5.374012 2.687006 2.687006
F 5.374012 0.000000 0.000000
F 8.061017 -2.687006 0.000000
A 10.748023 -2.687006 2.687006


-7.280000	58800
6

K 0.000000 0.000000 0.000000
L 2.687006 2.687006 0.000000
V 5.374012 5.374012 0.000000
F 5.374012 2.687006 -2.687006
F 5.374012 0.000000 -5.374012
A 8.061017 0.000000 -8.061017


-7.280000	69900
6

K 0.000000 0.000000 0.000000
L 2.687006 2.687006 0.000000
V 5.374012 5.374012 0.000000
F 5.374012 2.687006 2.687006
F 5.374012 0.000000 5.374012
A 2.687006 -2.687006 5.374012


-7.280000	a1140
6

K 0.000000 0.000000 0.000000
L 2.687006 2.687006 0.000000
V 5.374012 2.687006 2.687006
F 2.687006 5.374012 2.687006
F 0.000000 8.061017 2.687006
A -2.687006 8.061017 0.000000


-7.280000	03340
6

K 0.000000 0.000000 0.000000
L 2.687006 2.687006 0.000000
V 5.374012 2.687006 2.687006
F 5.374012 5.374012 0.000000
F 5.374012 8.061017 -2.687006
A 8.061017 10.748023 -2.687006


-7.280000	58840
6

K 0.000000 0.000000 0.000000
L 2.687006 2.687006 0.000000
V 5.374012 2.687006 2.687006
F 5.374012 0.000000 0.000000
F 5.374012 -2.687006 -2.687006
A 8.061017 -2.687006 -5.374012


-7.280000	b2140
6

K 0.000000 0.000000 0.000000
L 2.687006 2.687006 0.000000
V 5.374012 2.687006 2.687006
F 2.687006 5.374012 2.687006
F 2.687006 8.061017 5.374012
A 0.000000 8.061017 8.061017


-7.280000	69840
6

K 0.000000 0.000000 0.000000
L 2.687006 2.687006 0.000000
V 5.374012 2.687006 2.687006
F 5.374012 0.000000 0.000000
F 5.374012 -2.687006 2.687006
A 2.687006 -5.374012 2.687006


-7.280000	03140
6

K 0.000000 0.000000 0.000000
L 2.687006 2.687006 0.000000
V 5.374012 2.687006 2.687006
F 2.687006 5.374012 2.687006
F 2.687006 8.061017 0.000000
A 5.374012 10.748023 0.000000


-7.280000	a1b00
6

K 0.000000 0.000000 0.000000
L 2.687006 2.687006 0.000000
V 5.374012 5.374012 0.000000
F 2.687006 5.374012 2.687006
F 0.000000 8.061017 2.687006
A -2.687006 8.061017 0.000000


-7.280000	a1a00
6

K 0.000000 0.000000 0.000000
L 2.687006 2.687006 0.000000
V 5.374012 5.374012 0.000000
F 2.687006 5.374012 -2.687006
F 0.000000 8.061017 -2.687006
A -2.687006 8.061017 -5.374012


-7.280000	b2b00
6

K 0.000000 0.000000 0.000000
L 2.687006 2.687006 0.000000
V 5.374012 5.374012 0.000000
F 2.687006 5.374012 2.687006
F 2.687006 8.061017 5.374012
A 0.000000 8.061017 8.061017


-7.280000	58510
6

K 0.000000 0.000000 0.000000
L 2.687006 2.687006 0.000000
V 0.000000 5.374012 0.000000
F 2.687006 5.374012 -2.687006
F 2.687006 2.687006 -5.374012
A 5.374012 2.687006 -8.061017


-7.280000	b2900
6

K 0.000000 0.000000 0.000000
L 2.687006 2.687006 0.000000
V 5.374012 5.374012 0.000000
F 5.374012 2.687006 2.687006
F 5.374012 5.374012 5.374012
A 2.687006 5.374012 8.061017


-7.280000	03a00
6

K 0.000000 0.000000 0.000000
L 2.687006 2.687006 0.000000
V 5.374012 5.374012 0.000000
F 2.687006 5.374012 -2.687006
F 2.687006 8.061017 -5.374012
A 5.374012 10.748023 -5.374012


-7.280000	69410
6

K 0.000000 0.000000 0.000000
L 2.687006 2.687006 0.000000
V 0.000000 5.374012 0.000000
F 2.687006 5.374012 2.687006
F 2.687006 2.687006 5.374012
A 0.000000 0.000000 5.374012


-7.280000	13800
6

K 0.000000 0.000000 0.000000
L 2.687006 2.687006 0.000000
V 5.374012 5.374012 0.000000
F 5.374012 2.687006 -2.687006
F 5.374012 5.374012 -5.374012
A 2.687006 8.061017 -5.374012


-7.280000	24900
6

K 0.000000 0.000000 0.000000
L 2.687006 2.687006 0.000000
V 5.374012 5.374012 0.000000
F 5.374012 2.687006 2.687006
F 8.061017 2.687006 5.374012
A 8.061017 5.374012 8.061017


-7.280000	35a00
6

K 0.000000 0.000000 0.000000
L 2.687006 2.687006 0.000000
V 5.374012 5.374012 0.000000
F 2.687006 5.374012 -2.687006
F 5.374012 5.374012 -5.374012
A 5.374012 8.061017 -8.061017


-7.280000	57010
6

K 0.000000 0.000000 0.000000
L 2.687006 2.687006 0.000000
V 0.000000 5.374012 0.000000
F 2.687006 8.061017 0.000000
F 5.374012 5.374012 0.000000
A 8.061017 5.374012 -2.687006


-7.280000	9b410
6

K 0.000000 0.000000 0.000000
L 2.687006 2.687006 0.000000
V 0.000000 5.374012 0.000000
F 2.687006 5.374012 2.687006
F 0.000000 5.374012 5.374012
A 0.000000 2.687006 8.061017


-7.280000	35800
6

K 0.000000 0.000000 0.000000
L 2.687006 2.687006 0.000000
V 5.374012 5.374012 0.000000
F 5.374012 2.687006 -2.687006
F 8.061017 2.687006 -5.374012
A 8.061017 5.374012 -8.061017


-7.280000	35840
6

K 0.000000 0.000000 0.000000
L 2.687006 2.687006 0.000000
V 5.374012 2.687006 2.687006
F 5.374012 0.000000 0.000000
F 8.061017 0.000000 -2.687006
A 8.061017 2.687006 -5.374012


-7.280000	57900
6

K 0.000000 0.000000 0.000000
L 2.687006 2.687006 0.000000
V 5.374012 5.374012 0.000000
F 5.374012 2.687006 2.687006
F 8.061017 0.000000 2.687006
A 10.748023 0.000000 0.000000


-7.280000	9b140
6

K 0.000000 0.000000 0.000000
L 2.687006 2.687006 0.000000
V 5.374012 2.687006 2.687006
F 2.687006 5.374012 2.687006
F 0.000000 5.374012 5.374012
A 0.000000 2.687006 8.061017


-7.280000	68a00
6

K 0.000000 0.000000 0.000000
L 2.687006 2.687006 0.000000
V 5.374012 5.374012 0.000000
F 2.687006 5.374012 -2.687006
F 2.687006 2.687006 -5.374012
A 0.000000 0.000000 -5.374012


-7.280000	79b00
6

K 0.000000 0.000000 0.000000
L 2.687006 2.687006 0.000000
V 5.374012 5.374012 0.000000
F 2.687006 5.374012 2.687006
F 2.687006 2.687006 5.374012
A 5.374012 0.000000 5.374012


-7.280000	b1340
6

K 0.000000 0.000000 0.000000
L 2.687006 2.687006 0.000000
V 5.374012 2.687006 2.687006
F 5.374012 5.374012 0.000000
F 2.687006 8.061017 0.000000
A 0.000000 8.061017 2.687006


-7.280000	02410
6

K 0.000000 0.000000 0.000000
L 2.687006 2.687006 0.000000
V 0.000000 5.374012 0.000000
F 2.687006 5.374012 2.687006
F 2.687006 8.061017 5.374012
A 5.374012 10.748023 5.374012


-7.280000	13510
6

K 0.000000 0.000000 0.000000
L 2.687006 2.687006 0.000000
V 0.000000 5.374012 0.000000
F 2.687006 5.374012 -2.687006
F 2.687006 8.061017 -5.374012
A 0.000000 10.748023 -5.374012


-7.280000	57800
6

K 0.000000 0.000000 0.000000
L 2.687006 2.687006 0.000000
V 5.374012 5.374012 0.000000
F 5.374012 2.687006 -2.687006
F 8.061017 0.000000 -2.687006
A 10.748023 0.000000 -5.374012


-7.280000	02340
6

K 0.000000 0.000000 0.000000
L 2.687006 2.687006 0.000000
V 5.374012 2.687006 2.687006
F 5.374012 5.374012 0.000000
F 5.374012 8.061017 2.687006
A 8.061017 10.748023 2.687006


-7.280000	57840
6

K 0.000000 0.000000 0.000000
L 2.687006 2.687006 0.000000
V 5.374012 2.687006 2.687006
F 5.374012 0.000000 0.000000
F 8.061017 -2.687006 0.000000
A 10.748023 -2.687006 -2.687006


-7.280000	68800
6

K 0.000000 0.000000 0.000000
L 2.687006 2.687006 0.000000
V 5.374012 5.374012 0.000000
F 5.374012 2.687006 -2.687006
F 5.374012 0.000000 -5.374012
A 2.687006 -2.687006 -5.374012


-7.280000	79900
6

K 0.000000 0.000000 0.000000
L 2.687006 2.687006 0.000000
V 5.374012 5.374012 0.000000
F 5.374012 2.687006 2.687006
F 5.374012 0.000000 5.374012
A 8.061017 -2.687006 5.374012


-7.280000	b1140
6

K 0.000000 0.000000 0.000000
L 2.687006 2.687006 0.000000
V 5.374012 2.687006 2.687006
F 2.687006 5.374012 2.687006
F 0.000000 8.061017 2.687006
A -2.687006 8.061017 5.374012


-7.280000	8aa00
6

K 0.000000 0.000000 0.000000
L 2.687006 2.687006 0.000000
V 5.374012 5.374012 0.000000
F 2.687006 5.374012 -2.687006
F 0.000000 5.374012 -5.374012
A 0.000000 2.687006 -8.061017


-7.280000	9bb00
6

K 0.000000 0.000000 0.000000
L 2.687006 2.687006 0.000000
V 5.374012 5.374012 0.000000
F 2.687006 5.374012 2.687006
F 0.000000 5.374012 5.374012
A 0.000000 2.687006 8.061017


-7.280000	13340
6

K 0.000000 0.000000 0.000000
L 2.687006 2.687006 0.000000
V 5.374012 2.687006 2.687006
F 5.374012 5.374012 0.000000
F 5.374012 8.061017 -2.687006
A 2.687006 10.748023 -2.687006


-7.280000	24410
6

K 0.000000 0.000000 0.000000
L 2.687006 2.687006 0.000000
V 0.000000 5.374012 0.000000
F 2.687006 5.374012 2.687006
F 5.374012 5.374012 5.374012
A 5.374012 8.061017 8.061017


-7.280000	35510
6

K 0.000000 0.000000 0.000000
L 2.687006 2.687006 0.000000
V 0.000000 5.374012 0.000000
F 2.687006 5.374012 -2.687006
F 5.374012 5.374012 -5.374012
A 5.374012 8.061017 -8.061017


-7.280000	68840
6

K 0.000000 0.000000 0.000000
L 2.687006 2.687006 0.000000
V 5.374012 2.687006 2.687006
F 5.374012 0.000000 0.000000
F 5.374012 -2.687006 -2.687006
A 2.687006 -5.374012 -2.687006


-7.280000	02140
6

K 0.000000 0.000000 0.000000
L 2.687006 2.687006 0.000000
V 5.374012 2.687006 2.687006
F 2.687006 5.374012 2.687006
F 2.687006 8.061017 5.374012
A 5.374012 10.748023 5.374012


-7.280000	79840
6

K 0.000000 0.000000 0.000000
L 2.687006 2.687006 0.000000
V 5.374012 2.687006 2.687006
F 5.374012 0.000000 0.000000
F 5.374012 -2.687006 2.687006
A 8.061017 -5.374012 2.687006


-7.280000	8a800
6

K 0.000000 0.000000 0.000000
L 2.687006 2.687006 0.000000
V 5.374012 5.374012 0.000000
F 5.374012 2.687006 -2.687006
F 2.687006 2.687006 -5.374012
A 2.687006 0.000000 -8.061017


-7.280000	9b900
6

K 0.000000 0.000000 0.000000
L 2.687006 2.687006 0.000000
V 5.374012 5.374012 0.000000
F 5.374012 2.687006 2.687006
F 2.687006 2.687006 5.374012
A 2.687006 0.000000 8.061017


-7.280000	13140
6

K 0.000000 0.000000 0.000000
L 2.687006 2.687006 0.000000
V 5.374012 2.687006 2.687006
F 2.687006 5.374012 2.687006
F 2.687006 8.061017 0.000000
A 0.000000 10.748023 0.000000


-7.280000	b1b00
6

K 0.000000 0.000000 0.000000
L 2.687006 2.687006 0.000000
V 5.374012 5.374012 0.000000
F 2.687006 5.374012 2.687006
F 0.000000 8.061017 2.687006
A -2.687006 8.061017 5.374012


-7.280000	35340
6

K 0.000000 0.000000 0.000000
L 2.687006 2.687006 0.000000
V 5.374012 2.687006 2.687006
F 5.374012 5.374012 0.000000
F 8.061017 5.374012 -2.687006
A 8.061017 8.061017 -5.374012


-7.280000	b1a00
6

K 0.000000 0.000000 0.000000
L 2.687006 2.687006 0.000000
V 5.374012 5.374012 0.000000
F 2.687006 5.374012 -2.687006
F 0.000000 8.061017 -2.687006
A -2.687006 8.061017 0.000000


-7.280000	02b00
6

K 0.000000 0.000000 0.000000
L 2.687006 2.687006 0.000000
V 5.374012 5.374012 0.000000
F 2.687006 5.374012 2.687006
F 2.687006 8.061017 5.374012
A 5.374012 10.748023 5.374012


-7.280000	68510
6

K 0.000000 0.000000 0.000000
L 2.687006 2.687006 0.000000
V 0.000000 5.374012 0.000000
F 2.687006 5.374012 -2.687006
F 2.687006 2.687006 -5.374012
A 0.000000 0.000000 -5.374012


-7.280000	02900
6

K 0.000000 0.000000 0.000000
L 2.687006 2.687006 0.000000
V 5.374012 5.374012 0.000000
F 5.374012 2.687006 2.687006
F 5.374012 5.374012 5.374012
A 8.061017 8.061017 5.374012


-7.280000	13a00
6

K 0.000000 0.000000 0.000000
L 2.687006 2.687006 0.000000
V 5.374012 5.374012 0.000000
F 2.687006 5.374012 -2.687006
F 2.687006 8.061017 -5.374012
A 0.000000 10.748023 -5.374012


-7.280000	24b00
6

K 0.000000 0.000000 0.000000
L 2.687006 2.687006 0.000000
V 5.374012 5.374012 0.000000
F 2.687006 5.374012 2.687006
F 5.374012 5.374012 5.374012
A 5.374012 8.061017 8.061017


-7.280000	8a540
6

K 0.000000 0.000000 0.000000
L 2.687006 2.687006 0.000000
V 5.374012 2.687006 2.687006
F 8.061017 2.687006 0.000000
F 5.374012 2.687006 -2.687006
A 5.374012 0.000000 -5.374012


-7.280000	79410
6

K 0.000000 0.000000 0.000000
L 2.687006 2.687006 0.000000
V 0.000000 5.374012 0.000000
F 2.687006 5.374012 2.687006
F 2.687006 2.687006 5.374012
A 5.374012 0.000000 5.374012


-7.280000	8a510
6

K 0.000000 0.000000 0.000000
L 2.687006 2.687006 0.000000
V 0.000000 5.374012 0.000000
F 2.687006 5.374012 -2.687006
F 0.000000 5.374012 -5.374012
A 0.000000 2.687006 -8.061017


-7.280000	45800
6

K 0.000000 0.000000 0.000000
L 2.687006 2.687006 0.000000
V 5.374012 5.374012 0.000000
F 5.374012 2.687006 -2.687006
F 8.061017 2.687006 -5.374012
A 10.748023 2.687006 -2.687006


-7.280000	45840
6

K 0.000000 0.000000 0.000000
L 2.687006 2.687006 0.000000
V 5.374012 2.687006 2.687006
F 5.374012 0.000000 0.000000
F 8.061017 0.000000 -2.687006
A 10.748023 0.000000 0.000000


-7.280000	67900
6

K 0.000000 0.000000 0.000000
L 2.687006 2.687006 0.000000
V 5.374012 5.374012 0.000000
F 5.374012 2.687006 2.687006
F 8.061017 0.000000 2.687006
A 5.374012 -2.687006 2.687006


-7.280000	ab140
6

K 0.000000 0.000000 0.000000
L 2.687006 2.687006 0.000000
V 5.374012 2.687006 2.687006
F 2.687006 5.374012 2.687006
F 0.000000 5.374012 5.374012
A -2.687006 5.374012 2.687006


-7.280000	78a00
6

K 0.000000 0.000000 0.000000
L 2.687006 2.687006 0.000000
V 5.374012 5.374012 0.000000
F 2.687006 5.374012 -2.687006
F 2.687006 2.687006 -5.374012
A 5.374012 0.000000 -5.374012


-7.280000	01340
6

K 0.000000 0.000000 0.000000
L 2.687006 2.687006 0.000000
V 5.374012 2.687006 2.687006
F 5.374012 5.374012 0.000000
F 2.687006 8.061017 0.000000
A 5.374012 10.748023 0.000000


-7.280000	12410
6

K 0.000000 0.000000 0.000000
L 2.687006 2.687006 0.000000
V 0.000000 5.374012 0.000000
F 2.687006 5.374012 2.687006
F 2.687006 8.061017 5.374012
A 0.000000 10.748023 5.374012


-7.280000	23510
6

K 0.000000 0.000000 0.000000
L 2.687006 2.687006 0.000000
V 0.000000 5.374012 0.000000
F 2.687006 5.374012 -2.687006
F 2.687006 8.061017 -5.374012
A 2.687006 10.748023 -2.687006


-7.280000	67800
6

K 0.000000 0.000000 0.000000
L 2.687006 2.687006 0.000000
V 5.374012 5.374012 0.000000
F 5.374012 2.687006 -2.687006
F 8.061017 0.000000 -2.687006
A 5.374012 -2.687006 -2.687006


-7.280000	12340
6

K 0.000000 0.000000 0.000000
L 2.687006 2.687006 0.000000
V 5.374012 2.687006 2.687006
F 5.374012 5.374012 0.000000
F 5.374012 8.061017 2.687006
A 2.687006 10.748023 2.687006


-7.280000	67840
6

K 0.000000 0.000000 0.000000
L 2.687006 2.687006 0.000000
V 5.374012 2.687006 2.687006
F 5.374012 0.000000 0.000000
F 8.061017 -2.687006 0.000000
A 5.374012 -5.374012 0.000000


-7.280000	78800
6

K 0.000000 0.000000 0.000000
L 2.687006 2.687006 0.000000
V 5.374012 5.374012 0.000000
F 5.374012 2.687006 -2.687006
F 5.374012 0.000000 -5.374012
A 8.061017 -2.687006 -5.374012


-7.280000	89900
6

K 0.000000 0.000000 0.000000
L 2.687006 2.687006 0.000000
V 5.374012 5.374012 0.000000
F 5.374012 2.687006 2.687006
F 5.374012 0.000000 5.374012
A 5.374012 -2.687006 2.687006


-7.280000	01140
6

K 0.000000 0.000000 0.000000
L 2.687006 2.687006 0.000000
V 5.374012 2.687006 2.687006
F 2.687006 5.374012 2.687006
F 0.000000 8.061017 2.687006
A 2.687006 10.748023 2.687006


-7.280000	abb00
6

K 0.000000 0.000000 0.000000
L 2.687006 2.687006 0.000000
V 5.374012 5.374012 0.000000
F 2.687006 5.374012 2.687006
F 0.000000 5.374012 5.374012
A -2.687006 5.374012 2.687006


-7.280000	23340
6

K 0.000000 0.000000 0.000000
L 2.687006 2.687006 0.000000
V 5.374012 2.687006 2.687006
F 5.374012 5.374012 0.000000
F 5.374012 8.061017 -2.687006
A 5.374012 10.748023 0.000000


-7.280000	45510
6

K 0.000000 0.000000 0.000000
L 2.687006 2.687006 0.000000
V 0.000000 5.374012 0.000000
F 2.687006 5.374012 -2.687006
F 5.374012 5.374012 -5.374012
A 8.061017 5.374012 -2.687006


-7.280000	78840
6

K 0.000000 0.000000 0.000000
L 2.687006 2.687006 0.000000
V 5.374012 2.687006 2.687006
F 5.374012 0.000000 0.000000
F 5.374012 -2.687006 -2.687006
A 8.061017 -5.374012 -2.687006


-7.280000	12140
6

K 0.000000 0.000000 0.000000
L 2.687006 2.687006 0.000000
V 5.374012 2.687006 2.687006
F 2.687006 5.374012 2.687006
F 2.687006 8.061017 5.374012
A 0.000000 10.748023 5.374012


-7.280000	89840
6

K 0.000000 0.000000 0.000000
L 2.687006 2.687006 0.000000
V 5.374012 2.687006 2.687006
F 5.374012 0.000000 0.000000
F 5.374012 -2.687006 2.687006
A 5.374012 -5.374012 0.000000


-7.280000	23140
6

K 0.000000 0.000000 0.000000
L 2.687006 2.687006 0.000000
V 5.374012 2.687006 2.687006
F 2.687006 5.374012 2.687006
F 2.687006 8.061017 0.000000
A 2.687006 10.748023 2.687006


-7.280000	01b00
6

K 0.000000 0.000000 0.000000
L 2.687006 2.687006 0.000000
V 5.374012 5.374012 0.000000
F 2.687006 5.374012 2.687006
F 0.000000 8.061017 2.687006
A 2.687006 10.748023 2.687006


-7.280000	45340
6

K 0.000000 0.000000 0.000000
L 2.687006 2.687006 0.000000
V 5.374012 2.687006 2.687006
F 5.374012 5.374012 0.000000
F 8.061017 5.374012 -2.687006
A 10.748023 5.374012 0.000000


-7.280000	01a00
6

K 0.000000 0.000000 0.000000
L 2.687006 2.687006 0.000000
V 5.374012 5.374012 0.000000
F 2.687006 5.374012 -2.687006
F 0.000000 8.061017 -2.687006
A 2.687006 10.748023 -2.687006


-7.280000	12b00
6

K 0.000000 0.000000 0.000000
L 2.687006 2.687006 0.000000
V 5.374012 5.374012 0.000000
F 2.687006 5.374012 2.687006
F 2.687006 8.061017 5.374012
A 0.000000 10.748023 5.374012


-7.280000	78510
6

K 0.000000 0.000000 0.000000
L 2.687006 2.687006 0.000000
V 0.000000 5.374012 0.000000
F 2.687006 5.374012 -2.687006
F 2.687006 2.687006 -5.374012
A 5.374012 0.000000 -5.374012


-7.280000	12900
6

K 0.000000 0.000000 0.000000
L 2.687006 2.687006 0.000000
V 5.374012 5.374012 0.000000
F 5.374012 2.687006 2.687006
F 5.374012 5.374012 5.374012
A 2.687006 8.061017 5.374012


-7.280000	23a00
6

K 0.000000 0.000000 0.000000
L 2.687006 2.687006 0.000000
V 5.374012 5.374012 0.000000
F 2.687006 5.374012 -2.687006
F 2.687006 8.061017 -5.374012
A 2.687006 10.748023 -2.687006


-7.280000	33800
6

K 0.000000 0.000000 0.000000
L 2.687006 2.687006 0.000000
V 5.374012 5.374012 0.000000
F 5.374012 2.687006 -2.687006
F 5.374012 5.374012 -5.374012
A 5.374012 8.061017 -8.061017


-7.280000	44900
6

K 0.000000 0.000000 0.000000
L 2.687006 2.687006 0.000000
V 5.374012 5.374012 0.000000
F 5.374012 2.687006 2.687006
F 8.061017 2.687006 5.374012
A 10.748023 2.687006 8.061017


-7.280000	55a00
6

K 0.000000 0.000000 0.000000
L 2.687006 2.687006 0.000000
V 5.374012 5.374012 0.000000
F 2.687006 5.374012 -2.687006
F 5.374012 5.374012 -5.374012
A 8.061017 5.374012 -8.061017


-7.280000	77010
6

K 0.000000 0.000000 0.000000
L 2.687006 2.687006 0.000000
V 0.000000 5.374012 0.000000
F 2.687006 8.061017 0.000000
F 5.374012 5.374012 0.000000
A 8.061017 2.687006 0.000000


-7.280000	bb410
6

K 0.000000 0.000000 0.000000
L 2.687006 2.687006 0.000000
V 0.000000 5.374012 0.000000
F 2.687006 5.374012 2.687006
F 0.000000 5.374012 5.374012
A -2.687006 5.374012 8.061017


-7.280000	00510
6

K 0.000000 0.000000 0.000000
L 2.687006 2.687006 0.000000
V 0.000000 5.374012 0.000000
F 2.687006 5.374012 -2.687006
F 5.374012 8.061017 -2.687006
A 8.061017 10.748023 -2.687006


-7.280000	00410
6

K 0.000000 0.000000 0.000000
L 2.687006 2.687006 0.000000
V 0.000000 5.374012 0.000000
F 2.687006 5.374012 2.687006
F 5.374012 8.061017 2.687006
A 8.061017 10.748023 2.687006


-7.280000	55800
6

K 0.000000 0.000000 0.000000
L 2.687006 2.687006 0.000000
V 5.374012 5.374012 0.000000
F 5.374012 2.687006 -2.687006
F 8.061017 2.687006 -5.374012
A 10.748023 2.687006 -8.061017


-7.280000	00340
6

K 0.000000 0.000000 0.000000
L 2.687006 2.687006 0.000000
V 5.374012 2.687006 2.687006
F 5.374012 5.374012 0.000000
F 8.061017 8.061017 0.000000
A 10.748023 10.748023 0.000000


-7.280000	55840
6

K 0.000000 0.000000 0.000000
L 2.687006 2.687006 0.000000
V 5.374012 2.687006 2.687006
F 5.374012 0.000000 0.000000
F 8.061017 0.000000 -2.687006
A 10.748023 0.000000 -5.374012


-7.280000	77900
6

K 0.000000 0.000000 0.000000
L 2.687006 2.687006 0.000000
V 5.374012 5.374012 0.000000
F 5.374012 2.687006 2.687006
F 8.061017 0.000000 2.687006
A 10.748023 -2.687006 2.687006


-7.280000	bb140
6

K 0.000000 0.000000 0.000000
L 2.687006 2.687006 0.000000
V 5.374012 2.687006 2.687006
F 2.687006 5.374012 2.687006
F 0.000000 5.374012 5.374012
A -2.687006 5.374012 8.061017


-7.280000	88a00
6

K 0.000000 0.000000 0.000000
L 2.687006 2.687006 0.000000
V 5.374012 5.374012 0.000000
F 2.687006 5.374012 -2.687006
F 2.687006 2.687006 -5.374012
A 2.687006 0.000000 -8.061017


-7.280000	99b00
6

K 0.000000 0.000000 0.000000
L 2.687006 2.687006 0.000000
V 5.374012 5.374012 0.000000
F 2.687006 5.374012 2.687006
F 2.687006 2.687006 5.374012
A 2.687006 0.000000 8.061017


-7.280000	11340
6

K 0.000000 0.000000 0.000000
L 2.687006 2.687006 0.000000
V 5.374012 2.687006 2.687006
F 5.374012 5.374012 0.000000
F 2.687006 8.061017 0.000000
A 0.000000 10.748023 0.000000


-7.280000	22410
6

K 0.000000 0.000000 0.000000
L 2.687006 2.687006 0.000000
V 0.000000 5.374012 0.000000
F 2.687006 5.374012 2.687006
F 2.687006 8.061017 5.374012
A 2.687006 10.748023 8.061017


-7.280000	33510
6

K 0.000000 0.000000 0.000000
L 2.687006 2.687006 0.000000
V 0.000000 5.374012 0.000000
F 2.687006 5.374012 -2.687006
F 2.687006 8.061017 -5.374012
A 2.687006 10.748023 -8.061017


-7.280000	77800
6

K 0.000000 0.000000 0.000000
L 2.687006 2.687006 0.000000
V 5.374012 5.374012 0.000000
F 5.374012 2.687006 -2.687006
F 8.061017 0.000000 -2.687006
A 10.748023 -2.687006 -2.687006


-7.280000	00140
6

K 0.000000 0.000000 0.000000
L 2.687006 2.687006 0.000000
V 5.374012 2.687006 2.687006
F 2.687006 5.374012 2.687006
F 5.374012 8.061017 2.687006
A 8.061017 10.748023 2.687006


-7.280000	22340
6

K 0.000000 0.000000 0.000000
L 2.687006 2.687006 0.000000
V 5.374012 2.687006 2.687006
F 5.374012 5.374012 0.000000
F 5.374012 8.061017 2.687006
A 5.374012 10.748023 5.374012


-7.280000	77840
6

K 0.000000 0.000000 0.000000
L 2.687006 2.687006 0.000000
V 5.374012 2.687006 2.687006
F 5.374012 0.000000 0.000000
F 8.061017 -2.687006 0.000000
A 10.748023 -5.374012 0.000000


-7.280000	88800
6

K 0.000000 0.000000 0.000000
L 2.687006 2.687006 0.000000
V 5.374012 5.374012 0.000000
F 5.374012 2.687006 -2.687006
F 5.374012 0.000000 -5.374012
A 5.374012 -2.687006 -8.061017


-7.280000	99900
6

K 0.000000 0.000000 0.000000
L 2.687006 2.687006 0.000000
V 5.374012 5.374012 0.000000
F 5.374012 2.687006 2.687006
F 5.374012 0.000000 5.374012
A 5.374012 -2.687006 8.061017


-7.280000	11140
6

K 0.000000 0.000000 0.000000
L 2.687006 2.687006 0.000000
V 5.374012 2.687006 2.687006
F 2.687006 5.374012 2.687006
F 0.000000 8.061017 2.687006
A -2.687006 10.748023 2.687006


-7.280000	aaa00
6

K 0.000000 0.000000 0.000000
L 2.687006 2.687006 0.000000
V 5.374012 5.374012 0.000000
F 2.687006 5.374012 -2.687006
F 0.000000 5.374012 -5.374012
A -2.687006 5.374012 -8.061017


-7.280000	bbb00
6

K 0.000000 0.000000 0.000000
L 2.687006 2.687006 0.000000
V 5.374012 5.374012 0.000000
F 2.687006 5.374012 2.687006
F 0.000000 5.374012 5.374012
A -2.687006 5.374012 8.061017


-7.280000	33340
6

K 0.000000 0.000000 0.000000
L 2.687006 2.687006 0.000000
V 5.374012 2.687006 2.687006
F 5.374012 5.374012 0.000000
F 5.374012 8.061017 -2.687006
A 5.374012 10.748023 -5.374012


-7.280000	44410
6

K 0.000000 0.000000 0.000000
L 2.687006 2.687006 0.000000
V 0.000000 5.374012 0.000000
F 2.687006 5.374012 2.687006
F 5.374012 5.374012 5.374012
A 8.061017 5.374012 8.061017


-7.280000	55510
6

K 0.000000 0.000000 0.000000
L 2.687006 2.687006 0.000000
V 0.000000 5.374012 0.000000
F 2.687006 5.374012 -2.687006
F 5.374012 5.374012 -5.374012
A 8.061017 5.374012 -8.061017


-7.280000	88840
6

K 0.000000 0.000000 0.000000
L 2.687006 2.687006 0.000000
V 5.374012 2.687006 2.687006
F 5.374012 0.000000 0.000000
F 5.374012 -2.687006 -2.687006
A 5.374012 -5.374012 -5.374012


-7.280000	22140
6

K 0.000000 0.000000 0.000000
L 2.687006 2.687006 0.000000
V 5.374012 2.687006 2.687006
F 2.687006 5.374012 2.687006
F 2.687006 8.061017 5.374012
A 2.687006 10.748023 8.061017


-7.280000	99840
6

K 0.000000 0.000000 0.000000
L 2.687006 2.687006 0.000000
V 5.374012 2.687006 2.687006
F 5.374012 0.000000 0.000000
F 5.374012 -2.687006 2.687006
A 5.374012 -5.374012 5.374012


-7.280000	aa800
6

K 0.000000 0.000000 0.000000
L 2.687006 2.687006 0.000000
V 5.374012 5.374012 0.000000
F 5.374012 2.687006 -2.687006
F 2.687006 2.687006 -5.374012
A 0.000000 2.687006 -8.061017


-7.280000	bb900
6

K 0.000000 0.000000 0.000000
L 2.687006 2.687006 0.000000
V 5.374012 5.374012 0.000000
F 5.374012 2.687006 2.687006
F 2.687006 2.687006 5.374012
A 0.000000 2.687006 8.061017


-7.280000	33140
6

K 0.000000 0.000000 0.000000
L 2.687006 2.687006 0.000000
V 5.374012 2.687006 2.687006
F 2.687006 5.374012 2.687006
F 2.687006 8.061017 0.000000
A 2.687006 10.748023 -2.687006


-7.280000	11b00
6

K 0.000000 0.000000 0.000000
L 2.687006 2.687006 0.000000
V 5.374012 5.374012 0.000000
F 2.687006 5.374012 2.687006
F 0.000000 8.061017 2.687006
A -2.687006 10.748023 2.687006


-7.280000	55340
6

K 0.000000 0.000000 0.000000
L 2.687006 2.687006 0.000000
V 5.374012 2.687006 2.687006
F 5.374012 5.374012 0.000000
F 8.061017 5.374012 -2.687006
A 10.748023 5.374012 -5.374012


-7.280000	11a00
6

K 0.000000 0.000000 0.000000
L 2.687006 2.687006 0.000000
V 5.374012 5.374012 0.000000
F 2.687006 5.374012 -2.687006
F 0.000000 8.061017 -2.687006
A -2.687006 10.748023 -2.687006


-7.280000	22b00
6

K 0.000000 0.000000 0.000000
L 2.687006 2.687006 0.000000
V 5.374012 5.374012 0.000000
F 2.687006 5.374012 2.687006
F 2.687006 8.061017 5.374012
A 2.687006 10.748023 8.061017


-7.280000	88510
6

K 0.000000 0.000000 0.000000
L 2.687006 2.687006 0.000000
V 0.000000 5.374012 0.000000
F 2.687006 5.374012 -2.687006
F 2.687006 2.687006 -5.374012
A 2.687006 0.000000 -8.061017


-7.280000	22900
6

K 0.000000 0.000000 0.000000
L 2.687006 2.687006 0.000000
V 5.374012 5.374012 0.000000
F 5.374012 2.687006 2.687006
F 5.374012 5.374012 5.374012
A 5.374012 8.061017 8.061017


-7.280000	33a00
6

K 0.000000 0.000000 0.000000
L 2.687006 2.687006 0.000000
V 5.374012 5.374012 0.000000
F 2.687006 5.374012 -2.687006
F 2.687006 8.061017 -5.374012
A 2.687006 10.748023 -8.061017


-7.280000	44b00
6

K 0.000000 0.000000 0.000000
L 2.687006 2.687006 0.000000
V 5.374012 5.374012 0.000000
F 2.687006 5.374012 2.687006
F 5.374012 5.374012 5.374012
A 8.061017 5.374012 8.061017


-7.280000	aa540
6

K 0.000000 0.000000 0.000000
L 2.687006 2.687006 0.000000
V 5.374012 2.687006 2.687006
F 8.061017 2.687006 0.000000
F 5.374012 2.687006 -2.687006
A 2.687006 2.687006 -5.374012


-7.280000	99410
6

K 0.000000 0.000000 0.000000
L 2.687006 2.687006 0.000000
V 0.000000 5.374012 0.000000
F 2.687006 5.374012 2.687006
F 2.687006 2.687006 5.374012
A 2.687006 0.000000 8.061017


-7.280000	aa510
6

K 0.000000 0.000000 0.000000
L 2.687006 2.687006 0.000000
V 0.000000 5.374012 0.000000
F 2.687006 5.374012 -2.687006
F 0.000000 5.374012 -5.374012
A -2.687006 5.374012 -8.061017


-7.280000	54900
6

K 0.000000 0.000000 0.000000
L 2.687006 2.687006 0.000000
V 5.374012 5.374012 0.000000
F 5.374012 2.687006 2.687006
F 8.061017 2.687006 5.374012
A 10.748023 2.687006 2.687006


-7.280000	10510
6

K 0.000000 0.000000 0.000000
L 2.687006 2.687006 0.000000
V 0.000000 5.374012 0.000000
F 2.687006 5.374012 -2.687006
F 5.374012 8.061017 -2.687006
A 2.687006 10.748023 -2.687006


-7.280000	10410
6

K 0.000000 0.000000 0.000000
L 2.687006 2.687006 0.000000
V 0.000000 5.374012 0.000000
F 2.687006 5.374012 2.687006
F 5.374012 8.061017 2.687006
A 2.687006 10.748023 2.687006


-7.280000	10340
6

K 0.000000 0.000000 0.000000
L 2.687006 2.687006 0.000000
V 5.374012 2.687006 2.687006
F 5.374012 5.374012 0.000000
F 8.061017 8.061017 0.000000
A 5.374012 10.748023 0.000000


-7.280000	87900
6

K 0.000000 0.000000 0.000000
L 2.687006 2.687006 0.000000
V 5.374012 5.374012 0.000000
F 5.374012 2.687006 2.687006
F 8.061017 0.000000 2.687006
A 8.061017 -2.687006 0.000000


-7.280000	21340
6

K 0.000000 0.000000 0.000000
L 2.687006 2.687006 0.000000
V 5.374012 2.687006 2.687006
F 5.374012 5.374012 0.000000
F 2.687006 8.061017 0.000000
A 2.687006 10.748023 2.687006


-7.280000	32410
6

K 0.000000 0.000000 0.000000
L 2.687006 2.687006 0.000000
V 0.000000 5.374012 0.000000
F 2.687006 5.374012 2.687006
F 2.687006 8.061017 5.374012
A 2.687006 10.748023 2.687006


-7.280000	76700
6

K 0.000000 0.000000 0.000000
L 2.687006 2.687006 0.000000
V 5.374012 5.374012 0.000000
F 8.061017 2.687006 0.000000
F 5.374012 0.000000 0.000000
A 8.061017 -2.687006 0.000000


-7.280000	87800
6

K 0.000000 0.000000 0.000000
L 2.687006 2.687006 0.000000
V 5.374012 5.374012 0.000000
F 5.374012 2.687006 -2.687006
F 8.061017 0.000000 -2.687006
A 8.061017 -2.687006 -5.374012


-7.280000	10140
6

K 0.000000 0.000000 0.000000
L 2.687006 2.687006 0.000000
V 5.374012 2.687006 2.687006
F 2.687006 5.374012 2.687006
F 5.374012 8.061017 2.687006
A 2.687006 10.748023 2.687006


-7.280000	32340
6

K 0.000000 0.000000 0.000000
L 2.687006 2.687006 0.000000
V 5.374012 2.687006 2.687006
F 5.374012 5.374012 0.000000
F 5.374012 8.061017 2.687006
A 5.374012 10.748023 0.000000


-7.280000	87840
6

K 0.000000 0.000000 0.000000
L 2.687006 2.687006 0.000000
V 5.374012 2.687006 2.687006
F 5.374012 0.000000 0.000000
F 8.061017 -2.687006 0.000000
A 8.061017 -5.374012 -2.687006


-7.280000	98800
6

K 0.000000 0.000000 0.000000
L 2.687006 2.687006 0.000000
V 5.374012 5.374012 0.000000
F 5.374012 2.687006 -2.687006
F 5.374012 0.000000 -5.374012
A 5.374012 -2.687006 -2.687006


-7.280000	21140
6

K 0.000000 0.000000 0.000000
L 2.687006 2.687006 0.000000
V 5.374012 2.687006 2.687006
F 2.687006 5.374012 2.687006
F 0.000000 8.061017 2.687006
A 0.000000 10.748023 5.374012


-7.280000	baa00
6

K 0.000000 0.000000 0.000000
L 2.687006 2.687006 0.000000
V 5.374012 5.374012 0.000000
F 2.687006 5.374012 -2.687006
F 0.000000 5.374012 -5.374012
A -2.687006 5.374012 -2.687006


-7.280000	54410
6

K 0.000000 0.000000 0.000000
L 2.687006 2.687006 0.000000
V 0.000000 5.374012 0.000000
F 2.687006 5.374012 2.687006
F 5.374012 5.374012 5.374012
A 8.061017 5.374012 2.687006


-7.280000	98840
6

K 0.000000 0.000000 0.000000
L 2.687006 2.687006 0.000000
V 5.374012 2.687006 2.687006
F 5.374012 0.000000 0.000000
F 5.374012 -2.687006 -2.687006
A 5.374012 -5.374012 0.000000


-7.280000	32140
6

K 0.000000 0.000000 0.000000
L 2.687006 2.687006 0.000000
V 5.374012 2.687006 2.687006
F 2.687006 5.374012 2.687006
F 2.687006 8.061017 5.374012
A 2.687006 10.748023 2.687006


-7.280000	21b00
6

K 0.000000 0.000000 0.000000
L 2.687006 2.687006 0.000000
V 5.374012 5.374012 0.000000
F 2.687006 5.374012 2.687006
F 0.000000 8.061017 2.687006
A 0.000000 10.748023 5.374012


-7.280000	21a00
6

K 0.000000 0.000000 0.000000
L 2.687006 2.687006 0.000000
V 5.374012 5.374012 0.000000
F 2.687006 5.374012 -2.687006
F 0.000000 8.061017 -2.687006
A 0.000000 10.748023 0.000000


-7.280000	32b00
6

K 0.000000 0.000000 0.000000
L 2.687006 2.687006 0.000000
V 5.374012 5.374012 0.000000
F 2.687006 5.374012 2.687006
F 2.687006 8.061017 5.374012
A 2.687006 10.748023 2.687006


-7.280000	53800
6

K 0.000000 0.000000 0.000000
L 2.687006 2.687006 0.000000
V 5.374012 5.374012 0.000000
F 5.374012 2.687006 -2.687006
F 5.374012 5.374012 -5.374012
A 8.061017 5.374012 -8.061017


-7.280000	75a00
6

K 0.000000 0.000000 0.000000
L 2.687006 2.687006 0.000000
V 5.374012 5.374012 0.000000
F 2.687006 5.374012 -2.687006
F 5.374012 5.374012 -5.374012
A 8.061017 2.687006 -5.374012


-7.280000	1b410
6

K 0.000000 0.000000 0.000000
L 2.687006 2.687006 0.000000
V 0.000000 5.374012 0.000000
F 2.687006 5.374012 2.687006
F 0.000000 5.374012 5.374012
A -2.687006 8.061017 5.374012


-7.280000	20510
6

K 0.000000 0.000000 0.000000
L 2.687006 2.687006 0.000000
V 0.000000 5.374012 0.000000
F 2.687006 5.374012 -2.687006
F 5.374012 8.061017 -2.687006
A 5.374012 10.748023 0.000000


-7.280000	20410
6

K 0.000000 0.000000 0.000000
L 2.687006 2.687006 0.000000
V 0.000000 5.374012 0.000000
F 2.687006 5.374012 2.687006
F 5.374012 8.061017 2.687006
A 5.374012 10.748023 5.374012


-7.280000	75800
6

K 0.000000 0.000000 0.000000
L 2.687006 2.687006 0.000000
V 5.374012 5.374012 0.000000
F 5.374012 2.687006 -2.687006
F 8.061017 2.687006 -5.374012
A 10.748023 0.000000 -5.374012


-7.280000	20340
6

K 0.000000 0.000000 0.000000
L 2.687006 2.687006 0.000000
V 5.374012 2.687006 2.687006
F 5.374012 5.374012 0.000000
F 8.061017 8.061017 0.000000
A 8.061017 10.748023 2.687006


-7.280000	75840
6

K 0.000000 0.000000 0.000000
L 2.687006 2.687006 0.000000
V 5.374012 2.687006 2.687006
F 5.374012 0.000000 0.000000
F 8.061017 0.000000 -2.687006
A 10.748023 -2.687006 -2.687006


-7.280000	97900
6

K 0.000000 0.000000 0.000000
L 2.687006 2.687006 0.000000
V 5.374012 5.374012 0.000000
F 5.374012 2.687006 2.687006
F 8.061017 0.000000 2.687006
A 8.061017 -2.687006 5.374012


-7.280000	1b140
6

K 0.000000 0.000000 0.000000
L 2.687006 2.687006 0.000000
V 5.374012 2.687006 2.687006
F 2.687006 5.374012 2.687006
F 0.000000 5.374012 5.374012
A -2.687006 8.061017 5.374012


-7.280000	a8a00
6

K 0.000000 0.000000 0.000000
L 2.687006 2.687006 0.000000
V 5.374012 5.374012 0.000000
F 2.687006 5.374012 -2.687006
F 2.687006 2.687006 -5.374012
A 0.000000 2.687006 -8.061017


-7.280000	b9b00
6

K 0.000000 0.000000 0.000000
L 2.687006 2.687006 0.000000
V 5.374012 5.374012 0.000000
F 2.687006 5.374012 2.687006
F 2.687006 2.687006 5.374012
A 0.000000 2.687006 8.061017


-7.280000	31340
6

K 0.000000 0.000000 0.000000
L 2.687006 2.687006 0.000000
V 5.374012 2.687006 2.687006
F 5.374012 5.374012 0.000000
F 2.687006 8.061017 0.000000
A 2.687006 10.748023 -2.687006


-7.280000	42410
6

K 0.000000 0.000000 0.000000
L 2.687006 2.687006 0.000000
V 0.000000 5.374012 0.000000
F 2.687006 5.374012 2.687006
F 2.687006 8.061017 5.374012
A 5.374012 8.061017 8.061017


-7.280000	53510
6

K 0.000000 0.000000 0.000000
L 2.687006 2.687006 0.000000
V 0.000000 5.374012 0.000000
F 2.687006 5.374012 -2.687006
F 2.687006 8.061017 -5.374012
A 5.374012 8.061017 -8.061017


-7.280000	86700
6

K 0.000000 0.000000 0.000000
L 2.687006 2.687006 0.000000
V 5.374012 5.374012 0.000000
F 8.061017 2.687006 0.000000
F 5.374012 0.000000 0.000000
A 5.374012 -2.687006 -2.687006


-7.280000	97800
6

K 0.000000 0.000000 0.000000
L 2.687006 2.687006 0.000000
V 5.374012 5.374012 0.000000
F 5.374012 2.687006 -2.687006
F 8.061017 0.000000 -2.687006
A 8.061017 -2.687006 0.000000


-7.280000	20140
6

K 0.000000 0.000000 0.000000
L 2.687006 2.687006 0.000000
V 5.374012 2.687006 2.687006
F 2.687006 5.374012 2.687006
F 5.374012 8.061017 2.687006
A 5.374012 10.748023 5.374012


-7.280000	42340
6

K 0.000000 0.000000 0.000000
L 2.687006 2.687006 0.000000
V 5.374012 2.687006 2.687006
F 5.374012 5.374012 0.000000
F 5.374012 8.061017 2.687006
A 8.061017 8.061017 5.374012


-7.280000	97840
6

K 0.000000 0.000000 0.000000
L 2.687006 2.687006 0.000000
V 5.374012 2.687006 2.687006
F 5.374012 0.000000 0.000000
F 8.061017 -2.687006 0.000000
A 8.061017 -5.374012 2.687006


-7.280000	a8800
6

K 0.000000 0.000000 0.000000
L 2.687006 2.687006 0.000000
V 5.374012 5.374012 0.000000
F 5.374012 2.687006 -2.687006
F 5.374012 0.000000 -5.374012
A 2.687006 0.000000 -8.061017


-7.280000	b9900
6

K 0.000000 0.000000 0.000000
L 2.687006 2.687006 0.000000
V 5.374012 5.374012 0.000000
F 5.374012 2.687006 2.687006
F 5.374012 0.000000 5.374012
A 2.687006 0.000000 8.061017


-7.280000	31140
6

K 0.000000 0.000000 0.000000
L 2.687006 2.687006 0.000000
V 5.374012 2.687006 2.687006
F 2.687006 5.374012 2.687006
F 0.000000 8.061017 2.687006
A 0.000000 10.748023 0.000000


-7.280000	1bb00
6

K 0.000000 0.000000 0.000000
L 2.687006 2.687006 0.000000
V 5.374012 5.374012 0.000000
F 2.687006 5.374012 2.687006
F 0.000000 5.374012 5.374012
A -2.687006 8.061017 5.374012


-7.280000	53340
6

K 0.000000 0.000000 0.000000
L 2.687006 2.687006 0.000000
V 5.374012 2.687006 2.687006
F 5.374012 5.374012 0.000000
F 5.374012 8.061017 -2.687006
A 8.061017 8.061017 -5.374012


-7.280000	75510
6

K 0.000000 0.000000 0.000000
L 2.687006 2.687006 0.000000
V 0.000000 5.374012 0.000000
F 2.687006 5.374012 -2.687006
F 5.374012 5.374012 -5.374012
A 8.061017 2.687006 -5.374012


-7.280000	a8840
6

K 0.000000 0.000000 0.000000
L 2.687006 2.687006 0.000000
V 5.374012 2.687006 2.687006
F 5.374012 0.000000 0.000000
F 5.374012 -2.687006 -2.687006
A 2.687006 -2.687006 -5.374012


-7.280000	42140
6

K 0.000000 0.000000 0.000000
L 2.687006 2.687006 0.000000
V 5.374012 2.687006 2.687006
F 2.687006 5.374012 2.687006
F 2.687006 8.061017 5.374012
A 5.374012 8.061017 8.061017


-7.280000	b9840
6

K 0.000000 0.000000 0.000000
L 2.687006 2.687006 0.000000
V 5.374012 2.687006 2.687006
F 5.374012 0.000000 0.000000
F 5.374012 -2.687006 2.687006
A 2.687006 -2.687006 5.374012


-7.280000	1b900
6

K 0.000000 0.000000 0.000000
L 2.687006 2.687006 0.000000
V 5.374012 5.374012 0.000000
F 5.374012 2.687006 2.687006
F 2.687006 2.687006 5.374012
A 0.000000 5.374012 5.374012


-7.280000	53140
6

K 0.000000 0.000000 0.000000
L 2.687006 2.687006 0.000000
V 5.374012 2.687006 2.687006
F 2.687006 5.374012 2.687006
F 2.687006 8.061017 0.000000
A 5.374012 8.061017 -2.687006


-7.280000	31b00
6

K 0.000000 0.000000 0.000000
L 2.687006 2.687006 0.000000
V 5.374012 5.374012 0.000000
F 2.687006 5.374012 2.687006
F 0.000000 8.061017 2.687006
A 0.000000 10.748023 0.000000


-7.280000	75340
6

K 0.000000 0.000000 0.000000
L 2.687006 2.687006 0.000000
V 5.374012 2.687006 2.687006
F 5.374012 5.374012 0.000000
F 8.061017 5.374012 -2.687006
A 10.748023 2.687006 -2.687006


-7.280000	31a00
6

K 0.000000 0.000000 0.000000
L 2.687006 2.687006 0.000000
V 5.374012 5.374012 0.000000
F 2.687006 5.374012 -2.687006
F 0.000000 8.061017 -2.687006
A 0.000000 10.748023 -5.374012


-7.280000	42b00
6

K 0.000000 0.000000 0.000000
L 2.687006 2.687006 0.000000
V 5.374012 5.374012 0.000000
F 2.687006 5.374012 2.687006
F 2.687006 8.061017 5.374012
A 5.374012 8.061017 8.061017


-7.280000	a8510
6

K 0.000000 0.000000 0.000000
L 2.687006 2.687006 0.000000
V 0.000000 5.374012 0.000000
F 2.687006 5.374012 -2.687006
F 2.687006 2.687006 -5.374012
A 0.000000 2.687006 -8.061017


-7.280000	42900
6

K 0.000000 0.000000 0.000000
L 2.687006 2.687006 0.000000
V 5.374012 5.374012 0.000000
F 5.374012 2.687006 2.687006
F 5.374012 5.374012 5.374012
A 8.061017 5.374012 8.061017


-7.280000	53a00
6

K 0.000000 0.000000 0.000000
L 2.687006 2.687006 0.000000
V 5.374012 5.374012 0.000000
F 2.687006 5.374012 -2.687006
F 2.687006 8.061017 -5.374012
A 5.374012 8.061017 -8.061017


-7.280000	b9410
6

K 0.000000 0.000000 0.000000
L 2.687006 2.687006 0.000000
V 0.000000 5.374012 0.000000
F 2.687006 5.374012 2.687006
F 2.687006 2.687006 5.374012
A 0.000000 2.687006 8.061017


-7.280000	74900
6

K 0.000000 0.000000 0.000000
L 2.687006 2.687006 0.000000
V 5.374012 5.374012 0.000000
F 5.374012 2.687006 2.687006
F 8.061017 2.687006 5.374012
A 10.748023 0.000000 5.374012


-7.280000	85a00
6

K 0.000000 0.000000 0.000000
L 2.687006 2.687006 0.000000
V 5.374012 5.374012 0.000000
F 2.687006 5.374012 -2.687006
F 5.374012 5.374012 -5.374012
A 5.374012 2.687006 -8.061017


-7.280000	2b410
6

K 0.000000 0.000000 0.000000
L 2.687006 2.687006 0.000000
V 0.000000 5.374012 0.000000
F 2.687006 5.374012 2.687006
F 0.000000 5.374012 5.374012
A 0.000000 8.061017 8.061017


-7.280000	30510
6

K 0.000000 0.000000 0.000000
L 2.687006 2.687006 0.000000
V 0.000000 5.374012 0.000000
F 2.687006 5.374012 -2.687006
F 5.374012 8.061017 -2.687006
A 5.374012 10.748023 -5.374012


-7.280000	30410
6

K 0.000000 0.000000 0.000000
L 2.687006 2.687006 0.000000
V 0.000000 5.374012 0.000000
F 2.687006 5.374012 2.687006
F 5.374012 8.061017 2.687006
A 5.374012 10.748023 0.000000


-7.280000	85800
6

K 0.000000 0.000000 0.000000
L 2.687006 2.687006 0.000000
V 5.374012 5.374012 0.000000
F 5.374012 2.687006 -2.687006
F 8.061017 2.687006 -5.374012
A 8.061017 0.000000 -8.061017


-7.280000	30340
6

K 0.000000 0.000000 0.000000
L 2.687006 2.687006 0.000000
V 5.374012 2.687006 2.687006
F 5.374012 5.374012 0.000000
F 8.061017 8.061017 0.000000
A 8.061017 10.748023 -2.687006


-7.280000	85840
6

K 0.000000 0.000000 0.000000
L 2.687006 2.687006 0.000000
V 5.374012 2.687006 2.687006
F 5.374012 0.000000 0.000000
F 8.061017 0.000000 -2.687006
A 8.061017 -2.687006 -5.374012


-7.280000	2b140
6

K 0.000000 0.000000 0.000000
L 2.687006 2.687006 0.000000
V 5.374012 2.687006 2.687006
F 2.687006 5.374012 2.687006
F 0.000000 5.374012 5.374012
A 0.000000 8.061017 8.061017


-7.280000	96700
6

K 0.000000 0.000000 0.000000
L 2.687006 2.687006 0.000000
V 5.374012 5.374012 0.000000
F 8.061017 2.687006 0.000000
F 5.374012 0.000000 0.000000
A 5.374012 -2.687006 2.687006


-7.280000	30140
6

K 0.000000 0.000000 0.000000
L 2.687006 2.687006 0.000000
V 5.374012 2.687006 2.687006
F 2.687006 5.374012 2.687006
F 5.374012 8.061017 2.687006
A 5.374012 10.748023 0.000000


-7.280000	1aa00
6

K 0.000000 0.000000 0.000000
L 2.687006 2.687006 0.000000
V 5.374012 5.374012 0.000000
F 2.687006 5.374012 -2.687006
F 0.000000 5.374012 -5.374012
A -2.687006 8.061017 -5.374012


-7.280000	2bb00
6

K 0.000000 0.000000 0.000000
L 2.687006 2.687006 0.000000
V 5.374012 5.374012 0.000000
F 2.687006 5.374012 2.687006
F 0.000000 5.374012 5.374012
A 0.000000 8.061017 8.061017


-7.280000	74410
6

K 0.000000 0.000000 0.000000
L 2.687006 2.687006 0.000000
V 0.000000 5.374012 0.000000
F 2.687006 5.374012 2.687006
F 5.374012 5.374012 5.374012
A 8.061017 2.687006 5.374012


-7.280000	85510
6

K 0.000000 0.000000 0.000000
L 2.687006 2.687006 0.000000
V 0.000000 5.374012 0.000000
F 2.687006 5.374012 -2.687006
F 5.374012 5.374012 -5.374012
A 5.374012 2.687006 -8.061017


-7.280000	1a800
6

K 0.000000 0.000000 0.000000
L 2.687006 2.687006 0.000000
V 5.374012 5.374012 0.000000
F 5.374012 2.687006 -2.687006
F 2.687006 2.687006 -5.374012
A 0.000000 5.374012 -5.374012


-7.280000	2b900
6

K 0.000000 0.000000 0.000000
L 2.687006 2.687006 0.000000
V 5.374012 5.374012 0.000000
F 5.374012 2.687006 2.687006
F 2.687006 2.687006 5.374012
A 2.687006 5.374012 8.061017


-7.280000	85340
6

K 0.000000 0.000000 0.000000
L 2.687006 2.687006 0.000000
V 5.374012 2.687006 2.687006
F 5.374012 5.374012 0.000000
F 8.061017 5.374012 -2.687006
A 8.061017 2.687006 -5.374012


-7.280000	74b00
6

K 0.000000 0.000000 0.000000
L 2.687006 2.687006 0.000000
V 5.374012 5.374012 0.000000
F 2.687006 5.374012 2.687006
F 5.374012 5.374012 5.374012
A 8.061017 2.687006 5.374012


-7.280000	1a510
6

K 0.000000 0.000000 0.000000
L 2.687006 2.687006 0.000000
V 0.000000 5.374012 0.000000
F 2.687006 5.374012 -2.687006
F 0.000000 5.374012 -5.374012
A -2.687006 8.061017 -5.374012


-7.280000	40510
6

K 0.000000 0.000000 0.000000
L 2.687006 2.687006 0.000000
V 0.000000 5.374012 0.000000
F 2.687006 5.374012 -2.687006
F 5.374012 8.061017 -2.687006
A 8.061017 8.061017 0.000000


-7.280000	40410
6

K 0.000000 0.000000 0.000000
L 2.687006 2.687006 0.000000
V 0.000000 5.374012 0.000000
F 2.687006 5.374012 2.687006
F 5.374012 8.061017 2.687006
A 8.061017 8.061017 5.374012


-7.280000	40340
6

K 0.000000 0.000000 0.000000
L 2.687006 2.687006 0.000000
V 5.374012 2.687006 2.687006
F 5.374012 5.374012 0.000000
F 8.061017 8.061017 0.000000
A 10.748023 8.061017 2.687006


-7.280000	40140
6

K 0.000000 0.000000 0.000000
L 2.687006 2.687006 0.000000
V 5.374012 2.687006 2.687006
F 2.687006 5.374012 2.687006
F 5.374012 8.061017 2.687006
A 8.061017 8.061017 5.374012


-7.280000	a6100
6

K 0.000000 0.000000 0.000000
L 2.687006 2.687006 0.000000
V 5.374012 5.374012 0.000000
F 2.687006 8.061017 0.000000
F 0.000000 5.374012 0.000000
A -2.687006 5.374012 -2.687006


-7.280000	83800
6

K 0.000000 0.000000 0.000000
L 2.687006 2.687006 0.000000
V 5.374012 5.374012 0.000000
F 5.374012 2.687006 -2.687006
F 5.374012 5.374012 -5.374012
A 5.374012 2.687006 -8.061017


-7.280000	94900
6

K 0.000000 0.000000 0.000000
L 2.687006 2.687006 0.000000
V 5.374012 5.374012 0.000000
F 5.374012 2.687006 2.687006
F 8.061017 2.687006 5.374012
A 8.061017 0.000000 8.061017


-7.280000	a5a00
6

K 0.000000 0.000000 0.000000
L 2.687006 2.687006 0.000000
V 5.374012 5.374012 0.000000
F 2.687006 5.374012 -2.687006
F 5.374012 5.374012 -5.374012
A 2.687006 5.374012 -8.061017


-7.280000	07010
6

K 0.000000 0.000000 0.000000
L 2.687006 2.687006 0.000000
V 0.000000 5.374012 0.000000
F 2.687006 8.061017 0.000000
F 5.374012 5.374012 0.000000
A 8.061017 8.061017 0.000000


-7.280000	4b410
6

K 0.000000 0.000000 0.000000
L 2.687006 2.687006 0.000000
V 0.000000 5.374012 0.000000
F 2.687006 5.374012 2.687006
F 0.000000 5.374012 5.374012
A 2.687006 5.374012 8.061017


-7.280000	50510
6

K 0.000000 0.000000 0.000000
L 2.687006 2.687006 0.000000
V 0.000000 5.374012 0.000000
F 2.687006 5.374012 -2.687006
F 5.374012 8.061017 -2.687006
A 8.061017 8.061017 -5.374012


-7.280000	50410
6

K 0.000000 0.000000 0.000000
L 2.687006 2.687006 0.000000
V 0.000000 5.374012 0.000000
F 2.687006 5.374012 2.687006
F 5.374012 8.061017 2.687006
A 8.061017 8.061017 0.000000


-7.280000	a5800
6

K 0.000000 0.000000 0.000000
L 2.687006 2.687006 0.000000
V 5.374012 5.374012 0.000000
F 5.374012 2.687006 -2.687006
F 8.061017 2.687006 -5.374012
A 5.374012 2.687006 -8.061017


-7.280000	50340
6

K 0.000000 0.000000 0.000000
L 2.687006 2.687006 0.000000
V 5.374012 2.687006 2.687006
F 5.374012 5.374012 0.000000
F 8.061017 8.061017 0.000000
A 10.748023 8.061017 -2.687006


-7.280000	a5840
6

K 0.000000 0.000000 0.000000
L 2.687006 2.687006 0.000000
V 5.374012 2.687006 2.687006
F 5.374012 0.000000 0.000000
F 8.061017 0.000000 -2.687006
A 5.374012 0.000000 -5.374012


-7.280000	07900
6

K 0.000000 0.000000 0.000000
L 2.687006 2.687006 0.000000
V 5.374012 5.374012 0.000000
F 5.374012 2.687006 2.687006
F 8.061017 0.000000 2.687006
A 10.748023 2.687006 2.687006


-7.280000	4b140
6

K 0.000000 0.000000 0.000000
L 2.687006 2.687006 0.000000
V 5.374012 2.687006 2.687006
F 2.687006 5.374012 2.687006
F 0.000000 5.374012 5.374012
A 2.687006 5.374012 8.061017


-7.280000	29b00
6

K 0.000000 0.000000 0.000000
L 2.687006 2.687006 0.000000
V 5.374012 5.374012 0.000000
F 2.687006 5.374012 2.687006
F 2.687006 2.687006 5.374012
A 2.687006 5.374012 8.061017


-7.280000	83510
6

K 0.000000 0.000000 0.000000
L 2.687006 2.687006 0.000000
V 0.000000 5.374012 0.000000
F 2.687006 5.374012 -2.687006
F 2.687006 8.061017 -5.374012
A 2.687006 5.374012 -8.061017


-7.280000	07800
6

K 0.000000 0.000000 0.000000
L 2.687006 2.687006 0.000000
V 5.374012 5.374012 0.000000
F 5.374012 2.687006 -2.687006
F 8.061017 0.000000 -2.687006
A 10.748023 2.687006 -2.687006


-7.280000	50140
6

K 0.000000 0.000000 0.000000
L 2.687006 2.687006 0.000000
V 5.374012 2.687006 2.687006
F 2.687006 5.374012 2.687006
F 5.374012 8.061017 2.687006
A 8.061017 8.061017 0.000000


-7.280000	07840
6

K 0.000000 0.000000 0.000000
L 2.687006 2.687006 0.000000
V 5.374012 2.687006 2.687006
F 5.374012 0.000000 0.000000
F 8.061017 -2.687006 0.000000
A 10.748023 0.000000 0.000000


-7.280000	29900
6

K 0.000000 0.000000 0.000000
L 2.687006 2.687006 0.000000
V 5.374012 5.374012 0.000000
F 5.374012 2.687006 2.687006
F 5.374012 0.000000 5.374012
A 5.374012 2.687006 8.061017


-7.280000	61140
6

K 0.000000 0.000000 0.000000
L 2.687006 2.687006 0.000000
V 5.374012 2.687006 2.687006
F 2.687006 5.374012 2.687006
F 0.000000 8.061017 2.687006
A -2.687006 5.374012 2.687006


-7.280000	3aa00
6

K 0.000000 0.000000 0.000000
L 2.687006 2.687006 0.000000
V 5.374012 5.374012 0.000000
F 2.687006 5.374012 -2.687006
F 0.000000 5.374012 -5.374012
A 0.000000 8.061017 -8.061017


-7.280000	4bb00
6

K 0.000000 0.000000 0.000000
L 2.687006 2.687006 0.000000
V 5.374012 5.374012 0.000000
F 2.687006 5.374012 2.687006
F 0.000000 5.374012 5.374012
A 2.687006 5.374012 8.061017


-7.280000	83340
6

K 0.000000 0.000000 0.000000
L 2.687006 2.687006 0.000000
V 5.374012 2.687006 2.687006
F 5.374012 5.374012 0.000000
F 5.374012 8.061017 -2.687006
A 5.374012 5.374012 -5.374012


-7.280000	94410
6

K 0.000000 0.000000 0.000000
L 2.687006 2.687006 0.000000
V 0.000000 5.374012 0.000000
F 2.687006 5.374012 2.687006
F 5.374012 5.374012 5.374012
A 5.374012 2.687006 8.061017


-7.280000	a5510
6

K 0.000000 0.000000 0.000000
L 2.687006 2.687006 0.000000
V 0.000000 5.374012 0.000000
F 2.687006 5.374012 -2.687006
F 5.374012 5.374012 -5.374012
A 2.687006 5.374012 -8.061017


-7.280000	3a800
6

K 0.000000 0.000000 0.000000
L 2.687006 2.687006 0.000000
V 5.374012 5.374012 0.000000
F 5.374012 2.687006 -2.687006
F 2.687006 2.687006 -5.374012
A 2.687006 5.374012 -8.061017


-7.280000	4b900
6

K 0.000000 0.000000 0.000000
L 2.687006 2.687006 0.000000
V 5.374012 5.374012 0.000000
F 5.374012 2.687006 2.687006
F 2.687006 2.687006 5.374012
A 5.374012 2.687006 8.061017


-7.280000	61b00
6

K 0.000000 0.000000 0.000000
L 2.687006 2.687006 0.000000
V 5.374012 5.374012 0.000000
F 2.687006 5.374012 2.687006
F 0.000000 8.061017 2.687006
A -2.687006 5.374012 2.687006


-7.280000	a5340
6

K 0.000000 0.000000 0.000000
L 2.687006 2.687006 0.000000
V 5.374012 2.687006 2.687006
F 5.374012 5.374012 0.000000
F 8.061017 5.374012 -2.687006
A 5.374012 5.374012 -5.374012


-7.280000	61a00
6

K 0.000000 0.000000 0.000000
L 2.687006 2.687006 0.000000
V 5.374012 5.374012 0.000000
F 2.687006 5.374012 -2.687006
F 0.000000 8.061017 -2.687006
A -2.687006 5.374012 -2.687006


-7.280000	83a00
6

K 0.000000 0.000000 0.000000
L 2.687006 2.687006 0.000000
V 5.374012 5.374012 0.000000
F 2.687006 5.374012 -2.687006
F 2.687006 8.061017 -5.374012
A 2.687006 5.374012 -8.061017


-7.280000	94b00
6

K 0.000000 0.000000 0.000000
L 2.687006 2.687006 0.000000
V 5.374012 5.374012 0.000000
F 2.687006 5.374012 2.687006
F 5.374012 5.374012 5.374012
A 5.374012 2.687006 8.061017


-7.280000	b6100
6

K 0.000000 0.000000 0.000000
L 2.687006 2.687006 0.000000
V 5.374012 5.374012 0.000000
F 2.687006 8.061017 0.000000
F 0.000000 5.374012 0.000000
A -2.687006 5.374012 2.687006


-7.280000	3a540
6

K 0.000000 0.000000 0.000000
L 2.687006 2.687006 0.000000
V 5.374012 2.687006 2.687006
F 8.061017 2.687006 0.000000
F 5.374012 2.687006 -2.687006
A 5.374012 5.374012 -5.374012


-7.280000	29410
6

K 0.000000 0.000000 0.000000
L 2.687006 2.687006 0.000000
V 0.000000 5.374012 0.000000
F 2.687006 5.374012 2.687006
F 2.687006 2.687006 5.374012
A 2.687006 5.374012 8.061017


-7.280000	3a510
6

K 0.000000 0.000000 0.000000
L 2.687006 2.687006 0.000000
V 0.000000 5.374012 0.000000
F 2.687006 5.374012 -2.687006
F 0.000000 5.374012 -5.374012
A 0.000000 8.061017 -8.061017


-7.160000	498a0
6

K 0.000000 0.000000 0.000000
L 2.687006 2.687006 0.000000
V 0.000000 2.687006 -2.687006
F 0.000000 0.000000 -5.374012
F 0.000000 -2.687006 -2.687006
A 2.687006 -2.687006 0.000000


-7.160000	76ba0
6

K 0.000000 0.000000 0.000000
L 2.687006 2.687006 0.000000
V 0.000000 2.687006 -2.687006
F -2.687006 2.687006 0.000000
F -5.374012 0.000000 0.000000
A -2.687006 -2.687006 0.000000


-7.160000	b98a0
6

K 0.000000 0.000000 0.000000
L 2.687006 2.687006 0.000000
V 0.000000 2.687006 -2.687006
F 0.000000 0.000000 -5.374012
F 0.000000 -2.687006 -2.687006
A -2.687006 -2.687006 0.000000


-7.160000	4b6a0
6

K 0.000000 0.000000 0.000000
L 2.687006 2.687006 0.000000
V 0.000000 2.687006 -2.687006
F -2.687006 0.000000 -2.687006
F -5.374012 0.000000 0.000000
A -2.687006 0.000000 2.687006


-6.720000	38610
6

K 0.000000 0.000000 0.000000
L 2.687006 2.687006 0.000000
V 0.000000 5.374012 0.000000
F -2.687006 2.687006 0.000000
F -2.687006 0.000000 -2.687006
A -2.687006 2.687006 -5.374012


-6.720000	49610
6

K 0.000000 0.000000 0.000000
L 2.687006 2.687006 0.000000
V 0.000000 5.374012 0.000000
F -2.687006 2.687006 0.000000
F -2.687006 0.000000 2.687006
A 0.000000 0.000000 5.374012


-6.720000	58610
6

K 0.000000 0.000000 0.000000
L 2.687006 2.687006 0.000000
V 0.000000 5.374012 0.000000
F -2.687006 2.687006 0.000000
F -2.687006 0.000000 -2.687006
A 0.000000 0.000000 -5.374012


-6.720000	69610
6

K 0.000000 0.000000 0.000000
L 2.687006 2.687006 0.000000
V 0.000000 5.374012 0.000000
F -2.687006 2.687006 0.000000
F -2.687006 0.000000 2.687006
A -5.374012 -2.687006 2.687006


-6.720000	68610
6

K 0.000000 0.000000 0.000000
L 2.687006 2.687006 0.000000
V 0.000000 5.374012 0.000000
F -2.687006 2.687006 0.000000
F -2.687006 0.000000 -2.687006
A -5.374012 -2.687006 -2.687006


-6.720000	88610
6

K 0.000000 0.000000 0.000000
L 2.687006 2.687006 0.000000
V 0.000000 5.374012 0.000000
F -2.687006 2.687006 0.000000
F -2.687006 0.000000 -2.687006
A -2.687006 -2.687006 -5.374012


-6.720000	99610
6

K 0.000000 0.000000 0.000000
L 2.687006 2.687006 0.000000
V 0.000000 5.374012 0.000000
F -2.687006 2.687006 0.000000
F -2.687006 0.000000 2.687006
A -2.687006 -2.687006 5.374012


-6.720000	a8610
6

K 0.000000 0.000000 0.000000
L 2.687006 2.687006 0.000000
V 0.000000 5.374012 0.000000
F -2.687006 2.687006 0.000000
F -2.687006 0.000000 -2.687006
A -5.374012 0.000000 -5.374012


-6.720000	b9610
6

K 0.000000 0.000000 0.000000
L 2.687006 2.687006 0.000000
V 0.000000 5.374012 0.000000
F -2.687006 2.687006 0.000000
F -2.687006 0.000000 2.687006
A -5.374012 0.000000 5.374012


-6.720000	29610
6

K 0.000000 0.000000 0.000000
L 2.687006 2.687006 0.000000
V 0.000000 5.374012 0.000000
F -2.687006 2.687006 0.000000
F -2.687006 0.000000 2.687006
A -2.687006 2.687006 5.374012


-6.530000	238a0
6

K 0.000000 0.000000 0.000000
L 2.687006 2.687006 0.000000
V 0.000000 2.687006 -2.687006
F 0.000000 0.000000 -5.374012
F 0.000000 2.687006 -8.061017
A 0.000000 5.374012 -5.374012


-6.530000	45aa0
6

K 0.000000 0.000000 0.000000
L 2.687006 2.687006 0.000000
V 0.000000 2.687006 -2.687006
F -2.687006 2.687006 -5.374012
F 0.000000 2.687006 -8.061017
A 2.687006 2.687006 -5.374012


-6.530000	ba5a0
6

K 0.000000 0.000000 0.000000
L 2.687006 2.687006 0.000000
V 0.000000 2.687006 -2.687006
F 2.687006 2.687006 -5.374012
F 0.000000 2.687006 -8.061017
A -2.687006 2.687006 -5.374012


-6.530000	983a0
6

K 0.000000 0.000000 0.000000
L 2.687006 2.687006 0.000000
V 0.000000 2.687006 -2.687006
F 0.000000 5.374012 -5.374012
F 0.000000 2.687006 -8.061017
A 0.000000 0.000000 -5.374012


-6.290000	92700
6

K 0.000000 0.000000 0.000000
L 2.687006 2.687006 0.000000
V 5.374012 5.374012 0.000000
F 8.061017 2.687006 0.000000
F 8.061017 5.374012 2.687006
A 8.061017 2.687006 5.374012


-6.290000	38110
6

K 0.000000 0.000000 0.000000
L 2.687006 2.687006 0.000000
V 0.000000 5.374012 0.000000
F -2.687006 8.061017 0.000000
F -2.687006 5.374012 -2.687006
A -2.687006 8.061017 -5.374012


-6.290000	92740
6

K 0.000000 0.000000 0.000000
L 2.687006 2.687006 0.000000
V 5.374012 2.687006 2.687006
F 8.061017 0.000000 2.687006
F 8.061017 2.687006 5.374012
A 8.061017 0.000000 8.061017


-6.290000	a3700
6

K 0.000000 0.000000 0.000000
L 2.687006 2.687006 0.000000
V 5.374012 5.374012 0.000000
F 8.061017 2.687006 0.000000
F 8.061017 5.374012 -2.687006
A 5.374012 5.374012 -5.374012


-6.290000	38040
6

K 0.000000 0.000000 0.000000
L 2.687006 2.687006 0.000000
V 5.374012 2.687006 2.687006
F 8.061017 5.374012 2.687006
F 8.061017 2.687006 0.000000
A 8.061017 5.374012 -2.687006


-6.290000	38000
6

K 0.000000 0.000000 0.000000
L 2.687006 2.687006 0.000000
V 5.374012 5.374012 0.000000
F 8.061017 8.061017 0.000000
F 8.061017 5.374012 -2.687006
A 8.061017 8.061017 -5.374012


-6.290000	49110
6

K 0.000000 0.000000 0.000000
L 2.687006 2.687006 0.000000
V 0.000000 5.374012 0.000000
F -2.687006 8.061017 0.000000
F -2.687006 5.374012 2.687006
A 0.000000 5.374012 5.374012


-6.290000	6b310
6

K 0.000000 0.000000 0.000000
L 2.687006 2.687006 0.000000
V 0.000000 5.374012 0.000000
F 0.000000 8.061017 -2.687006
F -2.687006 8.061017 0.000000
A -5.374012 5.374012 0.000000


-6.290000	05940
6

K 0.000000 0.000000 0.000000
L 2.687006 2.687006 0.000000
V 5.374012 2.687006 2.687006
F 5.374012 0.000000 5.374012
F 8.061017 0.000000 2.687006
A 10.748023 2.687006 2.687006


-6.290000	49040
6

K 0.000000 0.000000 0.000000
L 2.687006 2.687006 0.000000
V 5.374012 2.687006 2.687006
F 8.061017 5.374012 2.687006
F 8.061017 2.687006 5.374012
A 10.748023 2.687006 8.061017


-6.290000	49000
6

K 0.000000 0.000000 0.000000
L 2.687006 2.687006 0.000000
V 5.374012 5.374012 0.000000
F 8.061017 8.061017 0.000000
F 8.061017 5.374012 2.687006
A 10.748023 5.374012 5.374012


-6.290000	5a010
6

K 0.000000 0.000000 0.000000
L 2.687006 2.687006 0.000000
V 0.000000 5.374012 0.000000
F 2.687006 8.061017 0.000000
F 0.000000 8.061017 -2.687006
A 2.687006 8.061017 -5.374012


-6.290000	5a000
6

K 0.000000 0.000000 0.000000
L 2.687006 2.687006 0.000000
V 5.374012 5.374012 0.000000
F 8.061017 8.061017 0.000000
F 5.374012 8.061017 -2.687006
A 8.061017 8.061017 -5.374012


-6.290000	05240
6

K 0.000000 0.000000 0.000000
L 2.687006 2.687006 0.000000
V 5.374012 2.687006 2.687006
F 5.374012 5.374012 5.374012
F 8.061017 5.374012 2.687006
A 10.748023 8.061017 2.687006


-6.290000	b4110
6

K 0.000000 0.000000 0.000000
L 2.687006 2.687006 0.000000
V 0.000000 5.374012 0.000000
F -2.687006 8.061017 0.000000
F 0.000000 8.061017 2.687006
A -2.687006 8.061017 5.374012


-6.290000	b4100
6

K 0.000000 0.000000 0.000000
L 2.687006 2.687006 0.000000
V 5.374012 5.374012 0.000000
F 2.687006 8.061017 0.000000
F 5.374012 8.061017 2.687006
A 2.687006 8.061017 5.374012


-6.290000	05210
6

K 0.000000 0.000000 0.000000
L 2.687006 2.687006 0.000000
V 0.000000 5.374012 0.000000
F 0.000000 8.061017 2.687006
F 2.687006 8.061017 0.000000
A 5.374012 10.748023 0.000000


-6.290000	05200
6

K 0.000000 0.000000 0.000000
L 2.687006 2.687006 0.000000
V 5.374012 5.374012 0.000000
F 5.374012 8.061017 2.687006
F 8.061017 8.061017 0.000000
A 10.748023 10.748023 0.000000


-6.290000	16310
6

K 0.000000 0.000000 0.000000
L 2.687006 2.687006 0.000000
V 0.000000 5.374012 0.000000
F 0.000000 8.061017 -2.687006
F -2.687006 5.374012 -2.687006
A -5.374012 8.061017 -2.687006


-6.290000	70940
6

K 0.000000 0.000000 0.000000
L 2.687006 2.687006 0.000000
V 5.374012 2.687006 2.687006
F 5.374012 0.000000 5.374012
F 8.061017 2.687006 5.374012
A 10.748023 0.000000 5.374012


-6.290000	a3b10
6

K 0.000000 0.000000 0.000000
L 2.687006 2.687006 0.000000
V 0.000000 5.374012 0.000000
F -2.687006 5.374012 2.687006
F -2.687006 8.061017 0.000000
A -5.374012 8.061017 -2.687006


-6.290000	16240
6

K 0.000000 0.000000 0.000000
L 2.687006 2.687006 0.000000
V 5.374012 2.687006 2.687006
F 5.374012 5.374012 5.374012
F 2.687006 2.687006 5.374012
A 0.000000 5.374012 5.374012


-6.290000	05110
6

K 0.000000 0.000000 0.000000
L 2.687006 2.687006 0.000000
V 0.000000 5.374012 0.000000
F -2.687006 8.061017 0.000000
F 0.000000 8.061017 -2.687006
A 2.687006 10.748023 -2.687006


-6.290000	05100
6

K 0.000000 0.000000 0.000000
L 2.687006 2.687006 0.000000
V 5.374012 5.374012 0.000000
F 2.687006 8.061017 0.000000
F 5.374012 8.061017 -2.687006
A 8.061017 10.748023 -2.687006


-6.290000	16210
6

K 0.000000 0.000000 0.000000
L 2.687006 2.687006 0.000000
V 0.000000 5.374012 0.000000
F 0.000000 8.061017 2.687006
F -2.687006 5.374012 2.687006
A -5.374012 8.061017 2.687006


-6.290000	49540
6

K 0.000000 0.000000 0.000000
L 2.687006 2.687006 0.000000
V 5.374012 2.687006 2.687006
F 8.061017 2.687006 0.000000
F 8.061017 0.000000 2.687006
A 10.748023 0.000000 5.374012


-6.290000	6b740
6

K 0.000000 0.000000 0.000000
L 2.687006 2.687006 0.000000
V 5.374012 2.687006 2.687006
F 8.061017 0.000000 2.687006
F 5.374012 0.000000 5.374012
A 2.687006 -2.687006 5.374012


-6.290000	49500
6

K 0.000000 0.000000 0.000000
L 2.687006 2.687006 0.000000
V 5.374012 5.374012 0.000000
F 8.061017 5.374012 -2.687006
F 8.061017 2.687006 0.000000
A 10.748023 2.687006 2.687006


-6.290000	6a210
6

K 0.000000 0.000000 0.000000
L 2.687006 2.687006 0.000000
V 0.000000 5.374012 0.000000
F 0.000000 8.061017 2.687006
F -2.687006 8.061017 0.000000
A -5.374012 5.374012 0.000000


-6.290000	04310
6

K 0.000000 0.000000 0.000000
L 2.687006 2.687006 0.000000
V 0.000000 5.374012 0.000000
F 0.000000 8.061017 -2.687006
F 2.687006 8.061017 0.000000
A 5.374012 10.748023 0.000000


-6.290000	04300
6

K 0.000000 0.000000 0.000000
L 2.687006 2.687006 0.000000
V 5.374012 5.374012 0.000000
F 5.374012 8.061017 -2.687006
F 8.061017 8.061017 0.000000
A 10.748023 10.748023 0.000000


-6.290000	04110
6

K 0.000000 0.000000 0.000000
L 2.687006 2.687006 0.000000
V 0.000000 5.374012 0.000000
F -2.687006 8.061017 0.000000
F 0.000000 8.061017 2.687006
A 2.687006 10.748023 2.687006


-6.290000	04100
6

K 0.000000 0.000000 0.000000
L 2.687006 2.687006 0.000000
V 5.374012 5.374012 0.000000
F 2.687006 8.061017 0.000000
F 5.374012 8.061017 2.687006
A 8.061017 10.748023 2.687006


-6.290000	b2700
6

K 0.000000 0.000000 0.000000
L 2.687006 2.687006 0.000000
V 5.374012 5.374012 0.000000
F 8.061017 2.687006 0.000000
F 8.061017 5.374012 2.687006
A 5.374012 5.374012 5.374012


-6.290000	58110
6

K 0.000000 0.000000 0.000000
L 2.687006 2.687006 0.000000
V 0.000000 5.374012 0.000000
F -2.687006 8.061017 0.000000
F -2.687006 5.374012 -2.687006
A 0.000000 5.374012 -5.374012


-6.290000	b2740
6

K 0.000000 0.000000 0.000000
L 2.687006 2.687006 0.000000
V 5.374012 2.687006 2.687006
F 8.061017 0.000000 2.687006
F 8.061017 2.687006 5.374012
A 5.374012 2.687006 8.061017


-6.290000	03700
6

K 0.000000 0.000000 0.000000
L 2.687006 2.687006 0.000000
V 5.374012 5.374012 0.000000
F 8.061017 2.687006 0.000000
F 8.061017 5.374012 -2.687006
A 10.748023 8.061017 -2.687006


-6.290000	47b40
6

K 0.000000 0.000000 0.000000
L 2.687006 2.687006 0.000000
V 5.374012 2.687006 2.687006
F 2.687006 2.687006 5.374012
F 5.374012 0.000000 5.374012
A 8.061017 0.000000 8.061017


-6.290000	58040
6

K 0.000000 0.000000 0.000000
L 2.687006 2.687006 0.000000
V 5.374012 2.687006 2.687006
F 8.061017 5.374012 2.687006
F 8.061017 2.687006 0.000000
A 10.748023 2.687006 -2.687006


-6.290000	58000
6

K 0.000000 0.000000 0.000000
L 2.687006 2.687006 0.000000
V 5.374012 5.374012 0.000000
F 8.061017 8.061017 0.000000
F 8.061017 5.374012 -2.687006
A 10.748023 5.374012 -5.374012


-6.290000	69110
6

K 0.000000 0.000000 0.000000
L 2.687006 2.687006 0.000000
V 0.000000 5.374012 0.000000
F -2.687006 8.061017 0.000000
F -2.687006 5.374012 2.687006
A -5.374012 2.687006 2.687006


-6.290000	03740
6

K 0.000000 0.000000 0.000000
L 2.687006 2.687006 0.000000
V 5.374012 2.687006 2.687006
F 8.061017 0.000000 2.687006
F 8.061017 2.687006 0.000000
A 10.748023 5.374012 0.000000


-6.290000	a1500
6

K 0.000000 0.000000 0.000000
L 2.687006 2.687006 0.000000
V 5.374012 5.374012 0.000000
F 8.061017 5.374012 -2.687006
F 5.374012 8.061017 -2.687006
A 2.687006 8.061017 -5.374012


-6.290000	03440
6

K 0.000000 0.000000 0.000000
L 2.687006 2.687006 0.000000
V 5.374012 2.687006 2.687006
F 8.061017 2.687006 5.374012
F 8.061017 5.374012 2.687006
A 10.748023 8.061017 2.687006


-6.290000	03400
6

K 0.000000 0.000000 0.000000
L 2.687006 2.687006 0.000000
V 5.374012 5.374012 0.000000
F 8.061017 5.374012 2.687006
F 8.061017 8.061017 0.000000
A 10.748023 10.748023 0.000000


-6.290000	b2a10
6

K 0.000000 0.000000 0.000000
L 2.687006 2.687006 0.000000
V 0.000000 5.374012 0.000000
F -2.687006 5.374012 -2.687006
F -2.687006 8.061017 0.000000
A -5.374012 8.061017 2.687006


-6.290000	03b10
6

K 0.000000 0.000000 0.000000
L 2.687006 2.687006 0.000000
V 0.000000 5.374012 0.000000
F -2.687006 5.374012 2.687006
F -2.687006 8.061017 0.000000
A 0.000000 10.748023 0.000000


-6.290000	58440
6

K 0.000000 0.000000 0.000000
L 2.687006 2.687006 0.000000
V 5.374012 2.687006 2.687006
F 8.061017 2.687006 5.374012
F 8.061017 0.000000 2.687006
A 10.748023 0.000000 0.000000


-6.290000	69540
6

K 0.000000 0.000000 0.000000
L 2.687006 2.687006 0.000000
V 5.374012 2.687006 2.687006
F 8.061017 2.687006 0.000000
F 8.061017 0.000000 2.687006
A 5.374012 -2.687006 2.687006


-6.290000	47300
6

K 0.000000 0.000000 0.000000
L 2.687006 2.687006 0.000000
V 5.374012 5.374012 0.000000
F 5.374012 8.061017 -2.687006
F 8.061017 5.374012 -2.687006
A 10.748023 5.374012 0.000000


-6.290000	58400
6

K 0.000000 0.000000 0.000000
L 2.687006 2.687006 0.000000
V 5.374012 5.374012 0.000000
F 8.061017 5.374012 2.687006
F 8.061017 2.687006 0.000000
A 10.748023 2.687006 -2.687006


-6.290000	47240
6

K 0.000000 0.000000 0.000000
L 2.687006 2.687006 0.000000
V 5.374012 2.687006 2.687006
F 5.374012 5.374012 5.374012
F 8.061017 2.687006 5.374012
A 10.748023 2.687006 8.061017


-6.290000	47200
6

K 0.000000 0.000000 0.000000
L 2.687006 2.687006 0.000000
V 5.374012 5.374012 0.000000
F 5.374012 8.061017 2.687006
F 8.061017 5.374012 2.687006
A 10.748023 5.374012 5.374012


-6.290000	02700
6

K 0.000000 0.000000 0.000000
L 2.687006 2.687006 0.000000
V 5.374012 5.374012 0.000000
F 8.061017 2.687006 0.000000
F 8.061017 5.374012 2.687006
A 10.748023 8.061017 2.687006


-6.290000	68110
6

K 0.000000 0.000000 0.000000
L 2.687006 2.687006 0.000000
V 0.000000 5.374012 0.000000
F -2.687006 8.061017 0.000000
F -2.687006 5.374012 -2.687006
A -5.374012 2.687006 -2.687006


-6.290000	02740
6

K 0.000000 0.000000 0.000000
L 2.687006 2.687006 0.000000
V 5.374012 2.687006 2.687006
F 8.061017 0.000000 2.687006
F 8.061017 2.687006 5.374012
A 10.748023 5.374012 5.374012


-6.290000	79040
6

K 0.000000 0.000000 0.000000
L 2.687006 2.687006 0.000000
V 5.374012 2.687006 2.687006
F 8.061017 5.374012 2.687006
F 8.061017 2.687006 5.374012
A 10.748023 0.000000 5.374012


-6.290000	79000
6

K 0.000000 0.000000 0.000000
L 2.687006 2.687006 0.000000
V 5.374012 5.374012 0.000000
F 8.061017 8.061017 0.000000
F 8.061017 5.374012 2.687006
A 10.748023 2.687006 2.687006


-6.290000	b1440
6

K 0.000000 0.000000 0.000000
L 2.687006 2.687006 0.000000
V 5.374012 2.687006 2.687006
F 8.061017 2.687006 5.374012
F 5.374012 5.374012 5.374012
A 2.687006 5.374012 8.061017


-6.290000	02540
6

K 0.000000 0.000000 0.000000
L 2.687006 2.687006 0.000000
V 5.374012 2.687006 2.687006
F 8.061017 2.687006 0.000000
F 8.061017 5.374012 2.687006
A 10.748023 8.061017 2.687006


-6.290000	b1400
6

K 0.000000 0.000000 0.000000
L 2.687006 2.687006 0.000000
V 5.374012 5.374012 0.000000
F 8.061017 5.374012 2.687006
F 5.374012 8.061017 2.687006
A 2.687006 8.061017 5.374012


-6.290000	02500
6

K 0.000000 0.000000 0.000000
L 2.687006 2.687006 0.000000
V 5.374012 5.374012 0.000000
F 8.061017 5.374012 -2.687006
F 8.061017 8.061017 0.000000
A 10.748023 10.748023 0.000000


-6.290000	8a010
6

K 0.000000 0.000000 0.000000
L 2.687006 2.687006 0.000000
V 0.000000 5.374012 0.000000
F 2.687006 8.061017 0.000000
F 0.000000 8.061017 -2.687006
A 0.000000 5.374012 -5.374012


-6.290000	8a000
6

K 0.000000 0.000000 0.000000
L 2.687006 2.687006 0.000000
V 5.374012 5.374012 0.000000
F 8.061017 8.061017 0.000000
F 5.374012 8.061017 -2.687006
A 5.374012 5.374012 -5.374012


-6.290000	9b040
6

K 0.000000 0.000000 0.000000
L 2.687006 2.687006 0.000000
V 5.374012 2.687006 2.687006
F 8.061017 5.374012 2.687006
F 5.374012 5.374012 5.374012
A 5.374012 2.687006 8.061017


-6.290000	9b010
6

K 0.000000 0.000000 0.000000
L 2.687006 2.687006 0.000000
V 0.000000 5.374012 0.000000
F 2.687006 8.061017 0.000000
F 0.000000 8.061017 2.687006
A 0.000000 5.374012 5.374012


-6.290000	9b000
6

K 0.000000 0.000000 0.000000
L 2.687006 2.687006 0.000000
V 5.374012 5.374012 0.000000
F 8.061017 8.061017 0.000000
F 5.374012 8.061017 2.687006
A 5.374012 5.374012 5.374012


-6.290000	13440
6

K 0.000000 0.000000 0.000000
L 2.687006 2.687006 0.000000
V 5.374012 2.687006 2.687006
F 8.061017 2.687006 5.374012
F 8.061017 5.374012 2.687006
A 5.374012 8.061017 2.687006


-6.290000	13400
6

K 0.000000 0.000000 0.000000
L 2.687006 2.687006 0.000000
V 5.374012 5.374012 0.000000
F 8.061017 5.374012 2.687006
F 8.061017 8.061017 0.000000
A 5.374012 10.748023 0.000000


-6.290000	24310
6

K 0.000000 0.000000 0.000000
L 2.687006 2.687006 0.000000
V 0.000000 5.374012 0.000000
F 0.000000 8.061017 -2.687006
F 2.687006 8.061017 0.000000
A 2.687006 10.748023 2.687006


-6.290000	24300
6

K 0.000000 0.000000 0.000000
L 2.687006 2.687006 0.000000
V 5.374012 5.374012 0.000000
F 5.374012 8.061017 -2.687006
F 8.061017 8.061017 0.000000
A 8.061017 10.748023 2.687006


-6.290000	35240
6

K 0.000000 0.000000 0.000000
L 2.687006 2.687006 0.000000
V 5.374012 2.687006 2.687006
F 5.374012 5.374012 5.374012
F 8.061017 5.374012 2.687006
A 8.061017 8.061017 0.000000


-6.290000	24110
6

K 0.000000 0.000000 0.000000
L 2.687006 2.687006 0.000000
V 0.000000 5.374012 0.000000
F -2.687006 8.061017 0.000000
F 0.000000 8.061017 2.687006
A 0.000000 10.748023 5.374012


-6.290000	24100
6

K 0.000000 0.000000 0.000000
L 2.687006 2.687006 0.000000
V 5.374012 5.374012 0.000000
F 2.687006 8.061017 0.000000
F 5.374012 8.061017 2.687006
A 5.374012 10.748023 5.374012


-6.290000	35210
6

K 0.000000 0.000000 0.000000
L 2.687006 2.687006 0.000000
V 0.000000 5.374012 0.000000
F 0.000000 8.061017 2.687006
F 2.687006 8.061017 0.000000
A 2.687006 10.748023 -2.687006


-6.290000	35200
6

K 0.000000 0.000000 0.000000
L 2.687006 2.687006 0.000000
V 5.374012 5.374012 0.000000
F 5.374012 8.061017 2.687006
F 8.061017 8.061017 0.000000
A 8.061017 10.748023 -2.687006


-6.290000	02a10
6

K 0.000000 0.000000 0.000000
L 2.687006 2.687006 0.000000
V 0.000000 5.374012 0.000000
F -2.687006 5.374012 -2.687006
F -2.687006 8.061017 0.000000
A 0.000000 10.748023 0.000000


-6.290000	13b10
6

K 0.000000 0.000000 0.000000
L 2.687006 2.687006 0.000000
V 0.000000 5.374012 0.000000
F -2.687006 5.374012 2.687006
F -2.687006 8.061017 0.000000
A -5.374012 10.748023 0.000000


-6.290000	35110
6

K 0.000000 0.000000 0.000000
L 2.687006 2.687006 0.000000
V 0.000000 5.374012 0.000000
F -2.687006 8.061017 0.000000
F 0.000000 8.061017 -2.687006
A 0.000000 10.748023 -5.374012


-6.290000	68440
6

K 0.000000 0.000000 0.000000
L 2.687006 2.687006 0.000000
V 5.374012 2.687006 2.687006
F 8.061017 2.687006 5.374012
F 8.061017 0.000000 2.687006
A 5.374012 -2.687006 2.687006


-6.290000	35100
6

K 0.000000 0.000000 0.000000
L 2.687006 2.687006 0.000000
V 5.374012 5.374012 0.000000
F 2.687006 8.061017 0.000000
F 5.374012 8.061017 -2.687006
A 5.374012 10.748023 -5.374012


-6.290000	79540
6

K 0.000000 0.000000 0.000000
L 2.687006 2.687006 0.000000
V 5.374012 2.687006 2.687006
F 8.061017 2.687006 0.000000
F 8.061017 0.000000 2.687006
A 10.748023 -2.687006 2.687006


-6.290000	57300
6

K 0.000000 0.000000 0.000000
L 2.687006 2.687006 0.000000
V 5.374012 5.374012 0.000000
F 5.374012 8.061017 -2.687006
F 8.061017 5.374012 -2.687006
A 10.748023 5.374012 -5.374012


-6.290000	9b740
6

K 0.000000 0.000000 0.000000
L 2.687006 2.687006 0.000000
V 5.374012 2.687006 2.687006
F 8.061017 0.000000 2.687006
F 5.374012 0.000000 5.374012
A 5.374012 -2.687006 8.061017


-6.290000	79500
6

K 0.000000 0.000000 0.000000
L 2.687006 2.687006 0.000000
V 5.374012 5.374012 0.000000
F 8.061017 5.374012 -2.687006
F 8.061017 2.687006 0.000000
A 10.748023 0.000000 0.000000


-6.290000	b1940
6

K 0.000000 0.000000 0.000000
L 2.687006 2.687006 0.000000
V 5.374012 2.687006 2.687006
F 5.374012 0.000000 5.374012
F 2.687006 2.687006 5.374012
A 0.000000 2.687006 8.061017


-6.290000	57240
6

K 0.000000 0.000000 0.000000
L 2.687006 2.687006 0.000000
V 5.374012 2.687006 2.687006
F 5.374012 5.374012 5.374012
F 8.061017 2.687006 5.374012
A 10.748023 2.687006 2.687006


-6.290000	57200
6

K 0.000000 0.000000 0.000000
L 2.687006 2.687006 0.000000
V 5.374012 5.374012 0.000000
F 5.374012 8.061017 2.687006
F 8.061017 5.374012 2.687006
A 10.748023 5.374012 0.000000


-6.290000	67b40
6

K 0.000000 0.000000 0.000000
L 2.687006 2.687006 0.000000
V 5.374012 2.687006 2.687006
F 2.687006 2.687006 5.374012
F 5.374012 0.000000 5.374012
A 2.687006 -2.687006 5.374012


-6.290000	78040
6

K 0.000000 0.000000 0.000000
L 2.687006 2.687006 0.000000
V 5.374012 2.687006 2.687006
F 8.061017 5.374012 2.687006
F 8.061017 2.687006 0.000000
A 10.748023 0.000000 0.000000


-6.290000	78000
6

K 0.000000 0.000000 0.000000
L 2.687006 2.687006 0.000000
V 5.374012 5.374012 0.000000
F 8.061017 8.061017 0.000000
F 8.061017 5.374012 -2.687006
A 10.748023 2.687006 -2.687006


-6.290000	ab310
6

K 0.000000 0.000000 0.000000
L 2.687006 2.687006 0.000000
V 0.000000 5.374012 0.000000
F 0.000000 8.061017 -2.687006
F -2.687006 8.061017 0.000000
A -5.374012 8.061017 -2.687006


-6.290000	ab300
6

K 0.000000 0.000000 0.000000
L 2.687006 2.687006 0.000000
V 5.374012 5.374012 0.000000
F 5.374012 8.061017 -2.687006
F 2.687006 8.061017 0.000000
A 0.000000 8.061017 -2.687006


-6.290000	01500
6

K 0.000000 0.000000 0.000000
L 2.687006 2.687006 0.000000
V 5.374012 5.374012 0.000000
F 8.061017 5.374012 -2.687006
F 5.374012 8.061017 -2.687006
A 8.061017 10.748023 -2.687006


-6.290000	45940
6

K 0.000000 0.000000 0.000000
L 2.687006 2.687006 0.000000
V 5.374012 2.687006 2.687006
F 5.374012 0.000000 5.374012
F 8.061017 0.000000 2.687006
A 10.748023 0.000000 5.374012


-6.290000	01440
6

K 0.000000 0.000000 0.000000
L 2.687006 2.687006 0.000000
V 5.374012 2.687006 2.687006
F 8.061017 2.687006 5.374012
F 5.374012 5.374012 5.374012
A 8.061017 8.061017 5.374012


-6.290000	12540
6

K 0.000000 0.000000 0.000000
L 2.687006 2.687006 0.000000
V 5.374012 2.687006 2.687006
F 8.061017 2.687006 0.000000
F 8.061017 5.374012 2.687006
A 5.374012 8.061017 2.687006


-6.290000	01400
6

K 0.000000 0.000000 0.000000
L 2.687006 2.687006 0.000000
V 5.374012 5.374012 0.000000
F 8.061017 5.374012 2.687006
F 5.374012 8.061017 2.687006
A 8.061017 10.748023 2.687006


-6.290000	12500
6

K 0.000000 0.000000 0.000000
L 2.687006 2.687006 0.000000
V 5.374012 5.374012 0.000000
F 8.061017 5.374012 -2.687006
F 8.061017 8.061017 0.000000
A 5.374012 10.748023 0.000000


-6.290000	23440
6

K 0.000000 0.000000 0.000000
L 2.687006 2.687006 0.000000
V 5.374012 2.687006 2.687006
F 8.061017 2.687006 5.374012
F 8.061017 5.374012 2.687006
A 8.061017 8.061017 5.374012


-6.290000	23400
6

K 0.000000 0.000000 0.000000
L 2.687006 2.687006 0.000000
V 5.374012 5.374012 0.000000
F 8.061017 5.374012 2.687006
F 8.061017 8.061017 0.000000
A 8.061017 10.748023 2.687006


-6.290000	45240
6

K 0.000000 0.000000 0.000000
L 2.687006 2.687006 0.000000
V 5.374012 2.687006 2.687006
F 5.374012 5.374012 5.374012
F 8.061017 5.374012 2.687006
A 10.748023 5.374012 5.374012


-6.290000	45210
6

K 0.000000 0.000000 0.000000
L 2.687006 2.687006 0.000000
V 0.000000 5.374012 0.000000
F 0.000000 8.061017 2.687006
F 2.687006 8.061017 0.000000
A 5.374012 8.061017 2.687006


-6.290000	45200
6

K 0.000000 0.000000 0.000000
L 2.687006 2.687006 0.000000
V 5.374012 5.374012 0.000000
F 5.374012 8.061017 2.687006
F 8.061017 8.061017 0.000000
A 10.748023 8.061017 2.687006


-6.290000	12a10
6

K 0.000000 0.000000 0.000000
L 2.687006 2.687006 0.000000
V 0.000000 5.374012 0.000000
F -2.687006 5.374012 -2.687006
F -2.687006 8.061017 0.000000
A -5.374012 10.748023 0.000000


-6.290000	23b10
6

K 0.000000 0.000000 0.000000
L 2.687006 2.687006 0.000000
V 0.000000 5.374012 0.000000
F -2.687006 5.374012 2.687006
F -2.687006 8.061017 0.000000
A -2.687006 10.748023 2.687006


-6.290000	78440
6

K 0.000000 0.000000 0.000000
L 2.687006 2.687006 0.000000
V 5.374012 2.687006 2.687006
F 8.061017 2.687006 5.374012
F 8.061017 0.000000 2.687006
A 10.748023 -2.687006 2.687006


-6.290000	89540
6

K 0.000000 0.000000 0.000000
L 2.687006 2.687006 0.000000
V 5.374012 2.687006 2.687006
F 8.061017 2.687006 0.000000
F 8.061017 0.000000 2.687006
A 8.061017 -2.687006 0.000000


-6.290000	78400
6

K 0.000000 0.000000 0.000000
L 2.687006 2.687006 0.000000
V 5.374012 5.374012 0.000000
F 8.061017 5.374012 2.687006
F 8.061017 2.687006 0.000000
A 10.748023 0.000000 0.000000


-6.290000	89500
6

K 0.000000 0.000000 0.000000
L 2.687006 2.687006 0.000000
V 5.374012 5.374012 0.000000
F 8.061017 5.374012 -2.687006
F 8.061017 2.687006 0.000000
A 8.061017 0.000000 -2.687006


-6.290000	22700
6

K 0.000000 0.000000 0.000000
L 2.687006 2.687006 0.000000
V 5.374012 5.374012 0.000000
F 8.061017 2.687006 0.000000
F 8.061017 5.374012 2.687006
A 8.061017 8.061017 5.374012


-6.290000	88110
6

K 0.000000 0.000000 0.000000
L 2.687006 2.687006 0.000000
V 0.000000 5.374012 0.000000
F -2.687006 8.061017 0.000000
F -2.687006 5.374012 -2.687006
A -2.687006 2.687006 -5.374012


-6.290000	22740
6

K 0.000000 0.000000 0.000000
L 2.687006 2.687006 0.000000
V 5.374012 2.687006 2.687006
F 8.061017 0.000000 2.687006
F 8.061017 2.687006 5.374012
A 8.061017 5.374012 8.061017


-6.290000	33700
6

K 0.000000 0.000000 0.000000
L 2.687006 2.687006 0.000000
V 5.374012 5.374012 0.000000
F 8.061017 2.687006 0.000000
F 8.061017 5.374012 -2.687006
A 8.061017 8.061017 -5.374012


-6.290000	77b40
6

K 0.000000 0.000000 0.000000
L 2.687006 2.687006 0.000000
V 5.374012 2.687006 2.687006
F 2.687006 2.687006 5.374012
F 5.374012 0.000000 5.374012
A 8.061017 -2.687006 5.374012


-6.290000	88040
6

K 0.000000 0.000000 0.000000
L 2.687006 2.687006 0.000000
V 5.374012 2.687006 2.687006
F 8.061017 5.374012 2.687006
F 8.061017 2.687006 0.000000
A 8.061017 0.000000 -2.687006


-6.290000	88000
6

K 0.000000 0.000000 0.000000
L 2.687006 2.687006 0.000000
V 5.374012 5.374012 0.000000
F 8.061017 8.061017 0.000000
F 8.061017 5.374012 -2.687006
A 8.061017 2.687006 -5.374012


-6.290000	99110
6

K 0.000000 0.000000 0.000000
L 2.687006 2.687006 0.000000
V 0.000000 5.374012 0.000000
F -2.687006 8.061017 0.000000
F -2.687006 5.374012 2.687006
A -2.687006 2.687006 5.374012


-6.290000	aa210
6

K 0.000000 0.000000 0.000000
L 2.687006 2.687006 0.000000
V 0.000000 5.374012 0.000000
F 0.000000 8.061017 2.687006
F -2.687006 8.061017 0.000000
A -5.374012 8.061017 -2.687006


-6.290000	aa200
6

K 0.000000 0.000000 0.000000
L 2.687006 2.687006 0.000000
V 5.374012 5.374012 0.000000
F 5.374012 8.061017 2.687006
F 2.687006 8.061017 0.000000
A 0.000000 8.061017 -2.687006


-6.290000	bb310
6

K 0.000000 0.000000 0.000000
L 2.687006 2.687006 0.000000
V 0.000000 5.374012 0.000000
F 0.000000 8.061017 -2.687006
F -2.687006 8.061017 0.000000
A -5.374012 8.061017 2.687006


-6.290000	bb300
6

K 0.000000 0.000000 0.000000
L 2.687006 2.687006 0.000000
V 5.374012 5.374012 0.000000
F 5.374012 8.061017 -2.687006
F 2.687006 8.061017 0.000000
A 0.000000 8.061017 2.687006


-6.290000	33740
6

K 0.000000 0.000000 0.000000
L 2.687006 2.687006 0.000000
V 5.374012 2.687006 2.687006
F 8.061017 0.000000 2.687006
F 8.061017 2.687006 0.000000
A 8.061017 5.374012 -2.687006


-6.290000	11500
6

K 0.000000 0.000000 0.000000
L 2.687006 2.687006 0.000000
V 5.374012 5.374012 0.000000
F 8.061017 5.374012 -2.687006
F 5.374012 8.061017 -2.687006
A 2.687006 10.748023 -2.687006


-6.290000	55940
6

K 0.000000 0.000000 0.000000
L 2.687006 2.687006 0.000000
V 5.374012 2.687006 2.687006
F 5.374012 0.000000 5.374012
F 8.061017 0.000000 2.687006
A 10.748023 0.000000 0.000000


-6.290000	99040
6

K 0.000000 0.000000 0.000000
L 2.687006 2.687006 0.000000
V 5.374012 2.687006 2.687006
F 8.061017 5.374012 2.687006
F 8.061017 2.687006 5.374012
A 8.061017 0.000000 8.061017


-6.290000	99000
6

K 0.000000 0.000000 0.000000
L 2.687006 2.687006 0.000000
V 5.374012 5.374012 0.000000
F 8.061017 8.061017 0.000000
F 8.061017 5.374012 2.687006
A 8.061017 2.687006 5.374012


-6.290000	11440
6

K 0.000000 0.000000 0.000000
L 2.687006 2.687006 0.000000
V 5.374012 2.687006 2.687006
F 8.061017 2.687006 5.374012
F 5.374012 5.374012 5.374012
A 2.687006 8.061017 5.374012


-6.290000	22540
6

K 0.000000 0.000000 0.000000
L 2.687006 2.687006 0.000000
V 5.374012 2.687006 2.687006
F 8.061017 2.687006 0.000000
F 8.061017 5.374012 2.687006
A 8.061017 8.061017 5.374012


-6.290000	11400
6

K 0.000000 0.000000 0.000000
L 2.687006 2.687006 0.000000
V 5.374012 5.374012 0.000000
F 8.061017 5.374012 2.687006
F 5.374012 8.061017 2.687006
A 2.687006 10.748023 2.687006


-6.290000	22500
6

K 0.000000 0.000000 0.000000
L 2.687006 2.687006 0.000000
V 5.374012 5.374012 0.000000
F 8.061017 5.374012 -2.687006
F 8.061017 8.061017 0.000000
A 8.061017 10.748023 2.687006


-6.290000	aa010
6

K 0.000000 0.000000 0.000000
L 2.687006 2.687006 0.000000
V 0.000000 5.374012 0.000000
F 2.687006 8.061017 0.000000
F 0.000000 8.061017 -2.687006
A -2.687006 8.061017 -5.374012


-6.290000	aa000
6

K 0.000000 0.000000 0.000000
L 2.687006 2.687006 0.000000
V 5.374012 5.374012 0.000000
F 8.061017 8.061017 0.000000
F 5.374012 8.061017 -2.687006
A 2.687006 8.061017 -5.374012


-6.290000	bb040
6

K 0.000000 0.000000 0.000000
L 2.687006 2.687006 0.000000
V 5.374012 2.687006 2.687006
F 8.061017 5.374012 2.687006
F 5.374012 5.374012 5.374012
A 2.687006 5.374012 8.061017


-6.290000	bb010
6

K 0.000000 0.000000 0.000000
L 2.687006 2.687006 0.000000
V 0.000000 5.374012 0.000000
F 2.687006 8.061017 0.000000
F 0.000000 8.061017 2.687006
A -2.687006 8.061017 5.374012


-6.290000	bb000
6

K 0.000000 0.000000 0.000000
L 2.687006 2.687006 0.000000
V 5.374012 5.374012 0.000000
F 8.061017 8.061017 0.000000
F 5.374012 8.061017 2.687006
A 2.687006 8.061017 5.374012


-6.290000	33440
6

K 0.000000 0.000000 0.000000
L 2.687006 2.687006 0.000000
V 5.374012 2.687006 2.687006
F 8.061017 2.687006 5.374012
F 8.061017 5.374012 2.687006
A 8.061017 8.061017 0.000000


-6.290000	33400
6

K 0.000000 0.000000 0.000000
L 2.687006 2.687006 0.000000
V 5.374012 5.374012 0.000000
F 8.061017 5.374012 2.687006
F 8.061017 8.061017 0.000000
A 8.061017 10.748023 -2.687006


-6.290000	00b40
6

K 0.000000 0.000000 0.000000
L 2.687006 2.687006 0.000000
V 5.374012 2.687006 2.687006
F 2.687006 2.687006 5.374012
F 5.374012 5.374012 5.374012
A 8.061017 8.061017 5.374012


-6.290000	00b10
6

K 0.000000 0.000000 0.000000
L 2.687006 2.687006 0.000000
V 0.000000 5.374012 0.000000
F -2.687006 5.374012 2.687006
F 0.000000 8.061017 2.687006
A 2.687006 10.748023 2.687006


-6.290000	44310
6

K 0.000000 0.000000 0.000000
L 2.687006 2.687006 0.000000
V 0.000000 5.374012 0.000000
F 0.000000 8.061017 -2.687006
F 2.687006 8.061017 0.000000
A 5.374012 8.061017 2.687006


-6.290000	44300
6

K 0.000000 0.000000 0.000000
L 2.687006 2.687006 0.000000
V 5.374012 5.374012 0.000000
F 5.374012 8.061017 -2.687006
F 8.061017 8.061017 0.000000
A 10.748023 8.061017 2.687006


-6.290000	00a10
6

K 0.000000 0.000000 0.000000
L 2.687006 2.687006 0.000000
V 0.000000 5.374012 0.000000
F -2.687006 5.374012 -2.687006
F 0.000000 8.061017 -2.687006
A 2.687006 10.748023 -2.687006


-6.290000	66440
6

K 0.000000 0.000000 0.000000
L 2.687006 2.687006 0.000000
V 5.374012 2.687006 2.687006
F 8.061017 2.687006 5.374012
F 5.374012 0.000000 5.374012
A 2.687006 -2.687006 5.374012


-6.290000	55240
6

K 0.000000 0.000000 0.000000
L 2.687006 2.687006 0.000000
V 5.374012 2.687006 2.687006
F 5.374012 5.374012 5.374012
F 8.061017 5.374012 2.687006
A 10.748023 5.374012 0.000000


-6.290000	44110
6

K 0.000000 0.000000 0.000000
L 2.687006 2.687006 0.000000
V 0.000000 5.374012 0.000000
F -2.687006 8.061017 0.000000
F 0.000000 8.061017 2.687006
A 2.687006 8.061017 5.374012


-6.290000	44100
6

K 0.000000 0.000000 0.000000
L 2.687006 2.687006 0.000000
V 5.374012 5.374012 0.000000
F 2.687006 8.061017 0.000000
F 5.374012 8.061017 2.687006
A 8.061017 8.061017 5.374012


-6.290000	55210
6

K 0.000000 0.000000 0.000000
L 2.687006 2.687006 0.000000
V 0.000000 5.374012 0.000000
F 0.000000 8.061017 2.687006
F 2.687006 8.061017 0.000000
A 5.374012 8.061017 -2.687006


-6.290000	55200
6

K 0.000000 0.000000 0.000000
L 2.687006 2.687006 0.000000
V 5.374012 5.374012 0.000000
F 5.374012 8.061017 2.687006
F 8.061017 8.061017 0.000000
A 10.748023 8.061017 -2.687006


-6.290000	66310
6

K 0.000000 0.000000 0.000000
L 2.687006 2.687006 0.000000
V 0.000000 5.374012 0.000000
F 0.000000 8.061017 -2.687006
F -2.687006 5.374012 -2.687006
A -5.374012 2.687006 -2.687006


-6.290000	00940
6

K 0.000000 0.000000 0.000000
L 2.687006 2.687006 0.000000
V 5.374012 2.687006 2.687006
F 5.374012 0.000000 5.374012
F 8.061017 2.687006 5.374012
A 10.748023 5.374012 5.374012


-6.290000	22a10
6

K 0.000000 0.000000 0.000000
L 2.687006 2.687006 0.000000
V 0.000000 5.374012 0.000000
F -2.687006 5.374012 -2.687006
F -2.687006 8.061017 0.000000
A -2.687006 10.748023 2.687006


-6.290000	33b10
6

K 0.000000 0.000000 0.000000
L 2.687006 2.687006 0.000000
V 0.000000 5.374012 0.000000
F -2.687006 5.374012 2.687006
F -2.687006 8.061017 0.000000
A -2.687006 10.748023 -2.687006


-6.290000	66240
6

K 0.000000 0.000000 0.000000
L 2.687006 2.687006 0.000000
V 5.374012 2.687006 2.687006
F 5.374012 5.374012 5.374012
F 2.687006 2.687006 5.374012
A 0.000000 0.000000 5.374012


-6.290000	55110
6

K 0.000000 0.000000 0.000000
L 2.687006 2.687006 0.000000
V 0.000000 5.374012 0.000000
F -2.687006 8.061017 0.000000
F 0.000000 8.061017 -2.687006
A 2.687006 8.061017 -5.374012


-6.290000	88440
6

K 0.000000 0.000000 0.000000
L 2.687006 2.687006 0.000000
V 5.374012 2.687006 2.687006
F 8.061017 2.687006 5.374012
F 8.061017 0.000000 2.687006
A 8.061017 -2.687006 0.000000


-6.290000	55100
6

K 0.000000 0.000000 0.000000
L 2.687006 2.687006 0.000000
V 5.374012 5.374012 0.000000
F 2.687006 8.061017 0.000000
F 5.374012 8.061017 -2.687006
A 8.061017 8.061017 -5.374012


-6.290000	66210
6

K 0.000000 0.000000 0.000000
L 2.687006 2.687006 0.000000
V 0.000000 5.374012 0.000000
F 0.000000 8.061017 2.687006
F -2.687006 5.374012 2.687006
A -5.374012 2.687006 2.687006


-6.290000	99540
6

K 0.000000 0.000000 0.000000
L 2.687006 2.687006 0.000000
V 5.374012 2.687006 2.687006
F 8.061017 2.687006 0.000000
F 8.061017 0.000000 2.687006
A 8.061017 -2.687006 5.374012


-6.290000	77300
6

K 0.000000 0.000000 0.000000
L 2.687006 2.687006 0.000000
V 5.374012 5.374012 0.000000
F 5.374012 8.061017 -2.687006
F 8.061017 5.374012 -2.687006
A 10.748023 2.687006 -2.687006


-6.290000	bb740
6

K 0.000000 0.000000 0.000000
L 2.687006 2.687006 0.000000
V 5.374012 2.687006 2.687006
F 8.061017 0.000000 2.687006
F 5.374012 0.000000 5.374012
A 2.687006 0.000000 8.061017


-6.290000	88400
6

K 0.000000 0.000000 0.000000
L 2.687006 2.687006 0.000000
V 5.374012 5.374012 0.000000
F 8.061017 5.374012 2.687006
F 8.061017 2.687006 0.000000
A 8.061017 0.000000 -2.687006


-6.290000	99500
6

K 0.000000 0.000000 0.000000
L 2.687006 2.687006 0.000000
V 5.374012 5.374012 0.000000
F 8.061017 5.374012 -2.687006
F 8.061017 2.687006 0.000000
A 8.061017 0.000000 2.687006


-6.290000	11940
6

K 0.000000 0.000000 0.000000
L 2.687006 2.687006 0.000000
V 5.374012 2.687006 2.687006
F 5.374012 0.000000 5.374012
F 2.687006 2.687006 5.374012
A 0.000000 5.374012 5.374012


-6.290000	77240
6

K 0.000000 0.000000 0.000000
L 2.687006 2.687006 0.000000
V 5.374012 2.687006 2.687006
F 5.374012 5.374012 5.374012
F 8.061017 2.687006 5.374012
A 10.748023 0.000000 5.374012


-6.290000	77200
6

K 0.000000 0.000000 0.000000
L 2.687006 2.687006 0.000000
V 5.374012 5.374012 0.000000
F 5.374012 8.061017 2.687006
F 8.061017 5.374012 2.687006
A 10.748023 2.687006 2.687006


-6.290000	87b40
6

K 0.000000 0.000000 0.000000
L 2.687006 2.687006 0.000000
V 5.374012 2.687006 2.687006
F 2.687006 2.687006 5.374012
F 5.374012 0.000000 5.374012
A 5.374012 -2.687006 2.687006


-6.290000	ba210
6

K 0.000000 0.000000 0.000000
L 2.687006 2.687006 0.000000
V 0.000000 5.374012 0.000000
F 0.000000 8.061017 2.687006
F -2.687006 8.061017 0.000000
A -5.374012 8.061017 2.687006


-6.290000	ba200
6

K 0.000000 0.000000 0.000000
L 2.687006 2.687006 0.000000
V 5.374012 5.374012 0.000000
F 5.374012 8.061017 2.687006
F 2.687006 8.061017 0.000000
A 0.000000 8.061017 2.687006


-6.290000	21500
6

K 0.000000 0.000000 0.000000
L 2.687006 2.687006 0.000000
V 5.374012 5.374012 0.000000
F 8.061017 5.374012 -2.687006
F 5.374012 8.061017 -2.687006
A 5.374012 10.748023 0.000000


-6.290000	21440
6

K 0.000000 0.000000 0.000000
L 2.687006 2.687006 0.000000
V 5.374012 2.687006 2.687006
F 8.061017 2.687006 5.374012
F 5.374012 5.374012 5.374012
A 5.374012 8.061017 8.061017


-6.290000	32540
6

K 0.000000 0.000000 0.000000
L 2.687006 2.687006 0.000000
V 5.374012 2.687006 2.687006
F 8.061017 2.687006 0.000000
F 8.061017 5.374012 2.687006
A 8.061017 8.061017 0.000000


-6.290000	21400
6

K 0.000000 0.000000 0.000000
L 2.687006 2.687006 0.000000
V 5.374012 5.374012 0.000000
F 8.061017 5.374012 2.687006
F 5.374012 8.061017 2.687006
A 5.374012 10.748023 5.374012


-6.290000	32500
6

K 0.000000 0.000000 0.000000
L 2.687006 2.687006 0.000000
V 5.374012 5.374012 0.000000
F 8.061017 5.374012 -2.687006
F 8.061017 8.061017 0.000000
A 8.061017 10.748023 -2.687006


-6.290000	10b40
6

K 0.000000 0.000000 0.000000
L 2.687006 2.687006 0.000000
V 5.374012 2.687006 2.687006
F 2.687006 2.687006 5.374012
F 5.374012 5.374012 5.374012
A 2.687006 8.061017 5.374012


-6.290000	10b10
6

K 0.000000 0.000000 0.000000
L 2.687006 2.687006 0.000000
V 0.000000 5.374012 0.000000
F -2.687006 5.374012 2.687006
F 0.000000 8.061017 2.687006
A -2.687006 10.748023 2.687006


-6.290000	54310
6

K 0.000000 0.000000 0.000000
L 2.687006 2.687006 0.000000
V 0.000000 5.374012 0.000000
F 0.000000 8.061017 -2.687006
F 2.687006 8.061017 0.000000
A 5.374012 8.061017 -2.687006


-6.290000	54300
6

K 0.000000 0.000000 0.000000
L 2.687006 2.687006 0.000000
V 5.374012 5.374012 0.000000
F 5.374012 8.061017 -2.687006
F 8.061017 8.061017 0.000000
A 10.748023 8.061017 -2.687006


-6.290000	10a10
6

K 0.000000 0.000000 0.000000
L 2.687006 2.687006 0.000000
V 0.000000 5.374012 0.000000
F -2.687006 5.374012 -2.687006
F 0.000000 8.061017 -2.687006
A -2.687006 10.748023 -2.687006


-6.290000	76440
6

K 0.000000 0.000000 0.000000
L 2.687006 2.687006 0.000000
V 5.374012 2.687006 2.687006
F 8.061017 2.687006 5.374012
F 5.374012 0.000000 5.374012
A 8.061017 -2.687006 5.374012


-6.290000	32a10
6

K 0.000000 0.000000 0.000000
L 2.687006 2.687006 0.000000
V 0.000000 5.374012 0.000000
F -2.687006 5.374012 -2.687006
F -2.687006 8.061017 0.000000
A -2.687006 10.748023 -2.687006


-6.290000	98440
6

K 0.000000 0.000000 0.000000
L 2.687006 2.687006 0.000000
V 5.374012 2.687006 2.687006
F 8.061017 2.687006 5.374012
F 8.061017 0.000000 2.687006
A 8.061017 -2.687006 5.374012


-6.290000	87300
6

K 0.000000 0.000000 0.000000
L 2.687006 2.687006 0.000000
V 5.374012 5.374012 0.000000
F 5.374012 8.061017 -2.687006
F 8.061017 5.374012 -2.687006
A 8.061017 2.687006 -5.374012


-6.290000	98400
6

K 0.000000 0.000000 0.000000
L 2.687006 2.687006 0.000000
V 5.374012 5.374012 0.000000
F 8.061017 5.374012 2.687006
F 8.061017 2.687006 0.000000
A 8.061017 0.000000 2.687006


-6.290000	21940
6

K 0.000000 0.000000 0.000000
L 2.687006 2.687006 0.000000
V 5.374012 2.687006 2.687006
F 5.374012 0.000000 5.374012
F 2.687006 2.687006 5.374012
A 2.687006 5.374012 8.061017


-6.290000	42700
6

K 0.000000 0.000000 0.000000
L 2.687006 2.687006 0.000000
V 5.374012 5.374012 0.000000
F 8.061017 2.687006 0.000000
F 8.061017 5.374012 2.687006
A 10.748023 5.374012 5.374012


-6.290000	a8110
6

K 0.000000 0.000000 0.000000
L 2.687006 2.687006 0.000000
V 0.000000 5.374012 0.000000
F -2.687006 8.061017 0.000000
F -2.687006 5.374012 -2.687006
A -5.374012 5.374012 -5.374012


-6.290000	42740
6

K 0.000000 0.000000 0.000000
L 2.687006 2.687006 0.000000
V 5.374012 2.687006 2.687006
F 8.061017 0.000000 2.687006
F 8.061017 2.687006 5.374012
A 10.748023 2.687006 8.061017


-6.290000	53700
6

K 0.000000 0.000000 0.000000
L 2.687006 2.687006 0.000000
V 5.374012 5.374012 0.000000
F 8.061017 2.687006 0.000000
F 8.061017 5.374012 -2.687006
A 10.748023 5.374012 -5.374012


-6.290000	97b40
6

K 0.000000 0.000000 0.000000
L 2.687006 2.687006 0.000000
V 5.374012 2.687006 2.687006
F 2.687006 2.687006 5.374012
F 5.374012 0.000000 5.374012
A 5.374012 -2.687006 8.061017


-6.290000	a8000
6

K 0.000000 0.000000 0.000000
L 2.687006 2.687006 0.000000
V 5.374012 5.374012 0.000000
F 8.061017 8.061017 0.000000
F 8.061017 5.374012 -2.687006
A 5.374012 5.374012 -5.374012


-6.290000	b9110
6

K 0.000000 0.000000 0.000000
L 2.687006 2.687006 0.000000
V 0.000000 5.374012 0.000000
F -2.687006 8.061017 0.000000
F -2.687006 5.374012 2.687006
A -5.374012 5.374012 5.374012


-6.290000	1b310
6

K 0.000000 0.000000 0.000000
L 2.687006 2.687006 0.000000
V 0.000000 5.374012 0.000000
F 0.000000 8.061017 -2.687006
F -2.687006 8.061017 0.000000
A -5.374012 10.748023 0.000000


-6.290000	1b300
6

K 0.000000 0.000000 0.000000
L 2.687006 2.687006 0.000000
V 5.374012 5.374012 0.000000
F 5.374012 8.061017 -2.687006
F 2.687006 8.061017 0.000000
A 0.000000 10.748023 0.000000


-6.290000	53740
6

K 0.000000 0.000000 0.000000
L 2.687006 2.687006 0.000000
V 5.374012 2.687006 2.687006
F 8.061017 0.000000 2.687006
F 8.061017 2.687006 0.000000
A 10.748023 2.687006 -2.687006


-6.290000	31500
6

K 0.000000 0.000000 0.000000
L 2.687006 2.687006 0.000000
V 5.374012 5.374012 0.000000
F 8.061017 5.374012 -2.687006
F 5.374012 8.061017 -2.687006
A 5.374012 10.748023 -5.374012


-6.290000	75940
6

K 0.000000 0.000000 0.000000
L 2.687006 2.687006 0.000000
V 5.374012 2.687006 2.687006
F 5.374012 0.000000 5.374012
F 8.061017 0.000000 2.687006
A 10.748023 -2.687006 2.687006


-6.290000	b9040
6

K 0.000000 0.000000 0.000000
L 2.687006 2.687006 0.000000
V 5.374012 2.687006 2.687006
F 8.061017 5.374012 2.687006
F 8.061017 2.687006 5.374012
A 5.374012 2.687006 8.061017


-6.290000	b9000
6

K 0.000000 0.000000 0.000000
L 2.687006 2.687006 0.000000
V 5.374012 5.374012 0.000000
F 8.061017 8.061017 0.000000
F 8.061017 5.374012 2.687006
A 5.374012 5.374012 5.374012


-6.290000	31440
6

K 0.000000 0.000000 0.000000
L 2.687006 2.687006 0.000000
V 5.374012 2.687006 2.687006
F 8.061017 2.687006 5.374012
F 5.374012 5.374012 5.374012
A 5.374012 8.061017 2.687006


-6.290000	42540
6

K 0.000000 0.000000 0.000000
L 2.687006 2.687006 0.000000
V 5.374012 2.687006 2.687006
F 8.061017 2.687006 0.000000
F 8.061017 5.374012 2.687006
A 10.748023 5.374012 5.374012


-6.290000	31400
6

K 0.000000 0.000000 0.000000
L 2.687006 2.687006 0.000000
V 5.374012 5.374012 0.000000
F 8.061017 5.374012 2.687006
F 5.374012 8.061017 2.687006
A 5.374012 10.748023 0.000000


-6.290000	42500
6

K 0.000000 0.000000 0.000000
L 2.687006 2.687006 0.000000
V 5.374012 5.374012 0.000000
F 8.061017 5.374012 -2.687006
F 8.061017 8.061017 0.000000
A 10.748023 8.061017 2.687006


-6.290000	1b040
6

K 0.000000 0.000000 0.000000
L 2.687006 2.687006 0.000000
V 5.374012 2.687006 2.687006
F 8.061017 5.374012 2.687006
F 5.374012 5.374012 5.374012
A 2.687006 8.061017 5.374012


-6.290000	1b010
6

K 0.000000 0.000000 0.000000
L 2.687006 2.687006 0.000000
V 0.000000 5.374012 0.000000
F 2.687006 8.061017 0.000000
F 0.000000 8.061017 2.687006
A -2.687006 10.748023 2.687006


-6.290000	1b000
6

K 0.000000 0.000000 0.000000
L 2.687006 2.687006 0.000000
V 5.374012 5.374012 0.000000
F 8.061017 8.061017 0.000000
F 5.374012 8.061017 2.687006
A 2.687006 10.748023 2.687006


-6.290000	53440
6

K 0.000000 0.000000 0.000000
L 2.687006 2.687006 0.000000
V 5.374012 2.687006 2.687006
F 8.061017 2.687006 5.374012
F 8.061017 5.374012 2.687006
A 10.748023 5.374012 0.000000


-6.290000	53400
6

K 0.000000 0.000000 0.000000
L 2.687006 2.687006 0.000000
V 5.374012 5.374012 0.000000
F 8.061017 5.374012 2.687006
F 8.061017 8.061017 0.000000
A 10.748023 8.061017 -2.687006


-6.290000	20b40
6

K 0.000000 0.000000 0.000000
L 2.687006 2.687006 0.000000
V 5.374012 2.687006 2.687006
F 2.687006 2.687006 5.374012
F 5.374012 5.374012 5.374012
A 5.374012 8.061017 8.061017


-6.290000	20b10
6

K 0.000000 0.000000 0.000000
L 2.687006 2.687006 0.000000
V 0.000000 5.374012 0.000000
F -2.687006 5.374012 2.687006
F 0.000000 8.061017 2.687006
A 0.000000 10.748023 5.374012


-6.290000	20a10
6

K 0.000000 0.000000 0.000000
L 2.687006 2.687006 0.000000
V 0.000000 5.374012 0.000000
F -2.687006 5.374012 -2.687006
F 0.000000 8.061017 -2.687006
A 0.000000 10.748023 0.000000


-6.290000	86440
6

K 0.000000 0.000000 0.000000
L 2.687006 2.687006 0.000000
V 5.374012 2.687006 2.687006
F 8.061017 2.687006 5.374012
F 5.374012 0.000000 5.374012
A 5.374012 -2.687006 2.687006


-6.290000	75240
6

K 0.000000 0.000000 0.000000
L 2.687006 2.687006 0.000000
V 5.374012 2.687006 2.687006
F 5.374012 5.374012 5.374012
F 8.061017 5.374012 2.687006
A 10.748023 2.687006 2.687006


-6.290000	75200
6

K 0.000000 0.000000 0.000000
L 2.687006 2.687006 0.000000
V 5.374012 5.374012 0.000000
F 5.374012 8.061017 2.687006
F 8.061017 8.061017 0.000000
A 10.748023 5.374012 0.000000


-6.290000	86310
6

K 0.000000 0.000000 0.000000
L 2.687006 2.687006 0.000000
V 0.000000 5.374012 0.000000
F 0.000000 8.061017 -2.687006
F -2.687006 5.374012 -2.687006
A -2.687006 2.687006 -5.374012


-6.290000	20940
6

K 0.000000 0.000000 0.000000
L 2.687006 2.687006 0.000000
V 5.374012 2.687006 2.687006
F 5.374012 0.000000 5.374012
F 8.061017 2.687006 5.374012
A 8.061017 5.374012 8.061017


-6.290000	97240
6

K 0.000000 0.000000 0.000000
L 2.687006 2.687006 0.000000
V 5.374012 2.687006 2.687006
F 5.374012 5.374012 5.374012
F 8.061017 2.687006 5.374012
A 8.061017 0.000000 8.061017


-6.290000	97200
6

K 0.000000 0.000000 0.000000
L 2.687006 2.687006 0.000000
V 5.374012 5.374012 0.000000
F 5.374012 8.061017 2.687006
F 8.061017 5.374012 2.687006
A 8.061017 2.687006 5.374012


-6.290000	1a210
6

K 0.000000 0.000000 0.000000
L 2.687006 2.687006 0.000000
V 0.000000 5.374012 0.000000
F 0.000000 8.061017 2.687006
F -2.687006 8.061017 0.000000
A -5.374012 10.748023 0.000000


-6.290000	1a200
6

K 0.000000 0.000000 0.000000
L 2.687006 2.687006 0.000000
V 5.374012 5.374012 0.000000
F 5.374012 8.061017 2.687006
F 2.687006 8.061017 0.000000
A 0.000000 10.748023 0.000000


-6.290000	2b310
6

K 0.000000 0.000000 0.000000
L 2.687006 2.687006 0.000000
V 0.000000 5.374012 0.000000
F 0.000000 8.061017 -2.687006
F -2.687006 8.061017 0.000000
A -2.687006 10.748023 2.687006


-6.290000	2b300
6

K 0.000000 0.000000 0.000000
L 2.687006 2.687006 0.000000
V 5.374012 5.374012 0.000000
F 5.374012 8.061017 -2.687006
F 2.687006 8.061017 0.000000
A 2.687006 10.748023 2.687006


-6.290000	85940
6

K 0.000000 0.000000 0.000000
L 2.687006 2.687006 0.000000
V 5.374012 2.687006 2.687006
F 5.374012 0.000000 5.374012
F 8.061017 0.000000 2.687006
A 8.061017 -2.687006 0.000000


-6.290000	1a010
6

K 0.000000 0.000000 0.000000
L 2.687006 2.687006 0.000000
V 0.000000 5.374012 0.000000
F 2.687006 8.061017 0.000000
F 0.000000 8.061017 -2.687006
A -2.687006 10.748023 -2.687006


-6.290000	1a000
6

K 0.000000 0.000000 0.000000
L 2.687006 2.687006 0.000000
V 5.374012 5.374012 0.000000
F 8.061017 8.061017 0.000000
F 5.374012 8.061017 -2.687006
A 2.687006 10.748023 -2.687006


-6.290000	2b040
6

K 0.000000 0.000000 0.000000
L 2.687006 2.687006 0.000000
V 5.374012 2.687006 2.687006
F 8.061017 5.374012 2.687006
F 5.374012 5.374012 5.374012
A 5.374012 8.061017 8.061017


-6.290000	2b010
6

K 0.000000 0.000000 0.000000
L 2.687006 2.687006 0.000000
V 0.000000 5.374012 0.000000
F 2.687006 8.061017 0.000000
F 0.000000 8.061017 2.687006
A 0.000000 10.748023 5.374012


-6.290000	2b000
6

K 0.000000 0.000000 0.000000
L 2.687006 2.687006 0.000000
V 5.374012 5.374012 0.000000
F 8.061017 8.061017 0.000000
F 5.374012 8.061017 2.687006
A 5.374012 10.748023 5.374012


-6.290000	30b40
6

K 0.000000 0.000000 0.000000
L 2.687006 2.687006 0.000000
V 5.374012 2.687006 2.687006
F 2.687006 2.687006 5.374012
F 5.374012 5.374012 5.374012
A 5.374012 8.061017 2.687006


-6.290000	30b10
6

K 0.000000 0.000000 0.000000
L 2.687006 2.687006 0.000000
V 0.000000 5.374012 0.000000
F -2.687006 5.374012 2.687006
F 0.000000 8.061017 2.687006
A 0.000000 10.748023 0.000000


-6.290000	74300
6

K 0.000000 0.000000 0.000000
L 2.687006 2.687006 0.000000
V 5.374012 5.374012 0.000000
F 5.374012 8.061017 -2.687006
F 8.061017 8.061017 0.000000
A 10.748023 5.374012 0.000000


-6.290000	30a10
6

K 0.000000 0.000000 0.000000
L 2.687006 2.687006 0.000000
V 0.000000 5.374012 0.000000
F -2.687006 5.374012 -2.687006
F 0.000000 8.061017 -2.687006
A 0.000000 10.748023 -5.374012


-6.290000	96440
6

K 0.000000 0.000000 0.000000
L 2.687006 2.687006 0.000000
V 5.374012 2.687006 2.687006
F 8.061017 2.687006 5.374012
F 5.374012 0.000000 5.374012
A 5.374012 -2.687006 8.061017


-6.290000	96240
6

K 0.000000 0.000000 0.000000
L 2.687006 2.687006 0.000000
V 5.374012 2.687006 2.687006
F 5.374012 5.374012 5.374012
F 2.687006 2.687006 5.374012
A 2.687006 0.000000 8.061017


-6.290000	85110
6

K 0.000000 0.000000 0.000000
L 2.687006 2.687006 0.000000
V 0.000000 5.374012 0.000000
F -2.687006 8.061017 0.000000
F 0.000000 8.061017 -2.687006
A 0.000000 5.374012 -5.374012


-6.290000	85100
6

K 0.000000 0.000000 0.000000
L 2.687006 2.687006 0.000000
V 5.374012 5.374012 0.000000
F 2.687006 8.061017 0.000000
F 5.374012 8.061017 -2.687006
A 5.374012 5.374012 -5.374012


-6.290000	96210
6

K 0.000000 0.000000 0.000000
L 2.687006 2.687006 0.000000
V 0.000000 5.374012 0.000000
F 0.000000 8.061017 2.687006
F -2.687006 5.374012 2.687006
A -2.687006 2.687006 5.374012


-6.290000	2b740
6

K 0.000000 0.000000 0.000000
L 2.687006 2.687006 0.000000
V 5.374012 2.687006 2.687006
F 8.061017 0.000000 2.687006
F 5.374012 0.000000 5.374012
A 5.374012 2.687006 8.061017


-6.290000	40b40
6

K 0.000000 0.000000 0.000000
L 2.687006 2.687006 0.000000
V 5.374012 2.687006 2.687006
F 2.687006 2.687006 5.374012
F 5.374012 5.374012 5.374012
A 8.061017 5.374012 8.061017


-6.290000	40b10
6

K 0.000000 0.000000 0.000000
L 2.687006 2.687006 0.000000
V 0.000000 5.374012 0.000000
F -2.687006 5.374012 2.687006
F 0.000000 8.061017 2.687006
A 2.687006 8.061017 5.374012


-6.290000	a6310
6

K 0.000000 0.000000 0.000000
L 2.687006 2.687006 0.000000
V 0.000000 5.374012 0.000000
F 0.000000 8.061017 -2.687006
F -2.687006 5.374012 -2.687006
A -5.374012 5.374012 -5.374012


-6.290000	40940
6

K 0.000000 0.000000 0.000000
L 2.687006 2.687006 0.000000
V 5.374012 2.687006 2.687006
F 5.374012 0.000000 5.374012
F 8.061017 2.687006 5.374012
A 10.748023 2.687006 8.061017


-6.290000	a6210
6

K 0.000000 0.000000 0.000000
L 2.687006 2.687006 0.000000
V 0.000000 5.374012 0.000000
F 0.000000 8.061017 2.687006
F -2.687006 5.374012 2.687006
A -5.374012 5.374012 0.000000


-6.290000	83700
6

K 0.000000 0.000000 0.000000
L 2.687006 2.687006 0.000000
V 5.374012 5.374012 0.000000
F 8.061017 2.687006 0.000000
F 8.061017 5.374012 -2.687006
A 8.061017 2.687006 -5.374012


-6.290000	29110
6

K 0.000000 0.000000 0.000000
L 2.687006 2.687006 0.000000
V 0.000000 5.374012 0.000000
F -2.687006 8.061017 0.000000
F -2.687006 5.374012 2.687006
A -2.687006 8.061017 5.374012


-6.290000	3a210
6

K 0.000000 0.000000 0.000000
L 2.687006 2.687006 0.000000
V 0.000000 5.374012 0.000000
F 0.000000 8.061017 2.687006
F -2.687006 8.061017 0.000000
A -2.687006 10.748023 -2.687006


-6.290000	3a200
6

K 0.000000 0.000000 0.000000
L 2.687006 2.687006 0.000000
V 5.374012 5.374012 0.000000
F 5.374012 8.061017 2.687006
F 2.687006 8.061017 0.000000
A 2.687006 10.748023 -2.687006


-6.290000	83740
6

K 0.000000 0.000000 0.000000
L 2.687006 2.687006 0.000000
V 5.374012 2.687006 2.687006
F 8.061017 0.000000 2.687006
F 8.061017 2.687006 0.000000
A 8.061017 0.000000 -2.687006


-6.290000	29040
6

K 0.000000 0.000000 0.000000
L 2.687006 2.687006 0.000000
V 5.374012 2.687006 2.687006
F 8.061017 5.374012 2.687006
F 8.061017 2.687006 5.374012
A 8.061017 5.374012 8.061017


-6.290000	29000
6

K 0.000000 0.000000 0.000000
L 2.687006 2.687006 0.000000
V 5.374012 5.374012 0.000000
F 8.061017 8.061017 0.000000
F 8.061017 5.374012 2.687006
A 8.061017 8.061017 5.374012


-6.290000	3a010
6

K 0.000000 0.000000 0.000000
L 2.687006 2.687006 0.000000
V 0.000000 5.374012 0.000000
F 2.687006 8.061017 0.000000
F 0.000000 8.061017 -2.687006
A 0.000000 10.748023 -5.374012


-6.290000	3a000
6

K 0.000000 0.000000 0.000000
L 2.687006 2.687006 0.000000
V 5.374012 5.374012 0.000000
F 8.061017 8.061017 0.000000
F 5.374012 8.061017 -2.687006
A 5.374012 10.748023 -5.374012


-6.290000	4b040
6

K 0.000000 0.000000 0.000000
L 2.687006 2.687006 0.000000
V 5.374012 2.687006 2.687006
F 8.061017 5.374012 2.687006
F 5.374012 5.374012 5.374012
A 8.061017 5.374012 8.061017


-6.290000	4b010
6

K 0.000000 0.000000 0.000000
L 2.687006 2.687006 0.000000
V 0.000000 5.374012 0.000000
F 2.687006 8.061017 0.000000
F 0.000000 8.061017 2.687006
A 2.687006 8.061017 5.374012


-6.290000	4b000
6

K 0.000000 0.000000 0.000000
L 2.687006 2.687006 0.000000
V 5.374012 5.374012 0.000000
F 8.061017 8.061017 0.000000
F 5.374012 8.061017 2.687006
A 8.061017 8.061017 5.374012


-6.290000	50a10
6

K 0.000000 0.000000 0.000000
L 2.687006 2.687006 0.000000
V 0.000000 5.374012 0.000000
F -2.687006 5.374012 -2.687006
F 0.000000 8.061017 -2.687006
A 2.687006 8.061017 -5.374012


-6.290000	b6440
6

K 0.000000 0.000000 0.000000
L 2.687006 2.687006 0.000000
V 5.374012 2.687006 2.687006
F 8.061017 2.687006 5.374012
F 5.374012 0.000000 5.374012
A 2.687006 0.000000 8.061017


-6.290000	94110
6

K 0.000000 0.000000 0.000000
L 2.687006 2.687006 0.000000
V 0.000000 5.374012 0.000000
F -2.687006 8.061017 0.000000
F 0.000000 8.061017 2.687006
A 0.000000 5.374012 5.374012


-6.290000	94100
6

K 0.000000 0.000000 0.000000
L 2.687006 2.687006 0.000000
V 5.374012 5.374012 0.000000
F 2.687006 8.061017 0.000000
F 5.374012 8.061017 2.687006
A 5.374012 5.374012 5.374012


-6.290000	b6310
6

K 0.000000 0.000000 0.000000
L 2.687006 2.687006 0.000000
V 0.000000 5.374012 0.000000
F 0.000000 8.061017 -2.687006
F -2.687006 5.374012 -2.687006
A -5.374012 5.374012 0.000000


-6.290000	50940
6

K 0.000000 0.000000 0.000000
L 2.687006 2.687006 0.000000
V 5.374012 2.687006 2.687006
F 5.374012 0.000000 5.374012
F 8.061017 2.687006 5.374012
A 10.748023 2.687006 2.687006


-6.290000	b6240
6

K 0.000000 0.000000 0.000000
L 2.687006 2.687006 0.000000
V 5.374012 2.687006 2.687006
F 5.374012 5.374012 5.374012
F 2.687006 2.687006 5.374012
A 0.000000 2.687006 8.061017


-6.290000	a5110
6

K 0.000000 0.000000 0.000000
L 2.687006 2.687006 0.000000
V 0.000000 5.374012 0.000000
F -2.687006 8.061017 0.000000
F 0.000000 8.061017 -2.687006
A -2.687006 8.061017 -5.374012


-6.290000	a5100
6

K 0.000000 0.000000 0.000000
L 2.687006 2.687006 0.000000
V 5.374012 5.374012 0.000000
F 2.687006 8.061017 0.000000
F 5.374012 8.061017 -2.687006
A 2.687006 8.061017 -5.374012


-6.290000	b6210
6

K 0.000000 0.000000 0.000000
L 2.687006 2.687006 0.000000
V 0.000000 5.374012 0.000000
F 0.000000 8.061017 2.687006
F -2.687006 5.374012 2.687006
A -5.374012 5.374012 5.374012


-6.290000	07300
6

K 0.000000 0.000000 0.000000
L 2.687006 2.687006 0.000000
V 5.374012 5.374012 0.000000
F 5.374012 8.061017 -2.687006
F 8.061017 5.374012 -2.687006
A 10.748023 8.061017 -2.687006


-6.290000	4b740
6

K 0.000000 0.000000 0.000000
L 2.687006 2.687006 0.000000
V 5.374012 2.687006 2.687006
F 8.061017 0.000000 2.687006
F 5.374012 0.000000 5.374012
A 8.061017 0.000000 8.061017


-6.290000	61940
6

K 0.000000 0.000000 0.000000
L 2.687006 2.687006 0.000000
V 5.374012 2.687006 2.687006
F 5.374012 0.000000 5.374012
F 2.687006 2.687006 5.374012
A 0.000000 0.000000 5.374012


-6.290000	07240
6

K 0.000000 0.000000 0.000000
L 2.687006 2.687006 0.000000
V 5.374012 2.687006 2.687006
F 5.374012 5.374012 5.374012
F 8.061017 2.687006 5.374012
A 10.748023 5.374012 5.374012


-6.290000	07200
6

K 0.000000 0.000000 0.000000
L 2.687006 2.687006 0.000000
V 5.374012 5.374012 0.000000
F 5.374012 8.061017 2.687006
F 8.061017 5.374012 2.687006
A 10.748023 8.061017 2.687006


-5.850000	16ba0
6

K 0.000000 0.000000 0.000000
L 2.687006 2.687006 0.000000
V 0.000000 2.687006 -2.687006
F -2.687006 2.687006 0.000000
F -5.374012 0.000000 0.000000
A -8.061017 2.687006 0.000000


-5.850000	166a0
6

K 0.000000 0.000000 0.000000
L 2.687006 2.687006 0.000000
V 0.000000 2.687006 -2.687006
F -2.687006 0.000000 -2.687006
F -5.374012 -2.687006 -2.687006
A -8.061017 0.000000 -2.687006


-5.850000	6bba0
6

K 0.000000 0.000000 0.000000
L 2.687006 2.687006 0.000000
V 0.000000 2.687006 -2.687006
F -2.687006 2.687006 0.000000
F -5.374012 2.687006 2.687006
A -8.061017 0.000000 2.687006


-5.850000	386a0
6

K 0.000000 0.000000 0.000000
L 2.687006 2.687006 0.000000
V 0.000000 2.687006 -2.687006
F -2.687006 0.000000 -2.687006
F -2.687006 -2.687006 -5.374012
A -2.687006 0.000000 -8.061017


-5.850000	92ba0
6

K 0.000000 0.000000 0.000000
L 2.687006 2.687006 0.000000
V 0.000000 2.687006 -2.687006
F -2.687006 2.687006 0.000000
F -2.687006 5.374012 2.687006
A -2.687006 2.687006 5.374012


-5.850000	5a6a0
6

K 0.000000 0.000000 0.000000
L 2.687006 2.687006 0.000000
V 0.000000 2.687006 -2.687006
F -2.687006 0.000000 -2.687006
F -5.374012 0.000000 -5.374012
A -2.687006 0.000000 -8.061017


-5.850000	6b6a0
6

K 0.000000 0.000000 0.000000
L 2.687006 2.687006 0.000000
V 0.000000 2.687006 -2.687006
F -2.687006 0.000000 -2.687006
F -5.374012 0.000000 0.000000
A -8.061017 -2.687006 0.000000


-5.850000	6aba0
6

K 0.000000 0.000000 0.000000
L 2.687006 2.687006 0.000000
V 0.000000 2.687006 -2.687006
F -2.687006 2.687006 0.000000
F -5.374012 2.687006 -2.687006
A -8.061017 0.000000 -2.687006


-5.850000	6a6a0
6

K 0.000000 0.000000 0.000000
L 2.687006 2.687006 0.000000
V 0.000000 2.687006 -2.687006
F -2.687006 0.000000 -2.687006
F -5.374012 0.000000 -5.374012
A -8.061017 -2.687006 -5.374012


-5.850000	a16a0
6

K 0.000000 0.000000 0.000000
L 2.687006 2.687006 0.000000
V 0.000000 2.687006 -2.687006
F -2.687006 0.000000 -2.687006
F -5.374012 2.687006 -2.687006
A -8.061017 2.687006 -5.374012


-5.850000	698a0
6

K 0.000000 0.000000 0.000000
L 2.687006 2.687006 0.000000
V 0.000000 2.687006 -2.687006
F 0.000000 0.000000 -5.374012
F 0.000000 -2.687006 -2.687006
A -2.687006 -5.374012 -2.687006


-5.850000	586a0
6

K 0.000000 0.000000 0.000000
L 2.687006 2.687006 0.000000
V 0.000000 2.687006 -2.687006
F -2.687006 0.000000 -2.687006
F -2.687006 -2.687006 -5.374012
A 0.000000 -2.687006 -8.061017


-5.850000	a1ba0
6

K 0.000000 0.000000 0.000000
L 2.687006 2.687006 0.000000
V 0.000000 2.687006 -2.687006
F -2.687006 2.687006 0.000000
F -5.374012 5.374012 0.000000
A -8.061017 5.374012 -2.687006


-5.850000	b2ba0
6

K 0.000000 0.000000 0.000000
L 2.687006 2.687006 0.000000
V 0.000000 2.687006 -2.687006
F -2.687006 2.687006 0.000000
F -2.687006 5.374012 2.687006
A -5.374012 5.374012 5.374012


-5.850000	b16a0
6

K 0.000000 0.000000 0.000000
L 2.687006 2.687006 0.000000
V 0.000000 2.687006 -2.687006
F -2.687006 0.000000 -2.687006
F -5.374012 2.687006 -2.687006
A -8.061017 2.687006 0.000000


-5.850000	8aba0
6

K 0.000000 0.000000 0.000000
L 2.687006 2.687006 0.000000
V 0.000000 2.687006 -2.687006
F -2.687006 2.687006 0.000000
F -5.374012 2.687006 -2.687006
A -5.374012 0.000000 -5.374012


-5.850000	9bba0
6

K 0.000000 0.000000 0.000000
L 2.687006 2.687006 0.000000
V 0.000000 2.687006 -2.687006
F -2.687006 2.687006 0.000000
F -5.374012 2.687006 2.687006
A -5.374012 0.000000 5.374012


-5.850000	798a0
6

K 0.000000 0.000000 0.000000
L 2.687006 2.687006 0.000000
V 0.000000 2.687006 -2.687006
F 0.000000 0.000000 -5.374012
F 0.000000 -2.687006 -2.687006
A 2.687006 -5.374012 -2.687006


-5.850000	686a0
6

K 0.000000 0.000000 0.000000
L 2.687006 2.687006 0.000000
V 0.000000 2.687006 -2.687006
F -2.687006 0.000000 -2.687006
F -2.687006 -2.687006 -5.374012
A -5.374012 -5.374012 -5.374012


-5.850000	b1ba0
6

K 0.000000 0.000000 0.000000
L 2.687006 2.687006 0.000000
V 0.000000 2.687006 -2.687006
F -2.687006 2.687006 0.000000
F -5.374012 5.374012 0.000000
A -8.061017 5.374012 2.687006


-5.850000	02ba0
6

K 0.000000 0.000000 0.000000
L 2.687006 2.687006 0.000000
V 0.000000 2.687006 -2.687006
F -2.687006 2.687006 0.000000
F -2.687006 5.374012 2.687006
A 0.000000 8.061017 2.687006


-5.850000	8a6a0
6

K 0.000000 0.000000 0.000000
L 2.687006 2.687006 0.000000
V 0.000000 2.687006 -2.687006
F -2.687006 0.000000 -2.687006
F -5.374012 0.000000 -5.374012
A -5.374012 -2.687006 -8.061017


-5.850000	9b6a0
6

K 0.000000 0.000000 0.000000
L 2.687006 2.687006 0.000000
V 0.000000 2.687006 -2.687006
F -2.687006 0.000000 -2.687006
F -5.374012 0.000000 0.000000
A -5.374012 -2.687006 2.687006


-5.850000	abba0
6

K 0.000000 0.000000 0.000000
L 2.687006 2.687006 0.000000
V 0.000000 2.687006 -2.687006
F -2.687006 2.687006 0.000000
F -5.374012 2.687006 2.687006
A -8.061017 2.687006 0.000000


-5.850000	898a0
6

K 0.000000 0.000000 0.000000
L 2.687006 2.687006 0.000000
V 0.000000 2.687006 -2.687006
F 0.000000 0.000000 -5.374012
F 0.000000 -2.687006 -2.687006
A 0.000000 -5.374012 -5.374012


-5.850000	786a0
6

K 0.000000 0.000000 0.000000
L 2.687006 2.687006 0.000000
V 0.000000 2.687006 -2.687006
F -2.687006 0.000000 -2.687006
F -2.687006 -2.687006 -5.374012
A 0.000000 -5.374012 -5.374012


-5.850000	01ba0
6

K 0.000000 0.000000 0.000000
L 2.687006 2.687006 0.000000
V 0.000000 2.687006 -2.687006
F -2.687006 2.687006 0.000000
F -5.374012 5.374012 0.000000
A -2.687006 8.061017 0.000000


-5.850000	12ba0
6

K 0.000000 0.000000 0.000000
L 2.687006 2.687006 0.000000
V 0.000000 2.687006 -2.687006
F -2.687006 2.687006 0.000000
F -2.687006 5.374012 2.687006
A -5.374012 8.061017 2.687006


-5.850000	ab6a0
6

K 0.000000 0.000000 0.000000
L 2.687006 2.687006 0.000000
V 0.000000 2.687006 -2.687006
F -2.687006 0.000000 -2.687006
F -5.374012 0.000000 0.000000
A -8.061017 0.000000 -2.687006


-5.850000	116a0
6

K 0.000000 0.000000 0.000000
L 2.687006 2.687006 0.000000
V 0.000000 2.687006 -2.687006
F -2.687006 0.000000 -2.687006
F -5.374012 2.687006 -2.687006
A -8.061017 5.374012 -2.687006


-5.850000	66ba0
6

K 0.000000 0.000000 0.000000
L 2.687006 2.687006 0.000000
V 0.000000 2.687006 -2.687006
F -2.687006 2.687006 0.000000
F -5.374012 0.000000 0.000000
A -8.061017 -2.687006 0.000000


-5.850000	aaba0
6

K 0.000000 0.000000 0.000000
L 2.687006 2.687006 0.000000
V 0.000000 2.687006 -2.687006
F -2.687006 2.687006 0.000000
F -5.374012 2.687006 -2.687006
A -8.061017 2.687006 -5.374012


-5.850000	666a0
6

K 0.000000 0.000000 0.000000
L 2.687006 2.687006 0.000000
V 0.000000 2.687006 -2.687006
F -2.687006 0.000000 -2.687006
F -5.374012 -2.687006 -2.687006
A -8.061017 -5.374012 -2.687006


-5.850000	bbba0
6

K 0.000000 0.000000 0.000000
L 2.687006 2.687006 0.000000
V 0.000000 2.687006 -2.687006
F -2.687006 2.687006 0.000000
F -5.374012 2.687006 2.687006
A -8.061017 2.687006 5.374012


-5.850000	998a0
6

K 0.000000 0.000000 0.000000
L 2.687006 2.687006 0.000000
V 0.000000 2.687006 -2.687006
F 0.000000 0.000000 -5.374012
F 0.000000 -2.687006 -2.687006
A 0.000000 -5.374012 0.000000


-5.850000	886a0
6

K 0.000000 0.000000 0.000000
L 2.687006 2.687006 0.000000
V 0.000000 2.687006 -2.687006
F -2.687006 0.000000 -2.687006
F -2.687006 -2.687006 -5.374012
A -2.687006 -5.374012 -8.061017


-5.850000	11ba0
6

K 0.000000 0.000000 0.000000
L 2.687006 2.687006 0.000000
V 0.000000 2.687006 -2.687006
F -2.687006 2.687006 0.000000
F -5.374012 5.374012 0.000000
A -8.061017 8.061017 0.000000


-5.850000	22ba0
6

K 0.000000 0.000000 0.000000
L 2.687006 2.687006 0.000000
V 0.000000 2.687006 -2.687006
F -2.687006 2.687006 0.000000
F -2.687006 5.374012 2.687006
A -2.687006 8.061017 5.374012


-5.850000	aa6a0
6

K 0.000000 0.000000 0.000000
L 2.687006 2.687006 0.000000
V 0.000000 2.687006 -2.687006
F -2.687006 0.000000 -2.687006
F -5.374012 0.000000 -5.374012
A -8.061017 0.000000 -8.061017


-5.850000	bb6a0
6

K 0.000000 0.000000 0.000000
L 2.687006 2.687006 0.000000
V 0.000000 2.687006 -2.687006
F -2.687006 0.000000 -2.687006
F -5.374012 0.000000 0.000000
A -8.061017 0.000000 2.687006


-5.850000	216a0
6

K 0.000000 0.000000 0.000000
L 2.687006 2.687006 0.000000
V 0.000000 2.687006 -2.687006
F -2.687006 0.000000 -2.687006
F -5.374012 2.687006 -2.687006
A -5.374012 5.374012 0.000000


-5.850000	baba0
6

K 0.000000 0.000000 0.000000
L 2.687006 2.687006 0.000000
V 0.000000 2.687006 -2.687006
F -2.687006 2.687006 0.000000
F -5.374012 2.687006 -2.687006
A -8.061017 2.687006 0.000000


-5.850000	766a0
6

K 0.000000 0.000000 0.000000
L 2.687006 2.687006 0.000000
V 0.000000 2.687006 -2.687006
F -2.687006 0.000000 -2.687006
F -5.374012 -2.687006 -2.687006
A -2.687006 -5.374012 -2.687006


-5.850000	986a0
6

K 0.000000 0.000000 0.000000
L 2.687006 2.687006 0.000000
V 0.000000 2.687006 -2.687006
F -2.687006 0.000000 -2.687006
F -2.687006 -2.687006 -5.374012
A -2.687006 -5.374012 -2.687006


-5.850000	21ba0
6

K 0.000000 0.000000 0.000000
L 2.687006 2.687006 0.000000
V 0.000000 2.687006 -2.687006
F -2.687006 2.687006 0.000000
F -5.374012 5.374012 0.000000
A -5.374012 8.061017 2.687006


-5.850000	32ba0
6

K 0.000000 0.000000 0.000000
L 2.687006 2.687006 0.000000
V 0.000000 2.687006 -2.687006
F -2.687006 2.687006 0.000000
F -2.687006 5.374012 2.687006
A -2.687006 8.061017 0.000000


-5.850000	ba6a0
6

K 0.000000 0.000000 0.000000
L 2.687006 2.687006 0.000000
V 0.000000 2.687006 -2.687006
F -2.687006 0.000000 -2.687006
F -5.374012 0.000000 -5.374012
A -8.061017 0.000000 -2.687006


-5.850000	316a0
6

K 0.000000 0.000000 0.000000
L 2.687006 2.687006 0.000000
V 0.000000 2.687006 -2.687006
F -2.687006 0.000000 -2.687006
F -5.374012 2.687006 -2.687006
A -5.374012 5.374012 -5.374012


-5.850000	86ba0
6

K 0.000000 0.000000 0.000000
L 2.687006 2.687006 0.000000
V 0.000000 2.687006 -2.687006
F -2.687006 2.687006 0.000000
F -5.374012 0.000000 0.000000
A -5.374012 -2.687006 -2.687006


-5.850000	866a0
6

K 0.000000 0.000000 0.000000
L 2.687006 2.687006 0.000000
V 0.000000 2.687006 -2.687006
F -2.687006 0.000000 -2.687006
F -5.374012 -2.687006 -2.687006
A -5.374012 -5.374012 -5.374012


-5.850000	1bba0
6

K 0.000000 0.000000 0.000000
L 2.687006 2.687006 0.000000
V 0.000000 2.687006 -2.687006
F -2.687006 2.687006 0.000000
F -5.374012 2.687006 2.687006
A -8.061017 5.374012 2.687006


-5.850000	a86a0
6

K 0.000000 0.000000 0.000000
L 2.687006 2.687006 0.000000
V 0.000000 2.687006 -2.687006
F -2.687006 0.000000 -2.687006
F -2.687006 -2.687006 -5.374012
A -5.374012 -2.687006 -8.061017


-5.850000	31ba0
6

K 0.000000 0.000000 0.000000
L 2.687006 2.687006 0.000000
V 0.000000 2.687006 -2.687006
F -2.687006 2.687006 0.000000
F -5.374012 5.374012 0.000000
A -5.374012 8.061017 -2.687006


-5.850000	42ba0
6

K 0.000000 0.000000 0.000000
L 2.687006 2.687006 0.000000
V 0.000000 2.687006 -2.687006
F -2.687006 2.687006 0.000000
F -2.687006 5.374012 2.687006
A 0.000000 5.374012 5.374012


-5.850000	1b6a0
6

K 0.000000 0.000000 0.000000
L 2.687006 2.687006 0.000000
V 0.000000 2.687006 -2.687006
F -2.687006 0.000000 -2.687006
F -5.374012 0.000000 0.000000
A -8.061017 2.687006 0.000000


-5.850000	96ba0
6

K 0.000000 0.000000 0.000000
L 2.687006 2.687006 0.000000
V 0.000000 2.687006 -2.687006
F -2.687006 2.687006 0.000000
F -5.374012 0.000000 0.000000
A -5.374012 -2.687006 2.687006


-5.850000	1aba0
6

K 0.000000 0.000000 0.000000
L 2.687006 2.687006 0.000000
V 0.000000 2.687006 -2.687006
F -2.687006 2.687006 0.000000
F -5.374012 2.687006 -2.687006
A -8.061017 5.374012 -2.687006


-5.850000	966a0
6

K 0.000000 0.000000 0.000000
L 2.687006 2.687006 0.000000
V 0.000000 2.687006 -2.687006
F -2.687006 0.000000 -2.687006
F -5.374012 -2.687006 -2.687006
A -5.374012 -5.374012 0.000000


-5.850000	2bba0
6

K 0.000000 0.000000 0.000000
L 2.687006 2.687006 0.000000
V 0.000000 2.687006 -2.687006
F -2.687006 2.687006 0.000000
F -5.374012 2.687006 2.687006
A -5.374012 5.374012 5.374012


-5.850000	1a6a0
6

K 0.000000 0.000000 0.000000
L 2.687006 2.687006 0.000000
V 0.000000 2.687006 -2.687006
F -2.687006 0.000000 -2.687006
F -5.374012 0.000000 -5.374012
A -8.061017 2.687006 -5.374012


-5.850000	2b6a0
6

K 0.000000 0.000000 0.000000
L 2.687006 2.687006 0.000000
V 0.000000 2.687006 -2.687006
F -2.687006 0.000000 -2.687006
F -5.374012 0.000000 0.000000
A -5.374012 2.687006 2.687006


-5.850000	a6ba0
6

K 0.000000 0.000000 0.000000
L 2.687006 2.687006 0.000000
V 0.000000 2.687006 -2.687006
F -2.687006 2.687006 0.000000
F -5.374012 0.000000 0.000000
A -8.061017 0.000000 -2.687006


-5.850000	a66a0
6

K 0.000000 0.000000 0.000000
L 2.687006 2.687006 0.000000
V 0.000000 2.687006 -2.687006
F -2.687006 0.000000 -2.687006
F -5.374012 -2.687006 -2.687006
A -8.061017 -2.687006 -5.374012


-5.850000	616a0
6

K 0.000000 0.000000 0.000000
L 2.687006 2.687006 0.000000
V 0.000000 2.687006 -2.687006
F -2.687006 0.000000 -2.687006
F -5.374012 2.687006 -2.687006
A -8.061017 0.000000 -2.687006


-5.850000	b6ba0
6

K 0.000000 0.000000 0.000000
L 2.687006 2.687006 0.000000
V 0.000000 2.687006 -2.687006
F -2.687006 2.687006 0.000000
F -5.374012 0.000000 0.000000
A -8.061017 0.000000 2.687006


-5.850000	3aba0
6

K 0.000000 0.000000 0.000000
L 2.687006 2.687006 0.000000
V 0.000000 2.687006 -2.687006
F -2.687006 2.687006 0.000000
F -5.374012 2.687006 -2.687006
A -5.374012 5.374012 -5.374012


-5.850000	b66a0
6

K 0.000000 0.000000 0.000000
L 2.687006 2.687006 0.000000
V 0.000000 2.687006 -2.687006
F -2.687006 0.000000 -2.687006
F -5.374012 -2.687006 -2.687006
A -8.061017 -2.687006 0.000000


-5.850000	4bba0
6

K 0.000000 0.000000 0.000000
L 2.687006 2.687006 0.000000
V 0.000000 2.687006 -2.687006
F -2.687006 2.687006 0.000000
F -5.374012 2.687006 2.687006
A -2.687006 2.687006 5.374012


-5.850000	61ba0
6

K 0.000000 0.000000 0.000000
L 2.687006 2.687006 0.000000
V 0.000000 2.687006 -2.687006
F -2.687006 2.687006 0.000000
F -5.374012 5.374012 0.000000
A -8.061017 2.687006 0.000000


-5.850000	3a6a0
6

K 0.000000 0.000000 0.000000
L 2.687006 2.687006 0.000000
V 0.000000 2.687006 -2.687006
F -2.687006 0.000000 -2.687006
F -5.374012 0.000000 -5.374012
A -5.374012 2.687006 -8.061017


-5.350000	76110
6

K 0.000000 0.000000 0.000000
L 2.687006 2.687006 0.000000
V 0.000000 5.374012 0.000000
F -2.687006 8.061017 0.000000
F -5.374012 5.374012 0.000000
A -2.687006 2.687006 0.000000


-4.810000	27040
6

K 0.000000 0.000000 0.000000
L 2.687006 2.687006 0.000000
V 5.374012 2.687006 2.687006
F 8.061017 5.374012 2.687006
F 10.748023 2.687006 2.687006
A 10.748023 5.374012 5.374012


-4.810000	27000
6

K 0.000000 0.000000 0.000000
L 2.687006 2.687006 0.000000
V 5.374012 5.374012 0.000000
F 8.061017 8.061017 0.000000
F 10.748023 5.374012 0.000000
A 10.748023 8.061017 2.687006


-4.810000	81310
6

K 0.000000 0.000000 0.000000
L 2.687006 2.687006 0.000000
V 0.000000 5.374012 0.000000
F 0.000000 8.061017 -2.687006
F -2.687006 10.748023 -2.687006
A -2.687006 8.061017 -5.374012


-4.810000	81300
6

K 0.000000 0.000000 0.000000
L 2.687006 2.687006 0.000000
V 5.374012 5.374012 0.000000
F 5.374012 8.061017 -2.687006
F 2.687006 10.748023 -2.687006
A 2.687006 8.061017 -5.374012


-4.810000	27940
6

K 0.000000 0.000000 0.000000
L 2.687006 2.687006 0.000000
V 5.374012 2.687006 2.687006
F 5.374012 0.000000 5.374012
F 8.061017 -2.687006 5.374012
A 8.061017 0.000000 8.061017


-4.810000	27700
6

K 0.000000 0.000000 0.000000
L 2.687006 2.687006 0.000000
V 5.374012 5.374012 0.000000
F 8.061017 2.687006 0.000000
F 10.748023 0.000000 0.000000
A 10.748023 2.687006 2.687006


-4.810000	81110
6

K 0.000000 0.000000 0.000000
L 2.687006 2.687006 0.000000
V 0.000000 5.374012 0.000000
F -2.687006 8.061017 0.000000
F -5.374012 10.748023 0.000000
A -5.374012 8.061017 -2.687006


-4.810000	81100
6

K 0.000000 0.000000 0.000000
L 2.687006 2.687006 0.000000
V 5.374012 5.374012 0.000000
F 2.687006 8.061017 0.000000
F 0.000000 10.748023 0.000000
A 0.000000 8.061017 -2.687006


-4.810000	27740
6

K 0.000000 0.000000 0.000000
L 2.687006 2.687006 0.000000
V 5.374012 2.687006 2.687006
F 8.061017 0.000000 2.687006
F 10.748023 -2.687006 2.687006
A 10.748023 0.000000 5.374012


-4.810000	81b10
6

K 0.000000 0.000000 0.000000
L 2.687006 2.687006 0.000000
V 0.000000 5.374012 0.000000
F -2.687006 5.374012 2.687006
F -5.374012 8.061017 2.687006
A -5.374012 5.374012 0.000000


-4.810000	27540
6

K 0.000000 0.000000 0.000000
L 2.687006 2.687006 0.000000
V 5.374012 2.687006 2.687006
F 8.061017 2.687006 0.000000
F 10.748023 0.000000 0.000000
A 10.748023 2.687006 2.687006


-4.810000	27500
6

K 0.000000 0.000000 0.000000
L 2.687006 2.687006 0.000000
V 5.374012 5.374012 0.000000
F 8.061017 5.374012 -2.687006
F 10.748023 2.687006 -2.687006
A 10.748023 5.374012 0.000000


-4.810000	81a10
6

K 0.000000 0.000000 0.000000
L 2.687006 2.687006 0.000000
V 0.000000 5.374012 0.000000
F -2.687006 5.374012 -2.687006
F -5.374012 8.061017 -2.687006
A -5.374012 5.374012 -5.374012


-4.810000	27440
6

K 0.000000 0.000000 0.000000
L 2.687006 2.687006 0.000000
V 5.374012 2.687006 2.687006
F 8.061017 2.687006 5.374012
F 10.748023 0.000000 5.374012
A 10.748023 2.687006 8.061017


-4.810000	27400
6

K 0.000000 0.000000 0.000000
L 2.687006 2.687006 0.000000
V 5.374012 5.374012 0.000000
F 8.061017 5.374012 2.687006
F 10.748023 2.687006 2.687006
A 10.748023 5.374012 5.374012


-4.810000	26b40
6

K 0.000000 0.000000 0.000000
L 2.687006 2.687006 0.000000
V 5.374012 2.687006 2.687006
F 2.687006 2.687006 5.374012
F 0.000000 0.000000 5.374012
A 0.000000 2.687006 8.061017


-4.810000	37040
6

K 0.000000 0.000000 0.000000
L 2.687006 2.687006 0.000000
V 5.374012 2.687006 2.687006
F 8.061017 5.374012 2.687006
F 10.748023 2.687006 2.687006
A 10.748023 5.374012 0.000000


-4.810000	15a10
6

K 0.000000 0.000000 0.000000
L 2.687006 2.687006 0.000000
V 0.000000 5.374012 0.000000
F -2.687006 5.374012 -2.687006
F 0.000000 5.374012 -5.374012
A -2.687006 8.061017 -5.374012


-4.810000	26b10
6

K 0.000000 0.000000 0.000000
L 2.687006 2.687006 0.000000
V 0.000000 5.374012 0.000000
F -2.687006 5.374012 2.687006
F -5.374012 2.687006 2.687006
A -5.374012 5.374012 5.374012


-4.810000	37000
6

K 0.000000 0.000000 0.000000
L 2.687006 2.687006 0.000000
V 5.374012 5.374012 0.000000
F 8.061017 8.061017 0.000000
F 10.748023 5.374012 0.000000
A 10.748023 8.061017 -2.687006


-4.810000	7b440
6

K 0.000000 0.000000 0.000000
L 2.687006 2.687006 0.000000
V 5.374012 2.687006 2.687006
F 8.061017 2.687006 5.374012
F 5.374012 2.687006 8.061017
A 8.061017 0.000000 8.061017


-4.810000	80540
6

K 0.000000 0.000000 0.000000
L 2.687006 2.687006 0.000000
V 5.374012 2.687006 2.687006
F 8.061017 2.687006 0.000000
F 10.748023 5.374012 0.000000
A 10.748023 2.687006 -2.687006


-4.810000	7b400
6

K 0.000000 0.000000 0.000000
L 2.687006 2.687006 0.000000
V 5.374012 5.374012 0.000000
F 8.061017 5.374012 2.687006
F 5.374012 5.374012 5.374012
A 8.061017 2.687006 5.374012


-4.810000	80500
6

K 0.000000 0.000000 0.000000
L 2.687006 2.687006 0.000000
V 5.374012 5.374012 0.000000
F 8.061017 5.374012 -2.687006
F 10.748023 8.061017 -2.687006
A 10.748023 5.374012 -5.374012


-4.810000	26a10
6

K 0.000000 0.000000 0.000000
L 2.687006 2.687006 0.000000
V 0.000000 5.374012 0.000000
F -2.687006 5.374012 -2.687006
F -5.374012 2.687006 -2.687006
A -5.374012 5.374012 0.000000


-4.810000	80440
6

K 0.000000 0.000000 0.000000
L 2.687006 2.687006 0.000000
V 5.374012 2.687006 2.687006
F 8.061017 2.687006 5.374012
F 10.748023 5.374012 5.374012
A 10.748023 2.687006 2.687006


-4.810000	80400
6

K 0.000000 0.000000 0.000000
L 2.687006 2.687006 0.000000
V 5.374012 5.374012 0.000000
F 8.061017 5.374012 2.687006
F 10.748023 8.061017 2.687006
A 10.748023 5.374012 0.000000


-4.810000	7b240
6

K 0.000000 0.000000 0.000000
L 2.687006 2.687006 0.000000
V 5.374012 2.687006 2.687006
F 5.374012 5.374012 5.374012
F 2.687006 5.374012 8.061017
A 5.374012 2.687006 8.061017


-4.810000	7b210
6

K 0.000000 0.000000 0.000000
L 2.687006 2.687006 0.000000
V 0.000000 5.374012 0.000000
F 0.000000 8.061017 2.687006
F -2.687006 8.061017 5.374012
A 0.000000 5.374012 5.374012


-4.810000	7b200
6

K 0.000000 0.000000 0.000000
L 2.687006 2.687006 0.000000
V 5.374012 5.374012 0.000000
F 5.374012 8.061017 2.687006
F 2.687006 8.061017 5.374012
A 5.374012 5.374012 5.374012


-4.810000	80310
6

K 0.000000 0.000000 0.000000
L 2.687006 2.687006 0.000000
V 0.000000 5.374012 0.000000
F 0.000000 8.061017 -2.687006
F 2.687006 10.748023 -2.687006
A 2.687006 8.061017 -5.374012


-4.810000	80300
6

K 0.000000 0.000000 0.000000
L 2.687006 2.687006 0.000000
V 5.374012 5.374012 0.000000
F 5.374012 8.061017 -2.687006
F 8.061017 10.748023 -2.687006
A 8.061017 8.061017 -5.374012


-4.810000	26940
6

K 0.000000 0.000000 0.000000
L 2.687006 2.687006 0.000000
V 5.374012 2.687006 2.687006
F 5.374012 0.000000 5.374012
F 2.687006 -2.687006 5.374012
A 2.687006 0.000000 8.061017


-4.810000	91240
6

K 0.000000 0.000000 0.000000
L 2.687006 2.687006 0.000000
V 5.374012 2.687006 2.687006
F 5.374012 5.374012 5.374012
F 2.687006 8.061017 5.374012
A 2.687006 5.374012 8.061017


-4.810000	91210
6

K 0.000000 0.000000 0.000000
L 2.687006 2.687006 0.000000
V 0.000000 5.374012 0.000000
F 0.000000 8.061017 2.687006
F -2.687006 10.748023 2.687006
A -2.687006 8.061017 5.374012


-4.810000	91200
6

K 0.000000 0.000000 0.000000
L 2.687006 2.687006 0.000000
V 5.374012 5.374012 0.000000
F 5.374012 8.061017 2.687006
F 2.687006 10.748023 2.687006
A 2.687006 8.061017 5.374012


-4.810000	a2310
6

K 0.000000 0.000000 0.000000
L 2.687006 2.687006 0.000000
V 0.000000 5.374012 0.000000
F 0.000000 8.061017 -2.687006
F 0.000000 10.748023 0.000000
A -2.687006 10.748023 -2.687006


-4.810000	a2300
6

K 0.000000 0.000000 0.000000
L 2.687006 2.687006 0.000000
V 5.374012 5.374012 0.000000
F 5.374012 8.061017 -2.687006
F 5.374012 10.748023 0.000000
A 2.687006 10.748023 -2.687006


-4.810000	48940
6

K 0.000000 0.000000 0.000000
L 2.687006 2.687006 0.000000
V 5.374012 2.687006 2.687006
F 5.374012 0.000000 5.374012
F 5.374012 -2.687006 2.687006
A 8.061017 -2.687006 5.374012


-4.810000	37700
6

K 0.000000 0.000000 0.000000
L 2.687006 2.687006 0.000000
V 5.374012 5.374012 0.000000
F 8.061017 2.687006 0.000000
F 10.748023 0.000000 0.000000
A 10.748023 2.687006 -2.687006


-4.810000	7bb40
6

K 0.000000 0.000000 0.000000
L 2.687006 2.687006 0.000000
V 5.374012 2.687006 2.687006
F 2.687006 2.687006 5.374012
F 0.000000 2.687006 8.061017
A 2.687006 0.000000 8.061017


-4.810000	80040
6

K 0.000000 0.000000 0.000000
L 2.687006 2.687006 0.000000
V 5.374012 2.687006 2.687006
F 8.061017 5.374012 2.687006
F 10.748023 8.061017 2.687006
A 10.748023 5.374012 0.000000


-4.810000	7bb10
6

K 0.000000 0.000000 0.000000
L 2.687006 2.687006 0.000000
V 0.000000 5.374012 0.000000
F -2.687006 5.374012 2.687006
F -5.374012 5.374012 5.374012
A -2.687006 2.687006 5.374012


-4.810000	a2240
6

K 0.000000 0.000000 0.000000
L 2.687006 2.687006 0.000000
V 5.374012 2.687006 2.687006
F 5.374012 5.374012 5.374012
F 5.374012 8.061017 8.061017
A 2.687006 8.061017 5.374012


-4.810000	80010
6

K 0.000000 0.000000 0.000000
L 2.687006 2.687006 0.000000
V 0.000000 5.374012 0.000000
F 2.687006 8.061017 0.000000
F 5.374012 10.748023 0.000000
A 5.374012 8.061017 -2.687006


-4.810000	80000
6

K 0.000000 0.000000 0.000000
L 2.687006 2.687006 0.000000
V 5.374012 5.374012 0.000000
F 8.061017 8.061017 0.000000
F 10.748023 10.748023 0.000000
A 10.748023 8.061017 -2.687006


-4.810000	91110
6

K 0.000000 0.000000 0.000000
L 2.687006 2.687006 0.000000
V 0.000000 5.374012 0.000000
F -2.687006 8.061017 0.000000
F -5.374012 10.748023 0.000000
A -5.374012 8.061017 2.687006


-4.810000	91100
6

K 0.000000 0.000000 0.000000
L 2.687006 2.687006 0.000000
V 5.374012 5.374012 0.000000
F 2.687006 8.061017 0.000000
F 0.000000 10.748023 0.000000
A 0.000000 8.061017 2.687006


-4.810000	a2210
6

K 0.000000 0.000000 0.000000
L 2.687006 2.687006 0.000000
V 0.000000 5.374012 0.000000
F 0.000000 8.061017 2.687006
F 0.000000 10.748023 5.374012
A -2.687006 10.748023 2.687006


-4.810000	15540
6

K 0.000000 0.000000 0.000000
L 2.687006 2.687006 0.000000
V 5.374012 2.687006 2.687006
F 8.061017 2.687006 0.000000
F 10.748023 2.687006 -2.687006
A 8.061017 5.374012 -2.687006


-4.810000	a2200
6

K 0.000000 0.000000 0.000000
L 2.687006 2.687006 0.000000
V 5.374012 5.374012 0.000000
F 5.374012 8.061017 2.687006
F 5.374012 10.748023 5.374012
A 2.687006 10.748023 2.687006


-4.810000	b3310
6

K 0.000000 0.000000 0.000000
L 2.687006 2.687006 0.000000
V 0.000000 5.374012 0.000000
F 0.000000 8.061017 -2.687006
F 0.000000 10.748023 -5.374012
A -2.687006 10.748023 -2.687006


-4.810000	b3300
6

K 0.000000 0.000000 0.000000
L 2.687006 2.687006 0.000000
V 5.374012 5.374012 0.000000
F 5.374012 8.061017 -2.687006
F 5.374012 10.748023 -5.374012
A 2.687006 10.748023 -2.687006


-4.810000	37740
6

K 0.000000 0.000000 0.000000
L 2.687006 2.687006 0.000000
V 5.374012 2.687006 2.687006
F 8.061017 0.000000 2.687006
F 10.748023 -2.687006 2.687006
A 10.748023 0.000000 0.000000


-4.810000	15500
6

K 0.000000 0.000000 0.000000
L 2.687006 2.687006 0.000000
V 5.374012 5.374012 0.000000
F 8.061017 5.374012 -2.687006
F 10.748023 5.374012 -5.374012
A 8.061017 8.061017 -5.374012


-4.810000	59940
6

K 0.000000 0.000000 0.000000
L 2.687006 2.687006 0.000000
V 5.374012 2.687006 2.687006
F 5.374012 0.000000 5.374012
F 5.374012 -2.687006 8.061017
A 8.061017 -2.687006 5.374012


-4.810000	48700
6

K 0.000000 0.000000 0.000000
L 2.687006 2.687006 0.000000
V 5.374012 5.374012 0.000000
F 8.061017 2.687006 0.000000
F 8.061017 0.000000 -2.687006
A 10.748023 0.000000 0.000000


-4.810000	b3240
6

K 0.000000 0.000000 0.000000
L 2.687006 2.687006 0.000000
V 5.374012 2.687006 2.687006
F 5.374012 5.374012 5.374012
F 5.374012 8.061017 2.687006
A 2.687006 8.061017 5.374012


-4.810000	a2110
6

K 0.000000 0.000000 0.000000
L 2.687006 2.687006 0.000000
V 0.000000 5.374012 0.000000
F -2.687006 8.061017 0.000000
F -2.687006 10.748023 2.687006
A -5.374012 10.748023 0.000000


-4.810000	a2100
6

K 0.000000 0.000000 0.000000
L 2.687006 2.687006 0.000000
V 5.374012 5.374012 0.000000
F 2.687006 8.061017 0.000000
F 2.687006 10.748023 2.687006
A 0.000000 10.748023 0.000000


-4.810000	b3210
6

K 0.000000 0.000000 0.000000
L 2.687006 2.687006 0.000000
V 0.000000 5.374012 0.000000
F 0.000000 8.061017 2.687006
F 0.000000 10.748023 0.000000
A -2.687006 10.748023 2.687006


-4.810000	b3200
6

K 0.000000 0.000000 0.000000
L 2.687006 2.687006 0.000000
V 5.374012 5.374012 0.000000
F 5.374012 8.061017 2.687006
F 5.374012 10.748023 0.000000
A 2.687006 10.748023 2.687006


-4.810000	48740
6

K 0.000000 0.000000 0.000000
L 2.687006 2.687006 0.000000
V 5.374012 2.687006 2.687006
F 8.061017 0.000000 2.687006
F 8.061017 -2.687006 0.000000
A 10.748023 -2.687006 2.687006


-4.810000	59700
6

K 0.000000 0.000000 0.000000
L 2.687006 2.687006 0.000000
V 5.374012 5.374012 0.000000
F 8.061017 2.687006 0.000000
F 8.061017 0.000000 2.687006
A 10.748023 0.000000 0.000000


-4.810000	91b40
6

K 0.000000 0.000000 0.000000
L 2.687006 2.687006 0.000000
V 5.374012 2.687006 2.687006
F 2.687006 2.687006 5.374012
F 0.000000 5.374012 5.374012
A 0.000000 2.687006 8.061017


-4.810000	a2040
6

K 0.000000 0.000000 0.000000
L 2.687006 2.687006 0.000000
V 5.374012 2.687006 2.687006
F 8.061017 5.374012 2.687006
F 8.061017 8.061017 5.374012
A 5.374012 8.061017 2.687006


-4.810000	91b10
6

K 0.000000 0.000000 0.000000
L 2.687006 2.687006 0.000000
V 0.000000 5.374012 0.000000
F -2.687006 5.374012 2.687006
F -5.374012 8.061017 2.687006
A -5.374012 5.374012 5.374012


-4.810000	a2010
6

K 0.000000 0.000000 0.000000
L 2.687006 2.687006 0.000000
V 0.000000 5.374012 0.000000
F 2.687006 8.061017 0.000000
F 2.687006 10.748023 2.687006
A 0.000000 10.748023 0.000000


-4.810000	a2000
6

K 0.000000 0.000000 0.000000
L 2.687006 2.687006 0.000000
V 5.374012 5.374012 0.000000
F 8.061017 8.061017 0.000000
F 8.061017 10.748023 2.687006
A 5.374012 10.748023 0.000000


-4.810000	b3110
6

K 0.000000 0.000000 0.000000
L 2.687006 2.687006 0.000000
V 0.000000 5.374012 0.000000
F -2.687006 8.061017 0.000000
F -2.687006 10.748023 -2.687006
A -5.374012 10.748023 0.000000


-4.810000	b3100
6

K 0.000000 0.000000 0.000000
L 2.687006 2.687006 0.000000
V 5.374012 5.374012 0.000000
F 2.687006 8.061017 0.000000
F 2.687006 10.748023 -2.687006
A 0.000000 10.748023 0.000000


-4.810000	37540
6

K 0.000000 0.000000 0.000000
L 2.687006 2.687006 0.000000
V 5.374012 2.687006 2.687006
F 8.061017 2.687006 0.000000
F 10.748023 0.000000 0.000000
A 10.748023 2.687006 -2.687006


-4.810000	15310
6

K 0.000000 0.000000 0.000000
L 2.687006 2.687006 0.000000
V 0.000000 5.374012 0.000000
F 0.000000 8.061017 -2.687006
F 2.687006 8.061017 -5.374012
A 0.000000 10.748023 -5.374012


-4.810000	15300
6

K 0.000000 0.000000 0.000000
L 2.687006 2.687006 0.000000
V 5.374012 5.374012 0.000000
F 5.374012 8.061017 -2.687006
F 8.061017 8.061017 -5.374012
A 5.374012 10.748023 -5.374012


-4.810000	59740
6

K 0.000000 0.000000 0.000000
L 2.687006 2.687006 0.000000
V 5.374012 2.687006 2.687006
F 8.061017 0.000000 2.687006
F 8.061017 -2.687006 5.374012
A 10.748023 -2.687006 2.687006


-4.810000	37500
6

K 0.000000 0.000000 0.000000
L 2.687006 2.687006 0.000000
V 5.374012 5.374012 0.000000
F 8.061017 5.374012 -2.687006
F 10.748023 2.687006 -2.687006
A 10.748023 5.374012 -5.374012


-4.810000	7b940
6

K 0.000000 0.000000 0.000000
L 2.687006 2.687006 0.000000
V 5.374012 2.687006 2.687006
F 5.374012 0.000000 5.374012
F 2.687006 0.000000 8.061017
A 5.374012 -2.687006 8.061017


-4.810000	a2b40
6

K 0.000000 0.000000 0.000000
L 2.687006 2.687006 0.000000
V 5.374012 2.687006 2.687006
F 2.687006 2.687006 5.374012
F 2.687006 5.374012 8.061017
A 0.000000 5.374012 5.374012


-4.810000	b3040
6

K 0.000000 0.000000 0.000000
L 2.687006 2.687006 0.000000
V 5.374012 2.687006 2.687006
F 8.061017 5.374012 2.687006
F 8.061017 8.061017 0.000000
A 5.374012 8.061017 2.687006


-4.810000	91a10
6

K 0.000000 0.000000 0.000000
L 2.687006 2.687006 0.000000
V 0.000000 5.374012 0.000000
F -2.687006 5.374012 -2.687006
F -5.374012 8.061017 -2.687006
A -5.374012 5.374012 0.000000


-4.810000	a2b10
6

K 0.000000 0.000000 0.000000
L 2.687006 2.687006 0.000000
V 0.000000 5.374012 0.000000
F -2.687006 5.374012 2.687006
F -2.687006 8.061017 5.374012
A -5.374012 8.061017 2.687006


-4.810000	b3010
6

K 0.000000 0.000000 0.000000
L 2.687006 2.687006 0.000000
V 0.000000 5.374012 0.000000
F 2.687006 8.061017 0.000000
F 2.687006 10.748023 -2.687006
A 0.000000 10.748023 0.000000


-4.810000	b3000
6

K 0.000000 0.000000 0.000000
L 2.687006 2.687006 0.000000
V 5.374012 5.374012 0.000000
F 8.061017 8.061017 0.000000
F 8.061017 10.748023 -2.687006
A 5.374012 10.748023 0.000000


-4.810000	37440
6

K 0.000000 0.000000 0.000000
L 2.687006 2.687006 0.000000
V 5.374012 2.687006 2.687006
F 8.061017 2.687006 5.374012
F 10.748023 0.000000 5.374012
A 10.748023 2.687006 2.687006


-4.810000	48540
6

K 0.000000 0.000000 0.000000
L 2.687006 2.687006 0.000000
V 5.374012 2.687006 2.687006
F 8.061017 2.687006 0.000000
F 8.061017 0.000000 -2.687006
A 10.748023 0.000000 0.000000


-4.810000	37400
6

K 0.000000 0.000000 0.000000
L 2.687006 2.687006 0.000000
V 5.374012 5.374012 0.000000
F 8.061017 5.374012 2.687006
F 10.748023 2.687006 2.687006
A 10.748023 5.374012 0.000000


-4.810000	48500
6

K 0.000000 0.000000 0.000000
L 2.687006 2.687006 0.000000
V 5.374012 5.374012 0.000000
F 8.061017 5.374012 -2.687006
F 8.061017 2.687006 -5.374012
A 10.748023 2.687006 -2.687006


-4.810000	80700
6

K 0.000000 0.000000 0.000000
L 2.687006 2.687006 0.000000
V 5.374012 5.374012 0.000000
F 8.061017 2.687006 0.000000
F 10.748023 5.374012 0.000000
A 10.748023 2.687006 -2.687006


-4.810000	15040
6

K 0.000000 0.000000 0.000000
L 2.687006 2.687006 0.000000
V 5.374012 2.687006 2.687006
F 8.061017 5.374012 2.687006
F 10.748023 5.374012 0.000000
A 8.061017 8.061017 0.000000


-4.810000	b3a10
6

K 0.000000 0.000000 0.000000
L 2.687006 2.687006 0.000000
V 0.000000 5.374012 0.000000
F -2.687006 5.374012 -2.687006
F -2.687006 8.061017 -5.374012
A -5.374012 8.061017 -2.687006


-4.810000	15010
6

K 0.000000 0.000000 0.000000
L 2.687006 2.687006 0.000000
V 0.000000 5.374012 0.000000
F 2.687006 8.061017 0.000000
F 5.374012 8.061017 -2.687006
A 2.687006 10.748023 -2.687006


-4.810000	15000
6

K 0.000000 0.000000 0.000000
L 2.687006 2.687006 0.000000
V 5.374012 5.374012 0.000000
F 8.061017 8.061017 0.000000
F 10.748023 8.061017 -2.687006
A 8.061017 10.748023 -2.687006


-4.810000	26110
6

K 0.000000 0.000000 0.000000
L 2.687006 2.687006 0.000000
V 0.000000 5.374012 0.000000
F -2.687006 8.061017 0.000000
F -5.374012 5.374012 0.000000
A -5.374012 8.061017 2.687006


-4.810000	59440
6

K 0.000000 0.000000 0.000000
L 2.687006 2.687006 0.000000
V 5.374012 2.687006 2.687006
F 8.061017 2.687006 5.374012
F 8.061017 0.000000 8.061017
A 10.748023 0.000000 5.374012


-4.810000	80740
6

K 0.000000 0.000000 0.000000
L 2.687006 2.687006 0.000000
V 5.374012 2.687006 2.687006
F 8.061017 0.000000 2.687006
F 10.748023 2.687006 2.687006
A 10.748023 0.000000 0.000000


-4.810000	59400
6

K 0.000000 0.000000 0.000000
L 2.687006 2.687006 0.000000
V 5.374012 5.374012 0.000000
F 8.061017 5.374012 2.687006
F 8.061017 2.687006 5.374012
A 10.748023 2.687006 2.687006


-4.810000	36b10
6

K 0.000000 0.000000 0.000000
L 2.687006 2.687006 0.000000
V 0.000000 5.374012 0.000000
F -2.687006 5.374012 2.687006
F -5.374012 2.687006 2.687006
A -5.374012 5.374012 0.000000


-4.810000	90540
6

K 0.000000 0.000000 0.000000
L 2.687006 2.687006 0.000000
V 5.374012 2.687006 2.687006
F 8.061017 2.687006 0.000000
F 10.748023 5.374012 0.000000
A 10.748023 2.687006 2.687006


-4.810000	7a310
6

K 0.000000 0.000000 0.000000
L 2.687006 2.687006 0.000000
V 0.000000 5.374012 0.000000
F 0.000000 8.061017 -2.687006
F -2.687006 8.061017 -5.374012
A 0.000000 5.374012 -5.374012


-4.810000	7a300
6

K 0.000000 0.000000 0.000000
L 2.687006 2.687006 0.000000
V 5.374012 5.374012 0.000000
F 5.374012 8.061017 -2.687006
F 2.687006 8.061017 -5.374012
A 5.374012 5.374012 -5.374012


-4.810000	90500
6

K 0.000000 0.000000 0.000000
L 2.687006 2.687006 0.000000
V 5.374012 5.374012 0.000000
F 8.061017 5.374012 -2.687006
F 10.748023 8.061017 -2.687006
A 10.748023 5.374012 0.000000


-4.810000	14940
6

K 0.000000 0.000000 0.000000
L 2.687006 2.687006 0.000000
V 5.374012 2.687006 2.687006
F 5.374012 0.000000 5.374012
F 8.061017 0.000000 8.061017
A 5.374012 2.687006 8.061017


-4.810000	36a10
6

K 0.000000 0.000000 0.000000
L 2.687006 2.687006 0.000000
V 0.000000 5.374012 0.000000
F -2.687006 5.374012 -2.687006
F -5.374012 2.687006 -2.687006
A -5.374012 5.374012 -5.374012


-4.810000	90440
6

K 0.000000 0.000000 0.000000
L 2.687006 2.687006 0.000000
V 5.374012 2.687006 2.687006
F 8.061017 2.687006 5.374012
F 10.748023 5.374012 5.374012
A 10.748023 2.687006 8.061017


-4.810000	90400
6

K 0.000000 0.000000 0.000000
L 2.687006 2.687006 0.000000
V 5.374012 5.374012 0.000000
F 8.061017 5.374012 2.687006
F 10.748023 8.061017 2.687006
A 10.748023 5.374012 5.374012


-4.810000	25700
6

K 0.000000 0.000000 0.000000
L 2.687006 2.687006 0.000000
V 5.374012 5.374012 0.000000
F 8.061017 2.687006 0.000000
F 10.748023 2.687006 -2.687006
A 10.748023 5.374012 0.000000


-4.810000	90240
6

K 0.000000 0.000000 0.000000
L 2.687006 2.687006 0.000000
V 5.374012 2.687006 2.687006
F 5.374012 5.374012 5.374012
F 8.061017 8.061017 5.374012
A 8.061017 5.374012 8.061017


-4.810000	8b110
6

K 0.000000 0.000000 0.000000
L 2.687006 2.687006 0.000000
V 0.000000 5.374012 0.000000
F -2.687006 8.061017 0.000000
F -5.374012 8.061017 2.687006
A -5.374012 5.374012 0.000000


-4.810000	90210
6

K 0.000000 0.000000 0.000000
L 2.687006 2.687006 0.000000
V 0.000000 5.374012 0.000000
F 0.000000 8.061017 2.687006
F 2.687006 10.748023 2.687006
A 2.687006 8.061017 5.374012


-4.810000	90200
6

K 0.000000 0.000000 0.000000
L 2.687006 2.687006 0.000000
V 5.374012 5.374012 0.000000
F 5.374012 8.061017 2.687006
F 8.061017 10.748023 2.687006
A 8.061017 8.061017 5.374012


-4.810000	25740
6

K 0.000000 0.000000 0.000000
L 2.687006 2.687006 0.000000
V 5.374012 2.687006 2.687006
F 8.061017 0.000000 2.687006
F 10.748023 0.000000 0.000000
A 10.748023 2.687006 2.687006


-4.810000	8bb40
6

K 0.000000 0.000000 0.000000
L 2.687006 2.687006 0.000000
V 5.374012 2.687006 2.687006
F 2.687006 2.687006 5.374012
F 0.000000 2.687006 8.061017
A 0.000000 0.000000 5.374012


-4.810000	90040
6

K 0.000000 0.000000 0.000000
L 2.687006 2.687006 0.000000
V 5.374012 2.687006 2.687006
F 8.061017 5.374012 2.687006
F 10.748023 8.061017 2.687006
A 10.748023 5.374012 5.374012


-4.810000	7aa10
6

K 0.000000 0.000000 0.000000
L 2.687006 2.687006 0.000000
V 0.000000 5.374012 0.000000
F -2.687006 5.374012 -2.687006
F -5.374012 5.374012 -5.374012
A -2.687006 2.687006 -5.374012


-4.810000	8bb10
6

K 0.000000 0.000000 0.000000
L 2.687006 2.687006 0.000000
V 0.000000 5.374012 0.000000
F -2.687006 5.374012 2.687006
F -5.374012 5.374012 5.374012
A -5.374012 2.687006 2.687006


-4.810000	90010
6

K 0.000000 0.000000 0.000000
L 2.687006 2.687006 0.000000
V 0.000000 5.374012 0.000000
F 2.687006 8.061017 0.000000
F 5.374012 10.748023 0.000000
A 5.374012 8.061017 2.687006


-4.810000	90000
6

K 0.000000 0.000000 0.000000
L 2.687006 2.687006 0.000000
V 5.374012 5.374012 0.000000
F 8.061017 8.061017 0.000000
F 10.748023 10.748023 0.000000
A 10.748023 8.061017 2.687006


-4.810000	14440
6

K 0.000000 0.000000 0.000000
L 2.687006 2.687006 0.000000
V 5.374012 2.687006 2.687006
F 8.061017 2.687006 5.374012
F 10.748023 2.687006 8.061017
A 8.061017 5.374012 8.061017


-4.810000	25540
6

K 0.000000 0.000000 0.000000
L 2.687006 2.687006 0.000000
V 5.374012 2.687006 2.687006
F 8.061017 2.687006 0.000000
F 10.748023 2.687006 -2.687006
A 10.748023 5.374012 0.000000


-4.810000	14400
6

K 0.000000 0.000000 0.000000
L 2.687006 2.687006 0.000000
V 5.374012 5.374012 0.000000
F 8.061017 5.374012 2.687006
F 10.748023 5.374012 5.374012
A 8.061017 8.061017 5.374012


-4.810000	25500
6

K 0.000000 0.000000 0.000000
L 2.687006 2.687006 0.000000
V 5.374012 5.374012 0.000000
F 8.061017 5.374012 -2.687006
F 10.748023 5.374012 -5.374012
A 10.748023 8.061017 -2.687006


-4.810000	8ba10
6

K 0.000000 0.000000 0.000000
L 2.687006 2.687006 0.000000
V 0.000000 5.374012 0.000000
F -2.687006 5.374012 -2.687006
F -5.374012 5.374012 0.000000
A -5.374012 2.687006 -2.687006


-4.810000	25440
6

K 0.000000 0.000000 0.000000
L 2.687006 2.687006 0.000000
V 5.374012 2.687006 2.687006
F 8.061017 2.687006 5.374012
F 10.748023 2.687006 2.687006
A 10.748023 5.374012 5.374012


-4.810000	25400
6

K 0.000000 0.000000 0.000000
L 2.687006 2.687006 0.000000
V 5.374012 5.374012 0.000000
F 8.061017 5.374012 2.687006
F 10.748023 5.374012 0.000000
A 10.748023 8.061017 2.687006


-4.810000	14240
6

K 0.000000 0.000000 0.000000
L 2.687006 2.687006 0.000000
V 5.374012 2.687006 2.687006
F 5.374012 5.374012 5.374012
F 8.061017 5.374012 8.061017
A 5.374012 8.061017 8.061017


-4.810000	14210
6

K 0.000000 0.000000 0.000000
L 2.687006 2.687006 0.000000
V 0.000000 5.374012 0.000000
F 0.000000 8.061017 2.687006
F 2.687006 8.061017 5.374012
A 0.000000 10.748023 5.374012


-4.810000	14200
6

K 0.000000 0.000000 0.000000
L 2.687006 2.687006 0.000000
V 5.374012 5.374012 0.000000
F 5.374012 8.061017 2.687006
F 8.061017 8.061017 5.374012
A 5.374012 10.748023 5.374012


-4.810000	25310
6

K 0.000000 0.000000 0.000000
L 2.687006 2.687006 0.000000
V 0.000000 5.374012 0.000000
F 0.000000 8.061017 -2.687006
F 2.687006 8.061017 -5.374012
A 2.687006 10.748023 -2.687006


-4.810000	25300
6

K 0.000000 0.000000 0.000000
L 2.687006 2.687006 0.000000
V 5.374012 5.374012 0.000000
F 5.374012 8.061017 -2.687006
F 8.061017 8.061017 -5.374012
A 8.061017 10.748023 -2.687006


-4.810000	8b940
6

K 0.000000 0.000000 0.000000
L 2.687006 2.687006 0.000000
V 5.374012 2.687006 2.687006
F 5.374012 0.000000 5.374012
F 2.687006 0.000000 8.061017
A 2.687006 -2.687006 5.374012


-4.810000	14040
6

K 0.000000 0.000000 0.000000
L 2.687006 2.687006 0.000000
V 5.374012 2.687006 2.687006
F 8.061017 5.374012 2.687006
F 10.748023 5.374012 5.374012
A 8.061017 8.061017 5.374012


-4.810000	14010
6

K 0.000000 0.000000 0.000000
L 2.687006 2.687006 0.000000
V 0.000000 5.374012 0.000000
F 2.687006 8.061017 0.000000
F 5.374012 8.061017 2.687006
A 2.687006 10.748023 2.687006


-4.810000	14000
6

K 0.000000 0.000000 0.000000
L 2.687006 2.687006 0.000000
V 5.374012 5.374012 0.000000
F 8.061017 8.061017 0.000000
F 10.748023 8.061017 2.687006
A 8.061017 10.748023 2.687006


-4.810000	90700
6

K 0.000000 0.000000 0.000000
L 2.687006 2.687006 0.000000
V 5.374012 5.374012 0.000000
F 8.061017 2.687006 0.000000
F 10.748023 5.374012 0.000000
A 10.748023 2.687006 2.687006


-4.810000	14b40
6

K 0.000000 0.000000 0.000000
L 2.687006 2.687006 0.000000
V 5.374012 2.687006 2.687006
F 2.687006 2.687006 5.374012
F 5.374012 2.687006 8.061017
A 2.687006 5.374012 8.061017


-4.810000	25040
6

K 0.000000 0.000000 0.000000
L 2.687006 2.687006 0.000000
V 5.374012 2.687006 2.687006
F 8.061017 5.374012 2.687006
F 10.748023 5.374012 0.000000
A 10.748023 8.061017 2.687006


-4.810000	14b10
6

K 0.000000 0.000000 0.000000
L 2.687006 2.687006 0.000000
V 0.000000 5.374012 0.000000
F -2.687006 5.374012 2.687006
F 0.000000 5.374012 5.374012
A -2.687006 8.061017 5.374012


-4.810000	25010
6

K 0.000000 0.000000 0.000000
L 2.687006 2.687006 0.000000
V 0.000000 5.374012 0.000000
F 2.687006 8.061017 0.000000
F 5.374012 8.061017 -2.687006
A 5.374012 10.748023 0.000000


-4.810000	25000
6

K 0.000000 0.000000 0.000000
L 2.687006 2.687006 0.000000
V 5.374012 5.374012 0.000000
F 8.061017 8.061017 0.000000
F 10.748023 8.061017 -2.687006
A 10.748023 10.748023 0.000000


-4.810000	36110
6

K 0.000000 0.000000 0.000000
L 2.687006 2.687006 0.000000
V 0.000000 5.374012 0.000000
F -2.687006 8.061017 0.000000
F -5.374012 5.374012 0.000000
A -5.374012 8.061017 -2.687006


-4.810000	90740
6

K 0.000000 0.000000 0.000000
L 2.687006 2.687006 0.000000
V 5.374012 2.687006 2.687006
F 8.061017 0.000000 2.687006
F 10.748023 2.687006 2.687006
A 10.748023 0.000000 5.374012


-4.810000	7a500
6

K 0.000000 0.000000 0.000000
L 2.687006 2.687006 0.000000
V 5.374012 5.374012 0.000000
F 8.061017 5.374012 -2.687006
F 5.374012 5.374012 -5.374012
A 8.061017 2.687006 -5.374012


-4.810000	46b40
6

K 0.000000 0.000000 0.000000
L 2.687006 2.687006 0.000000
V 5.374012 2.687006 2.687006
F 2.687006 2.687006 5.374012
F 0.000000 0.000000 5.374012
A 2.687006 0.000000 8.061017


-4.810000	46b10
6

K 0.000000 0.000000 0.000000
L 2.687006 2.687006 0.000000
V 0.000000 5.374012 0.000000
F -2.687006 5.374012 2.687006
F -5.374012 2.687006 2.687006
A -2.687006 2.687006 5.374012


-4.810000	a0540
6

K 0.000000 0.000000 0.000000
L 2.687006 2.687006 0.000000
V 5.374012 2.687006 2.687006
F 8.061017 2.687006 0.000000
F 10.748023 5.374012 0.000000
A 8.061017 5.374012 -2.687006


-4.810000	a0500
6

K 0.000000 0.000000 0.000000
L 2.687006 2.687006 0.000000
V 5.374012 5.374012 0.000000
F 8.061017 5.374012 -2.687006
F 10.748023 8.061017 -2.687006
A 8.061017 8.061017 -5.374012


-4.810000	a0310
6

K 0.000000 0.000000 0.000000
L 2.687006 2.687006 0.000000
V 0.000000 5.374012 0.000000
F 0.000000 8.061017 -2.687006
F 2.687006 10.748023 -2.687006
A 0.000000 10.748023 -5.374012


-4.810000	a0300
6

K 0.000000 0.000000 0.000000
L 2.687006 2.687006 0.000000
V 5.374012 5.374012 0.000000
F 5.374012 8.061017 -2.687006
F 8.061017 10.748023 -2.687006
A 5.374012 10.748023 -5.374012


-4.810000	46940
6

K 0.000000 0.000000 0.000000
L 2.687006 2.687006 0.000000
V 5.374012 2.687006 2.687006
F 5.374012 0.000000 5.374012
F 2.687006 -2.687006 5.374012
A 5.374012 -2.687006 8.061017


-4.810000	a0240
6

K 0.000000 0.000000 0.000000
L 2.687006 2.687006 0.000000
V 5.374012 2.687006 2.687006
F 5.374012 5.374012 5.374012
F 8.061017 8.061017 5.374012
A 5.374012 8.061017 2.687006


-4.810000	a0210
6

K 0.000000 0.000000 0.000000
L 2.687006 2.687006 0.000000
V 0.000000 5.374012 0.000000
F 0.000000 8.061017 2.687006
F 2.687006 10.748023 2.687006
A 0.000000 10.748023 0.000000


-4.810000	a0200
6

K 0.000000 0.000000 0.000000
L 2.687006 2.687006 0.000000
V 5.374012 5.374012 0.000000
F 5.374012 8.061017 2.687006
F 8.061017 10.748023 2.687006
A 5.374012 10.748023 0.000000


-4.810000	a0110
6

K 0.000000 0.000000 0.000000
L 2.687006 2.687006 0.000000
V 0.000000 5.374012 0.000000
F -2.687006 8.061017 0.000000
F 0.000000 10.748023 0.000000
A -2.687006 10.748023 -2.687006


-4.810000	a0100
6

K 0.000000 0.000000 0.000000
L 2.687006 2.687006 0.000000
V 5.374012 5.374012 0.000000
F 2.687006 8.061017 0.000000
F 5.374012 10.748023 0.000000
A 2.687006 10.748023 -2.687006


-4.810000	46740
6

K 0.000000 0.000000 0.000000
L 2.687006 2.687006 0.000000
V 5.374012 2.687006 2.687006
F 8.061017 0.000000 2.687006
F 5.374012 -2.687006 2.687006
A 8.061017 -2.687006 5.374012


-4.810000	a0040
6

K 0.000000 0.000000 0.000000
L 2.687006 2.687006 0.000000
V 5.374012 2.687006 2.687006
F 8.061017 5.374012 2.687006
F 10.748023 8.061017 2.687006
A 8.061017 8.061017 0.000000


-4.810000	a0010
6

K 0.000000 0.000000 0.000000
L 2.687006 2.687006 0.000000
V 0.000000 5.374012 0.000000
F 2.687006 8.061017 0.000000
F 5.374012 10.748023 0.000000
A 2.687006 10.748023 -2.687006


-4.810000	a0000
6

K 0.000000 0.000000 0.000000
L 2.687006 2.687006 0.000000
V 5.374012 5.374012 0.000000
F 8.061017 8.061017 0.000000
F 10.748023 10.748023 0.000000
A 8.061017 10.748023 -2.687006


-4.810000	56a10
6

K 0.000000 0.000000 0.000000
L 2.687006 2.687006 0.000000
V 0.000000 5.374012 0.000000
F -2.687006 5.374012 -2.687006
F -5.374012 2.687006 -2.687006
A -2.687006 2.687006 -5.374012


-4.810000	b0440
6

K 0.000000 0.000000 0.000000
L 2.687006 2.687006 0.000000
V 5.374012 2.687006 2.687006
F 8.061017 2.687006 5.374012
F 10.748023 5.374012 5.374012
A 8.061017 5.374012 8.061017


-4.810000	b0400
6

K 0.000000 0.000000 0.000000
L 2.687006 2.687006 0.000000
V 5.374012 5.374012 0.000000
F 8.061017 5.374012 2.687006
F 10.748023 8.061017 2.687006
A 8.061017 8.061017 5.374012


-4.810000	34700
6

K 0.000000 0.000000 0.000000
L 2.687006 2.687006 0.000000
V 5.374012 5.374012 0.000000
F 8.061017 2.687006 0.000000
F 10.748023 2.687006 2.687006
A 10.748023 5.374012 0.000000


-4.810000	9a110
6

K 0.000000 0.000000 0.000000
L 2.687006 2.687006 0.000000
V 0.000000 5.374012 0.000000
F -2.687006 8.061017 0.000000
F -5.374012 8.061017 -2.687006
A -5.374012 5.374012 0.000000


-4.810000	b0310
6

K 0.000000 0.000000 0.000000
L 2.687006 2.687006 0.000000
V 0.000000 5.374012 0.000000
F 0.000000 8.061017 -2.687006
F 2.687006 10.748023 -2.687006
A 0.000000 10.748023 0.000000


-4.810000	b0300
6

K 0.000000 0.000000 0.000000
L 2.687006 2.687006 0.000000
V 5.374012 5.374012 0.000000
F 5.374012 8.061017 -2.687006
F 8.061017 10.748023 -2.687006
A 5.374012 10.748023 0.000000


-4.810000	34740
6

K 0.000000 0.000000 0.000000
L 2.687006 2.687006 0.000000
V 5.374012 2.687006 2.687006
F 8.061017 0.000000 2.687006
F 10.748023 0.000000 5.374012
A 10.748023 2.687006 2.687006


-4.810000	56940
6

K 0.000000 0.000000 0.000000
L 2.687006 2.687006 0.000000
V 5.374012 2.687006 2.687006
F 5.374012 0.000000 5.374012
F 2.687006 -2.687006 5.374012
A 5.374012 -2.687006 2.687006


-4.810000	b0240
6

K 0.000000 0.000000 0.000000
L 2.687006 2.687006 0.000000
V 5.374012 2.687006 2.687006
F 5.374012 5.374012 5.374012
F 8.061017 8.061017 5.374012
A 5.374012 8.061017 8.061017


-4.810000	b0210
6

K 0.000000 0.000000 0.000000
L 2.687006 2.687006 0.000000
V 0.000000 5.374012 0.000000
F 0.000000 8.061017 2.687006
F 2.687006 10.748023 2.687006
A 0.000000 10.748023 5.374012


-4.810000	b0200
6

K 0.000000 0.000000 0.000000
L 2.687006 2.687006 0.000000
V 5.374012 5.374012 0.000000
F 5.374012 8.061017 2.687006
F 8.061017 10.748023 2.687006
A 5.374012 10.748023 5.374012


-4.810000	9ab10
6

K 0.000000 0.000000 0.000000
L 2.687006 2.687006 0.000000
V 0.000000 5.374012 0.000000
F -2.687006 5.374012 2.687006
F -5.374012 5.374012 0.000000
A -5.374012 2.687006 2.687006


-4.810000	b0110
6

K 0.000000 0.000000 0.000000
L 2.687006 2.687006 0.000000
V 0.000000 5.374012 0.000000
F -2.687006 8.061017 0.000000
F 0.000000 10.748023 0.000000
A -2.687006 10.748023 2.687006


-4.810000	b0100
6

K 0.000000 0.000000 0.000000
L 2.687006 2.687006 0.000000
V 5.374012 5.374012 0.000000
F 2.687006 8.061017 0.000000
F 5.374012 10.748023 0.000000
A 2.687006 10.748023 2.687006


-4.810000	34540
6

K 0.000000 0.000000 0.000000
L 2.687006 2.687006 0.000000
V 5.374012 2.687006 2.687006
F 8.061017 2.687006 0.000000
F 10.748023 2.687006 2.687006
A 10.748023 5.374012 0.000000


-4.810000	56740
6

K 0.000000 0.000000 0.000000
L 2.687006 2.687006 0.000000
V 5.374012 2.687006 2.687006
F 8.061017 0.000000 2.687006
F 5.374012 -2.687006 2.687006
A 8.061017 -2.687006 0.000000


-4.810000	34500
6

K 0.000000 0.000000 0.000000
L 2.687006 2.687006 0.000000
V 5.374012 5.374012 0.000000
F 8.061017 5.374012 -2.687006
F 10.748023 5.374012 0.000000
A 10.748023 8.061017 -2.687006


-4.810000	b0040
6

K 0.000000 0.000000 0.000000
L 2.687006 2.687006 0.000000
V 5.374012 2.687006 2.687006
F 8.061017 5.374012 2.687006
F 10.748023 8.061017 2.687006
A 8.061017 8.061017 5.374012


-4.810000	9aa10
6

K 0.000000 0.000000 0.000000
L 2.687006 2.687006 0.000000
V 0.000000 5.374012 0.000000
F -2.687006 5.374012 -2.687006
F -5.374012 5.374012 -5.374012
A -5.374012 2.687006 -2.687006


-4.810000	b0010
6

K 0.000000 0.000000 0.000000
L 2.687006 2.687006 0.000000
V 0.000000 5.374012 0.000000
F 2.687006 8.061017 0.000000
F 5.374012 10.748023 0.000000
A 2.687006 10.748023 2.687006


-4.810000	b0000
6

K 0.000000 0.000000 0.000000
L 2.687006 2.687006 0.000000
V 5.374012 5.374012 0.000000
F 8.061017 8.061017 0.000000
F 10.748023 10.748023 0.000000
A 8.061017 10.748023 2.687006


-4.810000	34440
6

K 0.000000 0.000000 0.000000
L 2.687006 2.687006 0.000000
V 5.374012 2.687006 2.687006
F 8.061017 2.687006 5.374012
F 10.748023 2.687006 8.061017
A 10.748023 5.374012 5.374012


-4.810000	34400
6

K 0.000000 0.000000 0.000000
L 2.687006 2.687006 0.000000
V 5.374012 5.374012 0.000000
F 8.061017 5.374012 2.687006
F 10.748023 5.374012 5.374012
A 10.748023 8.061017 2.687006


-4.810000	34240
6

K 0.000000 0.000000 0.000000
L 2.687006 2.687006 0.000000
V 5.374012 2.687006 2.687006
F 5.374012 5.374012 5.374012
F 8.061017 5.374012 8.061017
A 8.061017 8.061017 5.374012


-4.810000	34210
6

K 0.000000 0.000000 0.000000
L 2.687006 2.687006 0.000000
V 0.000000 5.374012 0.000000
F 0.000000 8.061017 2.687006
F 2.687006 8.061017 5.374012
A 2.687006 10.748023 2.687006


-4.810000	34200
6

K 0.000000 0.000000 0.000000
L 2.687006 2.687006 0.000000
V 5.374012 5.374012 0.000000
F 5.374012 8.061017 2.687006
F 8.061017 8.061017 5.374012
A 8.061017 10.748023 2.687006


-4.810000	34040
6

K 0.000000 0.000000 0.000000
L 2.687006 2.687006 0.000000
V 5.374012 2.687006 2.687006
F 8.061017 5.374012 2.687006
F 10.748023 5.374012 5.374012
A 10.748023 8.061017 2.687006


-4.810000	34010
6

K 0.000000 0.000000 0.000000
L 2.687006 2.687006 0.000000
V 0.000000 5.374012 0.000000
F 2.687006 8.061017 0.000000
F 5.374012 8.061017 2.687006
A 5.374012 10.748023 0.000000


-4.810000	34000
6

K 0.000000 0.000000 0.000000
L 2.687006 2.687006 0.000000
V 5.374012 5.374012 0.000000
F 8.061017 8.061017 0.000000
F 10.748023 8.061017 2.687006
A 10.748023 10.748023 0.000000


-4.810000	65a10
6

K 0.000000 0.000000 0.000000
L 2.687006 2.687006 0.000000
V 0.000000 5.374012 0.000000
F -2.687006 5.374012 -2.687006
F 0.000000 5.374012 -5.374012
A -2.687006 2.687006 -5.374012


-4.810000	0b440
6

K 0.000000 0.000000 0.000000
L 2.687006 2.687006 0.000000
V 5.374012 2.687006 2.687006
F 8.061017 2.687006 5.374012
F 5.374012 2.687006 8.061017
A 8.061017 5.374012 8.061017


-4.810000	0b400
6

K 0.000000 0.000000 0.000000
L 2.687006 2.687006 0.000000
V 5.374012 5.374012 0.000000
F 8.061017 5.374012 2.687006
F 5.374012 5.374012 5.374012
A 8.061017 8.061017 5.374012


-4.810000	0b240
6

K 0.000000 0.000000 0.000000
L 2.687006 2.687006 0.000000
V 5.374012 2.687006 2.687006
F 5.374012 5.374012 5.374012
F 2.687006 5.374012 8.061017
A 5.374012 8.061017 8.061017


-4.810000	0b210
6

K 0.000000 0.000000 0.000000
L 2.687006 2.687006 0.000000
V 0.000000 5.374012 0.000000
F 0.000000 8.061017 2.687006
F -2.687006 8.061017 5.374012
A 0.000000 10.748023 5.374012


-4.810000	0b200
6

K 0.000000 0.000000 0.000000
L 2.687006 2.687006 0.000000
V 5.374012 5.374012 0.000000
F 5.374012 8.061017 2.687006
F 2.687006 8.061017 5.374012
A 5.374012 10.748023 5.374012


-4.810000	65700
6

K 0.000000 0.000000 0.000000
L 2.687006 2.687006 0.000000
V 5.374012 5.374012 0.000000
F 8.061017 2.687006 0.000000
F 10.748023 2.687006 -2.687006
A 8.061017 0.000000 -2.687006


-4.810000	a9b40
6

K 0.000000 0.000000 0.000000
L 2.687006 2.687006 0.000000
V 5.374012 2.687006 2.687006
F 2.687006 2.687006 5.374012
F 2.687006 0.000000 8.061017
A 0.000000 0.000000 5.374012


-4.810000	a9b10
6

K 0.000000 0.000000 0.000000
L 2.687006 2.687006 0.000000
V 0.000000 5.374012 0.000000
F -2.687006 5.374012 2.687006
F -2.687006 2.687006 5.374012
A -5.374012 2.687006 2.687006


-4.810000	0b110
6

K 0.000000 0.000000 0.000000
L 2.687006 2.687006 0.000000
V 0.000000 5.374012 0.000000
F -2.687006 8.061017 0.000000
F -5.374012 8.061017 2.687006
A -2.687006 10.748023 2.687006


-4.810000	0b100
6

K 0.000000 0.000000 0.000000
L 2.687006 2.687006 0.000000
V 5.374012 5.374012 0.000000
F 2.687006 8.061017 0.000000
F 0.000000 8.061017 2.687006
A 2.687006 10.748023 2.687006


-4.810000	43540
6

K 0.000000 0.000000 0.000000
L 2.687006 2.687006 0.000000
V 5.374012 2.687006 2.687006
F 8.061017 2.687006 0.000000
F 8.061017 5.374012 -2.687006
A 10.748023 5.374012 0.000000


-4.810000	65740
6

K 0.000000 0.000000 0.000000
L 2.687006 2.687006 0.000000
V 5.374012 2.687006 2.687006
F 8.061017 0.000000 2.687006
F 10.748023 0.000000 0.000000
A 8.061017 -2.687006 0.000000


-4.810000	43500
6

K 0.000000 0.000000 0.000000
L 2.687006 2.687006 0.000000
V 5.374012 5.374012 0.000000
F 8.061017 5.374012 -2.687006
F 8.061017 8.061017 -5.374012
A 10.748023 8.061017 -2.687006


-4.810000	0bb40
6

K 0.000000 0.000000 0.000000
L 2.687006 2.687006 0.000000
V 5.374012 2.687006 2.687006
F 2.687006 2.687006 5.374012
F 0.000000 2.687006 8.061017
A 2.687006 5.374012 8.061017


-4.810000	0bb10
6

K 0.000000 0.000000 0.000000
L 2.687006 2.687006 0.000000
V 0.000000 5.374012 0.000000
F -2.687006 5.374012 2.687006
F -5.374012 5.374012 5.374012
A -2.687006 8.061017 5.374012


-4.810000	65540
6

K 0.000000 0.000000 0.000000
L 2.687006 2.687006 0.000000
V 5.374012 2.687006 2.687006
F 8.061017 2.687006 0.000000
F 10.748023 2.687006 -2.687006
A 8.061017 0.000000 -2.687006


-4.810000	43310
6

K 0.000000 0.000000 0.000000
L 2.687006 2.687006 0.000000
V 0.000000 5.374012 0.000000
F 0.000000 8.061017 -2.687006
F 0.000000 10.748023 -5.374012
A 2.687006 10.748023 -2.687006


-4.810000	43300
6

K 0.000000 0.000000 0.000000
L 2.687006 2.687006 0.000000
V 5.374012 5.374012 0.000000
F 5.374012 8.061017 -2.687006
F 5.374012 10.748023 -5.374012
A 8.061017 10.748023 -2.687006


-4.810000	65500
6

K 0.000000 0.000000 0.000000
L 2.687006 2.687006 0.000000
V 5.374012 5.374012 0.000000
F 8.061017 5.374012 -2.687006
F 10.748023 5.374012 -5.374012
A 8.061017 2.687006 -5.374012


-4.810000	a9940
6

K 0.000000 0.000000 0.000000
L 2.687006 2.687006 0.000000
V 5.374012 2.687006 2.687006
F 5.374012 0.000000 5.374012
F 5.374012 -2.687006 8.061017
A 2.687006 -2.687006 5.374012


-4.810000	43240
6

K 0.000000 0.000000 0.000000
L 2.687006 2.687006 0.000000
V 5.374012 2.687006 2.687006
F 5.374012 5.374012 5.374012
F 5.374012 8.061017 2.687006
A 8.061017 8.061017 5.374012


-4.810000	43210
6

K 0.000000 0.000000 0.000000
L 2.687006 2.687006 0.000000
V 0.000000 5.374012 0.000000
F 0.000000 8.061017 2.687006
F 0.000000 10.748023 0.000000
A 2.687006 10.748023 2.687006


-4.810000	43200
6

K 0.000000 0.000000 0.000000
L 2.687006 2.687006 0.000000
V 5.374012 5.374012 0.000000
F 5.374012 8.061017 2.687006
F 5.374012 10.748023 0.000000
A 8.061017 10.748023 2.687006


-4.810000	43110
6

K 0.000000 0.000000 0.000000
L 2.687006 2.687006 0.000000
V 0.000000 5.374012 0.000000
F -2.687006 8.061017 0.000000
F -2.687006 10.748023 -2.687006
A 0.000000 10.748023 0.000000


-4.810000	43100
6

K 0.000000 0.000000 0.000000
L 2.687006 2.687006 0.000000
V 5.374012 5.374012 0.000000
F 2.687006 8.061017 0.000000
F 2.687006 10.748023 -2.687006
A 5.374012 10.748023 0.000000


-4.810000	65310
6

K 0.000000 0.000000 0.000000
L 2.687006 2.687006 0.000000
V 0.000000 5.374012 0.000000
F 0.000000 8.061017 -2.687006
F 2.687006 8.061017 -5.374012
A 0.000000 5.374012 -5.374012


-4.810000	65300
6

K 0.000000 0.000000 0.000000
L 2.687006 2.687006 0.000000
V 5.374012 5.374012 0.000000
F 5.374012 8.061017 -2.687006
F 8.061017 8.061017 -5.374012
A 5.374012 5.374012 -5.374012


-4.810000	a9740
6

K 0.000000 0.000000 0.000000
L 2.687006 2.687006 0.000000
V 5.374012 2.687006 2.687006
F 8.061017 0.000000 2.687006
F 8.061017 -2.687006 5.374012
A 5.374012 -2.687006 2.687006


-4.810000	0b940
6

K 0.000000 0.000000 0.000000
L 2.687006 2.687006 0.000000
V 5.374012 2.687006 2.687006
F 5.374012 0.000000 5.374012
F 2.687006 0.000000 8.061017
A 5.374012 2.687006 8.061017


-4.810000	43040
6

K 0.000000 0.000000 0.000000
L 2.687006 2.687006 0.000000
V 5.374012 2.687006 2.687006
F 8.061017 5.374012 2.687006
F 8.061017 8.061017 0.000000
A 10.748023 8.061017 2.687006


-4.810000	43010
6

K 0.000000 0.000000 0.000000
L 2.687006 2.687006 0.000000
V 0.000000 5.374012 0.000000
F 2.687006 8.061017 0.000000
F 2.687006 10.748023 -2.687006
A 5.374012 10.748023 0.000000


-4.810000	43000
6

K 0.000000 0.000000 0.000000
L 2.687006 2.687006 0.000000
V 5.374012 5.374012 0.000000
F 8.061017 8.061017 0.000000
F 8.061017 10.748023 -2.687006
A 10.748023 10.748023 0.000000


-4.810000	0a310
6

K 0.000000 0.000000 0.000000
L 2.687006 2.687006 0.000000
V 0.000000 5.374012 0.000000
F 0.000000 8.061017 -2.687006
F -2.687006 8.061017 -5.374012
A 0.000000 10.748023 -5.374012


-4.810000	0a300
6

K 0.000000 0.000000 0.000000
L 2.687006 2.687006 0.000000
V 5.374012 5.374012 0.000000
F 5.374012 8.061017 -2.687006
F 2.687006 8.061017 -5.374012
A 5.374012 10.748023 -5.374012


-4.810000	64940
6

K 0.000000 0.000000 0.000000
L 2.687006 2.687006 0.000000
V 5.374012 2.687006 2.687006
F 5.374012 0.000000 5.374012
F 8.061017 0.000000 8.061017
A 5.374012 -2.687006 8.061017


-4.810000	64700
6

K 0.000000 0.000000 0.000000
L 2.687006 2.687006 0.000000
V 5.374012 5.374012 0.000000
F 8.061017 2.687006 0.000000
F 10.748023 2.687006 2.687006
A 8.061017 0.000000 2.687006


-4.810000	0a110
6

K 0.000000 0.000000 0.000000
L 2.687006 2.687006 0.000000
V 0.000000 5.374012 0.000000
F -2.687006 8.061017 0.000000
F -5.374012 8.061017 -2.687006
A -2.687006 10.748023 -2.687006


-4.810000	0a100
6

K 0.000000 0.000000 0.000000
L 2.687006 2.687006 0.000000
V 5.374012 5.374012 0.000000
F 2.687006 8.061017 0.000000
F 0.000000 8.061017 -2.687006
A 2.687006 10.748023 -2.687006


-4.810000	64740
6

K 0.000000 0.000000 0.000000
L 2.687006 2.687006 0.000000
V 5.374012 2.687006 2.687006
F 8.061017 0.000000 2.687006
F 10.748023 0.000000 5.374012
A 8.061017 -2.687006 5.374012


-4.810000	0aa10
6

K 0.000000 0.000000 0.000000
L 2.687006 2.687006 0.000000
V 0.000000 5.374012 0.000000
F -2.687006 5.374012 -2.687006
F -5.374012 5.374012 -5.374012
A -2.687006 8.061017 -5.374012


-4.810000	64440
6

K 0.000000 0.000000 0.000000
L 2.687006 2.687006 0.000000
V 5.374012 2.687006 2.687006
F 8.061017 2.687006 5.374012
F 10.748023 2.687006 8.061017
A 8.061017 0.000000 8.061017


-4.810000	64400
6

K 0.000000 0.000000 0.000000
L 2.687006 2.687006 0.000000
V 5.374012 5.374012 0.000000
F 8.061017 5.374012 2.687006
F 10.748023 5.374012 5.374012
A 8.061017 2.687006 5.374012


-4.810000	64240
6

K 0.000000 0.000000 0.000000
L 2.687006 2.687006 0.000000
V 5.374012 2.687006 2.687006
F 5.374012 5.374012 5.374012
F 8.061017 5.374012 8.061017
A 5.374012 2.687006 8.061017


-4.810000	64210
6

K 0.000000 0.000000 0.000000
L 2.687006 2.687006 0.000000
V 0.000000 5.374012 0.000000
F 0.000000 8.061017 2.687006
F 2.687006 8.061017 5.374012
A 0.000000 5.374012 5.374012


-4.810000	64200
6

K 0.000000 0.000000 0.000000
L 2.687006 2.687006 0.000000
V 5.374012 5.374012 0.000000
F 5.374012 8.061017 2.687006
F 8.061017 8.061017 5.374012
A 5.374012 5.374012 5.374012


-4.810000	64b40
6

K 0.000000 0.000000 0.000000
L 2.687006 2.687006 0.000000
V 5.374012 2.687006 2.687006
F 2.687006 2.687006 5.374012
F 5.374012 2.687006 8.061017
A 2.687006 0.000000 8.061017


-4.810000	64b10
6

K 0.000000 0.000000 0.000000
L 2.687006 2.687006 0.000000
V 0.000000 5.374012 0.000000
F -2.687006 5.374012 2.687006
F 0.000000 5.374012 5.374012
A -2.687006 2.687006 5.374012


-4.810000	0a500
6

K 0.000000 0.000000 0.000000
L 2.687006 2.687006 0.000000
V 5.374012 5.374012 0.000000
F 8.061017 5.374012 -2.687006
F 5.374012 5.374012 -5.374012
A 8.061017 8.061017 -5.374012


-4.810000	09240
6

K 0.000000 0.000000 0.000000
L 2.687006 2.687006 0.000000
V 5.374012 2.687006 2.687006
F 5.374012 5.374012 5.374012
F 5.374012 2.687006 8.061017
A 8.061017 5.374012 8.061017


-4.810000	09210
6

K 0.000000 0.000000 0.000000
L 2.687006 2.687006 0.000000
V 0.000000 5.374012 0.000000
F 0.000000 8.061017 2.687006
F 0.000000 5.374012 5.374012
A 2.687006 8.061017 5.374012


-4.810000	09200
6

K 0.000000 0.000000 0.000000
L 2.687006 2.687006 0.000000
V 5.374012 5.374012 0.000000
F 5.374012 8.061017 2.687006
F 5.374012 5.374012 5.374012
A 8.061017 8.061017 5.374012


-4.810000	09b40
6

K 0.000000 0.000000 0.000000
L 2.687006 2.687006 0.000000
V 5.374012 2.687006 2.687006
F 2.687006 2.687006 5.374012
F 2.687006 0.000000 8.061017
A 5.374012 2.687006 8.061017


-4.810000	b8a10
6

K 0.000000 0.000000 0.000000
L 2.687006 2.687006 0.000000
V 0.000000 5.374012 0.000000
F -2.687006 5.374012 -2.687006
F -2.687006 2.687006 -5.374012
A -5.374012 2.687006 -2.687006


-4.810000	09b10
6

K 0.000000 0.000000 0.000000
L 2.687006 2.687006 0.000000
V 0.000000 5.374012 0.000000
F -2.687006 5.374012 2.687006
F -2.687006 2.687006 5.374012
A 0.000000 5.374012 5.374012


-4.810000	52440
6

K 0.000000 0.000000 0.000000
L 2.687006 2.687006 0.000000
V 5.374012 2.687006 2.687006
F 8.061017 2.687006 5.374012
F 8.061017 5.374012 8.061017
A 10.748023 5.374012 5.374012


-4.810000	41310
6

K 0.000000 0.000000 0.000000
L 2.687006 2.687006 0.000000
V 0.000000 5.374012 0.000000
F 0.000000 8.061017 -2.687006
F -2.687006 10.748023 -2.687006
A 0.000000 10.748023 0.000000


-4.810000	41300
6

K 0.000000 0.000000 0.000000
L 2.687006 2.687006 0.000000
V 5.374012 5.374012 0.000000
F 5.374012 8.061017 -2.687006
F 2.687006 10.748023 -2.687006
A 5.374012 10.748023 0.000000


-4.810000	52400
6

K 0.000000 0.000000 0.000000
L 2.687006 2.687006 0.000000
V 5.374012 5.374012 0.000000
F 8.061017 5.374012 2.687006
F 8.061017 8.061017 5.374012
A 10.748023 8.061017 2.687006


-4.810000	63500
6

K 0.000000 0.000000 0.000000
L 2.687006 2.687006 0.000000
V 5.374012 5.374012 0.000000
F 8.061017 5.374012 -2.687006
F 8.061017 8.061017 -5.374012
A 5.374012 5.374012 -5.374012


-4.810000	a7940
6

K 0.000000 0.000000 0.000000
L 2.687006 2.687006 0.000000
V 5.374012 2.687006 2.687006
F 5.374012 0.000000 5.374012
F 8.061017 -2.687006 5.374012
A 5.374012 -2.687006 2.687006


-4.810000	41240
6

K 0.000000 0.000000 0.000000
L 2.687006 2.687006 0.000000
V 5.374012 2.687006 2.687006
F 5.374012 5.374012 5.374012
F 2.687006 8.061017 5.374012
A 5.374012 8.061017 8.061017


-4.810000	41210
6

K 0.000000 0.000000 0.000000
L 2.687006 2.687006 0.000000
V 0.000000 5.374012 0.000000
F 0.000000 8.061017 2.687006
F -2.687006 10.748023 2.687006
A 0.000000 10.748023 5.374012


-4.810000	41200
6

K 0.000000 0.000000 0.000000
L 2.687006 2.687006 0.000000
V 5.374012 5.374012 0.000000
F 5.374012 8.061017 2.687006
F 2.687006 10.748023 2.687006
A 5.374012 10.748023 5.374012


-4.810000	52310
6

K 0.000000 0.000000 0.000000
L 2.687006 2.687006 0.000000
V 0.000000 5.374012 0.000000
F 0.000000 8.061017 -2.687006
F 0.000000 10.748023 0.000000
A 2.687006 10.748023 -2.687006


-4.810000	52300
6

K 0.000000 0.000000 0.000000
L 2.687006 2.687006 0.000000
V 5.374012 5.374012 0.000000
F 5.374012 8.061017 -2.687006
F 5.374012 10.748023 0.000000
A 8.061017 10.748023 -2.687006


-4.810000	b8940
6

K 0.000000 0.000000 0.000000
L 2.687006 2.687006 0.000000
V 5.374012 2.687006 2.687006
F 5.374012 0.000000 5.374012
F 5.374012 -2.687006 2.687006
A 2.687006 -2.687006 5.374012


-4.810000	a7700
6

K 0.000000 0.000000 0.000000
L 2.687006 2.687006 0.000000
V 5.374012 5.374012 0.000000
F 8.061017 2.687006 0.000000
F 10.748023 0.000000 0.000000
A 8.061017 0.000000 -2.687006


-4.810000	52240
6

K 0.000000 0.000000 0.000000
L 2.687006 2.687006 0.000000
V 5.374012 2.687006 2.687006
F 5.374012 5.374012 5.374012
F 5.374012 8.061017 8.061017
A 8.061017 8.061017 5.374012


-4.810000	41110
6

K 0.000000 0.000000 0.000000
L 2.687006 2.687006 0.000000
V 0.000000 5.374012 0.000000
F -2.687006 8.061017 0.000000
F -5.374012 10.748023 0.000000
A -2.687006 10.748023 2.687006


-4.810000	41100
6

K 0.000000 0.000000 0.000000
L 2.687006 2.687006 0.000000
V 5.374012 5.374012 0.000000
F 2.687006 8.061017 0.000000
F 0.000000 10.748023 0.000000
A 2.687006 10.748023 2.687006


-4.810000	52210
6

K 0.000000 0.000000 0.000000
L 2.687006 2.687006 0.000000
V 0.000000 5.374012 0.000000
F 0.000000 8.061017 2.687006
F 0.000000 10.748023 5.374012
A 2.687006 10.748023 2.687006


-4.810000	52200
6

K 0.000000 0.000000 0.000000
L 2.687006 2.687006 0.000000
V 5.374012 5.374012 0.000000
F 5.374012 8.061017 2.687006
F 5.374012 10.748023 5.374012
A 8.061017 10.748023 2.687006


-4.810000	63310
6

K 0.000000 0.000000 0.000000
L 2.687006 2.687006 0.000000
V 0.000000 5.374012 0.000000
F 0.000000 8.061017 -2.687006
F 0.000000 10.748023 -5.374012
A -2.687006 8.061017 -5.374012


-4.810000	63300
6

K 0.000000 0.000000 0.000000
L 2.687006 2.687006 0.000000
V 5.374012 5.374012 0.000000
F 5.374012 8.061017 -2.687006
F 5.374012 10.748023 -5.374012
A 2.687006 8.061017 -5.374012


-4.810000	a7740
6

K 0.000000 0.000000 0.000000
L 2.687006 2.687006 0.000000
V 5.374012 2.687006 2.687006
F 8.061017 0.000000 2.687006
F 10.748023 -2.687006 2.687006
A 8.061017 -2.687006 0.000000


-4.810000	09940
6

K 0.000000 0.000000 0.000000
L 2.687006 2.687006 0.000000
V 5.374012 2.687006 2.687006
F 5.374012 0.000000 5.374012
F 5.374012 -2.687006 8.061017
A 8.061017 0.000000 8.061017


-4.810000	41040
6

K 0.000000 0.000000 0.000000
L 2.687006 2.687006 0.000000
V 5.374012 2.687006 2.687006
F 8.061017 5.374012 2.687006
F 5.374012 8.061017 2.687006
A 8.061017 8.061017 5.374012


-4.810000	41010
6

K 0.000000 0.000000 0.000000
L 2.687006 2.687006 0.000000
V 0.000000 5.374012 0.000000
F 2.687006 8.061017 0.000000
F 0.000000 10.748023 0.000000
A 2.687006 10.748023 2.687006


-4.810000	41000
6

K 0.000000 0.000000 0.000000
L 2.687006 2.687006 0.000000
V 5.374012 5.374012 0.000000
F 8.061017 8.061017 0.000000
F 5.374012 10.748023 0.000000
A 8.061017 10.748023 2.687006


-4.810000	52110
6

K 0.000000 0.000000 0.000000
L 2.687006 2.687006 0.000000
V 0.000000 5.374012 0.000000
F -2.687006 8.061017 0.000000
F -2.687006 10.748023 2.687006
A 0.000000 10.748023 0.000000


-4.810000	52100
6

K 0.000000 0.000000 0.000000
L 2.687006 2.687006 0.000000
V 5.374012 5.374012 0.000000
F 2.687006 8.061017 0.000000
F 2.687006 10.748023 2.687006
A 5.374012 10.748023 0.000000


-4.810000	b8740
6

K 0.000000 0.000000 0.000000
L 2.687006 2.687006 0.000000
V 5.374012 2.687006 2.687006
F 8.061017 0.000000 2.687006
F 8.061017 -2.687006 0.000000
A 5.374012 -2.687006 2.687006


-4.810000	09700
6

K 0.000000 0.000000 0.000000
L 2.687006 2.687006 0.000000
V 5.374012 5.374012 0.000000
F 8.061017 2.687006 0.000000
F 8.061017 0.000000 2.687006
A 10.748023 2.687006 2.687006


-4.810000	41b40
6

K 0.000000 0.000000 0.000000
L 2.687006 2.687006 0.000000
V 5.374012 2.687006 2.687006
F 2.687006 2.687006 5.374012
F 0.000000 5.374012 5.374012
A 2.687006 5.374012 8.061017


-4.810000	52040
6

K 0.000000 0.000000 0.000000
L 2.687006 2.687006 0.000000
V 5.374012 2.687006 2.687006
F 8.061017 5.374012 2.687006
F 8.061017 8.061017 5.374012
A 10.748023 8.061017 2.687006


-4.810000	41b10
6

K 0.000000 0.000000 0.000000
L 2.687006 2.687006 0.000000
V 0.000000 5.374012 0.000000
F -2.687006 5.374012 2.687006
F -5.374012 8.061017 2.687006
A -2.687006 8.061017 5.374012


-4.810000	52010
6

K 0.000000 0.000000 0.000000
L 2.687006 2.687006 0.000000
V 0.000000 5.374012 0.000000
F 2.687006 8.061017 0.000000
F 2.687006 10.748023 2.687006
A 5.374012 10.748023 0.000000


-4.810000	52000
6

K 0.000000 0.000000 0.000000
L 2.687006 2.687006 0.000000
V 5.374012 5.374012 0.000000
F 8.061017 8.061017 0.000000
F 8.061017 10.748023 2.687006
A 10.748023 10.748023 0.000000


-4.810000	63110
6

K 0.000000 0.000000 0.000000
L 2.687006 2.687006 0.000000
V 0.000000 5.374012 0.000000
F -2.687006 8.061017 0.000000
F -2.687006 10.748023 -2.687006
A -5.374012 8.061017 -2.687006


-4.810000	63100
6

K 0.000000 0.000000 0.000000
L 2.687006 2.687006 0.000000
V 5.374012 5.374012 0.000000
F 2.687006 8.061017 0.000000
F 2.687006 10.748023 -2.687006
A 0.000000 8.061017 -2.687006


-4.810000	a7540
6

K 0.000000 0.000000 0.000000
L 2.687006 2.687006 0.000000
V 5.374012 2.687006 2.687006
F 8.061017 2.687006 0.000000
F 10.748023 0.000000 0.000000
A 8.061017 0.000000 -2.687006


-4.810000	09740
6

K 0.000000 0.000000 0.000000
L 2.687006 2.687006 0.000000
V 5.374012 2.687006 2.687006
F 8.061017 0.000000 2.687006
F 8.061017 -2.687006 5.374012
A 10.748023 0.000000 5.374012


-4.810000	a7500
6

K 0.000000 0.000000 0.000000
L 2.687006 2.687006 0.000000
V 5.374012 5.374012 0.000000
F 8.061017 5.374012 -2.687006
F 10.748023 2.687006 -2.687006
A 8.061017 2.687006 -5.374012


-4.810000	63a10
6

K 0.000000 0.000000 0.000000
L 2.687006 2.687006 0.000000
V 0.000000 5.374012 0.000000
F -2.687006 5.374012 -2.687006
F -2.687006 8.061017 -5.374012
A -5.374012 5.374012 -5.374012


-4.810000	09440
6

K 0.000000 0.000000 0.000000
L 2.687006 2.687006 0.000000
V 5.374012 2.687006 2.687006
F 8.061017 2.687006 5.374012
F 8.061017 0.000000 8.061017
A 10.748023 2.687006 8.061017


-4.810000	09400
6

K 0.000000 0.000000 0.000000
L 2.687006 2.687006 0.000000
V 5.374012 5.374012 0.000000
F 8.061017 5.374012 2.687006
F 8.061017 2.687006 5.374012
A 10.748023 5.374012 5.374012


-4.810000	19240
6

K 0.000000 0.000000 0.000000
L 2.687006 2.687006 0.000000
V 5.374012 2.687006 2.687006
F 5.374012 5.374012 5.374012
F 5.374012 2.687006 8.061017
A 2.687006 5.374012 8.061017


-4.810000	19210
6

K 0.000000 0.000000 0.000000
L 2.687006 2.687006 0.000000
V 0.000000 5.374012 0.000000
F 0.000000 8.061017 2.687006
F 0.000000 5.374012 5.374012
A -2.687006 8.061017 5.374012


-4.810000	19200
6

K 0.000000 0.000000 0.000000
L 2.687006 2.687006 0.000000
V 5.374012 5.374012 0.000000
F 5.374012 8.061017 2.687006
F 5.374012 5.374012 5.374012
A 2.687006 8.061017 5.374012


-4.810000	2a310
6

K 0.000000 0.000000 0.000000
L 2.687006 2.687006 0.000000
V 0.000000 5.374012 0.000000
F 0.000000 8.061017 -2.687006
F -2.687006 8.061017 -5.374012
A -2.687006 10.748023 -2.687006


-4.810000	2a300
6

K 0.000000 0.000000 0.000000
L 2.687006 2.687006 0.000000
V 5.374012 5.374012 0.000000
F 5.374012 8.061017 -2.687006
F 2.687006 8.061017 -5.374012
A 2.687006 10.748023 -2.687006


-4.810000	84940
6

K 0.000000 0.000000 0.000000
L 2.687006 2.687006 0.000000
V 5.374012 2.687006 2.687006
F 5.374012 0.000000 5.374012
F 8.061017 0.000000 8.061017
A 8.061017 -2.687006 5.374012


-4.810000	84700
6

K 0.000000 0.000000 0.000000
L 2.687006 2.687006 0.000000
V 5.374012 5.374012 0.000000
F 8.061017 2.687006 0.000000
F 10.748023 2.687006 2.687006
A 10.748023 0.000000 0.000000


-4.810000	3b240
6

K 0.000000 0.000000 0.000000
L 2.687006 2.687006 0.000000
V 5.374012 2.687006 2.687006
F 5.374012 5.374012 5.374012
F 2.687006 5.374012 8.061017
A 2.687006 8.061017 5.374012


-4.810000	2a110
6

K 0.000000 0.000000 0.000000
L 2.687006 2.687006 0.000000
V 0.000000 5.374012 0.000000
F -2.687006 8.061017 0.000000
F -5.374012 8.061017 -2.687006
A -5.374012 10.748023 0.000000


-4.810000	2a100
6

K 0.000000 0.000000 0.000000
L 2.687006 2.687006 0.000000
V 5.374012 5.374012 0.000000
F 2.687006 8.061017 0.000000
F 0.000000 8.061017 -2.687006
A 0.000000 10.748023 0.000000


-4.810000	3b210
6

K 0.000000 0.000000 0.000000
L 2.687006 2.687006 0.000000
V 0.000000 5.374012 0.000000
F 0.000000 8.061017 2.687006
F -2.687006 8.061017 5.374012
A -2.687006 10.748023 2.687006


-4.810000	3b200
6

K 0.000000 0.000000 0.000000
L 2.687006 2.687006 0.000000
V 5.374012 5.374012 0.000000
F 5.374012 8.061017 2.687006
F 2.687006 8.061017 5.374012
A 2.687006 10.748023 2.687006


-4.810000	84740
6

K 0.000000 0.000000 0.000000
L 2.687006 2.687006 0.000000
V 5.374012 2.687006 2.687006
F 8.061017 0.000000 2.687006
F 10.748023 0.000000 5.374012
A 10.748023 -2.687006 2.687006


-4.810000	95700
6

K 0.000000 0.000000 0.000000
L 2.687006 2.687006 0.000000
V 5.374012 5.374012 0.000000
F 8.061017 2.687006 0.000000
F 10.748023 2.687006 -2.687006
A 10.748023 0.000000 0.000000


-4.810000	19b40
6

K 0.000000 0.000000 0.000000
L 2.687006 2.687006 0.000000
V 5.374012 2.687006 2.687006
F 2.687006 2.687006 5.374012
F 2.687006 0.000000 8.061017
A 0.000000 2.687006 8.061017


-4.810000	08a10
6

K 0.000000 0.000000 0.000000
L 2.687006 2.687006 0.000000
V 0.000000 5.374012 0.000000
F -2.687006 5.374012 -2.687006
F -2.687006 2.687006 -5.374012
A 0.000000 5.374012 -5.374012


-4.810000	19b10
6

K 0.000000 0.000000 0.000000
L 2.687006 2.687006 0.000000
V 0.000000 5.374012 0.000000
F -2.687006 5.374012 2.687006
F -2.687006 2.687006 5.374012
A -5.374012 5.374012 5.374012


-4.810000	3b110
6

K 0.000000 0.000000 0.000000
L 2.687006 2.687006 0.000000
V 0.000000 5.374012 0.000000
F -2.687006 8.061017 0.000000
F -5.374012 8.061017 2.687006
A -5.374012 10.748023 0.000000


-4.810000	62440
6

K 0.000000 0.000000 0.000000
L 2.687006 2.687006 0.000000
V 5.374012 2.687006 2.687006
F 8.061017 2.687006 5.374012
F 8.061017 5.374012 8.061017
A 5.374012 2.687006 8.061017


-4.810000	3b100
6

K 0.000000 0.000000 0.000000
L 2.687006 2.687006 0.000000
V 5.374012 5.374012 0.000000
F 2.687006 8.061017 0.000000
F 0.000000 8.061017 2.687006
A 0.000000 10.748023 0.000000


-4.810000	73540
6

K 0.000000 0.000000 0.000000
L 2.687006 2.687006 0.000000
V 5.374012 2.687006 2.687006
F 8.061017 2.687006 0.000000
F 8.061017 5.374012 -2.687006
A 10.748023 2.687006 -2.687006


-4.810000	51310
6

K 0.000000 0.000000 0.000000
L 2.687006 2.687006 0.000000
V 0.000000 5.374012 0.000000
F 0.000000 8.061017 -2.687006
F -2.687006 10.748023 -2.687006
A 0.000000 10.748023 -5.374012


-4.810000	51300
6

K 0.000000 0.000000 0.000000
L 2.687006 2.687006 0.000000
V 5.374012 5.374012 0.000000
F 5.374012 8.061017 -2.687006
F 2.687006 10.748023 -2.687006
A 5.374012 10.748023 -5.374012


-4.810000	95740
6

K 0.000000 0.000000 0.000000
L 2.687006 2.687006 0.000000
V 5.374012 2.687006 2.687006
F 8.061017 0.000000 2.687006
F 10.748023 0.000000 0.000000
A 10.748023 -2.687006 2.687006


-4.810000	62400
6

K 0.000000 0.000000 0.000000
L 2.687006 2.687006 0.000000
V 5.374012 5.374012 0.000000
F 8.061017 5.374012 2.687006
F 8.061017 8.061017 5.374012
A 5.374012 5.374012 5.374012


-4.810000	73500
6

K 0.000000 0.000000 0.000000
L 2.687006 2.687006 0.000000
V 5.374012 5.374012 0.000000
F 8.061017 5.374012 -2.687006
F 8.061017 8.061017 -5.374012
A 10.748023 5.374012 -5.374012


-4.810000	b7940
6

K 0.000000 0.000000 0.000000
L 2.687006 2.687006 0.000000
V 5.374012 2.687006 2.687006
F 5.374012 0.000000 5.374012
F 8.061017 -2.687006 5.374012
A 5.374012 -2.687006 8.061017


-4.810000	2ab10
6

K 0.000000 0.000000 0.000000
L 2.687006 2.687006 0.000000
V 0.000000 5.374012 0.000000
F -2.687006 5.374012 2.687006
F -5.374012 5.374012 0.000000
A -5.374012 8.061017 2.687006


-4.810000	51240
6

K 0.000000 0.000000 0.000000
L 2.687006 2.687006 0.000000
V 5.374012 2.687006 2.687006
F 5.374012 5.374012 5.374012
F 2.687006 8.061017 5.374012
A 5.374012 8.061017 2.687006


-4.810000	51210
6

K 0.000000 0.000000 0.000000
L 2.687006 2.687006 0.000000
V 0.000000 5.374012 0.000000
F 0.000000 8.061017 2.687006
F -2.687006 10.748023 2.687006
A 0.000000 10.748023 0.000000


-4.810000	84540
6

K 0.000000 0.000000 0.000000
L 2.687006 2.687006 0.000000
V 5.374012 2.687006 2.687006
F 8.061017 2.687006 0.000000
F 10.748023 2.687006 2.687006
A 10.748023 0.000000 0.000000


-4.810000	51200
6

K 0.000000 0.000000 0.000000
L 2.687006 2.687006 0.000000
V 5.374012 5.374012 0.000000
F 5.374012 8.061017 2.687006
F 2.687006 10.748023 2.687006
A 5.374012 10.748023 0.000000


-4.810000	84500
6

K 0.000000 0.000000 0.000000
L 2.687006 2.687006 0.000000
V 5.374012 5.374012 0.000000
F 8.061017 5.374012 -2.687006
F 10.748023 5.374012 0.000000
A 10.748023 2.687006 -2.687006


-4.810000	b7700
6

K 0.000000 0.000000 0.000000
L 2.687006 2.687006 0.000000
V 5.374012 5.374012 0.000000
F 8.061017 2.687006 0.000000
F 10.748023 0.000000 0.000000
A 8.061017 0.000000 2.687006


-4.810000	3bb40
6

K 0.000000 0.000000 0.000000
L 2.687006 2.687006 0.000000
V 5.374012 2.687006 2.687006
F 2.687006 2.687006 5.374012
F 0.000000 2.687006 8.061017
A 0.000000 5.374012 5.374012


-4.810000	2aa10
6

K 0.000000 0.000000 0.000000
L 2.687006 2.687006 0.000000
V 0.000000 5.374012 0.000000
F -2.687006 5.374012 -2.687006
F -5.374012 5.374012 -5.374012
A -5.374012 8.061017 -2.687006


-4.810000	3bb10
6

K 0.000000 0.000000 0.000000
L 2.687006 2.687006 0.000000
V 0.000000 5.374012 0.000000
F -2.687006 5.374012 2.687006
F -5.374012 5.374012 5.374012
A -5.374012 8.061017 2.687006


-4.810000	62240
6

K 0.000000 0.000000 0.000000
L 2.687006 2.687006 0.000000
V 5.374012 2.687006 2.687006
F 5.374012 5.374012 5.374012
F 5.374012 8.061017 8.061017
A 2.687006 5.374012 8.061017


-4.810000	51110
6

K 0.000000 0.000000 0.000000
L 2.687006 2.687006 0.000000
V 0.000000 5.374012 0.000000
F -2.687006 8.061017 0.000000
F -5.374012 10.748023 0.000000
A -2.687006 10.748023 -2.687006


-4.810000	84440
6

K 0.000000 0.000000 0.000000
L 2.687006 2.687006 0.000000
V 5.374012 2.687006 2.687006
F 8.061017 2.687006 5.374012
F 10.748023 2.687006 8.061017
A 10.748023 0.000000 5.374012


-4.810000	51100
6

K 0.000000 0.000000 0.000000
L 2.687006 2.687006 0.000000
V 5.374012 5.374012 0.000000
F 2.687006 8.061017 0.000000
F 0.000000 10.748023 0.000000
A 2.687006 10.748023 -2.687006


-4.810000	62210
6

K 0.000000 0.000000 0.000000
L 2.687006 2.687006 0.000000
V 0.000000 5.374012 0.000000
F 0.000000 8.061017 2.687006
F 0.000000 10.748023 5.374012
A -2.687006 8.061017 5.374012


-4.810000	95540
6

K 0.000000 0.000000 0.000000
L 2.687006 2.687006 0.000000
V 5.374012 2.687006 2.687006
F 8.061017 2.687006 0.000000
F 10.748023 2.687006 -2.687006
A 10.748023 0.000000 0.000000


-4.810000	62200
6

K 0.000000 0.000000 0.000000
L 2.687006 2.687006 0.000000
V 5.374012 5.374012 0.000000
F 5.374012 8.061017 2.687006
F 5.374012 10.748023 5.374012
A 2.687006 8.061017 5.374012


-4.810000	73310
6

K 0.000000 0.000000 0.000000
L 2.687006 2.687006 0.000000
V 0.000000 5.374012 0.000000
F 0.000000 8.061017 -2.687006
F 0.000000 10.748023 -5.374012
A 2.687006 8.061017 -5.374012


-4.810000	73300
6

K 0.000000 0.000000 0.000000
L 2.687006 2.687006 0.000000
V 5.374012 5.374012 0.000000
F 5.374012 8.061017 -2.687006
F 5.374012 10.748023 -5.374012
A 8.061017 8.061017 -5.374012


-4.810000	b7740
6

K 0.000000 0.000000 0.000000
L 2.687006 2.687006 0.000000
V 5.374012 2.687006 2.687006
F 8.061017 0.000000 2.687006
F 10.748023 -2.687006 2.687006
A 8.061017 -2.687006 5.374012


-4.810000	84400
6

K 0.000000 0.000000 0.000000
L 2.687006 2.687006 0.000000
V 5.374012 5.374012 0.000000
F 8.061017 5.374012 2.687006
F 10.748023 5.374012 5.374012
A 10.748023 2.687006 2.687006


-4.810000	95500
6

K 0.000000 0.000000 0.000000
L 2.687006 2.687006 0.000000
V 5.374012 5.374012 0.000000
F 8.061017 5.374012 -2.687006
F 10.748023 5.374012 -5.374012
A 10.748023 2.687006 -2.687006


-4.810000	19940
6

K 0.000000 0.000000 0.000000
L 2.687006 2.687006 0.000000
V 5.374012 2.687006 2.687006
F 5.374012 0.000000 5.374012
F 5.374012 -2.687006 8.061017
A 2.687006 0.000000 8.061017


-4.810000	08700
6

K 0.000000 0.000000 0.000000
L 2.687006 2.687006 0.000000
V 5.374012 5.374012 0.000000
F 8.061017 2.687006 0.000000
F 8.061017 0.000000 -2.687006
A 10.748023 2.687006 -2.687006


-4.810000	51040
6

K 0.000000 0.000000 0.000000
L 2.687006 2.687006 0.000000
V 5.374012 2.687006 2.687006
F 8.061017 5.374012 2.687006
F 5.374012 8.061017 2.687006
A 8.061017 8.061017 0.000000


-4.810000	3ba10
6

K 0.000000 0.000000 0.000000
L 2.687006 2.687006 0.000000
V 0.000000 5.374012 0.000000
F -2.687006 5.374012 -2.687006
F -5.374012 5.374012 0.000000
A -5.374012 8.061017 -2.687006


-4.810000	51010
6

K 0.000000 0.000000 0.000000
L 2.687006 2.687006 0.000000
V 0.000000 5.374012 0.000000
F 2.687006 8.061017 0.000000
F 0.000000 10.748023 0.000000
A 2.687006 10.748023 -2.687006


-4.810000	51000
6

K 0.000000 0.000000 0.000000
L 2.687006 2.687006 0.000000
V 5.374012 5.374012 0.000000
F 8.061017 8.061017 0.000000
F 5.374012 10.748023 0.000000
A 8.061017 10.748023 -2.687006


-4.810000	62110
6

K 0.000000 0.000000 0.000000
L 2.687006 2.687006 0.000000
V 0.000000 5.374012 0.000000
F -2.687006 8.061017 0.000000
F -2.687006 10.748023 2.687006
A -5.374012 8.061017 2.687006


-4.810000	95440
6

K 0.000000 0.000000 0.000000
L 2.687006 2.687006 0.000000
V 5.374012 2.687006 2.687006
F 8.061017 2.687006 5.374012
F 10.748023 2.687006 2.687006
A 10.748023 0.000000 5.374012


-4.810000	62100
6

K 0.000000 0.000000 0.000000
L 2.687006 2.687006 0.000000
V 5.374012 5.374012 0.000000
F 2.687006 8.061017 0.000000
F 2.687006 10.748023 2.687006
A 0.000000 8.061017 2.687006


-4.810000	08740
6

K 0.000000 0.000000 0.000000
L 2.687006 2.687006 0.000000
V 5.374012 2.687006 2.687006
F 8.061017 0.000000 2.687006
F 8.061017 -2.687006 0.000000
A 10.748023 0.000000 0.000000


-4.810000	95400
6

K 0.000000 0.000000 0.000000
L 2.687006 2.687006 0.000000
V 5.374012 5.374012 0.000000
F 8.061017 5.374012 2.687006
F 10.748023 5.374012 0.000000
A 10.748023 2.687006 2.687006


-4.810000	62b40
6

K 0.000000 0.000000 0.000000
L 2.687006 2.687006 0.000000
V 5.374012 2.687006 2.687006
F 2.687006 2.687006 5.374012
F 2.687006 5.374012 8.061017
A 0.000000 2.687006 8.061017


-4.810000	73040
6

K 0.000000 0.000000 0.000000
L 2.687006 2.687006 0.000000
V 5.374012 2.687006 2.687006
F 8.061017 5.374012 2.687006
F 8.061017 8.061017 0.000000
A 10.748023 5.374012 0.000000


-4.810000	51a10
6

K 0.000000 0.000000 0.000000
L 2.687006 2.687006 0.000000
V 0.000000 5.374012 0.000000
F -2.687006 5.374012 -2.687006
F -5.374012 8.061017 -2.687006
A -2.687006 8.061017 -5.374012


-4.810000	62b10
6

K 0.000000 0.000000 0.000000
L 2.687006 2.687006 0.000000
V 0.000000 5.374012 0.000000
F -2.687006 5.374012 2.687006
F -2.687006 8.061017 5.374012
A -5.374012 5.374012 5.374012


-4.810000	73010
6

K 0.000000 0.000000 0.000000
L 2.687006 2.687006 0.000000
V 0.000000 5.374012 0.000000
F 2.687006 8.061017 0.000000
F 2.687006 10.748023 -2.687006
A 5.374012 8.061017 -2.687006


-4.810000	73000
6

K 0.000000 0.000000 0.000000
L 2.687006 2.687006 0.000000
V 5.374012 5.374012 0.000000
F 8.061017 8.061017 0.000000
F 8.061017 10.748023 -2.687006
A 10.748023 8.061017 -2.687006


-4.810000	b7440
6

K 0.000000 0.000000 0.000000
L 2.687006 2.687006 0.000000
V 5.374012 2.687006 2.687006
F 8.061017 2.687006 5.374012
F 10.748023 0.000000 5.374012
A 8.061017 0.000000 8.061017


-4.810000	08540
6

K 0.000000 0.000000 0.000000
L 2.687006 2.687006 0.000000
V 5.374012 2.687006 2.687006
F 8.061017 2.687006 0.000000
F 8.061017 0.000000 -2.687006
A 10.748023 2.687006 -2.687006


-4.810000	b7400
6

K 0.000000 0.000000 0.000000
L 2.687006 2.687006 0.000000
V 5.374012 5.374012 0.000000
F 8.061017 5.374012 2.687006
F 10.748023 2.687006 2.687006
A 8.061017 2.687006 5.374012


-4.810000	08500
6

K 0.000000 0.000000 0.000000
L 2.687006 2.687006 0.000000
V 5.374012 5.374012 0.000000
F 8.061017 5.374012 -2.687006
F 8.061017 2.687006 -5.374012
A 10.748023 5.374012 -5.374012


-4.810000	84040
6

K 0.000000 0.000000 0.000000
L 2.687006 2.687006 0.000000
V 5.374012 2.687006 2.687006
F 8.061017 5.374012 2.687006
F 10.748023 5.374012 5.374012
A 10.748023 2.687006 2.687006


-4.810000	84000
6

K 0.000000 0.000000 0.000000
L 2.687006 2.687006 0.000000
V 5.374012 5.374012 0.000000
F 8.061017 8.061017 0.000000
F 10.748023 8.061017 2.687006
A 10.748023 5.374012 0.000000


-4.810000	95040
6

K 0.000000 0.000000 0.000000
L 2.687006 2.687006 0.000000
V 5.374012 2.687006 2.687006
F 8.061017 5.374012 2.687006
F 10.748023 5.374012 0.000000
A 10.748023 2.687006 2.687006


-4.810000	73a10
6

K 0.000000 0.000000 0.000000
L 2.687006 2.687006 0.000000
V 0.000000 5.374012 0.000000
F -2.687006 5.374012 -2.687006
F -2.687006 8.061017 -5.374012
A 0.000000 5.374012 -5.374012


-4.810000	95000
6

K 0.000000 0.000000 0.000000
L 2.687006 2.687006 0.000000
V 5.374012 5.374012 0.000000
F 8.061017 8.061017 0.000000
F 10.748023 8.061017 -2.687006
A 10.748023 5.374012 0.000000


-4.810000	19440
6

K 0.000000 0.000000 0.000000
L 2.687006 2.687006 0.000000
V 5.374012 2.687006 2.687006
F 8.061017 2.687006 5.374012
F 8.061017 0.000000 8.061017
A 5.374012 2.687006 8.061017


-4.810000	08310
6

K 0.000000 0.000000 0.000000
L 2.687006 2.687006 0.000000
V 0.000000 5.374012 0.000000
F 0.000000 8.061017 -2.687006
F 0.000000 5.374012 -5.374012
A 2.687006 8.061017 -5.374012


-4.810000	08300
6

K 0.000000 0.000000 0.000000
L 2.687006 2.687006 0.000000
V 5.374012 5.374012 0.000000
F 5.374012 8.061017 -2.687006
F 5.374012 5.374012 -5.374012
A 8.061017 8.061017 -5.374012


-4.810000	19400
6

K 0.000000 0.000000 0.000000
L 2.687006 2.687006 0.000000
V 5.374012 5.374012 0.000000
F 8.061017 5.374012 2.687006
F 8.061017 2.687006 5.374012
A 5.374012 5.374012 5.374012


-4.810000	62940
6

K 0.000000 0.000000 0.000000
L 2.687006 2.687006 0.000000
V 5.374012 2.687006 2.687006
F 5.374012 0.000000 5.374012
F 5.374012 2.687006 8.061017
A 2.687006 0.000000 8.061017


-4.810000	18a10
6

K 0.000000 0.000000 0.000000
L 2.687006 2.687006 0.000000
V 0.000000 5.374012 0.000000
F -2.687006 5.374012 -2.687006
F -2.687006 2.687006 -5.374012
A -5.374012 5.374012 -5.374012


-4.810000	72440
6

K 0.000000 0.000000 0.000000
L 2.687006 2.687006 0.000000
V 5.374012 2.687006 2.687006
F 8.061017 2.687006 5.374012
F 8.061017 5.374012 8.061017
A 10.748023 2.687006 8.061017


-4.810000	72400
6

K 0.000000 0.000000 0.000000
L 2.687006 2.687006 0.000000
V 5.374012 5.374012 0.000000
F 8.061017 5.374012 2.687006
F 8.061017 8.061017 5.374012
A 10.748023 5.374012 5.374012


-4.810000	72240
6

K 0.000000 0.000000 0.000000
L 2.687006 2.687006 0.000000
V 5.374012 2.687006 2.687006
F 5.374012 5.374012 5.374012
F 5.374012 8.061017 8.061017
A 8.061017 5.374012 8.061017


-4.810000	72210
6

K 0.000000 0.000000 0.000000
L 2.687006 2.687006 0.000000
V 0.000000 5.374012 0.000000
F 0.000000 8.061017 2.687006
F 0.000000 10.748023 5.374012
A 2.687006 8.061017 5.374012


-4.810000	72200
6

K 0.000000 0.000000 0.000000
L 2.687006 2.687006 0.000000
V 5.374012 5.374012 0.000000
F 5.374012 8.061017 2.687006
F 5.374012 10.748023 5.374012
A 8.061017 8.061017 5.374012


-4.810000	72040
6

K 0.000000 0.000000 0.000000
L 2.687006 2.687006 0.000000
V 5.374012 2.687006 2.687006
F 8.061017 5.374012 2.687006
F 8.061017 8.061017 5.374012
A 10.748023 5.374012 5.374012


-4.810000	72010
6

K 0.000000 0.000000 0.000000
L 2.687006 2.687006 0.000000
V 0.000000 5.374012 0.000000
F 2.687006 8.061017 0.000000
F 2.687006 10.748023 2.687006
A 5.374012 8.061017 2.687006


-4.810000	72000
6

K 0.000000 0.000000 0.000000
L 2.687006 2.687006 0.000000
V 5.374012 5.374012 0.000000
F 8.061017 8.061017 0.000000
F 8.061017 10.748023 2.687006
A 10.748023 8.061017 2.687006


-4.810000	72b40
6

K 0.000000 0.000000 0.000000
L 2.687006 2.687006 0.000000
V 5.374012 2.687006 2.687006
F 2.687006 2.687006 5.374012
F 2.687006 5.374012 8.061017
A 5.374012 2.687006 8.061017


-4.810000	72b10
6

K 0.000000 0.000000 0.000000
L 2.687006 2.687006 0.000000
V 0.000000 5.374012 0.000000
F -2.687006 5.374012 2.687006
F -2.687006 8.061017 5.374012
A 0.000000 5.374012 5.374012


-4.810000	18500
6

K 0.000000 0.000000 0.000000
L 2.687006 2.687006 0.000000
V 5.374012 5.374012 0.000000
F 8.061017 5.374012 -2.687006
F 8.061017 2.687006 -5.374012
A 5.374012 5.374012 -5.374012


-4.810000	18310
6

K 0.000000 0.000000 0.000000
L 2.687006 2.687006 0.000000
V 0.000000 5.374012 0.000000
F 0.000000 8.061017 -2.687006
F 0.000000 5.374012 -5.374012
A -2.687006 8.061017 -5.374012


-4.810000	18300
6

K 0.000000 0.000000 0.000000
L 2.687006 2.687006 0.000000
V 5.374012 5.374012 0.000000
F 5.374012 8.061017 -2.687006
F 5.374012 5.374012 -5.374012
A 2.687006 8.061017 -5.374012


-4.810000	72940
6

K 0.000000 0.000000 0.000000
L 2.687006 2.687006 0.000000
V 5.374012 2.687006 2.687006
F 5.374012 0.000000 5.374012
F 5.374012 2.687006 8.061017
A 8.061017 0.000000 8.061017


-4.670000	76610
6

K 0.000000 0.000000 0.000000
L 2.687006 2.687006 0.000000
V 0.000000 5.374012 0.000000
F -2.687006 2.687006 0.000000
F -5.374012 0.000000 0.000000
A -2.687006 -2.687006 0.000000


-4.040000	5ab10
6

K 0.000000 0.000000 0.000000
L 2.687006 2.687006 0.000000
V 0.000000 5.374012 0.000000
F -2.687006 5.374012 2.687006
F -5.374012 5.374012 0.000000
A -2.687006 5.374012 -2.687006


-4.040000	70110
6

K 0.000000 0.000000 0.000000
L 2.687006 2.687006 0.000000
V 0.000000 5.374012 0.000000
F -2.687006 8.061017 0.000000
F 0.000000 10.748023 0.000000
A 2.687006 8.061017 0.000000


-4.040000	70100
6

K 0.000000 0.000000 0.000000
L 2.687006 2.687006 0.000000
V 5.374012 5.374012 0.000000
F 2.687006 8.061017 0.000000
F 5.374012 10.748023 0.000000
A 8.061017 8.061017 0.000000


-4.040000	b4540
6

K 0.000000 0.000000 0.000000
L 2.687006 2.687006 0.000000
V 5.374012 2.687006 2.687006
F 8.061017 2.687006 0.000000
F 10.748023 2.687006 2.687006
A 8.061017 2.687006 5.374012


-4.040000	92310
6

K 0.000000 0.000000 0.000000
L 2.687006 2.687006 0.000000
V 0.000000 5.374012 0.000000
F 0.000000 8.061017 -2.687006
F 0.000000 10.748023 0.000000
A 0.000000 8.061017 2.687006


-4.040000	92300
6

K 0.000000 0.000000 0.000000
L 2.687006 2.687006 0.000000
V 5.374012 5.374012 0.000000
F 5.374012 8.061017 -2.687006
F 5.374012 10.748023 0.000000
A 5.374012 8.061017 2.687006


-4.040000	b4500
6

K 0.000000 0.000000 0.000000
L 2.687006 2.687006 0.000000
V 5.374012 5.374012 0.000000
F 8.061017 5.374012 -2.687006
F 10.748023 5.374012 0.000000
A 8.061017 5.374012 2.687006


-4.040000	67040
6

K 0.000000 0.000000 0.000000
L 2.687006 2.687006 0.000000
V 5.374012 2.687006 2.687006
F 8.061017 5.374012 2.687006
F 10.748023 2.687006 2.687006
A 8.061017 0.000000 2.687006


-4.040000	89240
6

K 0.000000 0.000000 0.000000
L 2.687006 2.687006 0.000000
V 5.374012 2.687006 2.687006
F 5.374012 5.374012 5.374012
F 5.374012 2.687006 8.061017
A 5.374012 0.000000 5.374012


-4.040000	67000
6

K 0.000000 0.000000 0.000000
L 2.687006 2.687006 0.000000
V 5.374012 5.374012 0.000000
F 8.061017 8.061017 0.000000
F 10.748023 5.374012 0.000000
A 8.061017 2.687006 0.000000


-4.040000	ab440
6

K 0.000000 0.000000 0.000000
L 2.687006 2.687006 0.000000
V 5.374012 2.687006 2.687006
F 8.061017 2.687006 5.374012
F 5.374012 2.687006 8.061017
A 2.687006 2.687006 5.374012


-4.040000	10700
6

K 0.000000 0.000000 0.000000
L 2.687006 2.687006 0.000000
V 5.374012 5.374012 0.000000
F 8.061017 2.687006 0.000000
F 10.748023 5.374012 0.000000
A 8.061017 8.061017 0.000000


-4.040000	54b40
6

K 0.000000 0.000000 0.000000
L 2.687006 2.687006 0.000000
V 5.374012 2.687006 2.687006
F 2.687006 2.687006 5.374012
F 5.374012 2.687006 8.061017
A 8.061017 2.687006 5.374012


-4.040000	10740
6

K 0.000000 0.000000 0.000000
L 2.687006 2.687006 0.000000
V 5.374012 2.687006 2.687006
F 8.061017 0.000000 2.687006
F 10.748023 2.687006 2.687006
A 8.061017 5.374012 2.687006


-4.040000	32940
6

K 0.000000 0.000000 0.000000
L 2.687006 2.687006 0.000000
V 5.374012 2.687006 2.687006
F 5.374012 0.000000 5.374012
F 5.374012 2.687006 8.061017
A 5.374012 5.374012 5.374012


-4.040000	4ba10
6

K 0.000000 0.000000 0.000000
L 2.687006 2.687006 0.000000
V 0.000000 5.374012 0.000000
F -2.687006 5.374012 -2.687006
F -5.374012 5.374012 0.000000
A -2.687006 5.374012 2.687006


-4.040000	61010
6

K 0.000000 0.000000 0.000000
L 2.687006 2.687006 0.000000
V 0.000000 5.374012 0.000000
F 2.687006 8.061017 0.000000
F 0.000000 10.748023 0.000000
A -2.687006 8.061017 0.000000


-4.040000	61000
6

K 0.000000 0.000000 0.000000
L 2.687006 2.687006 0.000000
V 5.374012 5.374012 0.000000
F 8.061017 8.061017 0.000000
F 5.374012 10.748023 0.000000
A 2.687006 8.061017 0.000000


-4.040000	a5440
6

K 0.000000 0.000000 0.000000
L 2.687006 2.687006 0.000000
V 5.374012 2.687006 2.687006
F 8.061017 2.687006 5.374012
F 10.748023 2.687006 2.687006
A 8.061017 2.687006 0.000000


-4.040000	83210
6

K 0.000000 0.000000 0.000000
L 2.687006 2.687006 0.000000
V 0.000000 5.374012 0.000000
F 0.000000 8.061017 2.687006
F 0.000000 10.748023 0.000000
A 0.000000 8.061017 -2.687006


-4.040000	83200
6

K 0.000000 0.000000 0.000000
L 2.687006 2.687006 0.000000
V 5.374012 5.374012 0.000000
F 5.374012 8.061017 2.687006
F 5.374012 10.748023 0.000000
A 5.374012 8.061017 -2.687006


-4.040000	a5400
6

K 0.000000 0.000000 0.000000
L 2.687006 2.687006 0.000000
V 5.374012 5.374012 0.000000
F 8.061017 5.374012 2.687006
F 10.748023 5.374012 0.000000
A 8.061017 5.374012 -2.687006


-3.360000	16610
6

K 0.000000 0.000000 0.000000
L 2.687006 2.687006 0.000000
V 0.000000 5.374012 0.000000
F -2.687006 2.687006 0.000000
F -5.374012 0.000000 0.000000
A -8.061017 2.687006 0.000000


-3.360000	5a610
6

K 0.000000 0.000000 0.000000
L 2.687006 2.687006 0.000000
V 0.000000 5.374012 0.000000
F -2.687006 2.687006 0.000000
F -5.374012 2.687006 -2.687006
A -2.687006 2.687006 -5.374012


-3.360000	6b610
6

K 0.000000 0.000000 0.000000
L 2.687006 2.687006 0.000000
V 0.000000 5.374012 0.000000
F -2.687006 2.687006 0.000000
F -5.374012 2.687006 2.687006
A -8.061017 0.000000 2.687006


-3.360000	6a610
6

K 0.000000 0.000000 0.000000
L 2.687006 2.687006 0.000000
V 0.000000 5.374012 0.000000
F -2.687006 2.687006 0.000000
F -5.374012 2.687006 -2.687006
A -8.061017 0.000000 -2.687006


-3.360000	a1610
6

K 0.000000 0.000000 0.000000
L 2.687006 2.687006 0.000000
V 0.000000 5.374012 0.000000
F -2.687006 2.687006 0.000000
F -5.374012 5.374012 0.000000
A -8.061017 5.374012 -2.687006


-3.360000	b1610
6

K 0.000000 0.000000 0.000000
L 2.687006 2.687006 0.000000
V 0.000000 5.374012 0.000000
F -2.687006 2.687006 0.000000
F -5.374012 5.374012 0.000000
A -8.061017 5.374012 2.687006


-3.360000	8a610
6

K 0.000000 0.000000 0.000000
L 2.687006 2.687006 0.000000
V 0.000000 5.374012 0.000000
F -2.687006 2.687006 0.000000
F -5.374012 2.687006 -2.687006
A -5.374012 0.000000 -5.374012


-3.360000	9b610
6

K 0.000000 0.000000 0.000000
L 2.687006 2.687006 0.000000
V 0.000000 5.374012 0.000000
F -2.687006 2.687006 0.000000
F -5.374012 2.687006 2.687006
A -5.374012 0.000000 5.374012


-3.360000	ab610
6

K 0.000000 0.000000 0.000000
L 2.687006 2.687006 0.000000
V 0.000000 5.374012 0.000000
F -2.687006 2.687006 0.000000
F -5.374012 2.687006 2.687006
A -8.061017 2.687006 0.000000


-3.360000	11610
6

K 0.000000 0.000000 0.000000
L 2.687006 2.687006 0.000000
V 0.000000 5.374012 0.000000
F -2.687006 2.687006 0.000000
F -5.374012 5.374012 0.000000
A -8.061017 8.061017 0.000000


-3.360000	66610
6

K 0.000000 0.000000 0.000000
L 2.687006 2.687006 0.000000
V 0.000000 5.374012 0.000000
F -2.687006 2.687006 0.000000
F -5.374012 0.000000 0.000000
A -8.061017 -2.687006 0.000000


-3.360000	aa610
6

K 0.000000 0.000000 0.000000
L 2.687006 2.687006 0.000000
V 0.000000 5.374012 0.000000
F -2.687006 2.687006 0.000000
F -5.374012 2.687006 -2.687006
A -8.061017 2.687006 -5.374012


-3.360000	bb610
6

K 0.000000 0.000000 0.000000
L 2.687006 2.687006 0.000000
V 0.000000 5.374012 0.000000
F -2.687006 2.687006 0.000000
F -5.374012 2.687006 2.687006
A -8.061017 2.687006 5.374012


-3.360000	21610
6

K 0.000000 0.000000 0.000000
L 2.687006 2.687006 0.000000
V 0.000000 5.374012 0.000000
F -2.687006 2.687006 0.000000
F -5.374012 5.374012 0.000000
A -5.374012 8.061017 2.687006


-3.360000	ba610
6

K 0.000000 0.000000 0.000000
L 2.687006 2.687006 0.000000
V 0.000000 5.374012 0.000000
F -2.687006 2.687006 0.000000
F -5.374012 2.687006 -2.687006
A -8.061017 2.687006 0.000000


-3.360000	31610
6

K 0.000000 0.000000 0.000000
L 2.687006 2.687006 0.000000
V 0.000000 5.374012 0.000000
F -2.687006 2.687006 0.000000
F -5.374012 5.374012 0.000000
A -5.374012 8.061017 -2.687006


-3.360000	86610
6

K 0.000000 0.000000 0.000000
L 2.687006 2.687006 0.000000
V 0.000000 5.374012 0.000000
F -2.687006 2.687006 0.000000
F -5.374012 0.000000 0.000000
A -5.374012 -2.687006 -2.687006


-3.360000	1b610
6

K 0.000000 0.000000 0.000000
L 2.687006 2.687006 0.000000
V 0.000000 5.374012 0.000000
F -2.687006 2.687006 0.000000
F -5.374012 2.687006 2.687006
A -8.061017 5.374012 2.687006


-3.360000	96610
6

K 0.000000 0.000000 0.000000
L 2.687006 2.687006 0.000000
V 0.000000 5.374012 0.000000
F -2.687006 2.687006 0.000000
F -5.374012 0.000000 0.000000
A -5.374012 -2.687006 2.687006


-3.360000	1a610
6

K 0.000000 0.000000 0.000000
L 2.687006 2.687006 0.000000
V 0.000000 5.374012 0.000000
F -2.687006 2.687006 0.000000
F -5.374012 2.687006 -2.687006
A -8.061017 5.374012 -2.687006


-3.360000	2b610
6

K 0.000000 0.000000 0.000000
L 2.687006 2.687006 0.000000
V 0.000000 5.374012 0.000000
F -2.687006 2.687006 0.000000
F -5.374012 2.687006 2.687006
A -5.374012 5.374012 5.374012


-3.360000	a6610
6

K 0.000000 0.000000 0.000000
L 2.687006 2.687006 0.000000
V 0.000000 5.374012 0.000000
F -2.687006 2.687006 0.000000
F -5.374012 0.000000 0.000000
A -8.061017 0.000000 -2.687006


-3.360000	61610
6

K 0.000000 0.000000 0.000000
L 2.687006 2.687006 0.000000
V 0.000000 5.374012 0.000000
F -2.687006 2.687006 0.000000
F -5.374012 5.374012 0.000000
A -8.061017 2.687006 0.000000


-3.360000	b6610
6

K 0.000000 0.000000 0.000000
L 2.687006 2.687006 0.000000
V 0.000000 5.374012 0.000000
F -2.687006 2.687006 0.000000
F -5.374012 0.000000 0.000000
A -8.061017 0.000000 2.687006


-3.360000	3a610
6

K 0.000000 0.000000 0.000000
L 2.687006 2.687006 0.000000
V 0.000000 5.374012 0.000000
F -2.687006 2.687006 0.000000
F -5.374012 2.687006 -2.687006
A -5.374012 5.374012 -5.374012


-3.360000	4b610
6

K 0.000000 0.000000 0.000000
L 2.687006 2.687006 0.000000
V 0.000000 5.374012 0.000000
F -2.687006 2.687006 0.000000
F -5.374012 2.687006 2.687006
A -2.687006 2.687006 5.374012


-2.490000	705a0
6

K 0.000000 0.000000 0.000000
L 2.687006 2.687006 0.000000
V 0.000000 2.687006 -2.687006
F 2.687006 2.687006 -5.374012
F 5.374012 5.374012 -5.374012
A 8.061017 2.687006 -5.374012


-2.490000	a38a0
6

K 0.000000 0.000000 0.000000
L 2.687006 2.687006 0.000000
V 0.000000 2.687006 -2.687006
F 0.000000 0.000000 -5.374012
F 0.000000 2.687006 -8.061017
A -2.687006 2.687006 -10.748023


-2.490000	05aa0
6

K 0.000000 0.000000 0.000000
L 2.687006 2.687006 0.000000
V 0.000000 2.687006 -2.687006
F -2.687006 2.687006 -5.374012
F 0.000000 2.687006 -8.061017
A 2.687006 5.374012 -8.061017


-2.490000	5a3a0
6

K 0.000000 0.000000 0.000000
L 2.687006 2.687006 0.000000
V 0.000000 2.687006 -2.687006
F 0.000000 5.374012 -5.374012
F -2.687006 5.374012 -8.061017
A 0.000000 5.374012 -10.748023


-2.490000	16aa0
6

K 0.000000 0.000000 0.000000
L 2.687006 2.687006 0.000000
V 0.000000 2.687006 -2.687006
F -2.687006 2.687006 -5.374012
F -5.374012 0.000000 -5.374012
A -8.061017 2.687006 -5.374012


-2.490000	058a0
6

K 0.000000 0.000000 0.000000
L 2.687006 2.687006 0.000000
V 0.000000 2.687006 -2.687006
F 0.000000 0.000000 -5.374012
F 2.687006 0.000000 -8.061017
A 5.374012 2.687006 -8.061017


-2.490000	5a1a0
6

K 0.000000 0.000000 0.000000
L 2.687006 2.687006 0.000000
V 0.000000 2.687006 -2.687006
F -2.687006 5.374012 -2.687006
F -5.374012 5.374012 -5.374012
A -2.687006 5.374012 -8.061017


-2.490000	703a0
6

K 0.000000 0.000000 0.000000
L 2.687006 2.687006 0.000000
V 0.000000 2.687006 -2.687006
F 0.000000 5.374012 -5.374012
F 2.687006 8.061017 -5.374012
A 5.374012 5.374012 -5.374012


-2.490000	a35a0
6

K 0.000000 0.000000 0.000000
L 2.687006 2.687006 0.000000
V 0.000000 2.687006 -2.687006
F 2.687006 2.687006 -5.374012
F 2.687006 5.374012 -8.061017
A 0.000000 5.374012 -10.748023


-2.490000	168a0
6

K 0.000000 0.000000 0.000000
L 2.687006 2.687006 0.000000
V 0.000000 2.687006 -2.687006
F 0.000000 0.000000 -5.374012
F -2.687006 -2.687006 -5.374012
A -5.374012 0.000000 -5.374012


-2.490000	38aa0
6

K 0.000000 0.000000 0.000000
L 2.687006 2.687006 0.000000
V 0.000000 2.687006 -2.687006
F -2.687006 2.687006 -5.374012
F -2.687006 0.000000 -8.061017
A -2.687006 2.687006 -10.748023


-2.490000	6b1a0
6

K 0.000000 0.000000 0.000000
L 2.687006 2.687006 0.000000
V 0.000000 2.687006 -2.687006
F -2.687006 5.374012 -2.687006
F -5.374012 5.374012 0.000000
A -8.061017 2.687006 0.000000


-2.490000	055a0
6

K 0.000000 0.000000 0.000000
L 2.687006 2.687006 0.000000
V 0.000000 2.687006 -2.687006
F 2.687006 2.687006 -5.374012
F 5.374012 2.687006 -8.061017
A 8.061017 5.374012 -8.061017


-2.490000	388a0
6

K 0.000000 0.000000 0.000000
L 2.687006 2.687006 0.000000
V 0.000000 2.687006 -2.687006
F 0.000000 0.000000 -5.374012
F 0.000000 -2.687006 -8.061017
A 0.000000 0.000000 -10.748023


-2.490000	5aaa0
6

K 0.000000 0.000000 0.000000
L 2.687006 2.687006 0.000000
V 0.000000 2.687006 -2.687006
F -2.687006 2.687006 -5.374012
F -5.374012 2.687006 -8.061017
A -2.687006 2.687006 -10.748023


-2.490000	a33a0
6

K 0.000000 0.000000 0.000000
L 2.687006 2.687006 0.000000
V 0.000000 2.687006 -2.687006
F 0.000000 5.374012 -5.374012
F 0.000000 8.061017 -8.061017
A -2.687006 8.061017 -10.748023


-2.490000	6baa0
6

K 0.000000 0.000000 0.000000
L 2.687006 2.687006 0.000000
V 0.000000 2.687006 -2.687006
F -2.687006 2.687006 -5.374012
F -5.374012 2.687006 -2.687006
A -8.061017 0.000000 -2.687006


-2.490000	921a0
6

K 0.000000 0.000000 0.000000
L 2.687006 2.687006 0.000000
V 0.000000 2.687006 -2.687006
F -2.687006 5.374012 -2.687006
F -2.687006 8.061017 0.000000
A -2.687006 5.374012 2.687006


-2.490000	5a8a0
6

K 0.000000 0.000000 0.000000
L 2.687006 2.687006 0.000000
V 0.000000 2.687006 -2.687006
F 0.000000 0.000000 -5.374012
F -2.687006 0.000000 -8.061017
A 0.000000 0.000000 -10.748023


-2.490000	a31a0
6

K 0.000000 0.000000 0.000000
L 2.687006 2.687006 0.000000
V 0.000000 2.687006 -2.687006
F -2.687006 5.374012 -2.687006
F -2.687006 8.061017 -5.374012
A -5.374012 8.061017 -8.061017


-2.490000	053a0
6

K 0.000000 0.000000 0.000000
L 2.687006 2.687006 0.000000
V 0.000000 2.687006 -2.687006
F 0.000000 5.374012 -5.374012
F 2.687006 5.374012 -8.061017
A 5.374012 8.061017 -8.061017


-2.490000	385a0
6

K 0.000000 0.000000 0.000000
L 2.687006 2.687006 0.000000
V 0.000000 2.687006 -2.687006
F 2.687006 2.687006 -5.374012
F 2.687006 0.000000 -8.061017
A 2.687006 2.687006 -10.748023


-2.490000	5a5a0
6

K 0.000000 0.000000 0.000000
L 2.687006 2.687006 0.000000
V 0.000000 2.687006 -2.687006
F 2.687006 2.687006 -5.374012
F 0.000000 2.687006 -8.061017
A 2.687006 2.687006 -10.748023


-2.490000	a3aa0
6

K 0.000000 0.000000 0.000000
L 2.687006 2.687006 0.000000
V 0.000000 2.687006 -2.687006
F -2.687006 2.687006 -5.374012
F -2.687006 5.374012 -8.061017
A -5.374012 5.374012 -10.748023


-2.490000	161a0
6

K 0.000000 0.000000 0.000000
L 2.687006 2.687006 0.000000
V 0.000000 2.687006 -2.687006
F -2.687006 5.374012 -2.687006
F -5.374012 2.687006 -2.687006
A -8.061017 5.374012 -2.687006


-2.490000	383a0
6

K 0.000000 0.000000 0.000000
L 2.687006 2.687006 0.000000
V 0.000000 2.687006 -2.687006
F 0.000000 5.374012 -5.374012
F 0.000000 2.687006 -8.061017
A 0.000000 5.374012 -10.748023


-2.490000	6a3a0
6

K 0.000000 0.000000 0.000000
L 2.687006 2.687006 0.000000
V 0.000000 2.687006 -2.687006
F 0.000000 5.374012 -5.374012
F -2.687006 5.374012 -8.061017
A -5.374012 2.687006 -8.061017


-2.490000	6a1a0
6

K 0.000000 0.000000 0.000000
L 2.687006 2.687006 0.000000
V 0.000000 2.687006 -2.687006
F -2.687006 5.374012 -2.687006
F -5.374012 5.374012 -5.374012
A -8.061017 2.687006 -5.374012


-2.490000	6aaa0
6

K 0.000000 0.000000 0.000000
L 2.687006 2.687006 0.000000
V 0.000000 2.687006 -2.687006
F -2.687006 2.687006 -5.374012
F -5.374012 2.687006 -8.061017
A -8.061017 0.000000 -8.061017


-2.490000	6a8a0
6

K 0.000000 0.000000 0.000000
L 2.687006 2.687006 0.000000
V 0.000000 2.687006 -2.687006
F 0.000000 0.000000 -5.374012
F -2.687006 0.000000 -8.061017
A -5.374012 -2.687006 -8.061017


-2.490000	6a5a0
6

K 0.000000 0.000000 0.000000
L 2.687006 2.687006 0.000000
V 0.000000 2.687006 -2.687006
F 2.687006 2.687006 -5.374012
F 0.000000 2.687006 -8.061017
A -2.687006 0.000000 -8.061017


-2.490000	038a0
6

K 0.000000 0.000000 0.000000
L 2.687006 2.687006 0.000000
V 0.000000 2.687006 -2.687006
F 0.000000 0.000000 -5.374012
F 0.000000 2.687006 -8.061017
A 2.687006 5.374012 -8.061017


-2.490000	035a0
6

K 0.000000 0.000000 0.000000
L 2.687006 2.687006 0.000000
V 0.000000 2.687006 -2.687006
F 2.687006 2.687006 -5.374012
F 2.687006 5.374012 -8.061017
A 5.374012 8.061017 -8.061017


-2.490000	58aa0
6

K 0.000000 0.000000 0.000000
L 2.687006 2.687006 0.000000
V 0.000000 2.687006 -2.687006
F -2.687006 2.687006 -5.374012
F -2.687006 0.000000 -8.061017
A 0.000000 0.000000 -10.748023


-2.490000	a13a0
6

K 0.000000 0.000000 0.000000
L 2.687006 2.687006 0.000000
V 0.000000 2.687006 -2.687006
F 0.000000 5.374012 -5.374012
F -2.687006 8.061017 -5.374012
A -5.374012 8.061017 -8.061017


-2.490000	478a0
6

K 0.000000 0.000000 0.000000
L 2.687006 2.687006 0.000000
V 0.000000 2.687006 -2.687006
F 0.000000 0.000000 -5.374012
F 2.687006 -2.687006 -5.374012
A 5.374012 -2.687006 -2.687006


-2.490000	b23a0
6

K 0.000000 0.000000 0.000000
L 2.687006 2.687006 0.000000
V 0.000000 2.687006 -2.687006
F 0.000000 5.374012 -5.374012
F 0.000000 8.061017 -2.687006
A -2.687006 8.061017 0.000000


-2.490000	588a0
6

K 0.000000 0.000000 0.000000
L 2.687006 2.687006 0.000000
V 0.000000 2.687006 -2.687006
F 0.000000 0.000000 -5.374012
F 0.000000 -2.687006 -8.061017
A 2.687006 -2.687006 -10.748023


-2.490000	a11a0
6

K 0.000000 0.000000 0.000000
L 2.687006 2.687006 0.000000
V 0.000000 2.687006 -2.687006
F -2.687006 5.374012 -2.687006
F -5.374012 8.061017 -2.687006
A -8.061017 8.061017 -5.374012


-2.490000	033a0
6

K 0.000000 0.000000 0.000000
L 2.687006 2.687006 0.000000
V 0.000000 2.687006 -2.687006
F 0.000000 5.374012 -5.374012
F 0.000000 8.061017 -8.061017
A 2.687006 10.748023 -8.061017


-2.490000	b21a0
6

K 0.000000 0.000000 0.000000
L 2.687006 2.687006 0.000000
V 0.000000 2.687006 -2.687006
F -2.687006 5.374012 -2.687006
F -2.687006 8.061017 0.000000
A -5.374012 8.061017 2.687006


-2.490000	475a0
6

K 0.000000 0.000000 0.000000
L 2.687006 2.687006 0.000000
V 0.000000 2.687006 -2.687006
F 2.687006 2.687006 -5.374012
F 5.374012 0.000000 -5.374012
A 8.061017 0.000000 -2.687006


-2.490000	031a0
6

K 0.000000 0.000000 0.000000
L 2.687006 2.687006 0.000000
V 0.000000 2.687006 -2.687006
F -2.687006 5.374012 -2.687006
F -2.687006 8.061017 -5.374012
A 0.000000 10.748023 -5.374012


-2.490000	585a0
6

K 0.000000 0.000000 0.000000
L 2.687006 2.687006 0.000000
V 0.000000 2.687006 -2.687006
F 2.687006 2.687006 -5.374012
F 2.687006 0.000000 -8.061017
A 5.374012 0.000000 -10.748023


-2.490000	a1aa0
6

K 0.000000 0.000000 0.000000
L 2.687006 2.687006 0.000000
V 0.000000 2.687006 -2.687006
F -2.687006 2.687006 -5.374012
F -5.374012 5.374012 -5.374012
A -8.061017 5.374012 -8.061017


-2.490000	03aa0
6

K 0.000000 0.000000 0.000000
L 2.687006 2.687006 0.000000
V 0.000000 2.687006 -2.687006
F -2.687006 2.687006 -5.374012
F -2.687006 5.374012 -8.061017
A 0.000000 8.061017 -8.061017


-2.490000	583a0
6

K 0.000000 0.000000 0.000000
L 2.687006 2.687006 0.000000
V 0.000000 2.687006 -2.687006
F 0.000000 5.374012 -5.374012
F 0.000000 2.687006 -8.061017
A 2.687006 2.687006 -10.748023


-2.490000	138a0
6

K 0.000000 0.000000 0.000000
L 2.687006 2.687006 0.000000
V 0.000000 2.687006 -2.687006
F 0.000000 0.000000 -5.374012
F 0.000000 2.687006 -8.061017
A -2.687006 5.374012 -8.061017


-2.490000	35aa0
6

K 0.000000 0.000000 0.000000
L 2.687006 2.687006 0.000000
V 0.000000 2.687006 -2.687006
F -2.687006 2.687006 -5.374012
F 0.000000 2.687006 -8.061017
A 0.000000 5.374012 -10.748023


-2.490000	8a3a0
6

K 0.000000 0.000000 0.000000
L 2.687006 2.687006 0.000000
V 0.000000 2.687006 -2.687006
F 0.000000 5.374012 -5.374012
F -2.687006 5.374012 -8.061017
A -2.687006 2.687006 -10.748023


-2.490000	358a0
6

K 0.000000 0.000000 0.000000
L 2.687006 2.687006 0.000000
V 0.000000 2.687006 -2.687006
F 0.000000 0.000000 -5.374012
F 2.687006 0.000000 -8.061017
A 2.687006 2.687006 -10.748023


-2.490000	8a1a0
6

K 0.000000 0.000000 0.000000
L 2.687006 2.687006 0.000000
V 0.000000 2.687006 -2.687006
F -2.687006 5.374012 -2.687006
F -5.374012 5.374012 -5.374012
A -5.374012 2.687006 -8.061017


-2.490000	135a0
6

K 0.000000 0.000000 0.000000
L 2.687006 2.687006 0.000000
V 0.000000 2.687006 -2.687006
F 2.687006 2.687006 -5.374012
F 2.687006 5.374012 -8.061017
A 0.000000 8.061017 -8.061017


-2.490000	68aa0
6

K 0.000000 0.000000 0.000000
L 2.687006 2.687006 0.000000
V 0.000000 2.687006 -2.687006
F -2.687006 2.687006 -5.374012
F -2.687006 0.000000 -8.061017
A -5.374012 -2.687006 -8.061017


-2.490000	9b1a0
6

K 0.000000 0.000000 0.000000
L 2.687006 2.687006 0.000000
V 0.000000 2.687006 -2.687006
F -2.687006 5.374012 -2.687006
F -5.374012 5.374012 0.000000
A -5.374012 2.687006 2.687006


-2.490000	b13a0
6

K 0.000000 0.000000 0.000000
L 2.687006 2.687006 0.000000
V 0.000000 2.687006 -2.687006
F 0.000000 5.374012 -5.374012
F -2.687006 8.061017 -5.374012
A -5.374012 8.061017 -2.687006


-2.490000	578a0
6

K 0.000000 0.000000 0.000000
L 2.687006 2.687006 0.000000
V 0.000000 2.687006 -2.687006
F 0.000000 0.000000 -5.374012
F 2.687006 -2.687006 -5.374012
A 5.374012 -2.687006 -8.061017


-2.490000	023a0
6

K 0.000000 0.000000 0.000000
L 2.687006 2.687006 0.000000
V 0.000000 2.687006 -2.687006
F 0.000000 5.374012 -5.374012
F 0.000000 8.061017 -2.687006
A 2.687006 10.748023 -2.687006


-2.490000	355a0
6

K 0.000000 0.000000 0.000000
L 2.687006 2.687006 0.000000
V 0.000000 2.687006 -2.687006
F 2.687006 2.687006 -5.374012
F 5.374012 2.687006 -8.061017
A 5.374012 5.374012 -10.748023


-2.490000	688a0
6

K 0.000000 0.000000 0.000000
L 2.687006 2.687006 0.000000
V 0.000000 2.687006 -2.687006
F 0.000000 0.000000 -5.374012
F 0.000000 -2.687006 -8.061017
A -2.687006 -5.374012 -8.061017


-2.490000	8aaa0
6

K 0.000000 0.000000 0.000000
L 2.687006 2.687006 0.000000
V 0.000000 2.687006 -2.687006
F -2.687006 2.687006 -5.374012
F -5.374012 2.687006 -8.061017
A -5.374012 0.000000 -10.748023


-2.490000	b11a0
6

K 0.000000 0.000000 0.000000
L 2.687006 2.687006 0.000000
V 0.000000 2.687006 -2.687006
F -2.687006 5.374012 -2.687006
F -5.374012 8.061017 -2.687006
A -8.061017 8.061017 0.000000


-2.490000	133a0
6

K 0.000000 0.000000 0.000000
L 2.687006 2.687006 0.000000
V 0.000000 2.687006 -2.687006
F 0.000000 5.374012 -5.374012
F 0.000000 8.061017 -8.061017
A -2.687006 10.748023 -8.061017


-2.490000	9baa0
6

K 0.000000 0.000000 0.000000
L 2.687006 2.687006 0.000000
V 0.000000 2.687006 -2.687006
F -2.687006 2.687006 -5.374012
F -5.374012 2.687006 -2.687006
A -5.374012 0.000000 0.000000


-2.490000	021a0
6

K 0.000000 0.000000 0.000000
L 2.687006 2.687006 0.000000
V 0.000000 2.687006 -2.687006
F -2.687006 5.374012 -2.687006
F -2.687006 8.061017 0.000000
A 0.000000 10.748023 0.000000


-2.490000	575a0
6

K 0.000000 0.000000 0.000000
L 2.687006 2.687006 0.000000
V 0.000000 2.687006 -2.687006
F 2.687006 2.687006 -5.374012
F 5.374012 0.000000 -5.374012
A 8.061017 0.000000 -8.061017


-2.490000	8a8a0
6

K 0.000000 0.000000 0.000000
L 2.687006 2.687006 0.000000
V 0.000000 2.687006 -2.687006
F 0.000000 0.000000 -5.374012
F -2.687006 0.000000 -8.061017
A -2.687006 -2.687006 -10.748023


-2.490000	131a0
6

K 0.000000 0.000000 0.000000
L 2.687006 2.687006 0.000000
V 0.000000 2.687006 -2.687006
F -2.687006 5.374012 -2.687006
F -2.687006 8.061017 -5.374012
A -5.374012 10.748023 -5.374012


-2.490000	353a0
6

K 0.000000 0.000000 0.000000
L 2.687006 2.687006 0.000000
V 0.000000 2.687006 -2.687006
F 0.000000 5.374012 -5.374012
F 2.687006 5.374012 -8.061017
A 2.687006 8.061017 -10.748023


-2.490000	685a0
6

K 0.000000 0.000000 0.000000
L 2.687006 2.687006 0.000000
V 0.000000 2.687006 -2.687006
F 2.687006 2.687006 -5.374012
F 2.687006 0.000000 -8.061017
A 0.000000 -2.687006 -8.061017


-2.490000	b1aa0
6

K 0.000000 0.000000 0.000000
L 2.687006 2.687006 0.000000
V 0.000000 2.687006 -2.687006
F -2.687006 2.687006 -5.374012
F -5.374012 5.374012 -5.374012
A -8.061017 5.374012 -2.687006


-2.490000	8a5a0
6

K 0.000000 0.000000 0.000000
L 2.687006 2.687006 0.000000
V 0.000000 2.687006 -2.687006
F 2.687006 2.687006 -5.374012
F 0.000000 2.687006 -8.061017
A 0.000000 0.000000 -10.748023


-2.490000	13aa0
6

K 0.000000 0.000000 0.000000
L 2.687006 2.687006 0.000000
V 0.000000 2.687006 -2.687006
F -2.687006 2.687006 -5.374012
F -2.687006 5.374012 -8.061017
A -5.374012 8.061017 -8.061017


-2.490000	683a0
6

K 0.000000 0.000000 0.000000
L 2.687006 2.687006 0.000000
V 0.000000 2.687006 -2.687006
F 0.000000 5.374012 -5.374012
F 0.000000 2.687006 -8.061017
A -2.687006 0.000000 -8.061017


-2.490000	458a0
6

K 0.000000 0.000000 0.000000
L 2.687006 2.687006 0.000000
V 0.000000 2.687006 -2.687006
F 0.000000 0.000000 -5.374012
F 2.687006 0.000000 -8.061017
A 5.374012 0.000000 -5.374012


-2.490000	235a0
6

K 0.000000 0.000000 0.000000
L 2.687006 2.687006 0.000000
V 0.000000 2.687006 -2.687006
F 2.687006 2.687006 -5.374012
F 2.687006 5.374012 -8.061017
A 2.687006 8.061017 -5.374012


-2.490000	78aa0
6

K 0.000000 0.000000 0.000000
L 2.687006 2.687006 0.000000
V 0.000000 2.687006 -2.687006
F -2.687006 2.687006 -5.374012
F -2.687006 0.000000 -8.061017
A 0.000000 -2.687006 -8.061017


-2.490000	ab1a0
6

K 0.000000 0.000000 0.000000
L 2.687006 2.687006 0.000000
V 0.000000 2.687006 -2.687006
F -2.687006 5.374012 -2.687006
F -5.374012 5.374012 0.000000
A -8.061017 5.374012 -2.687006


-2.490000	013a0
6

K 0.000000 0.000000 0.000000
L 2.687006 2.687006 0.000000
V 0.000000 2.687006 -2.687006
F 0.000000 5.374012 -5.374012
F -2.687006 8.061017 -5.374012
A 0.000000 10.748023 -5.374012


-2.490000	678a0
6

K 0.000000 0.000000 0.000000
L 2.687006 2.687006 0.000000
V 0.000000 2.687006 -2.687006
F 0.000000 0.000000 -5.374012
F 2.687006 -2.687006 -5.374012
A 0.000000 -5.374012 -5.374012


-2.490000	123a0
6

K 0.000000 0.000000 0.000000
L 2.687006 2.687006 0.000000
V 0.000000 2.687006 -2.687006
F 0.000000 5.374012 -5.374012
F 0.000000 8.061017 -2.687006
A -2.687006 10.748023 -2.687006


-2.490000	455a0
6

K 0.000000 0.000000 0.000000
L 2.687006 2.687006 0.000000
V 0.000000 2.687006 -2.687006
F 2.687006 2.687006 -5.374012
F 5.374012 2.687006 -8.061017
A 8.061017 2.687006 -5.374012


-2.490000	788a0
6

K 0.000000 0.000000 0.000000
L 2.687006 2.687006 0.000000
V 0.000000 2.687006 -2.687006
F 0.000000 0.000000 -5.374012
F 0.000000 -2.687006 -8.061017
A 2.687006 -5.374012 -8.061017


-2.490000	011a0
6

K 0.000000 0.000000 0.000000
L 2.687006 2.687006 0.000000
V 0.000000 2.687006 -2.687006
F -2.687006 5.374012 -2.687006
F -5.374012 8.061017 -2.687006
A -2.687006 10.748023 -2.687006


-2.490000	233a0
6

K 0.000000 0.000000 0.000000
L 2.687006 2.687006 0.000000
V 0.000000 2.687006 -2.687006
F 0.000000 5.374012 -5.374012
F 0.000000 8.061017 -8.061017
A 0.000000 10.748023 -5.374012


-2.490000	abaa0
6

K 0.000000 0.000000 0.000000
L 2.687006 2.687006 0.000000
V 0.000000 2.687006 -2.687006
F -2.687006 2.687006 -5.374012
F -5.374012 2.687006 -2.687006
A -8.061017 2.687006 -5.374012


-2.490000	121a0
6

K 0.000000 0.000000 0.000000
L 2.687006 2.687006 0.000000
V 0.000000 2.687006 -2.687006
F -2.687006 5.374012 -2.687006
F -2.687006 8.061017 0.000000
A -5.374012 10.748023 0.000000


-2.490000	675a0
6

K 0.000000 0.000000 0.000000
L 2.687006 2.687006 0.000000
V 0.000000 2.687006 -2.687006
F 2.687006 2.687006 -5.374012
F 5.374012 0.000000 -5.374012
A 2.687006 -2.687006 -5.374012


-2.490000	231a0
6

K 0.000000 0.000000 0.000000
L 2.687006 2.687006 0.000000
V 0.000000 2.687006 -2.687006
F -2.687006 5.374012 -2.687006
F -2.687006 8.061017 -5.374012
A -2.687006 10.748023 -2.687006


-2.490000	453a0
6

K 0.000000 0.000000 0.000000
L 2.687006 2.687006 0.000000
V 0.000000 2.687006 -2.687006
F 0.000000 5.374012 -5.374012
F 2.687006 5.374012 -8.061017
A 5.374012 5.374012 -5.374012


-2.490000	785a0
6

K 0.000000 0.000000 0.000000
L 2.687006 2.687006 0.000000
V 0.000000 2.687006 -2.687006
F 2.687006 2.687006 -5.374012
F 2.687006 0.000000 -8.061017
A 5.374012 -2.687006 -8.061017


-2.490000	01aa0
6

K 0.000000 0.000000 0.000000
L 2.687006 2.687006 0.000000
V 0.000000 2.687006 -2.687006
F -2.687006 2.687006 -5.374012
F -5.374012 5.374012 -5.374012
A -2.687006 8.061017 -5.374012


-2.490000	23aa0
6

K 0.000000 0.000000 0.000000
L 2.687006 2.687006 0.000000
V 0.000000 2.687006 -2.687006
F -2.687006 2.687006 -5.374012
F -2.687006 5.374012 -8.061017
A -2.687006 8.061017 -5.374012


-2.490000	783a0
6

K 0.000000 0.000000 0.000000
L 2.687006 2.687006 0.000000
V 0.000000 2.687006 -2.687006
F 0.000000 5.374012 -5.374012
F 0.000000 2.687006 -8.061017
A 2.687006 0.000000 -8.061017


-2.490000	005a0
6

K 0.000000 0.000000 0.000000
L 2.687006 2.687006 0.000000
V 0.000000 2.687006 -2.687006
F 2.687006 2.687006 -5.374012
F 5.374012 5.374012 -5.374012
A 8.061017 8.061017 -5.374012


-2.490000	338a0
6

K 0.000000 0.000000 0.000000
L 2.687006 2.687006 0.000000
V 0.000000 2.687006 -2.687006
F 0.000000 0.000000 -5.374012
F 0.000000 2.687006 -8.061017
A 0.000000 5.374012 -10.748023


-2.490000	55aa0
6

K 0.000000 0.000000 0.000000
L 2.687006 2.687006 0.000000
V 0.000000 2.687006 -2.687006
F -2.687006 2.687006 -5.374012
F 0.000000 2.687006 -8.061017
A 2.687006 2.687006 -10.748023


-2.490000	aa3a0
6

K 0.000000 0.000000 0.000000
L 2.687006 2.687006 0.000000
V 0.000000 2.687006 -2.687006
F 0.000000 5.374012 -5.374012
F -2.687006 5.374012 -8.061017
A -5.374012 5.374012 -10.748023


-2.490000	66aa0
6

K 0.000000 0.000000 0.000000
L 2.687006 2.687006 0.000000
V 0.000000 2.687006 -2.687006
F -2.687006 2.687006 -5.374012
F -5.374012 0.000000 -5.374012
A -8.061017 -2.687006 -5.374012


-2.490000	558a0
6

K 0.000000 0.000000 0.000000
L 2.687006 2.687006 0.000000
V 0.000000 2.687006 -2.687006
F 0.000000 0.000000 -5.374012
F 2.687006 0.000000 -8.061017
A 5.374012 0.000000 -10.748023


-2.490000	aa1a0
6

K 0.000000 0.000000 0.000000
L 2.687006 2.687006 0.000000
V 0.000000 2.687006 -2.687006
F -2.687006 5.374012 -2.687006
F -5.374012 5.374012 -5.374012
A -8.061017 5.374012 -8.061017


-2.490000	003a0
6

K 0.000000 0.000000 0.000000
L 2.687006 2.687006 0.000000
V 0.000000 2.687006 -2.687006
F 0.000000 5.374012 -5.374012
F 2.687006 8.061017 -5.374012
A 5.374012 10.748023 -5.374012


-2.490000	335a0
6

K 0.000000 0.000000 0.000000
L 2.687006 2.687006 0.000000
V 0.000000 2.687006 -2.687006
F 2.687006 2.687006 -5.374012
F 2.687006 5.374012 -8.061017
A 2.687006 8.061017 -10.748023


-2.490000	668a0
6

K 0.000000 0.000000 0.000000
L 2.687006 2.687006 0.000000
V 0.000000 2.687006 -2.687006
F 0.000000 0.000000 -5.374012
F -2.687006 -2.687006 -5.374012
A -5.374012 -5.374012 -5.374012


-2.490000	88aa0
6

K 0.000000 0.000000 0.000000
L 2.687006 2.687006 0.000000
V 0.000000 2.687006 -2.687006
F -2.687006 2.687006 -5.374012
F -2.687006 0.000000 -8.061017
A -2.687006 -2.687006 -10.748023


-2.490000	bb1a0
6

K 0.000000 0.000000 0.000000
L 2.687006 2.687006 0.000000
V 0.000000 2.687006 -2.687006
F -2.687006 5.374012 -2.687006
F -5.374012 5.374012 0.000000
A -8.061017 5.374012 2.687006


-2.490000	113a0
6

K 0.000000 0.000000 0.000000
L 2.687006 2.687006 0.000000
V 0.000000 2.687006 -2.687006
F 0.000000 5.374012 -5.374012
F -2.687006 8.061017 -5.374012
A -5.374012 10.748023 -5.374012


-2.490000	778a0
6

K 0.000000 0.000000 0.000000
L 2.687006 2.687006 0.000000
V 0.000000 2.687006 -2.687006
F 0.000000 0.000000 -5.374012
F 2.687006 -2.687006 -5.374012
A 5.374012 -5.374012 -5.374012


-2.490000	001a0
6

K 0.000000 0.000000 0.000000
L 2.687006 2.687006 0.000000
V 0.000000 2.687006 -2.687006
F -2.687006 5.374012 -2.687006
F 0.000000 8.061017 -2.687006
A 2.687006 10.748023 -2.687006


-2.490000	223a0
6

K 0.000000 0.000000 0.000000
L 2.687006 2.687006 0.000000
V 0.000000 2.687006 -2.687006
F 0.000000 5.374012 -5.374012
F 0.000000 8.061017 -2.687006
A 0.000000 10.748023 0.000000


-2.490000	555a0
6

K 0.000000 0.000000 0.000000
L 2.687006 2.687006 0.000000
V 0.000000 2.687006 -2.687006
F 2.687006 2.687006 -5.374012
F 5.374012 2.687006 -8.061017
A 8.061017 2.687006 -10.748023


-2.490000	888a0
6

K 0.000000 0.000000 0.000000
L 2.687006 2.687006 0.000000
V 0.000000 2.687006 -2.687006
F 0.000000 0.000000 -5.374012
F 0.000000 -2.687006 -8.061017
A 0.000000 -5.374012 -10.748023


-2.490000	aaaa0
6

K 0.000000 0.000000 0.000000
L 2.687006 2.687006 0.000000
V 0.000000 2.687006 -2.687006
F -2.687006 2.687006 -5.374012
F -5.374012 2.687006 -8.061017
A -8.061017 2.687006 -10.748023


-2.490000	111a0
6

K 0.000000 0.000000 0.000000
L 2.687006 2.687006 0.000000
V 0.000000 2.687006 -2.687006
F -2.687006 5.374012 -2.687006
F -5.374012 8.061017 -2.687006
A -8.061017 10.748023 -2.687006


-2.490000	333a0
6

K 0.000000 0.000000 0.000000
L 2.687006 2.687006 0.000000
V 0.000000 2.687006 -2.687006
F 0.000000 5.374012 -5.374012
F 0.000000 8.061017 -8.061017
A 0.000000 10.748023 -10.748023


-2.490000	bbaa0
6

K 0.000000 0.000000 0.000000
L 2.687006 2.687006 0.000000
V 0.000000 2.687006 -2.687006
F -2.687006 2.687006 -5.374012
F -5.374012 2.687006 -2.687006
A -8.061017 2.687006 0.000000


-2.490000	221a0
6

K 0.000000 0.000000 0.000000
L 2.687006 2.687006 0.000000
V 0.000000 2.687006 -2.687006
F -2.687006 5.374012 -2.687006
F -2.687006 8.061017 0.000000
A -2.687006 10.748023 2.687006


-2.490000	775a0
6

K 0.000000 0.000000 0.000000
L 2.687006 2.687006 0.000000
V 0.000000 2.687006 -2.687006
F 2.687006 2.687006 -5.374012
F 5.374012 0.000000 -5.374012
A 8.061017 -2.687006 -5.374012


-2.490000	aa8a0
6

K 0.000000 0.000000 0.000000
L 2.687006 2.687006 0.000000
V 0.000000 2.687006 -2.687006
F 0.000000 0.000000 -5.374012
F -2.687006 0.000000 -8.061017
A -5.374012 0.000000 -10.748023


-2.490000	331a0
6

K 0.000000 0.000000 0.000000
L 2.687006 2.687006 0.000000
V 0.000000 2.687006 -2.687006
F -2.687006 5.374012 -2.687006
F -2.687006 8.061017 -5.374012
A -2.687006 10.748023 -8.061017


-2.490000	553a0
6

K 0.000000 0.000000 0.000000
L 2.687006 2.687006 0.000000
V 0.000000 2.687006 -2.687006
F 0.000000 5.374012 -5.374012
F 2.687006 5.374012 -8.061017
A 5.374012 5.374012 -10.748023


-2.490000	885a0
6

K 0.000000 0.000000 0.000000
L 2.687006 2.687006 0.000000
V 0.000000 2.687006 -2.687006
F 2.687006 2.687006 -5.374012
F 2.687006 0.000000 -8.061017
A 2.687006 -2.687006 -10.748023


-2.490000	11aa0
6

K 0.000000 0.000000 0.000000
L 2.687006 2.687006 0.000000
V 0.000000 2.687006 -2.687006
F -2.687006 2.687006 -5.374012
F -5.374012 5.374012 -5.374012
A -8.061017 8.061017 -5.374012


-2.490000	aa5a0
6

K 0.000000 0.000000 0.000000
L 2.687006 2.687006 0.000000
V 0.000000 2.687006 -2.687006
F 2.687006 2.687006 -5.374012
F 0.000000 2.687006 -8.061017
A -2.687006 2.687006 -10.748023


-2.490000	33aa0
6

K 0.000000 0.000000 0.000000
L 2.687006 2.687006 0.000000
V 0.000000 2.687006 -2.687006
F -2.687006 2.687006 -5.374012
F -2.687006 5.374012 -8.061017
A -2.687006 8.061017 -10.748023


-2.490000	661a0
6

K 0.000000 0.000000 0.000000
L 2.687006 2.687006 0.000000
V 0.000000 2.687006 -2.687006
F -2.687006 5.374012 -2.687006
F -5.374012 2.687006 -2.687006
A -8.061017 0.000000 -2.687006


-2.490000	883a0
6

K 0.000000 0.000000 0.000000
L 2.687006 2.687006 0.000000
V 0.000000 2.687006 -2.687006
F 0.000000 5.374012 -5.374012
F 0.000000 2.687006 -8.061017
A 0.000000 0.000000 -10.748023


-2.490000	105a0
6

K 0.000000 0.000000 0.000000
L 2.687006 2.687006 0.000000
V 0.000000 2.687006 -2.687006
F 2.687006 2.687006 -5.374012
F 5.374012 5.374012 -5.374012
A 2.687006 8.061017 -5.374012


-2.490000	ba3a0
6

K 0.000000 0.000000 0.000000
L 2.687006 2.687006 0.000000
V 0.000000 2.687006 -2.687006
F 0.000000 5.374012 -5.374012
F -2.687006 5.374012 -8.061017
A -5.374012 5.374012 -5.374012


-2.490000	76aa0
6

K 0.000000 0.000000 0.000000
L 2.687006 2.687006 0.000000
V 0.000000 2.687006 -2.687006
F -2.687006 2.687006 -5.374012
F -5.374012 0.000000 -5.374012
A -2.687006 -2.687006 -5.374012


-2.490000	ba1a0
6

K 0.000000 0.000000 0.000000
L 2.687006 2.687006 0.000000
V 0.000000 2.687006 -2.687006
F -2.687006 5.374012 -2.687006
F -5.374012 5.374012 -5.374012
A -8.061017 5.374012 -2.687006


-2.490000	103a0
6

K 0.000000 0.000000 0.000000
L 2.687006 2.687006 0.000000
V 0.000000 2.687006 -2.687006
F 0.000000 5.374012 -5.374012
F 2.687006 8.061017 -5.374012
A 0.000000 10.748023 -5.374012


-2.490000	768a0
6

K 0.000000 0.000000 0.000000
L 2.687006 2.687006 0.000000
V 0.000000 2.687006 -2.687006
F 0.000000 0.000000 -5.374012
F -2.687006 -2.687006 -5.374012
A 0.000000 -5.374012 -5.374012


-2.490000	98aa0
6

K 0.000000 0.000000 0.000000
L 2.687006 2.687006 0.000000
V 0.000000 2.687006 -2.687006
F -2.687006 2.687006 -5.374012
F -2.687006 0.000000 -8.061017
A -2.687006 -2.687006 -5.374012


-2.490000	213a0
6

K 0.000000 0.000000 0.000000
L 2.687006 2.687006 0.000000
V 0.000000 2.687006 -2.687006
F 0.000000 5.374012 -5.374012
F -2.687006 8.061017 -5.374012
A -2.687006 10.748023 -2.687006


-2.490000	878a0
6

K 0.000000 0.000000 0.000000
L 2.687006 2.687006 0.000000
V 0.000000 2.687006 -2.687006
F 0.000000 0.000000 -5.374012
F 2.687006 -2.687006 -5.374012
A 2.687006 -5.374012 -8.061017


-2.490000	101a0
6

K 0.000000 0.000000 0.000000
L 2.687006 2.687006 0.000000
V 0.000000 2.687006 -2.687006
F -2.687006 5.374012 -2.687006
F 0.000000 8.061017 -2.687006
A -2.687006 10.748023 -2.687006


-2.490000	323a0
6

K 0.000000 0.000000 0.000000
L 2.687006 2.687006 0.000000
V 0.000000 2.687006 -2.687006
F 0.000000 5.374012 -5.374012
F 0.000000 8.061017 -2.687006
A 0.000000 10.748023 -5.374012


-2.490000	988a0
6

K 0.000000 0.000000 0.000000
L 2.687006 2.687006 0.000000
V 0.000000 2.687006 -2.687006
F 0.000000 0.000000 -5.374012
F 0.000000 -2.687006 -8.061017
A 0.000000 -5.374012 -5.374012


-2.490000	baaa0
6

K 0.000000 0.000000 0.000000
L 2.687006 2.687006 0.000000
V 0.000000 2.687006 -2.687006
F -2.687006 2.687006 -5.374012
F -5.374012 2.687006 -8.061017
A -8.061017 2.687006 -5.374012


-2.490000	211a0
6

K 0.000000 0.000000 0.000000
L 2.687006 2.687006 0.000000
V 0.000000 2.687006 -2.687006
F -2.687006 5.374012 -2.687006
F -5.374012 8.061017 -2.687006
A -5.374012 10.748023 0.000000


-2.490000	321a0
6

K 0.000000 0.000000 0.000000
L 2.687006 2.687006 0.000000
V 0.000000 2.687006 -2.687006
F -2.687006 5.374012 -2.687006
F -2.687006 8.061017 0.000000
A -2.687006 10.748023 -2.687006


-2.490000	875a0
6

K 0.000000 0.000000 0.000000
L 2.687006 2.687006 0.000000
V 0.000000 2.687006 -2.687006
F 2.687006 2.687006 -5.374012
F 5.374012 0.000000 -5.374012
A 5.374012 -2.687006 -8.061017


-2.490000	ba8a0
6

K 0.000000 0.000000 0.000000
L 2.687006 2.687006 0.000000
V 0.000000 2.687006 -2.687006
F 0.000000 0.000000 -5.374012
F -2.687006 0.000000 -8.061017
A -5.374012 0.000000 -5.374012


-2.490000	985a0
6

K 0.000000 0.000000 0.000000
L 2.687006 2.687006 0.000000
V 0.000000 2.687006 -2.687006
F 2.687006 2.687006 -5.374012
F 2.687006 0.000000 -8.061017
A 2.687006 -2.687006 -5.374012


-2.490000	21aa0
6

K 0.000000 0.000000 0.000000
L 2.687006 2.687006 0.000000
V 0.000000 2.687006 -2.687006
F -2.687006 2.687006 -5.374012
F -5.374012 5.374012 -5.374012
A -5.374012 8.061017 -2.687006


-2.490000	205a0
6

K 0.000000 0.000000 0.000000
L 2.687006 2.687006 0.000000
V 0.000000 2.687006 -2.687006
F 2.687006 2.687006 -5.374012
F 5.374012 5.374012 -5.374012
A 5.374012 8.061017 -2.687006


-2.490000	538a0
6

K 0.000000 0.000000 0.000000
L 2.687006 2.687006 0.000000
V 0.000000 2.687006 -2.687006
F 0.000000 0.000000 -5.374012
F 0.000000 2.687006 -8.061017
A 2.687006 2.687006 -10.748023


-2.490000	75aa0
6

K 0.000000 0.000000 0.000000
L 2.687006 2.687006 0.000000
V 0.000000 2.687006 -2.687006
F -2.687006 2.687006 -5.374012
F 0.000000 2.687006 -8.061017
A 2.687006 0.000000 -8.061017


-2.490000	86aa0
6

K 0.000000 0.000000 0.000000
L 2.687006 2.687006 0.000000
V 0.000000 2.687006 -2.687006
F -2.687006 2.687006 -5.374012
F -5.374012 0.000000 -5.374012
A -5.374012 -2.687006 -8.061017


-2.490000	758a0
6

K 0.000000 0.000000 0.000000
L 2.687006 2.687006 0.000000
V 0.000000 2.687006 -2.687006
F 0.000000 0.000000 -5.374012
F 2.687006 0.000000 -8.061017
A 5.374012 -2.687006 -8.061017


-2.490000	203a0
6

K 0.000000 0.000000 0.000000
L 2.687006 2.687006 0.000000
V 0.000000 2.687006 -2.687006
F 0.000000 5.374012 -5.374012
F 2.687006 8.061017 -5.374012
A 2.687006 10.748023 -2.687006


-2.490000	535a0
6

K 0.000000 0.000000 0.000000
L 2.687006 2.687006 0.000000
V 0.000000 2.687006 -2.687006
F 2.687006 2.687006 -5.374012
F 2.687006 5.374012 -8.061017
A 5.374012 5.374012 -10.748023


-2.490000	868a0
6

K 0.000000 0.000000 0.000000
L 2.687006 2.687006 0.000000
V 0.000000 2.687006 -2.687006
F 0.000000 0.000000 -5.374012
F -2.687006 -2.687006 -5.374012
A -2.687006 -5.374012 -8.061017


-2.490000	a8aa0
6

K 0.000000 0.000000 0.000000
L 2.687006 2.687006 0.000000
V 0.000000 2.687006 -2.687006
F -2.687006 2.687006 -5.374012
F -2.687006 0.000000 -8.061017
A -5.374012 0.000000 -10.748023


-2.490000	1b1a0
6

K 0.000000 0.000000 0.000000
L 2.687006 2.687006 0.000000
V 0.000000 2.687006 -2.687006
F -2.687006 5.374012 -2.687006
F -5.374012 5.374012 0.000000
A -8.061017 8.061017 0.000000


-2.490000	313a0
6

K 0.000000 0.000000 0.000000
L 2.687006 2.687006 0.000000
V 0.000000 2.687006 -2.687006
F 0.000000 5.374012 -5.374012
F -2.687006 8.061017 -5.374012
A -2.687006 10.748023 -8.061017


-2.490000	978a0
6

K 0.000000 0.000000 0.000000
L 2.687006 2.687006 0.000000
V 0.000000 2.687006 -2.687006
F 0.000000 0.000000 -5.374012
F 2.687006 -2.687006 -5.374012
A 2.687006 -5.374012 -2.687006


-2.490000	201a0
6

K 0.000000 0.000000 0.000000
L 2.687006 2.687006 0.000000
V 0.000000 2.687006 -2.687006
F -2.687006 5.374012 -2.687006
F 0.000000 8.061017 -2.687006
A 0.000000 10.748023 0.000000


-2.490000	423a0
6

K 0.000000 0.000000 0.000000
L 2.687006 2.687006 0.000000
V 0.000000 2.687006 -2.687006
F 0.000000 5.374012 -5.374012
F 0.000000 8.061017 -2.687006
A 2.687006 8.061017 0.000000


-2.490000	755a0
6

K 0.000000 0.000000 0.000000
L 2.687006 2.687006 0.000000
V 0.000000 2.687006 -2.687006
F 2.687006 2.687006 -5.374012
F 5.374012 2.687006 -8.061017
A 8.061017 0.000000 -8.061017


-2.490000	a88a0
6

K 0.000000 0.000000 0.000000
L 2.687006 2.687006 0.000000
V 0.000000 2.687006 -2.687006
F 0.000000 0.000000 -5.374012
F 0.000000 -2.687006 -8.061017
A -2.687006 -2.687006 -10.748023


-2.490000	311a0
6

K 0.000000 0.000000 0.000000
L 2.687006 2.687006 0.000000
V 0.000000 2.687006 -2.687006
F -2.687006 5.374012 -2.687006
F -5.374012 8.061017 -2.687006
A -5.374012 10.748023 -5.374012


-2.490000	533a0
6

K 0.000000 0.000000 0.000000
L 2.687006 2.687006 0.000000
V 0.000000 2.687006 -2.687006
F 0.000000 5.374012 -5.374012
F 0.000000 8.061017 -8.061017
A 2.687006 8.061017 -10.748023


-2.490000	1baa0
6

K 0.000000 0.000000 0.000000
L 2.687006 2.687006 0.000000
V 0.000000 2.687006 -2.687006
F -2.687006 2.687006 -5.374012
F -5.374012 2.687006 -2.687006
A -8.061017 5.374012 -2.687006


-2.490000	421a0
6

K 0.000000 0.000000 0.000000
L 2.687006 2.687006 0.000000
V 0.000000 2.687006 -2.687006
F -2.687006 5.374012 -2.687006
F -2.687006 8.061017 0.000000
A 0.000000 8.061017 2.687006


-2.490000	975a0
6

K 0.000000 0.000000 0.000000
L 2.687006 2.687006 0.000000
V 0.000000 2.687006 -2.687006
F 2.687006 2.687006 -5.374012
F 5.374012 0.000000 -5.374012
A 5.374012 -2.687006 -2.687006


-2.490000	531a0
6

K 0.000000 0.000000 0.000000
L 2.687006 2.687006 0.000000
V 0.000000 2.687006 -2.687006
F -2.687006 5.374012 -2.687006
F -2.687006 8.061017 -5.374012
A 0.000000 8.061017 -8.061017


-2.490000	753a0
6

K 0.000000 0.000000 0.000000
L 2.687006 2.687006 0.000000
V 0.000000 2.687006 -2.687006
F 0.000000 5.374012 -5.374012
F 2.687006 5.374012 -8.061017
A 5.374012 2.687006 -8.061017


-2.490000	a85a0
6

K 0.000000 0.000000 0.000000
L 2.687006 2.687006 0.000000
V 0.000000 2.687006 -2.687006
F 2.687006 2.687006 -5.374012
F 2.687006 0.000000 -8.061017
A 0.000000 0.000000 -10.748023


-2.490000	31aa0
6

K 0.000000 0.000000 0.000000
L 2.687006 2.687006 0.000000
V 0.000000 2.687006 -2.687006
F -2.687006 2.687006 -5.374012
F -5.374012 5.374012 -5.374012
A -5.374012 8.061017 -8.061017


-2.490000	53aa0
6

K 0.000000 0.000000 0.000000
L 2.687006 2.687006 0.000000
V 0.000000 2.687006 -2.687006
F -2.687006 2.687006 -5.374012
F -2.687006 5.374012 -8.061017
A 0.000000 5.374012 -10.748023


-2.490000	861a0
6

K 0.000000 0.000000 0.000000
L 2.687006 2.687006 0.000000
V 0.000000 2.687006 -2.687006
F -2.687006 5.374012 -2.687006
F -5.374012 2.687006 -2.687006
A -5.374012 0.000000 -5.374012


-2.490000	a83a0
6

K 0.000000 0.000000 0.000000
L 2.687006 2.687006 0.000000
V 0.000000 2.687006 -2.687006
F 0.000000 5.374012 -5.374012
F 0.000000 2.687006 -8.061017
A -2.687006 2.687006 -10.748023


-2.490000	305a0
6

K 0.000000 0.000000 0.000000
L 2.687006 2.687006 0.000000
V 0.000000 2.687006 -2.687006
F 2.687006 2.687006 -5.374012
F 5.374012 5.374012 -5.374012
A 5.374012 8.061017 -8.061017


-2.490000	85aa0
6

K 0.000000 0.000000 0.000000
L 2.687006 2.687006 0.000000
V 0.000000 2.687006 -2.687006
F -2.687006 2.687006 -5.374012
F 0.000000 2.687006 -8.061017
A 0.000000 0.000000 -10.748023


-2.490000	1a3a0
6

K 0.000000 0.000000 0.000000
L 2.687006 2.687006 0.000000
V 0.000000 2.687006 -2.687006
F 0.000000 5.374012 -5.374012
F -2.687006 5.374012 -8.061017
A -5.374012 8.061017 -8.061017


-2.490000	96aa0
6

K 0.000000 0.000000 0.000000
L 2.687006 2.687006 0.000000
V 0.000000 2.687006 -2.687006
F -2.687006 2.687006 -5.374012
F -5.374012 0.000000 -5.374012
A -5.374012 -2.687006 -2.687006


-2.490000	858a0
6

K 0.000000 0.000000 0.000000
L 2.687006 2.687006 0.000000
V 0.000000 2.687006 -2.687006
F 0.000000 0.000000 -5.374012
F 2.687006 0.000000 -8.061017
A 2.687006 -2.687006 -10.748023


-2.490000	1a1a0
6

K 0.000000 0.000000 0.000000
L 2.687006 2.687006 0.000000
V 0.000000 2.687006 -2.687006
F -2.687006 5.374012 -2.687006
F -5.374012 5.374012 -5.374012
A -8.061017 8.061017 -5.374012


-2.490000	303a0
6

K 0.000000 0.000000 0.000000
L 2.687006 2.687006 0.000000
V 0.000000 2.687006 -2.687006
F 0.000000 5.374012 -5.374012
F 2.687006 8.061017 -5.374012
A 2.687006 10.748023 -8.061017


-2.490000	968a0
6

K 0.000000 0.000000 0.000000
L 2.687006 2.687006 0.000000
V 0.000000 2.687006 -2.687006
F 0.000000 0.000000 -5.374012
F -2.687006 -2.687006 -5.374012
A -2.687006 -5.374012 -2.687006


-2.490000	2b1a0
6

K 0.000000 0.000000 0.000000
L 2.687006 2.687006 0.000000
V 0.000000 2.687006 -2.687006
F -2.687006 5.374012 -2.687006
F -5.374012 5.374012 0.000000
A -5.374012 8.061017 2.687006


-2.490000	301a0
6

K 0.000000 0.000000 0.000000
L 2.687006 2.687006 0.000000
V 0.000000 2.687006 -2.687006
F -2.687006 5.374012 -2.687006
F 0.000000 8.061017 -2.687006
A 0.000000 10.748023 -5.374012


-2.490000	855a0
6

K 0.000000 0.000000 0.000000
L 2.687006 2.687006 0.000000
V 0.000000 2.687006 -2.687006
F 2.687006 2.687006 -5.374012
F 5.374012 2.687006 -8.061017
A 5.374012 0.000000 -10.748023


-2.490000	1aaa0
6

K 0.000000 0.000000 0.000000
L 2.687006 2.687006 0.000000
V 0.000000 2.687006 -2.687006
F -2.687006 2.687006 -5.374012
F -5.374012 2.687006 -8.061017
A -8.061017 5.374012 -8.061017


-2.490000	2baa0
6

K 0.000000 0.000000 0.000000
L 2.687006 2.687006 0.000000
V 0.000000 2.687006 -2.687006
F -2.687006 2.687006 -5.374012
F -5.374012 2.687006 -2.687006
A -5.374012 5.374012 0.000000


-2.490000	1a8a0
6

K 0.000000 0.000000 0.000000
L 2.687006 2.687006 0.000000
V 0.000000 2.687006 -2.687006
F 0.000000 0.000000 -5.374012
F -2.687006 0.000000 -8.061017
A -5.374012 2.687006 -8.061017


-2.490000	853a0
6

K 0.000000 0.000000 0.000000
L 2.687006 2.687006 0.000000
V 0.000000 2.687006 -2.687006
F 0.000000 5.374012 -5.374012
F 2.687006 5.374012 -8.061017
A 2.687006 2.687006 -10.748023


-2.490000	1a5a0
6

K 0.000000 0.000000 0.000000
L 2.687006 2.687006 0.000000
V 0.000000 2.687006 -2.687006
F 2.687006 2.687006 -5.374012
F 0.000000 2.687006 -8.061017
A -2.687006 5.374012 -8.061017


-2.490000	961a0
6

K 0.000000 0.000000 0.000000
L 2.687006 2.687006 0.000000
V 0.000000 2.687006 -2.687006
F -2.687006 5.374012 -2.687006
F -5.374012 2.687006 -2.687006
A -5.374012 0.000000 0.000000


-2.490000	405a0
6

K 0.000000 0.000000 0.000000
L 2.687006 2.687006 0.000000
V 0.000000 2.687006 -2.687006
F 2.687006 2.687006 -5.374012
F 5.374012 5.374012 -5.374012
A 8.061017 5.374012 -2.687006


-2.490000	a6aa0
6

K 0.000000 0.000000 0.000000
L 2.687006 2.687006 0.000000
V 0.000000 2.687006 -2.687006
F -2.687006 2.687006 -5.374012
F -5.374012 0.000000 -5.374012
A -8.061017 0.000000 -8.061017


-2.490000	403a0
6

K 0.000000 0.000000 0.000000
L 2.687006 2.687006 0.000000
V 0.000000 2.687006 -2.687006
F 0.000000 5.374012 -5.374012
F 2.687006 8.061017 -5.374012
A 5.374012 8.061017 -2.687006


-2.490000	a68a0
6

K 0.000000 0.000000 0.000000
L 2.687006 2.687006 0.000000
V 0.000000 2.687006 -2.687006
F 0.000000 0.000000 -5.374012
F -2.687006 -2.687006 -5.374012
A -5.374012 -2.687006 -8.061017


-2.490000	401a0
6

K 0.000000 0.000000 0.000000
L 2.687006 2.687006 0.000000
V 0.000000 2.687006 -2.687006
F -2.687006 5.374012 -2.687006
F 0.000000 8.061017 -2.687006
A 2.687006 8.061017 0.000000


-2.490000	a61a0
6

K 0.000000 0.000000 0.000000
L 2.687006 2.687006 0.000000
V 0.000000 2.687006 -2.687006
F -2.687006 5.374012 -2.687006
F -5.374012 2.687006 -2.687006
A -8.061017 2.687006 -5.374012


-2.490000	505a0
6

K 0.000000 0.000000 0.000000
L 2.687006 2.687006 0.000000
V 0.000000 2.687006 -2.687006
F 2.687006 2.687006 -5.374012
F 5.374012 5.374012 -5.374012
A 8.061017 5.374012 -8.061017


-2.490000	838a0
6

K 0.000000 0.000000 0.000000
L 2.687006 2.687006 0.000000
V 0.000000 2.687006 -2.687006
F 0.000000 0.000000 -5.374012
F 0.000000 2.687006 -8.061017
A 0.000000 0.000000 -10.748023


-2.490000	a5aa0
6

K 0.000000 0.000000 0.000000
L 2.687006 2.687006 0.000000
V 0.000000 2.687006 -2.687006
F -2.687006 2.687006 -5.374012
F 0.000000 2.687006 -8.061017
A -2.687006 2.687006 -10.748023


-2.490000	3a3a0
6

K 0.000000 0.000000 0.000000
L 2.687006 2.687006 0.000000
V 0.000000 2.687006 -2.687006
F 0.000000 5.374012 -5.374012
F -2.687006 5.374012 -8.061017
A -2.687006 8.061017 -10.748023


-2.490000	b6aa0
6

K 0.000000 0.000000 0.000000
L 2.687006 2.687006 0.000000
V 0.000000 2.687006 -2.687006
F -2.687006 2.687006 -5.374012
F -5.374012 0.000000 -5.374012
A -8.061017 0.000000 -2.687006


-2.490000	a58a0
6

K 0.000000 0.000000 0.000000
L 2.687006 2.687006 0.000000
V 0.000000 2.687006 -2.687006
F 0.000000 0.000000 -5.374012
F 2.687006 0.000000 -8.061017
A 0.000000 0.000000 -10.748023


-2.490000	3a1a0
6

K 0.000000 0.000000 0.000000
L 2.687006 2.687006 0.000000
V 0.000000 2.687006 -2.687006
F -2.687006 5.374012 -2.687006
F -5.374012 5.374012 -5.374012
A -5.374012 8.061017 -8.061017


-2.490000	503a0
6

K 0.000000 0.000000 0.000000
L 2.687006 2.687006 0.000000
V 0.000000 2.687006 -2.687006
F 0.000000 5.374012 -5.374012
F 2.687006 8.061017 -5.374012
A 5.374012 8.061017 -8.061017


-2.490000	835a0
6

K 0.000000 0.000000 0.000000
L 2.687006 2.687006 0.000000
V 0.000000 2.687006 -2.687006
F 2.687006 2.687006 -5.374012
F 2.687006 5.374012 -8.061017
A 2.687006 2.687006 -10.748023


-2.490000	b68a0
6

K 0.000000 0.000000 0.000000
L 2.687006 2.687006 0.000000
V 0.000000 2.687006 -2.687006
F 0.000000 0.000000 -5.374012
F -2.687006 -2.687006 -5.374012
A -5.374012 -2.687006 -2.687006


-2.490000	4b1a0
6

K 0.000000 0.000000 0.000000
L 2.687006 2.687006 0.000000
V 0.000000 2.687006 -2.687006
F -2.687006 5.374012 -2.687006
F -5.374012 5.374012 0.000000
A -2.687006 5.374012 2.687006


-2.490000	613a0
6

K 0.000000 0.000000 0.000000
L 2.687006 2.687006 0.000000
V 0.000000 2.687006 -2.687006
F 0.000000 5.374012 -5.374012
F -2.687006 8.061017 -5.374012
A -5.374012 5.374012 -5.374012


-2.490000	078a0
6

K 0.000000 0.000000 0.000000
L 2.687006 2.687006 0.000000
V 0.000000 2.687006 -2.687006
F 0.000000 0.000000 -5.374012
F 2.687006 -2.687006 -5.374012
A 5.374012 0.000000 -5.374012


-2.490000	501a0
6

K 0.000000 0.000000 0.000000
L 2.687006 2.687006 0.000000
V 0.000000 2.687006 -2.687006
F -2.687006 5.374012 -2.687006
F 0.000000 8.061017 -2.687006
A 2.687006 8.061017 -5.374012


-2.490000	a55a0
6

K 0.000000 0.000000 0.000000
L 2.687006 2.687006 0.000000
V 0.000000 2.687006 -2.687006
F 2.687006 2.687006 -5.374012
F 5.374012 2.687006 -8.061017
A 2.687006 2.687006 -10.748023


-2.490000	3aaa0
6

K 0.000000 0.000000 0.000000
L 2.687006 2.687006 0.000000
V 0.000000 2.687006 -2.687006
F -2.687006 2.687006 -5.374012
F -5.374012 2.687006 -8.061017
A -5.374012 5.374012 -10.748023


-2.490000	611a0
6

K 0.000000 0.000000 0.000000
L 2.687006 2.687006 0.000000
V 0.000000 2.687006 -2.687006
F -2.687006 5.374012 -2.687006
F -5.374012 8.061017 -2.687006
A -8.061017 5.374012 -2.687006


-2.490000	833a0
6

K 0.000000 0.000000 0.000000
L 2.687006 2.687006 0.000000
V 0.000000 2.687006 -2.687006
F 0.000000 5.374012 -5.374012
F 0.000000 8.061017 -8.061017
A 0.000000 5.374012 -10.748023


-2.490000	075a0
6

K 0.000000 0.000000 0.000000
L 2.687006 2.687006 0.000000
V 0.000000 2.687006 -2.687006
F 2.687006 2.687006 -5.374012
F 5.374012 0.000000 -5.374012
A 8.061017 2.687006 -5.374012


-2.490000	3a8a0
6

K 0.000000 0.000000 0.000000
L 2.687006 2.687006 0.000000
V 0.000000 2.687006 -2.687006
F 0.000000 0.000000 -5.374012
F -2.687006 0.000000 -8.061017
A -2.687006 2.687006 -10.748023


-2.490000	831a0
6

K 0.000000 0.000000 0.000000
L 2.687006 2.687006 0.000000
V 0.000000 2.687006 -2.687006
F -2.687006 5.374012 -2.687006
F -2.687006 8.061017 -5.374012
A -2.687006 5.374012 -8.061017


-2.490000	a53a0
6

K 0.000000 0.000000 0.000000
L 2.687006 2.687006 0.000000
V 0.000000 2.687006 -2.687006
F 0.000000 5.374012 -5.374012
F 2.687006 5.374012 -8.061017
A 0.000000 5.374012 -10.748023


-2.490000	61aa0
6

K 0.000000 0.000000 0.000000
L 2.687006 2.687006 0.000000
V 0.000000 2.687006 -2.687006
F -2.687006 2.687006 -5.374012
F -5.374012 5.374012 -5.374012
A -8.061017 2.687006 -5.374012


-2.490000	3a5a0
6

K 0.000000 0.000000 0.000000
L 2.687006 2.687006 0.000000
V 0.000000 2.687006 -2.687006
F 2.687006 2.687006 -5.374012
F 0.000000 2.687006 -8.061017
A 0.000000 5.374012 -10.748023


-2.490000	83aa0
6

K 0.000000 0.000000 0.000000
L 2.687006 2.687006 0.000000
V 0.000000 2.687006 -2.687006
F -2.687006 2.687006 -5.374012
F -2.687006 5.374012 -8.061017
A -2.687006 2.687006 -10.748023


-2.490000	b61a0
6

K 0.000000 0.000000 0.000000
L 2.687006 2.687006 0.000000
V 0.000000 2.687006 -2.687006
F -2.687006 5.374012 -2.687006
F -5.374012 2.687006 -2.687006
A -8.061017 2.687006 0.000000


-1.310000	89b10
6

K 0.000000 0.000000 0.000000
L 2.687006 2.687006 0.000000
V 0.000000 5.374012 0.000000
F -2.687006 5.374012 2.687006
F -2.687006 2.687006 5.374012
A -2.687006 0.000000 2.687006


-1.310000	76b10
6

K 0.000000 0.000000 0.000000
L 2.687006 2.687006 0.000000
V 0.000000 5.374012 0.000000
F -2.687006 5.374012 2.687006
F -5.374012 2.687006 2.687006
A -2.687006 0.000000 2.687006


-1.310000	76a10
6

K 0.000000 0.000000 0.000000
L 2.687006 2.687006 0.000000
V 0.000000 5.374012 0.000000
F -2.687006 5.374012 -2.687006
F -5.374012 2.687006 -2.687006
A -2.687006 0.000000 -2.687006


-1.310000	98a10
6

K 0.000000 0.000000 0.000000
L 2.687006 2.687006 0.000000
V 0.000000 5.374012 0.000000
F -2.687006 5.374012 -2.687006
F -2.687006 2.687006 -5.374012
A -2.687006 0.000000 -2.687006


-1.310000	86b40
6

K 0.000000 0.000000 0.000000
L 2.687006 2.687006 0.000000
V 5.374012 2.687006 2.687006
F 2.687006 2.687006 5.374012
F 0.000000 0.000000 5.374012
A 0.000000 -2.687006 2.687006


-1.310000	a8940
6

K 0.000000 0.000000 0.000000
L 2.687006 2.687006 0.000000
V 5.374012 2.687006 2.687006
F 5.374012 0.000000 5.374012
F 5.374012 -2.687006 2.687006
A 2.687006 -2.687006 0.000000


-1.310000	a6b40
6

K 0.000000 0.000000 0.000000
L 2.687006 2.687006 0.000000
V 5.374012 2.687006 2.687006
F 2.687006 2.687006 5.374012
F 0.000000 0.000000 5.374012
A -2.687006 0.000000 2.687006


-1.310000	a6940
6

K 0.000000 0.000000 0.000000
L 2.687006 2.687006 0.000000
V 5.374012 2.687006 2.687006
F 5.374012 0.000000 5.374012
F 2.687006 -2.687006 5.374012
A 0.000000 -2.687006 2.687006


-1.310000	a6740
6

K 0.000000 0.000000 0.000000
L 2.687006 2.687006 0.000000
V 5.374012 2.687006 2.687006
F 8.061017 0.000000 2.687006
F 5.374012 -2.687006 2.687006
A 2.687006 -2.687006 0.000000


0.000000	16b40
6

K 0.000000 0.000000 0.000000
L 2.687006 2.687006 0.000000
V 5.374012 2.687006 2.687006
F 2.687006 2.687006 5.374012
F 0.000000 0.000000 5.374012
A -2.687006 2.687006 5.374012


0.000000	05a10
6

K 0.000000 0.000000 0.000000
L 2.687006 2.687006 0.000000
V 0.000000 5.374012 0.000000
F -2.687006 5.374012 -2.687006
F 0.000000 5.374012 -5.374012
A 2.687006 8.061017 -5.374012


0.000000	16b10
6

K 0.000000 0.000000 0.000000
L 2.687006 2.687006 0.000000
V 0.000000 5.374012 0.000000
F -2.687006 5.374012 2.687006
F -5.374012 2.687006 2.687006
A -8.061017 5.374012 2.687006


0.000000	49240
6

K 0.000000 0.000000 0.000000
L 2.687006 2.687006 0.000000
V 5.374012 2.687006 2.687006
F 5.374012 5.374012 5.374012
F 5.374012 2.687006 8.061017
A 8.061017 2.687006 10.748023


0.000000	6b440
6

K 0.000000 0.000000 0.000000
L 2.687006 2.687006 0.000000
V 5.374012 2.687006 2.687006
F 8.061017 2.687006 5.374012
F 5.374012 2.687006 8.061017
A 2.687006 0.000000 8.061017


0.000000	49210
6

K 0.000000 0.000000 0.000000
L 2.687006 2.687006 0.000000
V 0.000000 5.374012 0.000000
F 0.000000 8.061017 2.687006
F 0.000000 5.374012 5.374012
A 2.687006 5.374012 8.061017


0.000000	70540
6

K 0.000000 0.000000 0.000000
L 2.687006 2.687006 0.000000
V 5.374012 2.687006 2.687006
F 8.061017 2.687006 0.000000
F 10.748023 5.374012 0.000000
A 13.435029 2.687006 0.000000


0.000000	49200
6

K 0.000000 0.000000 0.000000
L 2.687006 2.687006 0.000000
V 5.374012 5.374012 0.000000
F 5.374012 8.061017 2.687006
F 5.374012 5.374012 5.374012
A 8.061017 5.374012 8.061017


0.000000	5a310
6

K 0.000000 0.000000 0.000000
L 2.687006 2.687006 0.000000
V 0.000000 5.374012 0.000000
F 0.000000 8.061017 -2.687006
F -2.687006 8.061017 -5.374012
A 0.000000 8.061017 -8.061017


0.000000	5a300
6

K 0.000000 0.000000 0.000000
L 2.687006 2.687006 0.000000
V 5.374012 5.374012 0.000000
F 5.374012 8.061017 -2.687006
F 2.687006 8.061017 -5.374012
A 5.374012 8.061017 -8.061017


0.000000	6b400
6

K 0.000000 0.000000 0.000000
L 2.687006 2.687006 0.000000
V 5.374012 5.374012 0.000000
F 8.061017 5.374012 2.687006
F 5.374012 5.374012 5.374012
A 2.687006 2.687006 5.374012


0.000000	70500
6

K 0.000000 0.000000 0.000000
L 2.687006 2.687006 0.000000
V 5.374012 5.374012 0.000000
F 8.061017 5.374012 -2.687006
F 10.748023 8.061017 -2.687006
A 13.435029 5.374012 -2.687006


0.000000	b4940
6

K 0.000000 0.000000 0.000000
L 2.687006 2.687006 0.000000
V 5.374012 2.687006 2.687006
F 5.374012 0.000000 5.374012
F 8.061017 0.000000 8.061017
A 5.374012 0.000000 10.748023


0.000000	16a10
6

K 0.000000 0.000000 0.000000
L 2.687006 2.687006 0.000000
V 0.000000 5.374012 0.000000
F -2.687006 5.374012 -2.687006
F -5.374012 2.687006 -2.687006
A -8.061017 5.374012 -2.687006


0.000000	70440
6

K 0.000000 0.000000 0.000000
L 2.687006 2.687006 0.000000
V 5.374012 2.687006 2.687006
F 8.061017 2.687006 5.374012
F 10.748023 5.374012 5.374012
A 13.435029 2.687006 5.374012


0.000000	70400
6

K 0.000000 0.000000 0.000000
L 2.687006 2.687006 0.000000
V 5.374012 5.374012 0.000000
F 8.061017 5.374012 2.687006
F 10.748023 8.061017 2.687006
A 13.435029 5.374012 2.687006


0.000000	b4700
6

K 0.000000 0.000000 0.000000
L 2.687006 2.687006 0.000000
V 5.374012 5.374012 0.000000
F 8.061017 2.687006 0.000000
F 10.748023 2.687006 2.687006
A 8.061017 2.687006 5.374012


0.000000	6b240
6

K 0.000000 0.000000 0.000000
L 2.687006 2.687006 0.000000
V 5.374012 2.687006 2.687006
F 5.374012 5.374012 5.374012
F 2.687006 5.374012 8.061017
A 0.000000 2.687006 8.061017


0.000000	5a110
6

K 0.000000 0.000000 0.000000
L 2.687006 2.687006 0.000000
V 0.000000 5.374012 0.000000
F -2.687006 8.061017 0.000000
F -5.374012 8.061017 -2.687006
A -2.687006 8.061017 -5.374012


0.000000	5a100
6

K 0.000000 0.000000 0.000000
L 2.687006 2.687006 0.000000
V 5.374012 5.374012 0.000000
F 2.687006 8.061017 0.000000
F 0.000000 8.061017 -2.687006
A 2.687006 8.061017 -5.374012


0.000000	6b210
6

K 0.000000 0.000000 0.000000
L 2.687006 2.687006 0.000000
V 0.000000 5.374012 0.000000
F 0.000000 8.061017 2.687006
F -2.687006 8.061017 5.374012
A -5.374012 5.374012 5.374012


0.000000	6b200
6

K 0.000000 0.000000 0.000000
L 2.687006 2.687006 0.000000
V 5.374012 5.374012 0.000000
F 5.374012 8.061017 2.687006
F 2.687006 8.061017 5.374012
A 0.000000 5.374012 5.374012


0.000000	70310
6

K 0.000000 0.000000 0.000000
L 2.687006 2.687006 0.000000
V 0.000000 5.374012 0.000000
F 0.000000 8.061017 -2.687006
F 2.687006 10.748023 -2.687006
A 5.374012 8.061017 -2.687006


0.000000	70300
6

K 0.000000 0.000000 0.000000
L 2.687006 2.687006 0.000000
V 5.374012 5.374012 0.000000
F 5.374012 8.061017 -2.687006
F 8.061017 10.748023 -2.687006
A 10.748023 8.061017 -2.687006


0.000000	b4740
6

K 0.000000 0.000000 0.000000
L 2.687006 2.687006 0.000000
V 5.374012 2.687006 2.687006
F 8.061017 0.000000 2.687006
F 10.748023 0.000000 5.374012
A 8.061017 0.000000 8.061017


0.000000	16940
6

K 0.000000 0.000000 0.000000
L 2.687006 2.687006 0.000000
V 5.374012 2.687006 2.687006
F 5.374012 0.000000 5.374012
F 2.687006 -2.687006 5.374012
A 0.000000 0.000000 5.374012


0.000000	05700
6

K 0.000000 0.000000 0.000000
L 2.687006 2.687006 0.000000
V 5.374012 5.374012 0.000000
F 8.061017 2.687006 0.000000
F 10.748023 2.687006 -2.687006
A 13.435029 5.374012 -2.687006


0.000000	49b40
6

K 0.000000 0.000000 0.000000
L 2.687006 2.687006 0.000000
V 5.374012 2.687006 2.687006
F 2.687006 2.687006 5.374012
F 2.687006 0.000000 8.061017
A 5.374012 0.000000 10.748023


0.000000	38a10
6

K 0.000000 0.000000 0.000000
L 2.687006 2.687006 0.000000
V 0.000000 5.374012 0.000000
F -2.687006 5.374012 -2.687006
F -2.687006 2.687006 -5.374012
A -2.687006 5.374012 -8.061017


0.000000	49b10
6

K 0.000000 0.000000 0.000000
L 2.687006 2.687006 0.000000
V 0.000000 5.374012 0.000000
F -2.687006 5.374012 2.687006
F -2.687006 2.687006 5.374012
A 0.000000 2.687006 8.061017


0.000000	70240
6

K 0.000000 0.000000 0.000000
L 2.687006 2.687006 0.000000
V 5.374012 2.687006 2.687006
F 5.374012 5.374012 5.374012
F 8.061017 8.061017 5.374012
A 10.748023 5.374012 5.374012


0.000000	6b110
6

K 0.000000 0.000000 0.000000
L 2.687006 2.687006 0.000000
V 0.000000 5.374012 0.000000
F -2.687006 8.061017 0.000000
F -5.374012 8.061017 2.687006
A -8.061017 5.374012 2.687006


0.000000	92440
6

K 0.000000 0.000000 0.000000
L 2.687006 2.687006 0.000000
V 5.374012 2.687006 2.687006
F 8.061017 2.687006 5.374012
F 8.061017 5.374012 8.061017
A 8.061017 2.687006 10.748023


0.000000	6b100
6

K 0.000000 0.000000 0.000000
L 2.687006 2.687006 0.000000
V 5.374012 5.374012 0.000000
F 2.687006 8.061017 0.000000
F 0.000000 8.061017 2.687006
A -2.687006 5.374012 2.687006


0.000000	70210
6

K 0.000000 0.000000 0.000000
L 2.687006 2.687006 0.000000
V 0.000000 5.374012 0.000000
F 0.000000 8.061017 2.687006
F 2.687006 10.748023 2.687006
A 5.374012 8.061017 2.687006


0.000000	a3540
6

K 0.000000 0.000000 0.000000
L 2.687006 2.687006 0.000000
V 5.374012 2.687006 2.687006
F 8.061017 2.687006 0.000000
F 8.061017 5.374012 -2.687006
A 5.374012 5.374012 -5.374012


0.000000	70200
6

K 0.000000 0.000000 0.000000
L 2.687006 2.687006 0.000000
V 5.374012 5.374012 0.000000
F 5.374012 8.061017 2.687006
F 8.061017 10.748023 2.687006
A 10.748023 8.061017 2.687006


0.000000	05740
6

K 0.000000 0.000000 0.000000
L 2.687006 2.687006 0.000000
V 5.374012 2.687006 2.687006
F 8.061017 0.000000 2.687006
F 10.748023 0.000000 0.000000
A 13.435029 2.687006 0.000000


0.000000	92400
6

K 0.000000 0.000000 0.000000
L 2.687006 2.687006 0.000000
V 5.374012 5.374012 0.000000
F 8.061017 5.374012 2.687006
F 8.061017 8.061017 5.374012
A 8.061017 5.374012 8.061017


0.000000	a3500
6

K 0.000000 0.000000 0.000000
L 2.687006 2.687006 0.000000
V 5.374012 5.374012 0.000000
F 8.061017 5.374012 -2.687006
F 8.061017 8.061017 -5.374012
A 5.374012 8.061017 -8.061017


0.000000	6bb40
6

K 0.000000 0.000000 0.000000
L 2.687006 2.687006 0.000000
V 5.374012 2.687006 2.687006
F 2.687006 2.687006 5.374012
F 0.000000 2.687006 8.061017
A -2.687006 0.000000 8.061017


0.000000	70040
6

K 0.000000 0.000000 0.000000
L 2.687006 2.687006 0.000000
V 5.374012 2.687006 2.687006
F 8.061017 5.374012 2.687006
F 10.748023 8.061017 2.687006
A 13.435029 5.374012 2.687006


0.000000	5aa10
6

K 0.000000 0.000000 0.000000
L 2.687006 2.687006 0.000000
V 0.000000 5.374012 0.000000
F -2.687006 5.374012 -2.687006
F -5.374012 5.374012 -5.374012
A -2.687006 5.374012 -8.061017


0.000000	6bb10
6

K 0.000000 0.000000 0.000000
L 2.687006 2.687006 0.000000
V 0.000000 5.374012 0.000000
F -2.687006 5.374012 2.687006
F -5.374012 5.374012 5.374012
A -8.061017 2.687006 5.374012


0.000000	92240
6

K 0.000000 0.000000 0.000000
L 2.687006 2.687006 0.000000
V 5.374012 2.687006 2.687006
F 5.374012 5.374012 5.374012
F 5.374012 8.061017 8.061017
A 5.374012 5.374012 10.748023


0.000000	70010
6

K 0.000000 0.000000 0.000000
L 2.687006 2.687006 0.000000
V 0.000000 5.374012 0.000000
F 2.687006 8.061017 0.000000
F 5.374012 10.748023 0.000000
A 8.061017 8.061017 0.000000


0.000000	70000
6

K 0.000000 0.000000 0.000000
L 2.687006 2.687006 0.000000
V 5.374012 5.374012 0.000000
F 8.061017 8.061017 0.000000
F 10.748023 10.748023 0.000000
A 13.435029 8.061017 0.000000


0.000000	b4440
6

K 0.000000 0.000000 0.000000
L 2.687006 2.687006 0.000000
V 5.374012 2.687006 2.687006
F 8.061017 2.687006 5.374012
F 10.748023 2.687006 8.061017
A 8.061017 2.687006 10.748023


0.000000	92210
6

K 0.000000 0.000000 0.000000
L 2.687006 2.687006 0.000000
V 0.000000 5.374012 0.000000
F 0.000000 8.061017 2.687006
F 0.000000 10.748023 5.374012
A 0.000000 8.061017 8.061017


0.000000	05540
6

K 0.000000 0.000000 0.000000
L 2.687006 2.687006 0.000000
V 5.374012 2.687006 2.687006
F 8.061017 2.687006 0.000000
F 10.748023 2.687006 -2.687006
A 13.435029 5.374012 -2.687006


0.000000	92200
6

K 0.000000 0.000000 0.000000
L 2.687006 2.687006 0.000000
V 5.374012 5.374012 0.000000
F 5.374012 8.061017 2.687006
F 5.374012 10.748023 5.374012
A 5.374012 8.061017 8.061017


0.000000	a3310
6

K 0.000000 0.000000 0.000000
L 2.687006 2.687006 0.000000
V 0.000000 5.374012 0.000000
F 0.000000 8.061017 -2.687006
F 0.000000 10.748023 -5.374012
A -2.687006 10.748023 -8.061017


0.000000	a3300
6

K 0.000000 0.000000 0.000000
L 2.687006 2.687006 0.000000
V 5.374012 5.374012 0.000000
F 5.374012 8.061017 -2.687006
F 5.374012 10.748023 -5.374012
A 2.687006 10.748023 -8.061017


0.000000	b4400
6

K 0.000000 0.000000 0.000000
L 2.687006 2.687006 0.000000
V 5.374012 5.374012 0.000000
F 8.061017 5.374012 2.687006
F 10.748023 5.374012 5.374012
A 8.061017 5.374012 8.061017


0.000000	05500
6

K 0.000000 0.000000 0.000000
L 2.687006 2.687006 0.000000
V 5.374012 5.374012 0.000000
F 8.061017 5.374012 -2.687006
F 10.748023 5.374012 -5.374012
A 13.435029 8.061017 -5.374012


0.000000	49940
6

K 0.000000 0.000000 0.000000
L 2.687006 2.687006 0.000000
V 5.374012 2.687006 2.687006
F 5.374012 0.000000 5.374012
F 5.374012 -2.687006 8.061017
A 8.061017 -2.687006 10.748023


0.000000	38700
6

K 0.000000 0.000000 0.000000
L 2.687006 2.687006 0.000000
V 5.374012 5.374012 0.000000
F 8.061017 2.687006 0.000000
F 8.061017 0.000000 -2.687006
A 8.061017 2.687006 -5.374012


0.000000	6ba10
6

K 0.000000 0.000000 0.000000
L 2.687006 2.687006 0.000000
V 0.000000 5.374012 0.000000
F -2.687006 5.374012 -2.687006
F -5.374012 5.374012 0.000000
A -8.061017 2.687006 0.000000


0.000000	a3240
6

K 0.000000 0.000000 0.000000
L 2.687006 2.687006 0.000000
V 5.374012 2.687006 2.687006
F 5.374012 5.374012 5.374012
F 5.374012 8.061017 2.687006
A 2.687006 8.061017 0.000000


0.000000	92110
6

K 0.000000 0.000000 0.000000
L 2.687006 2.687006 0.000000
V 0.000000 5.374012 0.000000
F -2.687006 8.061017 0.000000
F -2.687006 10.748023 2.687006
A -2.687006 8.061017 5.374012


0.000000	05440
6

K 0.000000 0.000000 0.000000
L 2.687006 2.687006 0.000000
V 5.374012 2.687006 2.687006
F 8.061017 2.687006 5.374012
F 10.748023 2.687006 2.687006
A 13.435029 5.374012 2.687006


0.000000	92100
6

K 0.000000 0.000000 0.000000
L 2.687006 2.687006 0.000000
V 5.374012 5.374012 0.000000
F 2.687006 8.061017 0.000000
F 2.687006 10.748023 2.687006
A 2.687006 8.061017 5.374012


0.000000	a3210
6

K 0.000000 0.000000 0.000000
L 2.687006 2.687006 0.000000
V 0.000000 5.374012 0.000000
F 0.000000 8.061017 2.687006
F 0.000000 10.748023 0.000000
A -2.687006 10.748023 -2.687006


0.000000	a3200
6

K 0.000000 0.000000 0.000000
L 2.687006 2.687006 0.000000
V 5.374012 5.374012 0.000000
F 5.374012 8.061017 2.687006
F 5.374012 10.748023 0.000000
A 2.687006 10.748023 -2.687006


0.000000	38740
6

K 0.000000 0.000000 0.000000
L 2.687006 2.687006 0.000000
V 5.374012 2.687006 2.687006
F 8.061017 0.000000 2.687006
F 8.061017 -2.687006 0.000000
A 8.061017 0.000000 -2.687006


0.000000	05400
6

K 0.000000 0.000000 0.000000
L 2.687006 2.687006 0.000000
V 5.374012 5.374012 0.000000
F 8.061017 5.374012 2.687006
F 10.748023 5.374012 0.000000
A 13.435029 8.061017 0.000000


0.000000	49700
6

K 0.000000 0.000000 0.000000
L 2.687006 2.687006 0.000000
V 5.374012 5.374012 0.000000
F 8.061017 2.687006 0.000000
F 8.061017 0.000000 2.687006
A 10.748023 0.000000 5.374012


0.000000	92040
6

K 0.000000 0.000000 0.000000
L 2.687006 2.687006 0.000000
V 5.374012 2.687006 2.687006
F 8.061017 5.374012 2.687006
F 8.061017 8.061017 5.374012
A 8.061017 5.374012 8.061017


0.000000	b4240
6

K 0.000000 0.000000 0.000000
L 2.687006 2.687006 0.000000
V 5.374012 2.687006 2.687006
F 5.374012 5.374012 5.374012
F 8.061017 5.374012 8.061017
A 5.374012 5.374012 10.748023


0.000000	92010
6

K 0.000000 0.000000 0.000000
L 2.687006 2.687006 0.000000
V 0.000000 5.374012 0.000000
F 2.687006 8.061017 0.000000
F 2.687006 10.748023 2.687006
A 2.687006 8.061017 5.374012


0.000000	92000
6

K 0.000000 0.000000 0.000000
L 2.687006 2.687006 0.000000
V 5.374012 5.374012 0.000000
F 8.061017 8.061017 0.000000
F 8.061017 10.748023 2.687006
A 8.061017 8.061017 5.374012


0.000000	a3110
6

K 0.000000 0.000000 0.000000
L 2.687006 2.687006 0.000000
V 0.000000 5.374012 0.000000
F -2.687006 8.061017 0.000000
F -2.687006 10.748023 -2.687006
A -5.374012 10.748023 -5.374012


0.000000	a3100
6

K 0.000000 0.000000 0.000000
L 2.687006 2.687006 0.000000
V 5.374012 5.374012 0.000000
F 2.687006 8.061017 0.000000
F 2.687006 10.748023 -2.687006
A 0.000000 10.748023 -5.374012


0.000000	b4210
6

K 0.000000 0.000000 0.000000
L 2.687006 2.687006 0.000000
V 0.000000 5.374012 0.000000
F 0.000000 8.061017 2.687006
F 2.687006 8.061017 5.374012
A 0.000000 8.061017 8.061017


0.000000	b4200
6

K 0.000000 0.000000 0.000000
L 2.687006 2.687006 0.000000
V 5.374012 5.374012 0.000000
F 5.374012 8.061017 2.687006
F 8.061017 8.061017 5.374012
A 5.374012 8.061017 8.061017


0.000000	05310
6

K 0.000000 0.000000 0.000000
L 2.687006 2.687006 0.000000
V 0.000000 5.374012 0.000000
F 0.000000 8.061017 -2.687006
F 2.687006 8.061017 -5.374012
A 5.374012 10.748023 -5.374012


0.000000	05300
6

K 0.000000 0.000000 0.000000
L 2.687006 2.687006 0.000000
V 5.374012 5.374012 0.000000
F 5.374012 8.061017 -2.687006
F 8.061017 8.061017 -5.374012
A 10.748023 10.748023 -5.374012


0.000000	49740
6

K 0.000000 0.000000 0.000000
L 2.687006 2.687006 0.000000
V 5.374012 2.687006 2.687006
F 8.061017 0.000000 2.687006
F 8.061017 -2.687006 5.374012
A 10.748023 -2.687006 8.061017


0.000000	6b940
6

K 0.000000 0.000000 0.000000
L 2.687006 2.687006 0.000000
V 5.374012 2.687006 2.687006
F 5.374012 0.000000 5.374012
F 2.687006 0.000000 8.061017
A 0.000000 -2.687006 8.061017


0.000000	92b40
6

K 0.000000 0.000000 0.000000
L 2.687006 2.687006 0.000000
V 5.374012 2.687006 2.687006
F 2.687006 2.687006 5.374012
F 2.687006 5.374012 8.061017
A 2.687006 2.687006 10.748023


0.000000	a3040
6

K 0.000000 0.000000 0.000000
L 2.687006 2.687006 0.000000
V 5.374012 2.687006 2.687006
F 8.061017 5.374012 2.687006
F 8.061017 8.061017 0.000000
A 5.374012 8.061017 -2.687006


0.000000	92b10
6

K 0.000000 0.000000 0.000000
L 2.687006 2.687006 0.000000
V 0.000000 5.374012 0.000000
F -2.687006 5.374012 2.687006
F -2.687006 8.061017 5.374012
A -2.687006 5.374012 8.061017


0.000000	a3010
6

K 0.000000 0.000000 0.000000
L 2.687006 2.687006 0.000000
V 0.000000 5.374012 0.000000
F 2.687006 8.061017 0.000000
F 2.687006 10.748023 -2.687006
A 0.000000 10.748023 -5.374012


0.000000	a3000
6

K 0.000000 0.000000 0.000000
L 2.687006 2.687006 0.000000
V 5.374012 5.374012 0.000000
F 8.061017 8.061017 0.000000
F 8.061017 10.748023 -2.687006
A 5.374012 10.748023 -5.374012


0.000000	38540
6

K 0.000000 0.000000 0.000000
L 2.687006 2.687006 0.000000
V 5.374012 2.687006 2.687006
F 8.061017 2.687006 0.000000
F 8.061017 0.000000 -2.687006
A 8.061017 2.687006 -5.374012


0.000000	38500
6

K 0.000000 0.000000 0.000000
L 2.687006 2.687006 0.000000
V 5.374012 5.374012 0.000000
F 8.061017 5.374012 -2.687006
F 8.061017 2.687006 -5.374012
A 8.061017 5.374012 -8.061017


0.000000	b4040
6

K 0.000000 0.000000 0.000000
L 2.687006 2.687006 0.000000
V 5.374012 2.687006 2.687006
F 8.061017 5.374012 2.687006
F 10.748023 5.374012 5.374012
A 8.061017 5.374012 8.061017


0.000000	b4010
6

K 0.000000 0.000000 0.000000
L 2.687006 2.687006 0.000000
V 0.000000 5.374012 0.000000
F 2.687006 8.061017 0.000000
F 5.374012 8.061017 2.687006
A 2.687006 8.061017 5.374012


0.000000	b4000
6

K 0.000000 0.000000 0.000000
L 2.687006 2.687006 0.000000
V 5.374012 5.374012 0.000000
F 8.061017 8.061017 0.000000
F 10.748023 8.061017 2.687006
A 8.061017 8.061017 5.374012


0.000000	70700
6

K 0.000000 0.000000 0.000000
L 2.687006 2.687006 0.000000
V 5.374012 5.374012 0.000000
F 8.061017 2.687006 0.000000
F 10.748023 5.374012 0.000000
A 13.435029 2.687006 0.000000


0.000000	b4b40
6

K 0.000000 0.000000 0.000000
L 2.687006 2.687006 0.000000
V 5.374012 2.687006 2.687006
F 2.687006 2.687006 5.374012
F 5.374012 2.687006 8.061017
A 2.687006 2.687006 10.748023


0.000000	05040
6

K 0.000000 0.000000 0.000000
L 2.687006 2.687006 0.000000
V 5.374012 2.687006 2.687006
F 8.061017 5.374012 2.687006
F 10.748023 5.374012 0.000000
A 13.435029 8.061017 0.000000


0.000000	a3a10
6

K 0.000000 0.000000 0.000000
L 2.687006 2.687006 0.000000
V 0.000000 5.374012 0.000000
F -2.687006 5.374012 -2.687006
F -2.687006 8.061017 -5.374012
A -5.374012 8.061017 -8.061017


0.000000	b4b10
6

K 0.000000 0.000000 0.000000
L 2.687006 2.687006 0.000000
V 0.000000 5.374012 0.000000
F -2.687006 5.374012 2.687006
F 0.000000 5.374012 5.374012
A -2.687006 5.374012 8.061017


0.000000	05010
6

K 0.000000 0.000000 0.000000
L 2.687006 2.687006 0.000000
V 0.000000 5.374012 0.000000
F 2.687006 8.061017 0.000000
F 5.374012 8.061017 -2.687006
A 8.061017 10.748023 -2.687006


0.000000	05000
6

K 0.000000 0.000000 0.000000
L 2.687006 2.687006 0.000000
V 5.374012 5.374012 0.000000
F 8.061017 8.061017 0.000000
F 10.748023 8.061017 -2.687006
A 13.435029 10.748023 -2.687006


0.000000	16110
6

K 0.000000 0.000000 0.000000
L 2.687006 2.687006 0.000000
V 0.000000 5.374012 0.000000
F -2.687006 8.061017 0.000000
F -5.374012 5.374012 0.000000
A -8.061017 8.061017 0.000000


0.000000	49440
6

K 0.000000 0.000000 0.000000
L 2.687006 2.687006 0.000000
V 5.374012 2.687006 2.687006
F 8.061017 2.687006 5.374012
F 8.061017 0.000000 8.061017
A 10.748023 0.000000 10.748023


0.000000	38310
6

K 0.000000 0.000000 0.000000
L 2.687006 2.687006 0.000000
V 0.000000 5.374012 0.000000
F 0.000000 8.061017 -2.687006
F 0.000000 5.374012 -5.374012
A 0.000000 8.061017 -8.061017


0.000000	38300
6

K 0.000000 0.000000 0.000000
L 2.687006 2.687006 0.000000
V 5.374012 5.374012 0.000000
F 5.374012 8.061017 -2.687006
F 5.374012 5.374012 -5.374012
A 5.374012 8.061017 -8.061017


0.000000	70740
6

K 0.000000 0.000000 0.000000
L 2.687006 2.687006 0.000000
V 5.374012 2.687006 2.687006
F 8.061017 0.000000 2.687006
F 10.748023 2.687006 2.687006
A 13.435029 0.000000 2.687006


0.000000	49400
6

K 0.000000 0.000000 0.000000
L 2.687006 2.687006 0.000000
V 5.374012 5.374012 0.000000
F 8.061017 5.374012 2.687006
F 8.061017 2.687006 5.374012
A 10.748023 2.687006 8.061017


0.000000	5a500
6

K 0.000000 0.000000 0.000000
L 2.687006 2.687006 0.000000
V 5.374012 5.374012 0.000000
F 8.061017 5.374012 -2.687006
F 5.374012 5.374012 -5.374012
A 8.061017 5.374012 -8.061017


0.000000	92940
6

K 0.000000 0.000000 0.000000
L 2.687006 2.687006 0.000000
V 5.374012 2.687006 2.687006
F 5.374012 0.000000 5.374012
F 5.374012 2.687006 8.061017
A 5.374012 0.000000 10.748023


0.000000	6a310
6

K 0.000000 0.000000 0.000000
L 2.687006 2.687006 0.000000
V 0.000000 5.374012 0.000000
F 0.000000 8.061017 -2.687006
F -2.687006 8.061017 -5.374012
A -5.374012 5.374012 -5.374012


0.000000	6a300
6

K 0.000000 0.000000 0.000000
L 2.687006 2.687006 0.000000
V 5.374012 5.374012 0.000000
F 5.374012 8.061017 -2.687006
F 2.687006 8.061017 -5.374012
A 0.000000 5.374012 -5.374012


0.000000	04940
6

K 0.000000 0.000000 0.000000
L 2.687006 2.687006 0.000000
V 5.374012 2.687006 2.687006
F 5.374012 0.000000 5.374012
F 8.061017 0.000000 8.061017
A 10.748023 2.687006 8.061017


0.000000	04700
6

K 0.000000 0.000000 0.000000
L 2.687006 2.687006 0.000000
V 5.374012 5.374012 0.000000
F 8.061017 2.687006 0.000000
F 10.748023 2.687006 2.687006
A 13.435029 5.374012 2.687006


0.000000	6a110
6

K 0.000000 0.000000 0.000000
L 2.687006 2.687006 0.000000
V 0.000000 5.374012 0.000000
F -2.687006 8.061017 0.000000
F -5.374012 8.061017 -2.687006
A -8.061017 5.374012 -2.687006


0.000000	6a100
6

K 0.000000 0.000000 0.000000
L 2.687006 2.687006 0.000000
V 5.374012 5.374012 0.000000
F 2.687006 8.061017 0.000000
F 0.000000 8.061017 -2.687006
A -2.687006 5.374012 -2.687006


0.000000	04740
6

K 0.000000 0.000000 0.000000
L 2.687006 2.687006 0.000000
V 5.374012 2.687006 2.687006
F 8.061017 0.000000 2.687006
F 10.748023 0.000000 5.374012
A 13.435029 2.687006 5.374012


0.000000	6ab10
6

K 0.000000 0.000000 0.000000
L 2.687006 2.687006 0.000000
V 0.000000 5.374012 0.000000
F -2.687006 5.374012 2.687006
F -5.374012 5.374012 0.000000
A -8.061017 2.687006 0.000000


0.000000	04540
6

K 0.000000 0.000000 0.000000
L 2.687006 2.687006 0.000000
V 5.374012 2.687006 2.687006
F 8.061017 2.687006 0.000000
F 10.748023 2.687006 2.687006
A 13.435029 5.374012 2.687006


0.000000	04500
6

K 0.000000 0.000000 0.000000
L 2.687006 2.687006 0.000000
V 5.374012 5.374012 0.000000
F 8.061017 5.374012 -2.687006
F 10.748023 5.374012 0.000000
A 13.435029 8.061017 0.000000


0.000000	6aa10
6

K 0.000000 0.000000 0.000000
L 2.687006 2.687006 0.000000
V 0.000000 5.374012 0.000000
F -2.687006 5.374012 -2.687006
F -5.374012 5.374012 -5.374012
A -8.061017 2.687006 -5.374012


0.000000	04440
6

K 0.000000 0.000000 0.000000
L 2.687006 2.687006 0.000000
V 5.374012 2.687006 2.687006
F 8.061017 2.687006 5.374012
F 10.748023 2.687006 8.061017
A 13.435029 5.374012 8.061017


0.000000	04400
6

K 0.000000 0.000000 0.000000
L 2.687006 2.687006 0.000000
V 5.374012 5.374012 0.000000
F 8.061017 5.374012 2.687006
F 10.748023 5.374012 5.374012
A 13.435029 8.061017 5.374012


0.000000	04240
6

K 0.000000 0.000000 0.000000
L 2.687006 2.687006 0.000000
V 5.374012 2.687006 2.687006
F 5.374012 5.374012 5.374012
F 8.061017 5.374012 8.061017
A 10.748023 8.061017 8.061017


0.000000	04210
6

K 0.000000 0.000000 0.000000
L 2.687006 2.687006 0.000000
V 0.000000 5.374012 0.000000
F 0.000000 8.061017 2.687006
F 2.687006 8.061017 5.374012
A 5.374012 10.748023 5.374012


0.000000	04200
6

K 0.000000 0.000000 0.000000
L 2.687006 2.687006 0.000000
V 5.374012 5.374012 0.000000
F 5.374012 8.061017 2.687006
F 8.061017 8.061017 5.374012
A 10.748023 10.748023 5.374012


0.000000	04040
6

K 0.000000 0.000000 0.000000
L 2.687006 2.687006 0.000000
V 5.374012 2.687006 2.687006
F 8.061017 5.374012 2.687006
F 10.748023 5.374012 5.374012
A 13.435029 8.061017 5.374012


0.000000	04010
6

K 0.000000 0.000000 0.000000
L 2.687006 2.687006 0.000000
V 0.000000 5.374012 0.000000
F 2.687006 8.061017 0.000000
F 5.374012 8.061017 2.687006
A 8.061017 10.748023 2.687006


0.000000	04000
6

K 0.000000 0.000000 0.000000
L 2.687006 2.687006 0.000000
V 5.374012 5.374012 0.000000
F 8.061017 8.061017 0.000000
F 10.748023 8.061017 2.687006
A 13.435029 10.748023 2.687006


0.000000	04b40
6

K 0.000000 0.000000 0.000000
L 2.687006 2.687006 0.000000
V 5.374012 2.687006 2.687006
F 2.687006 2.687006 5.374012
F 5.374012 2.687006 8.061017
A 8.061017 5.374012 8.061017


0.000000	04b10
6

K 0.000000 0.000000 0.000000
L 2.687006 2.687006 0.000000
V 0.000000 5.374012 0.000000
F -2.687006 5.374012 2.687006
F 0.000000 5.374012 5.374012
A 2.687006 8.061017 5.374012


0.000000	6a500
6

K 0.000000 0.000000 0.000000
L 2.687006 2.687006 0.000000
V 5.374012 5.374012 0.000000
F 8.061017 5.374012 -2.687006
F 5.374012 5.374012 -5.374012
A 2.687006 2.687006 -5.374012


0.000000	47040
6

K 0.000000 0.000000 0.000000
L 2.687006 2.687006 0.000000
V 5.374012 2.687006 2.687006
F 8.061017 5.374012 2.687006
F 10.748023 2.687006 2.687006
A 13.435029 2.687006 5.374012


0.000000	69240
6

K 0.000000 0.000000 0.000000
L 2.687006 2.687006 0.000000
V 5.374012 2.687006 2.687006
F 5.374012 5.374012 5.374012
F 5.374012 2.687006 8.061017
A 2.687006 0.000000 8.061017


0.000000	47000
6

K 0.000000 0.000000 0.000000
L 2.687006 2.687006 0.000000
V 5.374012 5.374012 0.000000
F 8.061017 8.061017 0.000000
F 10.748023 5.374012 0.000000
A 13.435029 5.374012 2.687006


0.000000	69210
6

K 0.000000 0.000000 0.000000
L 2.687006 2.687006 0.000000
V 0.000000 5.374012 0.000000
F 0.000000 8.061017 2.687006
F 0.000000 5.374012 5.374012
A -2.687006 2.687006 5.374012


0.000000	69200
6

K 0.000000 0.000000 0.000000
L 2.687006 2.687006 0.000000
V 5.374012 5.374012 0.000000
F 5.374012 8.061017 2.687006
F 5.374012 5.374012 5.374012
A 2.687006 2.687006 5.374012


0.000000	69b40
6

K 0.000000 0.000000 0.000000
L 2.687006 2.687006 0.000000
V 5.374012 2.687006 2.687006
F 2.687006 2.687006 5.374012
F 2.687006 0.000000 8.061017
A 0.000000 -2.687006 8.061017


0.000000	58a10
6

K 0.000000 0.000000 0.000000
L 2.687006 2.687006 0.000000
V 0.000000 5.374012 0.000000
F -2.687006 5.374012 -2.687006
F -2.687006 2.687006 -5.374012
A 0.000000 2.687006 -8.061017


0.000000	69b10
6

K 0.000000 0.000000 0.000000
L 2.687006 2.687006 0.000000
V 0.000000 5.374012 0.000000
F -2.687006 5.374012 2.687006
F -2.687006 2.687006 5.374012
A -5.374012 0.000000 5.374012


0.000000	b2440
6

K 0.000000 0.000000 0.000000
L 2.687006 2.687006 0.000000
V 5.374012 2.687006 2.687006
F 8.061017 2.687006 5.374012
F 8.061017 5.374012 8.061017
A 5.374012 5.374012 10.748023


0.000000	03540
6

K 0.000000 0.000000 0.000000
L 2.687006 2.687006 0.000000
V 5.374012 2.687006 2.687006
F 8.061017 2.687006 0.000000
F 8.061017 5.374012 -2.687006
A 10.748023 8.061017 -2.687006


0.000000	a1310
6

K 0.000000 0.000000 0.000000
L 2.687006 2.687006 0.000000
V 0.000000 5.374012 0.000000
F 0.000000 8.061017 -2.687006
F -2.687006 10.748023 -2.687006
A -5.374012 10.748023 -5.374012


0.000000	a1300
6

K 0.000000 0.000000 0.000000
L 2.687006 2.687006 0.000000
V 5.374012 5.374012 0.000000
F 5.374012 8.061017 -2.687006
F 2.687006 10.748023 -2.687006
A 0.000000 10.748023 -5.374012


0.000000	b2400
6

K 0.000000 0.000000 0.000000
L 2.687006 2.687006 0.000000
V 5.374012 5.374012 0.000000
F 8.061017 5.374012 2.687006
F 8.061017 8.061017 5.374012
A 5.374012 8.061017 8.061017


0.000000	03500
6

K 0.000000 0.000000 0.000000
L 2.687006 2.687006 0.000000
V 5.374012 5.374012 0.000000
F 8.061017 5.374012 -2.687006
F 8.061017 8.061017 -5.374012
A 10.748023 10.748023 -5.374012


0.000000	47940
6

K 0.000000 0.000000 0.000000
L 2.687006 2.687006 0.000000
V 5.374012 2.687006 2.687006
F 5.374012 0.000000 5.374012
F 8.061017 -2.687006 5.374012
A 10.748023 -2.687006 8.061017


0.000000	a1240
6

K 0.000000 0.000000 0.000000
L 2.687006 2.687006 0.000000
V 5.374012 2.687006 2.687006
F 5.374012 5.374012 5.374012
F 2.687006 8.061017 5.374012
A 0.000000 8.061017 2.687006


0.000000	a1210
6

K 0.000000 0.000000 0.000000
L 2.687006 2.687006 0.000000
V 0.000000 5.374012 0.000000
F 0.000000 8.061017 2.687006
F -2.687006 10.748023 2.687006
A -5.374012 10.748023 0.000000


0.000000	a1200
6

K 0.000000 0.000000 0.000000
L 2.687006 2.687006 0.000000
V 5.374012 5.374012 0.000000
F 5.374012 8.061017 2.687006
F 2.687006 10.748023 2.687006
A 0.000000 10.748023 0.000000


0.000000	b2310
6

K 0.000000 0.000000 0.000000
L 2.687006 2.687006 0.000000
V 0.000000 5.374012 0.000000
F 0.000000 8.061017 -2.687006
F 0.000000 10.748023 0.000000
A -2.687006 10.748023 2.687006


0.000000	b2300
6

K 0.000000 0.000000 0.000000
L 2.687006 2.687006 0.000000
V 5.374012 5.374012 0.000000
F 5.374012 8.061017 -2.687006
F 5.374012 10.748023 0.000000
A 2.687006 10.748023 2.687006


0.000000	58940
6

K 0.000000 0.000000 0.000000
L 2.687006 2.687006 0.000000
V 5.374012 2.687006 2.687006
F 5.374012 0.000000 5.374012
F 5.374012 -2.687006 2.687006
A 8.061017 -2.687006 0.000000


0.000000	47700
6

K 0.000000 0.000000 0.000000
L 2.687006 2.687006 0.000000
V 5.374012 5.374012 0.000000
F 8.061017 2.687006 0.000000
F 10.748023 0.000000 0.000000
A 13.435029 0.000000 2.687006


0.000000	b2240
6

K 0.000000 0.000000 0.000000
L 2.687006 2.687006 0.000000
V 5.374012 2.687006 2.687006
F 5.374012 5.374012 5.374012
F 5.374012 8.061017 8.061017
A 2.687006 8.061017 10.748023


0.000000	a1110
6

K 0.000000 0.000000 0.000000
L 2.687006 2.687006 0.000000
V 0.000000 5.374012 0.000000
F -2.687006 8.061017 0.000000
F -5.374012 10.748023 0.000000
A -8.061017 10.748023 -2.687006


0.000000	a1100
6

K 0.000000 0.000000 0.000000
L 2.687006 2.687006 0.000000
V 5.374012 5.374012 0.000000
F 2.687006 8.061017 0.000000
F 0.000000 10.748023 0.000000
A -2.687006 10.748023 -2.687006


0.000000	b2210
6

K 0.000000 0.000000 0.000000
L 2.687006 2.687006 0.000000
V 0.000000 5.374012 0.000000
F 0.000000 8.061017 2.687006
F 0.000000 10.748023 5.374012
A -2.687006 10.748023 8.061017


0.000000	b2200
6

K 0.000000 0.000000 0.000000
L 2.687006 2.687006 0.000000
V 5.374012 5.374012 0.000000
F 5.374012 8.061017 2.687006
F 5.374012 10.748023 5.374012
A 2.687006 10.748023 8.061017


0.000000	03310
6

K 0.000000 0.000000 0.000000
L 2.687006 2.687006 0.000000
V 0.000000 5.374012 0.000000
F 0.000000 8.061017 -2.687006
F 0.000000 10.748023 -5.374012
A 2.687006 13.435029 -5.374012


0.000000	03300
6

K 0.000000 0.000000 0.000000
L 2.687006 2.687006 0.000000
V 5.374012 5.374012 0.000000
F 5.374012 8.061017 -2.687006
F 5.374012 10.748023 -5.374012
A 8.061017 13.435029 -5.374012


0.000000	47740
6

K 0.000000 0.000000 0.000000
L 2.687006 2.687006 0.000000
V 5.374012 2.687006 2.687006
F 8.061017 0.000000 2.687006
F 10.748023 -2.687006 2.687006
A 13.435029 -2.687006 5.374012


0.000000	69940
6

K 0.000000 0.000000 0.000000
L 2.687006 2.687006 0.000000
V 5.374012 2.687006 2.687006
F 5.374012 0.000000 5.374012
F 5.374012 -2.687006 8.061017
A 2.687006 -5.374012 8.061017


0.000000	58700
6

K 0.000000 0.000000 0.000000
L 2.687006 2.687006 0.000000
V 5.374012 5.374012 0.000000
F 8.061017 2.687006 0.000000
F 8.061017 0.000000 -2.687006
A 10.748023 0.000000 -5.374012


0.000000	a1040
6

K 0.000000 0.000000 0.000000
L 2.687006 2.687006 0.000000
V 5.374012 2.687006 2.687006
F 8.061017 5.374012 2.687006
F 5.374012 8.061017 2.687006
A 2.687006 8.061017 0.000000


0.000000	03240
6

K 0.000000 0.000000 0.000000
L 2.687006 2.687006 0.000000
V 5.374012 2.687006 2.687006
F 5.374012 5.374012 5.374012
F 5.374012 8.061017 2.687006
A 8.061017 10.748023 2.687006


0.000000	a1010
6

K 0.000000 0.000000 0.000000
L 2.687006 2.687006 0.000000
V 0.000000 5.374012 0.000000
F 2.687006 8.061017 0.000000
F 0.000000 10.748023 0.000000
A -2.687006 10.748023 -2.687006


0.000000	a1000
6

K 0.000000 0.000000 0.000000
L 2.687006 2.687006 0.000000
V 5.374012 5.374012 0.000000
F 8.061017 8.061017 0.000000
F 5.374012 10.748023 0.000000
A 2.687006 10.748023 -2.687006


0.000000	b2110
6

K 0.000000 0.000000 0.000000
L 2.687006 2.687006 0.000000
V 0.000000 5.374012 0.000000
F -2.687006 8.061017 0.000000
F -2.687006 10.748023 2.687006
A -5.374012 10.748023 5.374012


0.000000	b2100
6

K 0.000000 0.000000 0.000000
L 2.687006 2.687006 0.000000
V 5.374012 5.374012 0.000000
F 2.687006 8.061017 0.000000
F 2.687006 10.748023 2.687006
A 0.000000 10.748023 5.374012


0.000000	03210
6

K 0.000000 0.000000 0.000000
L 2.687006 2.687006 0.000000
V 0.000000 5.374012 0.000000
F 0.000000 8.061017 2.687006
F 0.000000 10.748023 0.000000
A 2.687006 13.435029 0.000000


0.000000	03200
6

K 0.000000 0.000000 0.000000
L 2.687006 2.687006 0.000000
V 5.374012 5.374012 0.000000
F 5.374012 8.061017 2.687006
F 5.374012 10.748023 0.000000
A 8.061017 13.435029 0.000000


0.000000	58740
6

K 0.000000 0.000000 0.000000
L 2.687006 2.687006 0.000000
V 5.374012 2.687006 2.687006
F 8.061017 0.000000 2.687006
F 8.061017 -2.687006 0.000000
A 10.748023 -2.687006 -2.687006


0.000000	69700
6

K 0.000000 0.000000 0.000000
L 2.687006 2.687006 0.000000
V 5.374012 5.374012 0.000000
F 8.061017 2.687006 0.000000
F 8.061017 0.000000 2.687006
A 5.374012 -2.687006 2.687006


0.000000	a1b40
6

K 0.000000 0.000000 0.000000
L 2.687006 2.687006 0.000000
V 5.374012 2.687006 2.687006
F 2.687006 2.687006 5.374012
F 0.000000 5.374012 5.374012
A -2.687006 5.374012 2.687006


0.000000	b2040
6

K 0.000000 0.000000 0.000000
L 2.687006 2.687006 0.000000
V 5.374012 2.687006 2.687006
F 8.061017 5.374012 2.687006
F 8.061017 8.061017 5.374012
A 5.374012 8.061017 8.061017


0.000000	a1b10
6

K 0.000000 0.000000 0.000000
L 2.687006 2.687006 0.000000
V 0.000000 5.374012 0.000000
F -2.687006 5.374012 2.687006
F -5.374012 8.061017 2.687006
A -8.061017 8.061017 0.000000


0.000000	b2010
6

K 0.000000 0.000000 0.000000
L 2.687006 2.687006 0.000000
V 0.000000 5.374012 0.000000
F 2.687006 8.061017 0.000000
F 2.687006 10.748023 2.687006
A 0.000000 10.748023 5.374012


0.000000	b2000
6

K 0.000000 0.000000 0.000000
L 2.687006 2.687006 0.000000
V 5.374012 5.374012 0.000000
F 8.061017 8.061017 0.000000
F 8.061017 10.748023 2.687006
A 5.374012 10.748023 5.374012


0.000000	03110
6

K 0.000000 0.000000 0.000000
L 2.687006 2.687006 0.000000
V 0.000000 5.374012 0.000000
F -2.687006 8.061017 0.000000
F -2.687006 10.748023 -2.687006
A 0.000000 13.435029 -2.687006


0.000000	03100
6

K 0.000000 0.000000 0.000000
L 2.687006 2.687006 0.000000
V 5.374012 5.374012 0.000000
F 2.687006 8.061017 0.000000
F 2.687006 10.748023 -2.687006
A 5.374012 13.435029 -2.687006


0.000000	47540
6

K 0.000000 0.000000 0.000000
L 2.687006 2.687006 0.000000
V 5.374012 2.687006 2.687006
F 8.061017 2.687006 0.000000
F 10.748023 0.000000 0.000000
A 13.435029 0.000000 2.687006


0.000000	69740
6

K 0.000000 0.000000 0.000000
L 2.687006 2.687006 0.000000
V 5.374012 2.687006 2.687006
F 8.061017 0.000000 2.687006
F 8.061017 -2.687006 5.374012
A 5.374012 -5.374012 5.374012


0.000000	47500
6

K 0.000000 0.000000 0.000000
L 2.687006 2.687006 0.000000
V 5.374012 5.374012 0.000000
F 8.061017 5.374012 -2.687006
F 10.748023 2.687006 -2.687006
A 13.435029 2.687006 0.000000


0.000000	b2b40
6

K 0.000000 0.000000 0.000000
L 2.687006 2.687006 0.000000
V 5.374012 2.687006 2.687006
F 2.687006 2.687006 5.374012
F 2.687006 5.374012 8.061017
A 0.000000 5.374012 10.748023


0.000000	03040
6

K 0.000000 0.000000 0.000000
L 2.687006 2.687006 0.000000
V 5.374012 2.687006 2.687006
F 8.061017 5.374012 2.687006
F 8.061017 8.061017 0.000000
A 10.748023 10.748023 0.000000


0.000000	a1a10
6

K 0.000000 0.000000 0.000000
L 2.687006 2.687006 0.000000
V 0.000000 5.374012 0.000000
F -2.687006 5.374012 -2.687006
F -5.374012 8.061017 -2.687006
A -8.061017 8.061017 -5.374012


0.000000	b2b10
6

K 0.000000 0.000000 0.000000
L 2.687006 2.687006 0.000000
V 0.000000 5.374012 0.000000
F -2.687006 5.374012 2.687006
F -2.687006 8.061017 5.374012
A -5.374012 8.061017 8.061017


0.000000	03010
6

K 0.000000 0.000000 0.000000
L 2.687006 2.687006 0.000000
V 0.000000 5.374012 0.000000
F 2.687006 8.061017 0.000000
F 2.687006 10.748023 -2.687006
A 5.374012 13.435029 -2.687006


0.000000	03000
6

K 0.000000 0.000000 0.000000
L 2.687006 2.687006 0.000000
V 5.374012 5.374012 0.000000
F 8.061017 8.061017 0.000000
F 8.061017 10.748023 -2.687006
A 10.748023 13.435029 -2.687006


0.000000	47440
6

K 0.000000 0.000000 0.000000
L 2.687006 2.687006 0.000000
V 5.374012 2.687006 2.687006
F 8.061017 2.687006 5.374012
F 10.748023 0.000000 5.374012
A 13.435029 0.000000 8.061017


0.000000	58540
6

K 0.000000 0.000000 0.000000
L 2.687006 2.687006 0.000000
V 5.374012 2.687006 2.687006
F 8.061017 2.687006 0.000000
F 8.061017 0.000000 -2.687006
A 10.748023 0.000000 -5.374012


0.000000	47400
6

K 0.000000 0.000000 0.000000
L 2.687006 2.687006 0.000000
V 5.374012 5.374012 0.000000
F 8.061017 5.374012 2.687006
F 10.748023 2.687006 2.687006
A 13.435029 2.687006 5.374012


0.000000	58500
6

K 0.000000 0.000000 0.000000
L 2.687006 2.687006 0.000000
V 5.374012 5.374012 0.000000
F 8.061017 5.374012 -2.687006
F 8.061017 2.687006 -5.374012
A 10.748023 2.687006 -8.061017


0.000000	03a10
6

K 0.000000 0.000000 0.000000
L 2.687006 2.687006 0.000000
V 0.000000 5.374012 0.000000
F -2.687006 5.374012 -2.687006
F -2.687006 8.061017 -5.374012
A 0.000000 10.748023 -5.374012


0.000000	69440
6

K 0.000000 0.000000 0.000000
L 2.687006 2.687006 0.000000
V 5.374012 2.687006 2.687006
F 8.061017 2.687006 5.374012
F 8.061017 0.000000 8.061017
A 5.374012 -2.687006 8.061017


0.000000	58310
6

K 0.000000 0.000000 0.000000
L 2.687006 2.687006 0.000000
V 0.000000 5.374012 0.000000
F 0.000000 8.061017 -2.687006
F 0.000000 5.374012 -5.374012
A 2.687006 5.374012 -8.061017


0.000000	58300
6

K 0.000000 0.000000 0.000000
L 2.687006 2.687006 0.000000
V 5.374012 5.374012 0.000000
F 5.374012 8.061017 -2.687006
F 5.374012 5.374012 -5.374012
A 8.061017 5.374012 -8.061017


0.000000	69400
6

K 0.000000 0.000000 0.000000
L 2.687006 2.687006 0.000000
V 5.374012 5.374012 0.000000
F 8.061017 5.374012 2.687006
F 8.061017 2.687006 5.374012
A 5.374012 0.000000 5.374012


0.000000	b2940
6

K 0.000000 0.000000 0.000000
L 2.687006 2.687006 0.000000
V 5.374012 2.687006 2.687006
F 5.374012 0.000000 5.374012
F 5.374012 2.687006 8.061017
A 2.687006 2.687006 10.748023


0.000000	57040
6

K 0.000000 0.000000 0.000000
L 2.687006 2.687006 0.000000
V 5.374012 2.687006 2.687006
F 8.061017 5.374012 2.687006
F 10.748023 2.687006 2.687006
A 13.435029 2.687006 0.000000


0.000000	35a10
6

K 0.000000 0.000000 0.000000
L 2.687006 2.687006 0.000000
V 0.000000 5.374012 0.000000
F -2.687006 5.374012 -2.687006
F 0.000000 5.374012 -5.374012
A 0.000000 8.061017 -8.061017


0.000000	79240
6

K 0.000000 0.000000 0.000000
L 2.687006 2.687006 0.000000
V 5.374012 2.687006 2.687006
F 5.374012 5.374012 5.374012
F 5.374012 2.687006 8.061017
A 8.061017 0.000000 8.061017


0.000000	57000
6

K 0.000000 0.000000 0.000000
L 2.687006 2.687006 0.000000
V 5.374012 5.374012 0.000000
F 8.061017 8.061017 0.000000
F 10.748023 5.374012 0.000000
A 13.435029 5.374012 -2.687006


0.000000	9b440
6

K 0.000000 0.000000 0.000000
L 2.687006 2.687006 0.000000
V 5.374012 2.687006 2.687006
F 8.061017 2.687006 5.374012
F 5.374012 2.687006 8.061017
A 5.374012 0.000000 10.748023


0.000000	79210
6

K 0.000000 0.000000 0.000000
L 2.687006 2.687006 0.000000
V 0.000000 5.374012 0.000000
F 0.000000 8.061017 2.687006
F 0.000000 5.374012 5.374012
A 2.687006 2.687006 5.374012


0.000000	79200
6

K 0.000000 0.000000 0.000000
L 2.687006 2.687006 0.000000
V 5.374012 5.374012 0.000000
F 5.374012 8.061017 2.687006
F 5.374012 5.374012 5.374012
A 8.061017 2.687006 5.374012


0.000000	8a310
6

K 0.000000 0.000000 0.000000
L 2.687006 2.687006 0.000000
V 0.000000 5.374012 0.000000
F 0.000000 8.061017 -2.687006
F -2.687006 8.061017 -5.374012
A -2.687006 5.374012 -8.061017


0.000000	8a300
6

K 0.000000 0.000000 0.000000
L 2.687006 2.687006 0.000000
V 5.374012 5.374012 0.000000
F 5.374012 8.061017 -2.687006
F 2.687006 8.061017 -5.374012
A 2.687006 5.374012 -8.061017


0.000000	9b400
6

K 0.000000 0.000000 0.000000
L 2.687006 2.687006 0.000000
V 5.374012 5.374012 0.000000
F 8.061017 5.374012 2.687006
F 5.374012 5.374012 5.374012
A 5.374012 2.687006 8.061017


0.000000	24940
6

K 0.000000 0.000000 0.000000
L 2.687006 2.687006 0.000000
V 5.374012 2.687006 2.687006
F 5.374012 0.000000 5.374012
F 8.061017 0.000000 8.061017
A 8.061017 2.687006 10.748023


0.000000	24700
6

K 0.000000 0.000000 0.000000
L 2.687006 2.687006 0.000000
V 5.374012 5.374012 0.000000
F 8.061017 2.687006 0.000000
F 10.748023 2.687006 2.687006
A 10.748023 5.374012 5.374012


0.000000	9b240
6

K 0.000000 0.000000 0.000000
L 2.687006 2.687006 0.000000
V 5.374012 2.687006 2.687006
F 5.374012 5.374012 5.374012
F 2.687006 5.374012 8.061017
A 2.687006 2.687006 10.748023


0.000000	8a110
6

K 0.000000 0.000000 0.000000
L 2.687006 2.687006 0.000000
V 0.000000 5.374012 0.000000
F -2.687006 8.061017 0.000000
F -5.374012 8.061017 -2.687006
A -5.374012 5.374012 -5.374012


0.000000	8a100
6

K 0.000000 0.000000 0.000000
L 2.687006 2.687006 0.000000
V 5.374012 5.374012 0.000000
F 2.687006 8.061017 0.000000
F 0.000000 8.061017 -2.687006
A 0.000000 5.374012 -5.374012


0.000000	9b210
6

K 0.000000 0.000000 0.000000
L 2.687006 2.687006 0.000000
V 0.000000 5.374012 0.000000
F 0.000000 8.061017 2.687006
F -2.687006 8.061017 5.374012
A -2.687006 5.374012 8.061017


0.000000	9b200
6

K 0.000000 0.000000 0.000000
L 2.687006 2.687006 0.000000
V 5.374012 5.374012 0.000000
F 5.374012 8.061017 2.687006
F 2.687006 8.061017 5.374012
A 2.687006 5.374012 8.061017


0.000000	24740
6

K 0.000000 0.000000 0.000000
L 2.687006 2.687006 0.000000
V 5.374012 2.687006 2.687006
F 8.061017 0.000000 2.687006
F 10.748023 0.000000 5.374012
A 10.748023 2.687006 8.061017


0.000000	35700
6

K 0.000000 0.000000 0.000000
L 2.687006 2.687006 0.000000
V 5.374012 5.374012 0.000000
F 8.061017 2.687006 0.000000
F 10.748023 2.687006 -2.687006
A 10.748023 5.374012 -5.374012


0.000000	79b40
6

K 0.000000 0.000000 0.000000
L 2.687006 2.687006 0.000000
V 5.374012 2.687006 2.687006
F 2.687006 2.687006 5.374012
F 2.687006 0.000000 8.061017
A 5.374012 -2.687006 8.061017


0.000000	68a10
6

K 0.000000 0.000000 0.000000
L 2.687006 2.687006 0.000000
V 0.000000 5.374012 0.000000
F -2.687006 5.374012 -2.687006
F -2.687006 2.687006 -5.374012
A -5.374012 0.000000 -5.374012


0.000000	79b10
6

K 0.000000 0.000000 0.000000
L 2.687006 2.687006 0.000000
V 0.000000 5.374012 0.000000
F -2.687006 5.374012 2.687006
F -2.687006 2.687006 5.374012
A 0.000000 0.000000 5.374012


0.000000	9b110
6

K 0.000000 0.000000 0.000000
L 2.687006 2.687006 0.000000
V 0.000000 5.374012 0.000000
F -2.687006 8.061017 0.000000
F -5.374012 8.061017 2.687006
A -5.374012 5.374012 5.374012


0.000000	02440
6

K 0.000000 0.000000 0.000000
L 2.687006 2.687006 0.000000
V 5.374012 2.687006 2.687006
F 8.061017 2.687006 5.374012
F 8.061017 5.374012 8.061017
A 10.748023 8.061017 8.061017


0.000000	9b100
6

K 0.000000 0.000000 0.000000
L 2.687006 2.687006 0.000000
V 5.374012 5.374012 0.000000
F 2.687006 8.061017 0.000000
F 0.000000 8.061017 2.687006
A 0.000000 5.374012 5.374012


0.000000	13540
6

K 0.000000 0.000000 0.000000
L 2.687006 2.687006 0.000000
V 5.374012 2.687006 2.687006
F 8.061017 2.687006 0.000000
F 8.061017 5.374012 -2.687006
A 5.374012 8.061017 -2.687006


0.000000	b1310
6

K 0.000000 0.000000 0.000000
L 2.687006 2.687006 0.000000
V 0.000000 5.374012 0.000000
F 0.000000 8.061017 -2.687006
F -2.687006 10.748023 -2.687006
A -5.374012 10.748023 0.000000


0.000000	b1300
6

K 0.000000 0.000000 0.000000
L 2.687006 2.687006 0.000000
V 5.374012 5.374012 0.000000
F 5.374012 8.061017 -2.687006
F 2.687006 10.748023 -2.687006
A 0.000000 10.748023 0.000000


0.000000	35740
6

K 0.000000 0.000000 0.000000
L 2.687006 2.687006 0.000000
V 5.374012 2.687006 2.687006
F 8.061017 0.000000 2.687006
F 10.748023 0.000000 0.000000
A 10.748023 2.687006 -2.687006


0.000000	02400
6

K 0.000000 0.000000 0.000000
L 2.687006 2.687006 0.000000
V 5.374012 5.374012 0.000000
F 8.061017 5.374012 2.687006
F 8.061017 8.061017 5.374012
A 10.748023 10.748023 5.374012


0.000000	13500
6

K 0.000000 0.000000 0.000000
L 2.687006 2.687006 0.000000
V 5.374012 5.374012 0.000000
F 8.061017 5.374012 -2.687006
F 8.061017 8.061017 -5.374012
A 5.374012 10.748023 -5.374012


0.000000	57940
6

K 0.000000 0.000000 0.000000
L 2.687006 2.687006 0.000000
V 5.374012 2.687006 2.687006
F 5.374012 0.000000 5.374012
F 8.061017 -2.687006 5.374012
A 10.748023 -2.687006 2.687006


0.000000	8ab10
6

K 0.000000 0.000000 0.000000
L 2.687006 2.687006 0.000000
V 0.000000 5.374012 0.000000
F -2.687006 5.374012 2.687006
F -5.374012 5.374012 0.000000
A -5.374012 2.687006 -2.687006


0.000000	b1240
6

K 0.000000 0.000000 0.000000
L 2.687006 2.687006 0.000000
V 5.374012 2.687006 2.687006
F 5.374012 5.374012 5.374012
F 2.687006 8.061017 5.374012
A 0.000000 8.061017 8.061017


0.000000	b1210
6

K 0.000000 0.000000 0.000000
L 2.687006 2.687006 0.000000
V 0.000000 5.374012 0.000000
F 0.000000 8.061017 2.687006
F -2.687006 10.748023 2.687006
A -5.374012 10.748023 5.374012


0.000000	24540
6

K 0.000000 0.000000 0.000000
L 2.687006 2.687006 0.000000
V 5.374012 2.687006 2.687006
F 8.061017 2.687006 0.000000
F 10.748023 2.687006 2.687006
A 10.748023 5.374012 5.374012


0.000000	b1200
6

K 0.000000 0.000000 0.000000
L 2.687006 2.687006 0.000000
V 5.374012 5.374012 0.000000
F 5.374012 8.061017 2.687006
F 2.687006 10.748023 2.687006
A 0.000000 10.748023 5.374012


0.000000	02310
6

K 0.000000 0.000000 0.000000
L 2.687006 2.687006 0.000000
V 0.000000 5.374012 0.000000
F 0.000000 8.061017 -2.687006
F 0.000000 10.748023 0.000000
A 2.687006 13.435029 0.000000


0.000000	02300
6

K 0.000000 0.000000 0.000000
L 2.687006 2.687006 0.000000
V 5.374012 5.374012 0.000000
F 5.374012 8.061017 -2.687006
F 5.374012 10.748023 0.000000
A 8.061017 13.435029 0.000000


0.000000	24500
6

K 0.000000 0.000000 0.000000
L 2.687006 2.687006 0.000000
V 5.374012 5.374012 0.000000
F 8.061017 5.374012 -2.687006
F 10.748023 5.374012 0.000000
A 10.748023 8.061017 2.687006


0.000000	68940
6

K 0.000000 0.000000 0.000000
L 2.687006 2.687006 0.000000
V 5.374012 2.687006 2.687006
F 5.374012 0.000000 5.374012
F 5.374012 -2.687006 2.687006
A 2.687006 -5.374012 2.687006


0.000000	57700
6

K 0.000000 0.000000 0.000000
L 2.687006 2.687006 0.000000
V 5.374012 5.374012 0.000000
F 8.061017 2.687006 0.000000
F 10.748023 0.000000 0.000000
A 13.435029 0.000000 -2.687006


0.000000	9bb40
6

K 0.000000 0.000000 0.000000
L 2.687006 2.687006 0.000000
V 5.374012 2.687006 2.687006
F 2.687006 2.687006 5.374012
F 0.000000 2.687006 8.061017
A 0.000000 0.000000 10.748023


0.000000	8aa10
6

K 0.000000 0.000000 0.000000
L 2.687006 2.687006 0.000000
V 0.000000 5.374012 0.000000
F -2.687006 5.374012 -2.687006
F -5.374012 5.374012 -5.374012
A -5.374012 2.687006 -8.061017


0.000000	9bb10
6

K 0.000000 0.000000 0.000000
L 2.687006 2.687006 0.000000
V 0.000000 5.374012 0.000000
F -2.687006 5.374012 2.687006
F -5.374012 5.374012 5.374012
A -5.374012 2.687006 8.061017


0.000000	02240
6

K 0.000000 0.000000 0.000000
L 2.687006 2.687006 0.000000
V 5.374012 2.687006 2.687006
F 5.374012 5.374012 5.374012
F 5.374012 8.061017 8.061017
A 8.061017 10.748023 8.061017


0.000000	b1110
6

K 0.000000 0.000000 0.000000
L 2.687006 2.687006 0.000000
V 0.000000 5.374012 0.000000
F -2.687006 8.061017 0.000000
F -5.374012 10.748023 0.000000
A -8.061017 10.748023 2.687006


0.000000	24440
6

K 0.000000 0.000000 0.000000
L 2.687006 2.687006 0.000000
V 5.374012 2.687006 2.687006
F 8.061017 2.687006 5.374012
F 10.748023 2.687006 8.061017
A 10.748023 5.374012 10.748023


0.000000	b1100
6

K 0.000000 0.000000 0.000000
L 2.687006 2.687006 0.000000
V 5.374012 5.374012 0.000000
F 2.687006 8.061017 0.000000
F 0.000000 10.748023 0.000000
A -2.687006 10.748023 2.687006


0.000000	02210
6

K 0.000000 0.000000 0.000000
L 2.687006 2.687006 0.000000
V 0.000000 5.374012 0.000000
F 0.000000 8.061017 2.687006
F 0.000000 10.748023 5.374012
A 2.687006 13.435029 5.374012


0.000000	35540
6

K 0.000000 0.000000 0.000000
L 2.687006 2.687006 0.000000
V 5.374012 2.687006 2.687006
F 8.061017 2.687006 0.000000
F 10.748023 2.687006 -2.687006
A 10.748023 5.374012 -5.374012


0.000000	02200
6

K 0.000000 0.000000 0.000000
L 2.687006 2.687006 0.000000
V 5.374012 5.374012 0.000000
F 5.374012 8.061017 2.687006
F 5.374012 10.748023 5.374012
A 8.061017 13.435029 5.374012


0.000000	13310
6

K 0.000000 0.000000 0.000000
L 2.687006 2.687006 0.000000
V 0.000000 5.374012 0.000000
F 0.000000 8.061017 -2.687006
F 0.000000 10.748023 -5.374012
A -2.687006 13.435029 -5.374012


0.000000	13300
6

K 0.000000 0.000000 0.000000
L 2.687006 2.687006 0.000000
V 5.374012 5.374012 0.000000
F 5.374012 8.061017 -2.687006
F 5.374012 10.748023 -5.374012
A 2.687006 13.435029 -5.374012


0.000000	57740
6

K 0.000000 0.000000 0.000000
L 2.687006 2.687006 0.000000
V 5.374012 2.687006 2.687006
F 8.061017 0.000000 2.687006
F 10.748023 -2.687006 2.687006
A 13.435029 -2.687006 0.000000


0.000000	24400
6

K 0.000000 0.000000 0.000000
L 2.687006 2.687006 0.000000
V 5.374012 5.374012 0.000000
F 8.061017 5.374012 2.687006
F 10.748023 5.374012 5.374012
A 10.748023 8.061017 8.061017


0.000000	35500
6

K 0.000000 0.000000 0.000000
L 2.687006 2.687006 0.000000
V 5.374012 5.374012 0.000000
F 8.061017 5.374012 -2.687006
F 10.748023 5.374012 -5.374012
A 10.748023 8.061017 -8.061017


0.000000	79940
6

K 0.000000 0.000000 0.000000
L 2.687006 2.687006 0.000000
V 5.374012 2.687006 2.687006
F 5.374012 0.000000 5.374012
F 5.374012 -2.687006 8.061017
A 8.061017 -5.374012 8.061017


0.000000	68700
6

K 0.000000 0.000000 0.000000
L 2.687006 2.687006 0.000000
V 5.374012 5.374012 0.000000
F 8.061017 2.687006 0.000000
F 8.061017 0.000000 -2.687006
A 5.374012 -2.687006 -2.687006


0.000000	b1040
6

K 0.000000 0.000000 0.000000
L 2.687006 2.687006 0.000000
V 5.374012 2.687006 2.687006
F 8.061017 5.374012 2.687006
F 5.374012 8.061017 2.687006
A 2.687006 8.061017 5.374012


0.000000	9ba10
6

K 0.000000 0.000000 0.000000
L 2.687006 2.687006 0.000000
V 0.000000 5.374012 0.000000
F -2.687006 5.374012 -2.687006
F -5.374012 5.374012 0.000000
A -5.374012 2.687006 2.687006


0.000000	13240
6

K 0.000000 0.000000 0.000000
L 2.687006 2.687006 0.000000
V 5.374012 2.687006 2.687006
F 5.374012 5.374012 5.374012
F 5.374012 8.061017 2.687006
A 2.687006 10.748023 2.687006


0.000000	b1010
6

K 0.000000 0.000000 0.000000
L 2.687006 2.687006 0.000000
V 0.000000 5.374012 0.000000
F 2.687006 8.061017 0.000000
F 0.000000 10.748023 0.000000
A -2.687006 10.748023 2.687006


0.000000	b1000
6

K 0.000000 0.000000 0.000000
L 2.687006 2.687006 0.000000
V 5.374012 5.374012 0.000000
F 8.061017 8.061017 0.000000
F 5.374012 10.748023 0.000000
A 2.687006 10.748023 2.687006


0.000000	02110
6

K 0.000000 0.000000 0.000000
L 2.687006 2.687006 0.000000
V 0.000000 5.374012 0.000000
F -2.687006 8.061017 0.000000
F -2.687006 10.748023 2.687006
A 0.000000 13.435029 2.687006


0.000000	35440
6

K 0.000000 0.000000 0.000000
L 2.687006 2.687006 0.000000
V 5.374012 2.687006 2.687006
F 8.061017 2.687006 5.374012
F 10.748023 2.687006 2.687006
A 10.748023 5.374012 0.000000


0.000000	02100
6

K 0.000000 0.000000 0.000000
L 2.687006 2.687006 0.000000
V 5.374012 5.374012 0.000000
F 2.687006 8.061017 0.000000
F 2.687006 10.748023 2.687006
A 5.374012 13.435029 2.687006


0.000000	13210
6

K 0.000000 0.000000 0.000000
L 2.687006 2.687006 0.000000
V 0.000000 5.374012 0.000000
F 0.000000 8.061017 2.687006
F 0.000000 10.748023 0.000000
A -2.687006 13.435029 0.000000


0.000000	13200
6

K 0.000000 0.000000 0.000000
L 2.687006 2.687006 0.000000
V 5.374012 5.374012 0.000000
F 5.374012 8.061017 2.687006
F 5.374012 10.748023 0.000000
A 2.687006 13.435029 0.000000


0.000000	68740
6

K 0.000000 0.000000 0.000000
L 2.687006 2.687006 0.000000
V 5.374012 2.687006 2.687006
F 8.061017 0.000000 2.687006
F 8.061017 -2.687006 0.000000
A 5.374012 -5.374012 0.000000


0.000000	35400
6

K 0.000000 0.000000 0.000000
L 2.687006 2.687006 0.000000
V 5.374012 5.374012 0.000000
F 8.061017 5.374012 2.687006
F 10.748023 5.374012 0.000000
A 10.748023 8.061017 -2.687006


0.000000	79700
6

K 0.000000 0.000000 0.000000
L 2.687006 2.687006 0.000000
V 5.374012 5.374012 0.000000
F 8.061017 2.687006 0.000000
F 8.061017 0.000000 2.687006
A 10.748023 -2.687006 2.687006


0.000000	b1b40
6

K 0.000000 0.000000 0.000000
L 2.687006 2.687006 0.000000
V 5.374012 2.687006 2.687006
F 2.687006 2.687006 5.374012
F 0.000000 5.374012 5.374012
A -2.687006 5.374012 8.061017


0.000000	02040
6

K 0.000000 0.000000 0.000000
L 2.687006 2.687006 0.000000
V 5.374012 2.687006 2.687006
F 8.061017 5.374012 2.687006
F 8.061017 8.061017 5.374012
A 10.748023 10.748023 5.374012


0.000000	b1b10
6

K 0.000000 0.000000 0.000000
L 2.687006 2.687006 0.000000
V 0.000000 5.374012 0.000000
F -2.687006 5.374012 2.687006
F -5.374012 8.061017 2.687006
A -8.061017 8.061017 5.374012


0.000000	24240
6

K 0.000000 0.000000 0.000000
L 2.687006 2.687006 0.000000
V 5.374012 2.687006 2.687006
F 5.374012 5.374012 5.374012
F 8.061017 5.374012 8.061017
A 8.061017 8.061017 10.748023


0.000000	02010
6

K 0.000000 0.000000 0.000000
L 2.687006 2.687006 0.000000
V 0.000000 5.374012 0.000000
F 2.687006 8.061017 0.000000
F 2.687006 10.748023 2.687006
A 5.374012 13.435029 2.687006


0.000000	02000
6

K 0.000000 0.000000 0.000000
L 2.687006 2.687006 0.000000
V 5.374012 5.374012 0.000000
F 8.061017 8.061017 0.000000
F 8.061017 10.748023 2.687006
A 10.748023 13.435029 2.687006


0.000000	13110
6

K 0.000000 0.000000 0.000000
L 2.687006 2.687006 0.000000
V 0.000000 5.374012 0.000000
F -2.687006 8.061017 0.000000
F -2.687006 10.748023 -2.687006
A -5.374012 13.435029 -2.687006


0.000000	13100
6

K 0.000000 0.000000 0.000000
L 2.687006 2.687006 0.000000
V 5.374012 5.374012 0.000000
F 2.687006 8.061017 0.000000
F 2.687006 10.748023 -2.687006
A 0.000000 13.435029 -2.687006


0.000000	24210
6

K 0.000000 0.000000 0.000000
L 2.687006 2.687006 0.000000
V 0.000000 5.374012 0.000000
F 0.000000 8.061017 2.687006
F 2.687006 8.061017 5.374012
A 2.687006 10.748023 8.061017


0.000000	57540
6

K 0.000000 0.000000 0.000000
L 2.687006 2.687006 0.000000
V 5.374012 2.687006 2.687006
F 8.061017 2.687006 0.000000
F 10.748023 0.000000 0.000000
A 13.435029 0.000000 -2.687006


0.000000	24200
6

K 0.000000 0.000000 0.000000
L 2.687006 2.687006 0.000000
V 5.374012 5.374012 0.000000
F 5.374012 8.061017 2.687006
F 8.061017 8.061017 5.374012
A 8.061017 10.748023 8.061017


0.000000	35310
6

K 0.000000 0.000000 0.000000
L 2.687006 2.687006 0.000000
V 0.000000 5.374012 0.000000
F 0.000000 8.061017 -2.687006
F 2.687006 8.061017 -5.374012
A 2.687006 10.748023 -8.061017


0.000000	35300
6

K 0.000000 0.000000 0.000000
L 2.687006 2.687006 0.000000
V 5.374012 5.374012 0.000000
F 5.374012 8.061017 -2.687006
F 8.061017 8.061017 -5.374012
A 8.061017 10.748023 -8.061017


0.000000	79740
6

K 0.000000 0.000000 0.000000
L 2.687006 2.687006 0.000000
V 5.374012 2.687006 2.687006
F 8.061017 0.000000 2.687006
F 8.061017 -2.687006 5.374012
A 10.748023 -5.374012 5.374012


0.000000	57500
6

K 0.000000 0.000000 0.000000
L 2.687006 2.687006 0.000000
V 5.374012 5.374012 0.000000
F 8.061017 5.374012 -2.687006
F 10.748023 2.687006 -2.687006
A 13.435029 2.687006 -5.374012


0.000000	9b940
6

K 0.000000 0.000000 0.000000
L 2.687006 2.687006 0.000000
V 5.374012 2.687006 2.687006
F 5.374012 0.000000 5.374012
F 2.687006 0.000000 8.061017
A 2.687006 -2.687006 10.748023


0.000000	02b40
6

K 0.000000 0.000000 0.000000
L 2.687006 2.687006 0.000000
V 5.374012 2.687006 2.687006
F 2.687006 2.687006 5.374012
F 2.687006 5.374012 8.061017
A 5.374012 8.061017 8.061017


0.000000	13040
6

K 0.000000 0.000000 0.000000
L 2.687006 2.687006 0.000000
V 5.374012 2.687006 2.687006
F 8.061017 5.374012 2.687006
F 8.061017 8.061017 0.000000
A 5.374012 10.748023 0.000000


0.000000	b1a10
6

K 0.000000 0.000000 0.000000
L 2.687006 2.687006 0.000000
V 0.000000 5.374012 0.000000
F -2.687006 5.374012 -2.687006
F -5.374012 8.061017 -2.687006
A -8.061017 8.061017 0.000000


0.000000	02b10
6

K 0.000000 0.000000 0.000000
L 2.687006 2.687006 0.000000
V 0.000000 5.374012 0.000000
F -2.687006 5.374012 2.687006
F -2.687006 8.061017 5.374012
A 0.000000 10.748023 5.374012


0.000000	13010
6

K 0.000000 0.000000 0.000000
L 2.687006 2.687006 0.000000
V 0.000000 5.374012 0.000000
F 2.687006 8.061017 0.000000
F 2.687006 10.748023 -2.687006
A 0.000000 13.435029 -2.687006


0.000000	13000
6

K 0.000000 0.000000 0.000000
L 2.687006 2.687006 0.000000
V 5.374012 5.374012 0.000000
F 8.061017 8.061017 0.000000
F 8.061017 10.748023 -2.687006
A 5.374012 13.435029 -2.687006


0.000000	57440
6

K 0.000000 0.000000 0.000000
L 2.687006 2.687006 0.000000
V 5.374012 2.687006 2.687006
F 8.061017 2.687006 5.374012
F 10.748023 0.000000 5.374012
A 13.435029 0.000000 2.687006


0.000000	68540
6

K 0.000000 0.000000 0.000000
L 2.687006 2.687006 0.000000
V 5.374012 2.687006 2.687006
F 8.061017 2.687006 0.000000
F 8.061017 0.000000 -2.687006
A 5.374012 -2.687006 -2.687006


0.000000	57400
6

K 0.000000 0.000000 0.000000
L 2.687006 2.687006 0.000000
V 5.374012 5.374012 0.000000
F 8.061017 5.374012 2.687006
F 10.748023 2.687006 2.687006
A 13.435029 2.687006 0.000000


0.000000	68500
6

K 0.000000 0.000000 0.000000
L 2.687006 2.687006 0.000000
V 5.374012 5.374012 0.000000
F 8.061017 5.374012 -2.687006
F 8.061017 2.687006 -5.374012
A 5.374012 0.000000 -5.374012


0.000000	24040
6

K 0.000000 0.000000 0.000000
L 2.687006 2.687006 0.000000
V 5.374012 2.687006 2.687006
F 8.061017 5.374012 2.687006
F 10.748023 5.374012 5.374012
A 10.748023 8.061017 8.061017


0.000000	24010
6

K 0.000000 0.000000 0.000000
L 2.687006 2.687006 0.000000
V 0.000000 5.374012 0.000000
F 2.687006 8.061017 0.000000
F 5.374012 8.061017 2.687006
A 5.374012 10.748023 5.374012


0.000000	24000
6

K 0.000000 0.000000 0.000000
L 2.687006 2.687006 0.000000
V 5.374012 5.374012 0.000000
F 8.061017 8.061017 0.000000
F 10.748023 8.061017 2.687006
A 10.748023 10.748023 5.374012


0.000000	24b40
6

K 0.000000 0.000000 0.000000
L 2.687006 2.687006 0.000000
V 5.374012 2.687006 2.687006
F 2.687006 2.687006 5.374012
F 5.374012 2.687006 8.061017
A 5.374012 5.374012 10.748023


0.000000	35040
6

K 0.000000 0.000000 0.000000
L 2.687006 2.687006 0.000000
V 5.374012 2.687006 2.687006
F 8.061017 5.374012 2.687006
F 10.748023 5.374012 0.000000
A 10.748023 8.061017 -2.687006


0.000000	13a10
6

K 0.000000 0.000000 0.000000
L 2.687006 2.687006 0.000000
V 0.000000 5.374012 0.000000
F -2.687006 5.374012 -2.687006
F -2.687006 8.061017 -5.374012
A -5.374012 10.748023 -5.374012


0.000000	24b10
6

K 0.000000 0.000000 0.000000
L 2.687006 2.687006 0.000000
V 0.000000 5.374012 0.000000
F -2.687006 5.374012 2.687006
F 0.000000 5.374012 5.374012
A 0.000000 8.061017 8.061017


0.000000	35010
6

K 0.000000 0.000000 0.000000
L 2.687006 2.687006 0.000000
V 0.000000 5.374012 0.000000
F 2.687006 8.061017 0.000000
F 5.374012 8.061017 -2.687006
A 5.374012 10.748023 -5.374012


0.000000	35000
6

K 0.000000 0.000000 0.000000
L 2.687006 2.687006 0.000000
V 5.374012 5.374012 0.000000
F 8.061017 8.061017 0.000000
F 10.748023 8.061017 -2.687006
A 10.748023 10.748023 -5.374012


0.000000	79440
6

K 0.000000 0.000000 0.000000
L 2.687006 2.687006 0.000000
V 5.374012 2.687006 2.687006
F 8.061017 2.687006 5.374012
F 8.061017 0.000000 8.061017
A 10.748023 -2.687006 8.061017


0.000000	68310
6

K 0.000000 0.000000 0.000000
L 2.687006 2.687006 0.000000
V 0.000000 5.374012 0.000000
F 0.000000 8.061017 -2.687006
F 0.000000 5.374012 -5.374012
A -2.687006 2.687006 -5.374012


0.000000	68300
6

K 0.000000 0.000000 0.000000
L 2.687006 2.687006 0.000000
V 5.374012 5.374012 0.000000
F 5.374012 8.061017 -2.687006
F 5.374012 5.374012 -5.374012
A 2.687006 2.687006 -5.374012


0.000000	79400
6

K 0.000000 0.000000 0.000000
L 2.687006 2.687006 0.000000
V 5.374012 5.374012 0.000000
F 8.061017 5.374012 2.687006
F 8.061017 2.687006 5.374012
A 10.748023 0.000000 5.374012


0.000000	8a500
6

K 0.000000 0.000000 0.000000
L 2.687006 2.687006 0.000000
V 5.374012 5.374012 0.000000
F 8.061017 5.374012 -2.687006
F 5.374012 5.374012 -5.374012
A 5.374012 2.687006 -8.061017


0.000000	02940
6

K 0.000000 0.000000 0.000000
L 2.687006 2.687006 0.000000
V 5.374012 2.687006 2.687006
F 5.374012 0.000000 5.374012
F 5.374012 2.687006 8.061017
A 8.061017 5.374012 8.061017


0.000000	ab240
6

K 0.000000 0.000000 0.000000
L 2.687006 2.687006 0.000000
V 5.374012 2.687006 2.687006
F 5.374012 5.374012 5.374012
F 2.687006 5.374012 8.061017
A 0.000000 5.374012 5.374012


0.000000	ab210
6

K 0.000000 0.000000 0.000000
L 2.687006 2.687006 0.000000
V 0.000000 5.374012 0.000000
F 0.000000 8.061017 2.687006
F -2.687006 8.061017 5.374012
A -5.374012 8.061017 2.687006


0.000000	ab200
6

K 0.000000 0.000000 0.000000
L 2.687006 2.687006 0.000000
V 5.374012 5.374012 0.000000
F 5.374012 8.061017 2.687006
F 2.687006 8.061017 5.374012
A 0.000000 8.061017 2.687006


0.000000	45700
6

K 0.000000 0.000000 0.000000
L 2.687006 2.687006 0.000000
V 5.374012 5.374012 0.000000
F 8.061017 2.687006 0.000000
F 10.748023 2.687006 -2.687006
A 13.435029 2.687006 0.000000


0.000000	89b40
6

K 0.000000 0.000000 0.000000
L 2.687006 2.687006 0.000000
V 5.374012 2.687006 2.687006
F 2.687006 2.687006 5.374012
F 2.687006 0.000000 8.061017
A 2.687006 -2.687006 5.374012


0.000000	78a10
6

K 0.000000 0.000000 0.000000
L 2.687006 2.687006 0.000000
V 0.000000 5.374012 0.000000
F -2.687006 5.374012 -2.687006
F -2.687006 2.687006 -5.374012
A 0.000000 0.000000 -5.374012


0.000000	ab110
6

K 0.000000 0.000000 0.000000
L 2.687006 2.687006 0.000000
V 0.000000 5.374012 0.000000
F -2.687006 8.061017 0.000000
F -5.374012 8.061017 2.687006
A -8.061017 8.061017 0.000000


0.000000	12440
6

K 0.000000 0.000000 0.000000
L 2.687006 2.687006 0.000000
V 5.374012 2.687006 2.687006
F 8.061017 2.687006 5.374012
F 8.061017 5.374012 8.061017
A 5.374012 8.061017 8.061017


0.000000	ab100
6

K 0.000000 0.000000 0.000000
L 2.687006 2.687006 0.000000
V 5.374012 5.374012 0.000000
F 2.687006 8.061017 0.000000
F 0.000000 8.061017 2.687006
A -2.687006 8.061017 0.000000


0.000000	23540
6

K 0.000000 0.000000 0.000000
L 2.687006 2.687006 0.000000
V 5.374012 2.687006 2.687006
F 8.061017 2.687006 0.000000
F 8.061017 5.374012 -2.687006
A 8.061017 8.061017 0.000000


0.000000	01310
6

K 0.000000 0.000000 0.000000
L 2.687006 2.687006 0.000000
V 0.000000 5.374012 0.000000
F 0.000000 8.061017 -2.687006
F -2.687006 10.748023 -2.687006
A 0.000000 13.435029 -2.687006


0.000000	01300
6

K 0.000000 0.000000 0.000000
L 2.687006 2.687006 0.000000
V 5.374012 5.374012 0.000000
F 5.374012 8.061017 -2.687006
F 2.687006 10.748023 -2.687006
A 5.374012 13.435029 -2.687006


0.000000	45740
6

K 0.000000 0.000000 0.000000
L 2.687006 2.687006 0.000000
V 5.374012 2.687006 2.687006
F 8.061017 0.000000 2.687006
F 10.748023 0.000000 0.000000
A 13.435029 0.000000 2.687006


0.000000	12400
6

K 0.000000 0.000000 0.000000
L 2.687006 2.687006 0.000000
V 5.374012 5.374012 0.000000
F 8.061017 5.374012 2.687006
F 8.061017 8.061017 5.374012
A 5.374012 10.748023 5.374012


0.000000	23500
6

K 0.000000 0.000000 0.000000
L 2.687006 2.687006 0.000000
V 5.374012 5.374012 0.000000
F 8.061017 5.374012 -2.687006
F 8.061017 8.061017 -5.374012
A 8.061017 10.748023 -2.687006


0.000000	67940
6

K 0.000000 0.000000 0.000000
L 2.687006 2.687006 0.000000
V 5.374012 2.687006 2.687006
F 5.374012 0.000000 5.374012
F 8.061017 -2.687006 5.374012
A 5.374012 -5.374012 5.374012


0.000000	01240
6

K 0.000000 0.000000 0.000000
L 2.687006 2.687006 0.000000
V 5.374012 2.687006 2.687006
F 5.374012 5.374012 5.374012
F 2.687006 8.061017 5.374012
A 5.374012 10.748023 5.374012


0.000000	01210
6

K 0.000000 0.000000 0.000000
L 2.687006 2.687006 0.000000
V 0.000000 5.374012 0.000000
F 0.000000 8.061017 2.687006
F -2.687006 10.748023 2.687006
A 0.000000 13.435029 2.687006


0.000000	01200
6

K 0.000000 0.000000 0.000000
L 2.687006 2.687006 0.000000
V 5.374012 5.374012 0.000000
F 5.374012 8.061017 2.687006
F 2.687006 10.748023 2.687006
A 5.374012 13.435029 2.687006


0.000000	12310
6

K 0.000000 0.000000 0.000000
L 2.687006 2.687006 0.000000
V 0.000000 5.374012 0.000000
F 0.000000 8.061017 -2.687006
F 0.000000 10.748023 0.000000
A -2.687006 13.435029 0.000000


0.000000	12300
6

K 0.000000 0.000000 0.000000
L 2.687006 2.687006 0.000000
V 5.374012 5.374012 0.000000
F 5.374012 8.061017 -2.687006
F 5.374012 10.748023 0.000000
A 2.687006 13.435029 0.000000


0.000000	78940
6

K 0.000000 0.000000 0.000000
L 2.687006 2.687006 0.000000
V 5.374012 2.687006 2.687006
F 5.374012 0.000000 5.374012
F 5.374012 -2.687006 2.687006
A 8.061017 -5.374012 2.687006


0.000000	67700
6

K 0.000000 0.000000 0.000000
L 2.687006 2.687006 0.000000
V 5.374012 5.374012 0.000000
F 8.061017 2.687006 0.000000
F 10.748023 0.000000 0.000000
A 8.061017 -2.687006 0.000000


0.000000	abb40
6

K 0.000000 0.000000 0.000000
L 2.687006 2.687006 0.000000
V 5.374012 2.687006 2.687006
F 2.687006 2.687006 5.374012
F 0.000000 2.687006 8.061017
A -2.687006 2.687006 5.374012


0.000000	abb10
6

K 0.000000 0.000000 0.000000
L 2.687006 2.687006 0.000000
V 0.000000 5.374012 0.000000
F -2.687006 5.374012 2.687006
F -5.374012 5.374012 5.374012
A -8.061017 5.374012 2.687006


0.000000	12240
6

K 0.000000 0.000000 0.000000
L 2.687006 2.687006 0.000000
V 5.374012 2.687006 2.687006
F 5.374012 5.374012 5.374012
F 5.374012 8.061017 8.061017
A 2.687006 10.748023 8.061017


0.000000	01110
6

K 0.000000 0.000000 0.000000
L 2.687006 2.687006 0.000000
V 0.000000 5.374012 0.000000
F -2.687006 8.061017 0.000000
F -5.374012 10.748023 0.000000
A -2.687006 13.435029 0.000000


0.000000	01100
6

K 0.000000 0.000000 0.000000
L 2.687006 2.687006 0.000000
V 5.374012 5.374012 0.000000
F 2.687006 8.061017 0.000000
F 0.000000 10.748023 0.000000
A 2.687006 13.435029 0.000000


0.000000	12210
6

K 0.000000 0.000000 0.000000
L 2.687006 2.687006 0.000000
V 0.000000 5.374012 0.000000
F 0.000000 8.061017 2.687006
F 0.000000 10.748023 5.374012
A -2.687006 13.435029 5.374012


0.000000	45540
6

K 0.000000 0.000000 0.000000
L 2.687006 2.687006 0.000000
V 5.374012 2.687006 2.687006
F 8.061017 2.687006 0.000000
F 10.748023 2.687006 -2.687006
A 13.435029 2.687006 0.000000


0.000000	12200
6

K 0.000000 0.000000 0.000000
L 2.687006 2.687006 0.000000
V 5.374012 5.374012 0.000000
F 5.374012 8.061017 2.687006
F 5.374012 10.748023 5.374012
A 2.687006 13.435029 5.374012


0.000000	23310
6

K 0.000000 0.000000 0.000000
L 2.687006 2.687006 0.000000
V 0.000000 5.374012 0.000000
F 0.000000 8.061017 -2.687006
F 0.000000 10.748023 -5.374012
A 0.000000 13.435029 -2.687006


0.000000	23300
6

K 0.000000 0.000000 0.000000
L 2.687006 2.687006 0.000000
V 5.374012 5.374012 0.000000
F 5.374012 8.061017 -2.687006
F 5.374012 10.748023 -5.374012
A 5.374012 13.435029 -2.687006


0.000000	67740
6

K 0.000000 0.000000 0.000000
L 2.687006 2.687006 0.000000
V 5.374012 2.687006 2.687006
F 8.061017 0.000000 2.687006
F 10.748023 -2.687006 2.687006
A 8.061017 -5.374012 2.687006


0.000000	45500
6

K 0.000000 0.000000 0.000000
L 2.687006 2.687006 0.000000
V 5.374012 5.374012 0.000000
F 8.061017 5.374012 -2.687006
F 10.748023 5.374012 -5.374012
A 13.435029 5.374012 -2.687006


0.000000	89940
6

K 0.000000 0.000000 0.000000
L 2.687006 2.687006 0.000000
V 5.374012 2.687006 2.687006
F 5.374012 0.000000 5.374012
F 5.374012 -2.687006 8.061017
A 5.374012 -5.374012 5.374012


0.000000	78700
6

K 0.000000 0.000000 0.000000
L 2.687006 2.687006 0.000000
V 5.374012 5.374012 0.000000
F 8.061017 2.687006 0.000000
F 8.061017 0.000000 -2.687006
A 10.748023 -2.687006 -2.687006


0.000000	01040
6

K 0.000000 0.000000 0.000000
L 2.687006 2.687006 0.000000
V 5.374012 2.687006 2.687006
F 8.061017 5.374012 2.687006
F 5.374012 8.061017 2.687006
A 8.061017 10.748023 2.687006


0.000000	aba10
6

K 0.000000 0.000000 0.000000
L 2.687006 2.687006 0.000000
V 0.000000 5.374012 0.000000
F -2.687006 5.374012 -2.687006
F -5.374012 5.374012 0.000000
A -8.061017 5.374012 -2.687006


0.000000	23240
6

K 0.000000 0.000000 0.000000
L 2.687006 2.687006 0.000000
V 5.374012 2.687006 2.687006
F 5.374012 5.374012 5.374012
F 5.374012 8.061017 2.687006
A 5.374012 10.748023 5.374012


0.000000	01010
6

K 0.000000 0.000000 0.000000
L 2.687006 2.687006 0.000000
V 0.000000 5.374012 0.000000
F 2.687006 8.061017 0.000000
F 0.000000 10.748023 0.000000
A 2.687006 13.435029 0.000000


0.000000	01000
6

K 0.000000 0.000000 0.000000
L 2.687006 2.687006 0.000000
V 5.374012 5.374012 0.000000
F 8.061017 8.061017 0.000000
F 5.374012 10.748023 0.000000
A 8.061017 13.435029 0.000000


0.000000	12110
6

K 0.000000 0.000000 0.000000
L 2.687006 2.687006 0.000000
V 0.000000 5.374012 0.000000
F -2.687006 8.061017 0.000000
F -2.687006 10.748023 2.687006
A -5.374012 13.435029 2.687006


0.000000	45440
6

K 0.000000 0.000000 0.000000
L 2.687006 2.687006 0.000000
V 5.374012 2.687006 2.687006
F 8.061017 2.687006 5.374012
F 10.748023 2.687006 2.687006
A 13.435029 2.687006 5.374012


0.000000	12100
6

K 0.000000 0.000000 0.000000
L 2.687006 2.687006 0.000000
V 5.374012 5.374012 0.000000
F 2.687006 8.061017 0.000000
F 2.687006 10.748023 2.687006
A 0.000000 13.435029 2.687006


0.000000	23210
6

K 0.000000 0.000000 0.000000
L 2.687006 2.687006 0.000000
V 0.000000 5.374012 0.000000
F 0.000000 8.061017 2.687006
F 0.000000 10.748023 0.000000
A 0.000000 13.435029 2.687006


0.000000	23200
6

K 0.000000 0.000000 0.000000
L 2.687006 2.687006 0.000000
V 5.374012 5.374012 0.000000
F 5.374012 8.061017 2.687006
F 5.374012 10.748023 0.000000
A 5.374012 13.435029 2.687006


0.000000	78740
6

K 0.000000 0.000000 0.000000
L 2.687006 2.687006 0.000000
V 5.374012 2.687006 2.687006
F 8.061017 0.000000 2.687006
F 8.061017 -2.687006 0.000000
A 10.748023 -5.374012 0.000000


0.000000	45400
6

K 0.000000 0.000000 0.000000
L 2.687006 2.687006 0.000000
V 5.374012 5.374012 0.000000
F 8.061017 5.374012 2.687006
F 10.748023 5.374012 0.000000
A 13.435029 5.374012 2.687006


0.000000	89700
6

K 0.000000 0.000000 0.000000
L 2.687006 2.687006 0.000000
V 5.374012 5.374012 0.000000
F 8.061017 2.687006 0.000000
F 8.061017 0.000000 2.687006
A 8.061017 -2.687006 0.000000


0.000000	01b40
6

K 0.000000 0.000000 0.000000
L 2.687006 2.687006 0.000000
V 5.374012 2.687006 2.687006
F 2.687006 2.687006 5.374012
F 0.000000 5.374012 5.374012
A 2.687006 8.061017 5.374012


0.000000	12040
6

K 0.000000 0.000000 0.000000
L 2.687006 2.687006 0.000000
V 5.374012 2.687006 2.687006
F 8.061017 5.374012 2.687006
F 8.061017 8.061017 5.374012
A 5.374012 10.748023 5.374012


0.000000	01b10
6

K 0.000000 0.000000 0.000000
L 2.687006 2.687006 0.000000
V 0.000000 5.374012 0.000000
F -2.687006 5.374012 2.687006
F -5.374012 8.061017 2.687006
A -2.687006 10.748023 2.687006


0.000000	12010
6

K 0.000000 0.000000 0.000000
L 2.687006 2.687006 0.000000
V 0.000000 5.374012 0.000000
F 2.687006 8.061017 0.000000
F 2.687006 10.748023 2.687006
A 0.000000 13.435029 2.687006


0.000000	12000
6

K 0.000000 0.000000 0.000000
L 2.687006 2.687006 0.000000
V 5.374012 5.374012 0.000000
F 8.061017 8.061017 0.000000
F 8.061017 10.748023 2.687006
A 5.374012 13.435029 2.687006


0.000000	23110
6

K 0.000000 0.000000 0.000000
L 2.687006 2.687006 0.000000
V 0.000000 5.374012 0.000000
F -2.687006 8.061017 0.000000
F -2.687006 10.748023 -2.687006
A -2.687006 13.435029 0.000000


0.000000	23100
6

K 0.000000 0.000000 0.000000
L 2.687006 2.687006 0.000000
V 5.374012 5.374012 0.000000
F 2.687006 8.061017 0.000000
F 2.687006 10.748023 -2.687006
A 2.687006 13.435029 0.000000


0.000000	67540
6

K 0.000000 0.000000 0.000000
L 2.687006 2.687006 0.000000
V 5.374012 2.687006 2.687006
F 8.061017 2.687006 0.000000
F 10.748023 0.000000 0.000000
A 8.061017 -2.687006 0.000000


0.000000	45310
6

K 0.000000 0.000000 0.000000
L 2.687006 2.687006 0.000000
V 0.000000 5.374012 0.000000
F 0.000000 8.061017 -2.687006
F 2.687006 8.061017 -5.374012
A 5.374012 8.061017 -2.687006


0.000000	45300
6

K 0.000000 0.000000 0.000000
L 2.687006 2.687006 0.000000
V 5.374012 5.374012 0.000000
F 5.374012 8.061017 -2.687006
F 8.061017 8.061017 -5.374012
A 10.748023 8.061017 -2.687006


0.000000	89740
6

K 0.000000 0.000000 0.000000
L 2.687006 2.687006 0.000000
V 5.374012 2.687006 2.687006
F 8.061017 0.000000 2.687006
F 8.061017 -2.687006 5.374012
A 8.061017 -5.374012 2.687006


0.000000	67500
6

K 0.000000 0.000000 0.000000
L 2.687006 2.687006 0.000000
V 5.374012 5.374012 0.000000
F 8.061017 5.374012 -2.687006
F 10.748023 2.687006 -2.687006
A 8.061017 0.000000 -2.687006


0.000000	ab940
6

K 0.000000 0.000000 0.000000
L 2.687006 2.687006 0.000000
V 5.374012 2.687006 2.687006
F 5.374012 0.000000 5.374012
F 2.687006 0.000000 8.061017
A 0.000000 0.000000 5.374012


0.000000	12b40
6

K 0.000000 0.000000 0.000000
L 2.687006 2.687006 0.000000
V 5.374012 2.687006 2.687006
F 2.687006 2.687006 5.374012
F 2.687006 5.374012 8.061017
A 0.000000 8.061017 8.061017


0.000000	23040
6

K 0.000000 0.000000 0.000000
L 2.687006 2.687006 0.000000
V 5.374012 2.687006 2.687006
F 8.061017 5.374012 2.687006
F 8.061017 8.061017 0.000000
A 8.061017 10.748023 2.687006


0.000000	01a10
6

K 0.000000 0.000000 0.000000
L 2.687006 2.687006 0.000000
V 0.000000 5.374012 0.000000
F -2.687006 5.374012 -2.687006
F -5.374012 8.061017 -2.687006
A -2.687006 10.748023 -2.687006


0.000000	12b10
6

K 0.000000 0.000000 0.000000
L 2.687006 2.687006 0.000000
V 0.000000 5.374012 0.000000
F -2.687006 5.374012 2.687006
F -2.687006 8.061017 5.374012
A -5.374012 10.748023 5.374012


0.000000	23010
6

K 0.000000 0.000000 0.000000
L 2.687006 2.687006 0.000000
V 0.000000 5.374012 0.000000
F 2.687006 8.061017 0.000000
F 2.687006 10.748023 -2.687006
A 2.687006 13.435029 0.000000


0.000000	23000
6

K 0.000000 0.000000 0.000000
L 2.687006 2.687006 0.000000
V 5.374012 5.374012 0.000000
F 8.061017 8.061017 0.000000
F 8.061017 10.748023 -2.687006
A 8.061017 13.435029 0.000000


0.000000	67440
6

K 0.000000 0.000000 0.000000
L 2.687006 2.687006 0.000000
V 5.374012 2.687006 2.687006
F 8.061017 2.687006 5.374012
F 10.748023 0.000000 5.374012
A 8.061017 -2.687006 5.374012


0.000000	78540
6

K 0.000000 0.000000 0.000000
L 2.687006 2.687006 0.000000
V 5.374012 2.687006 2.687006
F 8.061017 2.687006 0.000000
F 8.061017 0.000000 -2.687006
A 10.748023 -2.687006 -2.687006


0.000000	67400
6

K 0.000000 0.000000 0.000000
L 2.687006 2.687006 0.000000
V 5.374012 5.374012 0.000000
F 8.061017 5.374012 2.687006
F 10.748023 2.687006 2.687006
A 8.061017 0.000000 2.687006


0.000000	78500
6

K 0.000000 0.000000 0.000000
L 2.687006 2.687006 0.000000
V 5.374012 5.374012 0.000000
F 8.061017 5.374012 -2.687006
F 8.061017 2.687006 -5.374012
A 10.748023 0.000000 -5.374012


0.000000	45040
6

K 0.000000 0.000000 0.000000
L 2.687006 2.687006 0.000000
V 5.374012 2.687006 2.687006
F 8.061017 5.374012 2.687006
F 10.748023 5.374012 0.000000
A 13.435029 5.374012 2.687006


0.000000	23a10
6

K 0.000000 0.000000 0.000000
L 2.687006 2.687006 0.000000
V 0.000000 5.374012 0.000000
F -2.687006 5.374012 -2.687006
F -2.687006 8.061017 -5.374012
A -2.687006 10.748023 -2.687006


0.000000	45010
6

K 0.000000 0.000000 0.000000
L 2.687006 2.687006 0.000000
V 0.000000 5.374012 0.000000
F 2.687006 8.061017 0.000000
F 5.374012 8.061017 -2.687006
A 8.061017 8.061017 0.000000


0.000000	45000
6

K 0.000000 0.000000 0.000000
L 2.687006 2.687006 0.000000
V 5.374012 5.374012 0.000000
F 8.061017 8.061017 0.000000
F 10.748023 8.061017 -2.687006
A 13.435029 8.061017 0.000000


0.000000	89440
6

K 0.000000 0.000000 0.000000
L 2.687006 2.687006 0.000000
V 5.374012 2.687006 2.687006
F 8.061017 2.687006 5.374012
F 8.061017 0.000000 8.061017
A 8.061017 -2.687006 5.374012


0.000000	78310
6

K 0.000000 0.000000 0.000000
L 2.687006 2.687006 0.000000
V 0.000000 5.374012 0.000000
F 0.000000 8.061017 -2.687006
F 0.000000 5.374012 -5.374012
A 2.687006 2.687006 -5.374012


0.000000	78300
6

K 0.000000 0.000000 0.000000
L 2.687006 2.687006 0.000000
V 5.374012 5.374012 0.000000
F 5.374012 8.061017 -2.687006
F 5.374012 5.374012 -5.374012
A 8.061017 2.687006 -5.374012


0.000000	89400
6

K 0.000000 0.000000 0.000000
L 2.687006 2.687006 0.000000
V 5.374012 5.374012 0.000000
F 8.061017 5.374012 2.687006
F 8.061017 2.687006 5.374012
A 8.061017 0.000000 2.687006


0.000000	12940
6

K 0.000000 0.000000 0.000000
L 2.687006 2.687006 0.000000
V 5.374012 2.687006 2.687006
F 5.374012 0.000000 5.374012
F 5.374012 2.687006 8.061017
A 2.687006 5.374012 8.061017


0.000000	66b40
6

K 0.000000 0.000000 0.000000
L 2.687006 2.687006 0.000000
V 5.374012 2.687006 2.687006
F 2.687006 2.687006 5.374012
F 0.000000 0.000000 5.374012
A -2.687006 -2.687006 5.374012


0.000000	77040
6

K 0.000000 0.000000 0.000000
L 2.687006 2.687006 0.000000
V 5.374012 2.687006 2.687006
F 8.061017 5.374012 2.687006
F 10.748023 2.687006 2.687006
A 13.435029 0.000000 2.687006


0.000000	55a10
6

K 0.000000 0.000000 0.000000
L 2.687006 2.687006 0.000000
V 0.000000 5.374012 0.000000
F -2.687006 5.374012 -2.687006
F 0.000000 5.374012 -5.374012
A 2.687006 5.374012 -8.061017


0.000000	66b10
6

K 0.000000 0.000000 0.000000
L 2.687006 2.687006 0.000000
V 0.000000 5.374012 0.000000
F -2.687006 5.374012 2.687006
F -5.374012 2.687006 2.687006
A -8.061017 0.000000 2.687006


0.000000	99240
6

K 0.000000 0.000000 0.000000
L 2.687006 2.687006 0.000000
V 5.374012 2.687006 2.687006
F 5.374012 5.374012 5.374012
F 5.374012 2.687006 8.061017
A 5.374012 0.000000 10.748023


0.000000	77000
6

K 0.000000 0.000000 0.000000
L 2.687006 2.687006 0.000000
V 5.374012 5.374012 0.000000
F 8.061017 8.061017 0.000000
F 10.748023 5.374012 0.000000
A 13.435029 2.687006 0.000000


0.000000	bb440
6

K 0.000000 0.000000 0.000000
L 2.687006 2.687006 0.000000
V 5.374012 2.687006 2.687006
F 8.061017 2.687006 5.374012
F 5.374012 2.687006 8.061017
A 2.687006 2.687006 10.748023


0.000000	99210
6

K 0.000000 0.000000 0.000000
L 2.687006 2.687006 0.000000
V 0.000000 5.374012 0.000000
F 0.000000 8.061017 2.687006
F 0.000000 5.374012 5.374012
A 0.000000 2.687006 8.061017


0.000000	00540
6

K 0.000000 0.000000 0.000000
L 2.687006 2.687006 0.000000
V 5.374012 2.687006 2.687006
F 8.061017 2.687006 0.000000
F 10.748023 5.374012 0.000000
A 13.435029 8.061017 0.000000


0.000000	99200
6

K 0.000000 0.000000 0.000000
L 2.687006 2.687006 0.000000
V 5.374012 5.374012 0.000000
F 5.374012 8.061017 2.687006
F 5.374012 5.374012 5.374012
A 5.374012 2.687006 8.061017


0.000000	aa310
6

K 0.000000 0.000000 0.000000
L 2.687006 2.687006 0.000000
V 0.000000 5.374012 0.000000
F 0.000000 8.061017 -2.687006
F -2.687006 8.061017 -5.374012
A -5.374012 8.061017 -8.061017


0.000000	aa300
6

K 0.000000 0.000000 0.000000
L 2.687006 2.687006 0.000000
V 5.374012 5.374012 0.000000
F 5.374012 8.061017 -2.687006
F 2.687006 8.061017 -5.374012
A 0.000000 8.061017 -8.061017


0.000000	bb400
6

K 0.000000 0.000000 0.000000
L 2.687006 2.687006 0.000000
V 5.374012 5.374012 0.000000
F 8.061017 5.374012 2.687006
F 5.374012 5.374012 5.374012
A 2.687006 5.374012 8.061017


0.000000	00500
6

K 0.000000 0.000000 0.000000
L 2.687006 2.687006 0.000000
V 5.374012 5.374012 0.000000
F 8.061017 5.374012 -2.687006
F 10.748023 8.061017 -2.687006
A 13.435029 10.748023 -2.687006


0.000000	44940
6

K 0.000000 0.000000 0.000000
L 2.687006 2.687006 0.000000
V 5.374012 2.687006 2.687006
F 5.374012 0.000000 5.374012
F 8.061017 0.000000 8.061017
A 10.748023 0.000000 10.748023


0.000000	66a10
6

K 0.000000 0.000000 0.000000
L 2.687006 2.687006 0.000000
V 0.000000 5.374012 0.000000
F -2.687006 5.374012 -2.687006
F -5.374012 2.687006 -2.687006
A -8.061017 0.000000 -2.687006


0.000000	00440
6

K 0.000000 0.000000 0.000000
L 2.687006 2.687006 0.000000
V 5.374012 2.687006 2.687006
F 8.061017 2.687006 5.374012
F 10.748023 5.374012 5.374012
A 13.435029 8.061017 5.374012


0.000000	00400
6

K 0.000000 0.000000 0.000000
L 2.687006 2.687006 0.000000
V 5.374012 5.374012 0.000000
F 8.061017 5.374012 2.687006
F 10.748023 8.061017 2.687006
A 13.435029 10.748023 2.687006


0.000000	44700
6

K 0.000000 0.000000 0.000000
L 2.687006 2.687006 0.000000
V 5.374012 5.374012 0.000000
F 8.061017 2.687006 0.000000
F 10.748023 2.687006 2.687006
A 13.435029 2.687006 5.374012


0.000000	bb240
6

K 0.000000 0.000000 0.000000
L 2.687006 2.687006 0.000000
V 5.374012 2.687006 2.687006
F 5.374012 5.374012 5.374012
F 2.687006 5.374012 8.061017
A 0.000000 5.374012 10.748023


0.000000	aa110
6

K 0.000000 0.000000 0.000000
L 2.687006 2.687006 0.000000
V 0.000000 5.374012 0.000000
F -2.687006 8.061017 0.000000
F -5.374012 8.061017 -2.687006
A -8.061017 8.061017 -5.374012


0.000000	aa100
6

K 0.000000 0.000000 0.000000
L 2.687006 2.687006 0.000000
V 5.374012 5.374012 0.000000
F 2.687006 8.061017 0.000000
F 0.000000 8.061017 -2.687006
A -2.687006 8.061017 -5.374012


0.000000	bb210
6

K 0.000000 0.000000 0.000000
L 2.687006 2.687006 0.000000
V 0.000000 5.374012 0.000000
F 0.000000 8.061017 2.687006
F -2.687006 8.061017 5.374012
A -5.374012 8.061017 8.061017


0.000000	bb200
6

K 0.000000 0.000000 0.000000
L 2.687006 2.687006 0.000000
V 5.374012 5.374012 0.000000
F 5.374012 8.061017 2.687006
F 2.687006 8.061017 5.374012
A 0.000000 8.061017 8.061017


0.000000	00310
6

K 0.000000 0.000000 0.000000
L 2.687006 2.687006 0.000000
V 0.000000 5.374012 0.000000
F 0.000000 8.061017 -2.687006
F 2.687006 10.748023 -2.687006
A 5.374012 13.435029 -2.687006


0.000000	00300
6

K 0.000000 0.000000 0.000000
L 2.687006 2.687006 0.000000
V 5.374012 5.374012 0.000000
F 5.374012 8.061017 -2.687006
F 8.061017 10.748023 -2.687006
A 10.748023 13.435029 -2.687006


0.000000	44740
6

K 0.000000 0.000000 0.000000
L 2.687006 2.687006 0.000000
V 5.374012 2.687006 2.687006
F 8.061017 0.000000 2.687006
F 10.748023 0.000000 5.374012
A 13.435029 0.000000 8.061017


0.000000	66940
6

K 0.000000 0.000000 0.000000
L 2.687006 2.687006 0.000000
V 5.374012 2.687006 2.687006
F 5.374012 0.000000 5.374012
F 2.687006 -2.687006 5.374012
A 0.000000 -5.374012 5.374012


0.000000	55700
6

K 0.000000 0.000000 0.000000
L 2.687006 2.687006 0.000000
V 5.374012 5.374012 0.000000
F 8.061017 2.687006 0.000000
F 10.748023 2.687006 -2.687006
A 13.435029 2.687006 -5.374012


0.000000	99b40
6

K 0.000000 0.000000 0.000000
L 2.687006 2.687006 0.000000
V 5.374012 2.687006 2.687006
F 2.687006 2.687006 5.374012
F 2.687006 0.000000 8.061017
A 2.687006 -2.687006 10.748023


0.000000	88a10
6

K 0.000000 0.000000 0.000000
L 2.687006 2.687006 0.000000
V 0.000000 5.374012 0.000000
F -2.687006 5.374012 -2.687006
F -2.687006 2.687006 -5.374012
A -2.687006 0.000000 -8.061017


0.000000	99b10
6

K 0.000000 0.000000 0.000000
L 2.687006 2.687006 0.000000
V 0.000000 5.374012 0.000000
F -2.687006 5.374012 2.687006
F -2.687006 2.687006 5.374012
A -2.687006 0.000000 8.061017


0.000000	00240
6

K 0.000000 0.000000 0.000000
L 2.687006 2.687006 0.000000
V 5.374012 2.687006 2.687006
F 5.374012 5.374012 5.374012
F 8.061017 8.061017 5.374012
A 10.748023 10.748023 5.374012


0.000000	bb110
6

K 0.000000 0.000000 0.000000
L 2.687006 2.687006 0.000000
V 0.000000 5.374012 0.000000
F -2.687006 8.061017 0.000000
F -5.374012 8.061017 2.687006
A -8.061017 8.061017 5.374012


0.000000	22440
6

K 0.000000 0.000000 0.000000
L 2.687006 2.687006 0.000000
V 5.374012 2.687006 2.687006
F 8.061017 2.687006 5.374012
F 8.061017 5.374012 8.061017
A 8.061017 8.061017 10.748023


0.000000	bb100
6

K 0.000000 0.000000 0.000000
L 2.687006 2.687006 0.000000
V 5.374012 5.374012 0.000000
F 2.687006 8.061017 0.000000
F 0.000000 8.061017 2.687006
A -2.687006 8.061017 5.374012


0.000000	00210
6

K 0.000000 0.000000 0.000000
L 2.687006 2.687006 0.000000
V 0.000000 5.374012 0.000000
F 0.000000 8.061017 2.687006
F 2.687006 10.748023 2.687006
A 5.374012 13.435029 2.687006


0.000000	33540
6

K 0.000000 0.000000 0.000000
L 2.687006 2.687006 0.000000
V 5.374012 2.687006 2.687006
F 8.061017 2.687006 0.000000
F 8.061017 5.374012 -2.687006
A 8.061017 8.061017 -5.374012


0.000000	00200
6

K 0.000000 0.000000 0.000000
L 2.687006 2.687006 0.000000
V 5.374012 5.374012 0.000000
F 5.374012 8.061017 2.687006
F 8.061017 10.748023 2.687006
A 10.748023 13.435029 2.687006


0.000000	11310
6

K 0.000000 0.000000 0.000000
L 2.687006 2.687006 0.000000
V 0.000000 5.374012 0.000000
F 0.000000 8.061017 -2.687006
F -2.687006 10.748023 -2.687006
A -5.374012 13.435029 -2.687006


0.000000	11300
6

K 0.000000 0.000000 0.000000
L 2.687006 2.687006 0.000000
V 5.374012 5.374012 0.000000
F 5.374012 8.061017 -2.687006
F 2.687006 10.748023 -2.687006
A 0.000000 13.435029 -2.687006


0.000000	55740
6

K 0.000000 0.000000 0.000000
L 2.687006 2.687006 0.000000
V 5.374012 2.687006 2.687006
F 8.061017 0.000000 2.687006
F 10.748023 0.000000 0.000000
A 13.435029 0.000000 -2.687006


0.000000	22400
6

K 0.000000 0.000000 0.000000
L 2.687006 2.687006 0.000000
V 5.374012 5.374012 0.000000
F 8.061017 5.374012 2.687006
F 8.061017 8.061017 5.374012
A 8.061017 10.748023 8.061017


0.000000	33500
6

K 0.000000 0.000000 0.000000
L 2.687006 2.687006 0.000000
V 5.374012 5.374012 0.000000
F 8.061017 5.374012 -2.687006
F 8.061017 8.061017 -5.374012
A 8.061017 10.748023 -8.061017


0.000000	77940
6

K 0.000000 0.000000 0.000000
L 2.687006 2.687006 0.000000
V 5.374012 2.687006 2.687006
F 5.374012 0.000000 5.374012
F 8.061017 -2.687006 5.374012
A 10.748023 -5.374012 5.374012


0.000000	aab10
6

K 0.000000 0.000000 0.000000
L 2.687006 2.687006 0.000000
V 0.000000 5.374012 0.000000
F -2.687006 5.374012 2.687006
F -5.374012 5.374012 0.000000
A -8.061017 5.374012 -2.687006


0.000000	11240
6

K 0.000000 0.000000 0.000000
L 2.687006 2.687006 0.000000
V 5.374012 2.687006 2.687006
F 5.374012 5.374012 5.374012
F 2.687006 8.061017 5.374012
A 0.000000 10.748023 5.374012


0.000000	00110
6

K 0.000000 0.000000 0.000000
L 2.687006 2.687006 0.000000
V 0.000000 5.374012 0.000000
F -2.687006 8.061017 0.000000
F 0.000000 10.748023 0.000000
A 2.687006 13.435029 0.000000


0.000000	00100
6

K 0.000000 0.000000 0.000000
L 2.687006 2.687006 0.000000
V 5.374012 5.374012 0.000000
F 2.687006 8.061017 0.000000
F 5.374012 10.748023 0.000000
A 8.061017 13.435029 0.000000


0.000000	11210
6

K 0.000000 0.000000 0.000000
L 2.687006 2.687006 0.000000
V 0.000000 5.374012 0.000000
F 0.000000 8.061017 2.687006
F -2.687006 10.748023 2.687006
A -5.374012 13.435029 2.687006


0.000000	44540
6

K 0.000000 0.000000 0.000000
L 2.687006 2.687006 0.000000
V 5.374012 2.687006 2.687006
F 8.061017 2.687006 0.000000
F 10.748023 2.687006 2.687006
A 13.435029 2.687006 5.374012


0.000000	11200
6

K 0.000000 0.000000 0.000000
L 2.687006 2.687006 0.000000
V 5.374012 5.374012 0.000000
F 5.374012 8.061017 2.687006
F 2.687006 10.748023 2.687006
A 0.000000 13.435029 2.687006


0.000000	22310
6

K 0.000000 0.000000 0.000000
L 2.687006 2.687006 0.000000
V 0.000000 5.374012 0.000000
F 0.000000 8.061017 -2.687006
F 0.000000 10.748023 0.000000
A 0.000000 13.435029 2.687006


0.000000	22300
6

K 0.000000 0.000000 0.000000
L 2.687006 2.687006 0.000000
V 5.374012 5.374012 0.000000
F 5.374012 8.061017 -2.687006
F 5.374012 10.748023 0.000000
A 5.374012 13.435029 2.687006


0.000000	66740
6

K 0.000000 0.000000 0.000000
L 2.687006 2.687006 0.000000
V 5.374012 2.687006 2.687006
F 8.061017 0.000000 2.687006
F 5.374012 -2.687006 2.687006
A 2.687006 -5.374012 2.687006


0.000000	44500
6

K 0.000000 0.000000 0.000000
L 2.687006 2.687006 0.000000
V 5.374012 5.374012 0.000000
F 8.061017 5.374012 -2.687006
F 10.748023 5.374012 0.000000
A 13.435029 5.374012 2.687006


0.000000	88940
6

K 0.000000 0.000000 0.000000
L 2.687006 2.687006 0.000000
V 5.374012 2.687006 2.687006
F 5.374012 0.000000 5.374012
F 5.374012 -2.687006 2.687006
A 5.374012 -5.374012 0.000000


0.000000	77700
6

K 0.000000 0.000000 0.000000
L 2.687006 2.687006 0.000000
V 5.374012 5.374012 0.000000
F 8.061017 2.687006 0.000000
F 10.748023 0.000000 0.000000
A 13.435029 -2.687006 0.000000


0.000000	bbb40
6

K 0.000000 0.000000 0.000000
L 2.687006 2.687006 0.000000
V 5.374012 2.687006 2.687006
F 2.687006 2.687006 5.374012
F 0.000000 2.687006 8.061017
A -2.687006 2.687006 10.748023


0.000000	00040
6

K 0.000000 0.000000 0.000000
L 2.687006 2.687006 0.000000
V 5.374012 2.687006 2.687006
F 8.061017 5.374012 2.687006
F 10.748023 8.061017 2.687006
A 13.435029 10.748023 2.687006


0.000000	aaa10
6

K 0.000000 0.000000 0.000000
L 2.687006 2.687006 0.000000
V 0.000000 5.374012 0.000000
F -2.687006 5.374012 -2.687006
F -5.374012 5.374012 -5.374012
A -8.061017 5.374012 -8.061017


0.000000	bbb10
6

K 0.000000 0.000000 0.000000
L 2.687006 2.687006 0.000000
V 0.000000 5.374012 0.000000
F -2.687006 5.374012 2.687006
F -5.374012 5.374012 5.374012
A -8.061017 5.374012 8.061017


0.000000	22240
6

K 0.000000 0.000000 0.000000
L 2.687006 2.687006 0.000000
V 5.374012 2.687006 2.687006
F 5.374012 5.374012 5.374012
F 5.374012 8.061017 8.061017
A 5.374012 10.748023 10.748023


0.000000	00010
6

K 0.000000 0.000000 0.000000
L 2.687006 2.687006 0.000000
V 0.000000 5.374012 0.000000
F 2.687006 8.061017 0.000000
F 5.374012 10.748023 0.000000
A 8.061017 13.435029 0.000000


0.000000	00000
6

K 0.000000 0.000000 0.000000
L 2.687006 2.687006 0.000000
V 5.374012 5.374012 0.000000
F 8.061017 8.061017 0.000000
F 10.748023 10.748023 0.000000
A 13.435029 13.435029 0.000000


0.000000	11110
6

K 0.000000 0.000000 0.000000
L 2.687006 2.687006 0.000000
V 0.000000 5.374012 0.000000
F -2.687006 8.061017 0.000000
F -5.374012 10.748023 0.000000
A -8.061017 13.435029 0.000000


0.000000	44440
6

K 0.000000 0.000000 0.000000
L 2.687006 2.687006 0.000000
V 5.374012 2.687006 2.687006
F 8.061017 2.687006 5.374012
F 10.748023 2.687006 8.061017
A 13.435029 2.687006 10.748023


0.000000	11100
6

K 0.000000 0.000000 0.000000
L 2.687006 2.687006 0.000000
V 5.374012 5.374012 0.000000
F 2.687006 8.061017 0.000000
F 0.000000 10.748023 0.000000
A -2.687006 13.435029 0.000000


0.000000	22210
6

K 0.000000 0.000000 0.000000
L 2.687006 2.687006 0.000000
V 0.000000 5.374012 0.000000
F 0.000000 8.061017 2.687006
F 0.000000 10.748023 5.374012
A 0.000000 13.435029 8.061017


0.000000	55540
6

K 0.000000 0.000000 0.000000
L 2.687006 2.687006 0.000000
V 5.374012 2.687006 2.687006
F 8.061017 2.687006 0.000000
F 10.748023 2.687006 -2.687006
A 13.435029 2.687006 -5.374012


0.000000	22200
6

K 0.000000 0.000000 0.000000
L 2.687006 2.687006 0.000000
V 5.374012 5.374012 0.000000
F 5.374012 8.061017 2.687006
F 5.374012 10.748023 5.374012
A 5.374012 13.435029 8.061017


0.000000	33310
6

K 0.000000 0.000000 0.000000
L 2.687006 2.687006 0.000000
V 0.000000 5.374012 0.000000
F 0.000000 8.061017 -2.687006
F 0.000000 10.748023 -5.374012
A 0.000000 13.435029 -8.061017


0.000000	33300
6

K 0.000000 0.000000 0.000000
L 2.687006 2.687006 0.000000
V 5.374012 5.374012 0.000000
F 5.374012 8.061017 -2.687006
F 5.374012 10.748023 -5.374012
A 5.374012 13.435029 -8.061017


0.000000	77740
6

K 0.000000 0.000000 0.000000
L 2.687006 2.687006 0.000000
V 5.374012 2.687006 2.687006
F 8.061017 0.000000 2.687006
F 10.748023 -2.687006 2.687006
A 13.435029 -5.374012 2.687006


0.000000	44400
6

K 0.000000 0.000000 0.000000
L 2.687006 2.687006 0.000000
V 5.374012 5.374012 0.000000
F 8.061017 5.374012 2.687006
F 10.748023 5.374012 5.374012
A 13.435029 5.374012 8.061017


0.000000	55500
6

K 0.000000 0.000000 0.000000
L 2.687006 2.687006 0.000000
V 5.374012 5.374012 0.000000
F 8.061017 5.374012 -2.687006
F 10.748023 5.374012 -5.374012
A 13.435029 5.374012 -8.061017


0.000000	99940
6

K 0.000000 0.000000 0.000000
L 2.687006 2.687006 0.000000
V 5.374012 2.687006 2.687006
F 5.374012 0.000000 5.374012
F 5.374012 -2.687006 8.061017
A 5.374012 -5.374012 10.748023


0.000000	88700
6

K 0.000000 0.000000 0.000000
L 2.687006 2.687006 0.000000
V 5.374012 5.374012 0.000000
F 8.061017 2.687006 0.000000
F 8.061017 0.000000 -2.687006
A 8.061017 -2.687006 -5.374012


0.000000	11040
6

K 0.000000 0.000000 0.000000
L 2.687006 2.687006 0.000000
V 5.374012 2.687006 2.687006
F 8.061017 5.374012 2.687006
F 5.374012 8.061017 2.687006
A 2.687006 10.748023 2.687006


0.000000	bba10
6

K 0.000000 0.000000 0.000000
L 2.687006 2.687006 0.000000
V 0.000000 5.374012 0.000000
F -2.687006 5.374012 -2.687006
F -5.374012 5.374012 0.000000
A -8.061017 5.374012 2.687006


0.000000	33240
6

K 0.000000 0.000000 0.000000
L 2.687006 2.687006 0.000000
V 5.374012 2.687006 2.687006
F 5.374012 5.374012 5.374012
F 5.374012 8.061017 2.687006
A 5.374012 10.748023 0.000000


0.000000	11010
6

K 0.000000 0.000000 0.000000
L 2.687006 2.687006 0.000000
V 0.000000 5.374012 0.000000
F 2.687006 8.061017 0.000000
F 0.000000 10.748023 0.000000
A -2.687006 13.435029 0.000000


0.000000	11000
6

K 0.000000 0.000000 0.000000
L 2.687006 2.687006 0.000000
V 5.374012 5.374012 0.000000
F 8.061017 8.061017 0.000000
F 5.374012 10.748023 0.000000
A 2.687006 13.435029 0.000000


0.000000	22110
6

K 0.000000 0.000000 0.000000
L 2.687006 2.687006 0.000000
V 0.000000 5.374012 0.000000
F -2.687006 8.061017 0.000000
F -2.687006 10.748023 2.687006
A -2.687006 13.435029 5.374012


0.000000	55440
6

K 0.000000 0.000000 0.000000
L 2.687006 2.687006 0.000000
V 5.374012 2.687006 2.687006
F 8.061017 2.687006 5.374012
F 10.748023 2.687006 2.687006
A 13.435029 2.687006 0.000000


0.000000	22100
6

K 0.000000 0.000000 0.000000
L 2.687006 2.687006 0.000000
V 5.374012 5.374012 0.000000
F 2.687006 8.061017 0.000000
F 2.687006 10.748023 2.687006
A 2.687006 13.435029 5.374012


0.000000	33210
6

K 0.000000 0.000000 0.000000
L 2.687006 2.687006 0.000000
V 0.000000 5.374012 0.000000
F 0.000000 8.061017 2.687006
F 0.000000 10.748023 0.000000
A 0.000000 13.435029 -2.687006


0.000000	33200
6

K 0.000000 0.000000 0.000000
L 2.687006 2.687006 0.000000
V 5.374012 5.374012 0.000000
F 5.374012 8.061017 2.687006
F 5.374012 10.748023 0.000000
A 5.374012 13.435029 -2.687006


0.000000	88740
6

K 0.000000 0.000000 0.000000
L 2.687006 2.687006 0.000000
V 5.374012 2.687006 2.687006
F 8.061017 0.000000 2.687006
F 8.061017 -2.687006 0.000000
A 8.061017 -5.374012 -2.687006


0.000000	55400
6

K 0.000000 0.000000 0.000000
L 2.687006 2.687006 0.000000
V 5.374012 5.374012 0.000000
F 8.061017 5.374012 2.687006
F 10.748023 5.374012 0.000000
A 13.435029 5.374012 -2.687006


0.000000	99700
6

K 0.000000 0.000000 0.000000
L 2.687006 2.687006 0.000000
V 5.374012 5.374012 0.000000
F 8.061017 2.687006 0.000000
F 8.061017 0.000000 2.687006
A 8.061017 -2.687006 5.374012


0.000000	11b40
6

K 0.000000 0.000000 0.000000
L 2.687006 2.687006 0.000000
V 5.374012 2.687006 2.687006
F 2.687006 2.687006 5.374012
F 0.000000 5.374012 5.374012
A -2.687006 8.061017 5.374012


0.000000	22040
6

K 0.000000 0.000000 0.000000
L 2.687006 2.687006 0.000000
V 5.374012 2.687006 2.687006
F 8.061017 5.374012 2.687006
F 8.061017 8.061017 5.374012
A 8.061017 10.748023 8.061017


0.000000	11b10
6

K 0.000000 0.000000 0.000000
L 2.687006 2.687006 0.000000
V 0.000000 5.374012 0.000000
F -2.687006 5.374012 2.687006
F -5.374012 8.061017 2.687006
A -8.061017 10.748023 2.687006


0.000000	44240
6

K 0.000000 0.000000 0.000000
L 2.687006 2.687006 0.000000
V 5.374012 2.687006 2.687006
F 5.374012 5.374012 5.374012
F 8.061017 5.374012 8.061017
A 10.748023 5.374012 10.748023


0.000000	22010
6

K 0.000000 0.000000 0.000000
L 2.687006 2.687006 0.000000
V 0.000000 5.374012 0.000000
F 2.687006 8.061017 0.000000
F 2.687006 10.748023 2.687006
A 2.687006 13.435029 5.374012


0.000000	22000
6

K 0.000000 0.000000 0.000000
L 2.687006 2.687006 0.000000
V 5.374012 5.374012 0.000000
F 8.061017 8.061017 0.000000
F 8.061017 10.748023 2.687006
A 8.061017 13.435029 5.374012


0.000000	33110
6

K 0.000000 0.000000 0.000000
L 2.687006 2.687006 0.000000
V 0.000000 5.374012 0.000000
F -2.687006 8.061017 0.000000
F -2.687006 10.748023 -2.687006
A -2.687006 13.435029 -5.374012


0.000000	33100
6

K 0.000000 0.000000 0.000000
L 2.687006 2.687006 0.000000
V 5.374012 5.374012 0.000000
F 2.687006 8.061017 0.000000
F 2.687006 10.748023 -2.687006
A 2.687006 13.435029 -5.374012


0.000000	44210
6

K 0.000000 0.000000 0.000000
L 2.687006 2.687006 0.000000
V 0.000000 5.374012 0.000000
F 0.000000 8.061017 2.687006
F 2.687006 8.061017 5.374012
A 5.374012 8.061017 8.061017


0.000000	77540
6

K 0.000000 0.000000 0.000000
L 2.687006 2.687006 0.000000
V 5.374012 2.687006 2.687006
F 8.061017 2.687006 0.000000
F 10.748023 0.000000 0.000000
A 13.435029 -2.687006 0.000000


0.000000	44200
6

K 0.000000 0.000000 0.000000
L 2.687006 2.687006 0.000000
V 5.374012 5.374012 0.000000
F 5.374012 8.061017 2.687006
F 8.061017 8.061017 5.374012
A 10.748023 8.061017 8.061017


0.000000	55310
6

K 0.000000 0.000000 0.000000
L 2.687006 2.687006 0.000000
V 0.000000 5.374012 0.000000
F 0.000000 8.061017 -2.687006
F 2.687006 8.061017 -5.374012
A 5.374012 8.061017 -8.061017


0.000000	55300
6

K 0.000000 0.000000 0.000000
L 2.687006 2.687006 0.000000
V 5.374012 5.374012 0.000000
F 5.374012 8.061017 -2.687006
F 8.061017 8.061017 -5.374012
A 10.748023 8.061017 -8.061017


0.000000	99740
6

K 0.000000 0.000000 0.000000
L 2.687006 2.687006 0.000000
V 5.374012 2.687006 2.687006
F 8.061017 0.000000 2.687006
F 8.061017 -2.687006 5.374012
A 8.061017 -5.374012 8.061017


0.000000	77500
6

K 0.000000 0.000000 0.000000
L 2.687006 2.687006 0.000000
V 5.374012 5.374012 0.000000
F 8.061017 5.374012 -2.687006
F 10.748023 2.687006 -2.687006
A 13.435029 0.000000 -2.687006


0.000000	bb940
6

K 0.000000 0.000000 0.000000
L 2.687006 2.687006 0.000000
V 5.374012 2.687006 2.687006
F 5.374012 0.000000 5.374012
F 2.687006 0.000000 8.061017
A 0.000000 0.000000 10.748023


0.000000	22b40
6

K 0.000000 0.000000 0.000000
L 2.687006 2.687006 0.000000
V 5.374012 2.687006 2.687006
F 2.687006 2.687006 5.374012
F 2.687006 5.374012 8.061017
A 2.687006 8.061017 10.748023


0.000000	33040
6

K 0.000000 0.000000 0.000000
L 2.687006 2.687006 0.000000
V 5.374012 2.687006 2.687006
F 8.061017 5.374012 2.687006
F 8.061017 8.061017 0.000000
A 8.061017 10.748023 -2.687006


0.000000	11a10
6

K 0.000000 0.000000 0.000000
L 2.687006 2.687006 0.000000
V 0.000000 5.374012 0.000000
F -2.687006 5.374012 -2.687006
F -5.374012 8.061017 -2.687006
A -8.061017 10.748023 -2.687006


0.000000	22b10
6

K 0.000000 0.000000 0.000000
L 2.687006 2.687006 0.000000
V 0.000000 5.374012 0.000000
F -2.687006 5.374012 2.687006
F -2.687006 8.061017 5.374012
A -2.687006 10.748023 8.061017


0.000000	33010
6

K 0.000000 0.000000 0.000000
L 2.687006 2.687006 0.000000
V 0.000000 5.374012 0.000000
F 2.687006 8.061017 0.000000
F 2.687006 10.748023 -2.687006
A 2.687006 13.435029 -5.374012


0.000000	33000
6

K 0.000000 0.000000 0.000000
L 2.687006 2.687006 0.000000
V 5.374012 5.374012 0.000000
F 8.061017 8.061017 0.000000
F 8.061017 10.748023 -2.687006
A 8.061017 13.435029 -5.374012


0.000000	77440
6

K 0.000000 0.000000 0.000000
L 2.687006 2.687006 0.000000
V 5.374012 2.687006 2.687006
F 8.061017 2.687006 5.374012
F 10.748023 0.000000 5.374012
A 13.435029 -2.687006 5.374012


0.000000	88540
6

K 0.000000 0.000000 0.000000
L 2.687006 2.687006 0.000000
V 5.374012 2.687006 2.687006
F 8.061017 2.687006 0.000000
F 8.061017 0.000000 -2.687006
A 8.061017 -2.687006 -5.374012


0.000000	77400
6

K 0.000000 0.000000 0.000000
L 2.687006 2.687006 0.000000
V 5.374012 5.374012 0.000000
F 8.061017 5.374012 2.687006
F 10.748023 2.687006 2.687006
A 13.435029 0.000000 2.687006


0.000000	88500
6

K 0.000000 0.000000 0.000000
L 2.687006 2.687006 0.000000
V 5.374012 5.374012 0.000000
F 8.061017 5.374012 -2.687006
F 8.061017 2.687006 -5.374012
A 8.061017 0.000000 -8.061017


0.000000	44040
6

K 0.000000 0.000000 0.000000
L 2.687006 2.687006 0.000000
V 5.374012 2.687006 2.687006
F 8.061017 5.374012 2.687006
F 10.748023 5.374012 5.374012
A 13.435029 5.374012 8.061017


0.000000	44010
6

K 0.000000 0.000000 0.000000
L 2.687006 2.687006 0.000000
V 0.000000 5.374012 0.000000
F 2.687006 8.061017 0.000000
F 5.374012 8.061017 2.687006
A 8.061017 8.061017 5.374012


0.000000	44000
6

K 0.000000 0.000000 0.000000
L 2.687006 2.687006 0.000000
V 5.374012 5.374012 0.000000
F 8.061017 8.061017 0.000000
F 10.748023 8.061017 2.687006
A 13.435029 8.061017 5.374012


0.000000	00700
6

K 0.000000 0.000000 0.000000
L 2.687006 2.687006 0.000000
V 5.374012 5.374012 0.000000
F 8.061017 2.687006 0.000000
F 10.748023 5.374012 0.000000
A 13.435029 8.061017 0.000000


0.000000	44b40
6

K 0.000000 0.000000 0.000000
L 2.687006 2.687006 0.000000
V 5.374012 2.687006 2.687006
F 2.687006 2.687006 5.374012
F 5.374012 2.687006 8.061017
A 8.061017 2.687006 10.748023


0.000000	55040
6

K 0.000000 0.000000 0.000000
L 2.687006 2.687006 0.000000
V 5.374012 2.687006 2.687006
F 8.061017 5.374012 2.687006
F 10.748023 5.374012 0.000000
A 13.435029 5.374012 -2.687006


0.000000	33a10
6

K 0.000000 0.000000 0.000000
L 2.687006 2.687006 0.000000
V 0.000000 5.374012 0.000000
F -2.687006 5.374012 -2.687006
F -2.687006 8.061017 -5.374012
A -2.687006 10.748023 -8.061017


0.000000	44b10
6

K 0.000000 0.000000 0.000000
L 2.687006 2.687006 0.000000
V 0.000000 5.374012 0.000000
F -2.687006 5.374012 2.687006
F 0.000000 5.374012 5.374012
A 2.687006 5.374012 8.061017


0.000000	55010
6

K 0.000000 0.000000 0.000000
L 2.687006 2.687006 0.000000
V 0.000000 5.374012 0.000000
F 2.687006 8.061017 0.000000
F 5.374012 8.061017 -2.687006
A 8.061017 8.061017 -5.374012


0.000000	55000
6

K 0.000000 0.000000 0.000000
L 2.687006 2.687006 0.000000
V 5.374012 5.374012 0.000000
F 8.061017 8.061017 0.000000
F 10.748023 8.061017 -2.687006
A 13.435029 8.061017 -5.374012


0.000000	66110
6

K 0.000000 0.000000 0.000000
L 2.687006 2.687006 0.000000
V 0.000000 5.374012 0.000000
F -2.687006 8.061017 0.000000
F -5.374012 5.374012 0.000000
A -8.061017 2.687006 0.000000


0.000000	99440
6

K 0.000000 0.000000 0.000000
L 2.687006 2.687006 0.000000
V 5.374012 2.687006 2.687006
F 8.061017 2.687006 5.374012
F 8.061017 0.000000 8.061017
A 8.061017 -2.687006 10.748023


0.000000	88310
6

K 0.000000 0.000000 0.000000
L 2.687006 2.687006 0.000000
V 0.000000 5.374012 0.000000
F 0.000000 8.061017 -2.687006
F 0.000000 5.374012 -5.374012
A 0.000000 2.687006 -8.061017


0.000000	88300
6

K 0.000000 0.000000 0.000000
L 2.687006 2.687006 0.000000
V 5.374012 5.374012 0.000000
F 5.374012 8.061017 -2.687006
F 5.374012 5.374012 -5.374012
A 5.374012 2.687006 -8.061017


0.000000	00740
6

K 0.000000 0.000000 0.000000
L 2.687006 2.687006 0.000000
V 5.374012 2.687006 2.687006
F 8.061017 0.000000 2.687006
F 10.748023 2.687006 2.687006
A 13.435029 5.374012 2.687006


0.000000	99400
6

K 0.000000 0.000000 0.000000
L 2.687006 2.687006 0.000000
V 5.374012 5.374012 0.000000
F 8.061017 5.374012 2.687006
F 8.061017 2.687006 5.374012
A 8.061017 0.000000 8.061017


0.000000	aa500
6

K 0.000000 0.000000 0.000000
L 2.687006 2.687006 0.000000
V 5.374012 5.374012 0.000000
F 8.061017 5.374012 -2.687006
F 5.374012 5.374012 -5.374012
A 2.687006 5.374012 -8.061017


0.000000	22940
6

K 0.000000 0.000000 0.000000
L 2.687006 2.687006 0.000000
V 5.374012 2.687006 2.687006
F 5.374012 0.000000 5.374012
F 5.374012 2.687006 8.061017
A 5.374012 5.374012 10.748023


0.000000	76b40
6

K 0.000000 0.000000 0.000000
L 2.687006 2.687006 0.000000
V 5.374012 2.687006 2.687006
F 2.687006 2.687006 5.374012
F 0.000000 0.000000 5.374012
A 2.687006 -2.687006 5.374012


0.000000	87040
6

K 0.000000 0.000000 0.000000
L 2.687006 2.687006 0.000000
V 5.374012 2.687006 2.687006
F 8.061017 5.374012 2.687006
F 10.748023 2.687006 2.687006
A 10.748023 0.000000 0.000000


0.000000	87000
6

K 0.000000 0.000000 0.000000
L 2.687006 2.687006 0.000000
V 5.374012 5.374012 0.000000
F 8.061017 8.061017 0.000000
F 10.748023 5.374012 0.000000
A 10.748023 2.687006 -2.687006


0.000000	10540
6

K 0.000000 0.000000 0.000000
L 2.687006 2.687006 0.000000
V 5.374012 2.687006 2.687006
F 8.061017 2.687006 0.000000
F 10.748023 5.374012 0.000000
A 8.061017 8.061017 0.000000


0.000000	ba310
6

K 0.000000 0.000000 0.000000
L 2.687006 2.687006 0.000000
V 0.000000 5.374012 0.000000
F 0.000000 8.061017 -2.687006
F -2.687006 8.061017 -5.374012
A -5.374012 8.061017 -2.687006


0.000000	ba300
6

K 0.000000 0.000000 0.000000
L 2.687006 2.687006 0.000000
V 5.374012 5.374012 0.000000
F 5.374012 8.061017 -2.687006
F 2.687006 8.061017 -5.374012
A 0.000000 8.061017 -2.687006


0.000000	10500
6

K 0.000000 0.000000 0.000000
L 2.687006 2.687006 0.000000
V 5.374012 5.374012 0.000000
F 8.061017 5.374012 -2.687006
F 10.748023 8.061017 -2.687006
A 8.061017 10.748023 -2.687006


0.000000	54940
6

K 0.000000 0.000000 0.000000
L 2.687006 2.687006 0.000000
V 5.374012 2.687006 2.687006
F 5.374012 0.000000 5.374012
F 8.061017 0.000000 8.061017
A 10.748023 0.000000 5.374012


0.000000	10440
6

K 0.000000 0.000000 0.000000
L 2.687006 2.687006 0.000000
V 5.374012 2.687006 2.687006
F 8.061017 2.687006 5.374012
F 10.748023 5.374012 5.374012
A 8.061017 8.061017 5.374012


0.000000	10400
6

K 0.000000 0.000000 0.000000
L 2.687006 2.687006 0.000000
V 5.374012 5.374012 0.000000
F 8.061017 5.374012 2.687006
F 10.748023 8.061017 2.687006
A 8.061017 10.748023 2.687006


0.000000	54700
6

K 0.000000 0.000000 0.000000
L 2.687006 2.687006 0.000000
V 5.374012 5.374012 0.000000
F 8.061017 2.687006 0.000000
F 10.748023 2.687006 2.687006
A 13.435029 2.687006 0.000000


0.000000	ba110
6

K 0.000000 0.000000 0.000000
L 2.687006 2.687006 0.000000
V 0.000000 5.374012 0.000000
F -2.687006 8.061017 0.000000
F -5.374012 8.061017 -2.687006
A -8.061017 8.061017 0.000000


0.000000	ba100
6

K 0.000000 0.000000 0.000000
L 2.687006 2.687006 0.000000
V 5.374012 5.374012 0.000000
F 2.687006 8.061017 0.000000
F 0.000000 8.061017 -2.687006
A -2.687006 8.061017 0.000000


0.000000	10310
6

K 0.000000 0.000000 0.000000
L 2.687006 2.687006 0.000000
V 0.000000 5.374012 0.000000
F 0.000000 8.061017 -2.687006
F 2.687006 10.748023 -2.687006
A 0.000000 13.435029 -2.687006


0.000000	10300
6

K 0.000000 0.000000 0.000000
L 2.687006 2.687006 0.000000
V 5.374012 5.374012 0.000000
F 5.374012 8.061017 -2.687006
F 8.061017 10.748023 -2.687006
A 5.374012 13.435029 -2.687006


0.000000	54740
6

K 0.000000 0.000000 0.000000
L 2.687006 2.687006 0.000000
V 5.374012 2.687006 2.687006
F 8.061017 0.000000 2.687006
F 10.748023 0.000000 5.374012
A 13.435029 0.000000 2.687006


0.000000	76940
6

K 0.000000 0.000000 0.000000
L 2.687006 2.687006 0.000000
V 5.374012 2.687006 2.687006
F 5.374012 0.000000 5.374012
F 2.687006 -2.687006 5.374012
A 5.374012 -5.374012 5.374012


0.000000	10240
6

K 0.000000 0.000000 0.000000
L 2.687006 2.687006 0.000000
V 5.374012 2.687006 2.687006
F 5.374012 5.374012 5.374012
F 8.061017 8.061017 5.374012
A 5.374012 10.748023 5.374012


0.000000	32440
6

K 0.000000 0.000000 0.000000
L 2.687006 2.687006 0.000000
V 5.374012 2.687006 2.687006
F 8.061017 2.687006 5.374012
F 8.061017 5.374012 8.061017
A 8.061017 8.061017 5.374012


0.000000	10210
6

K 0.000000 0.000000 0.000000
L 2.687006 2.687006 0.000000
V 0.000000 5.374012 0.000000
F 0.000000 8.061017 2.687006
F 2.687006 10.748023 2.687006
A 0.000000 13.435029 2.687006


0.000000	10200
6

K 0.000000 0.000000 0.000000
L 2.687006 2.687006 0.000000
V 5.374012 5.374012 0.000000
F 5.374012 8.061017 2.687006
F 8.061017 10.748023 2.687006
A 5.374012 13.435029 2.687006


0.000000	21310
6

K 0.000000 0.000000 0.000000
L 2.687006 2.687006 0.000000
V 0.000000 5.374012 0.000000
F 0.000000 8.061017 -2.687006
F -2.687006 10.748023 -2.687006
A -2.687006 13.435029 0.000000


0.000000	21300
6

K 0.000000 0.000000 0.000000
L 2.687006 2.687006 0.000000
V 5.374012 5.374012 0.000000
F 5.374012 8.061017 -2.687006
F 2.687006 10.748023 -2.687006
A 2.687006 13.435029 0.000000


0.000000	32400
6

K 0.000000 0.000000 0.000000
L 2.687006 2.687006 0.000000
V 5.374012 5.374012 0.000000
F 8.061017 5.374012 2.687006
F 8.061017 8.061017 5.374012
A 8.061017 10.748023 2.687006


0.000000	87940
6

K 0.000000 0.000000 0.000000
L 2.687006 2.687006 0.000000
V 5.374012 2.687006 2.687006
F 5.374012 0.000000 5.374012
F 8.061017 -2.687006 5.374012
A 8.061017 -5.374012 2.687006


0.000000	bab10
6

K 0.000000 0.000000 0.000000
L 2.687006 2.687006 0.000000
V 0.000000 5.374012 0.000000
F -2.687006 5.374012 2.687006
F -5.374012 5.374012 0.000000
A -8.061017 5.374012 2.687006


0.000000	21240
6

K 0.000000 0.000000 0.000000
L 2.687006 2.687006 0.000000
V 5.374012 2.687006 2.687006
F 5.374012 5.374012 5.374012
F 2.687006 8.061017 5.374012
A 2.687006 10.748023 8.061017


0.000000	10110
6

K 0.000000 0.000000 0.000000
L 2.687006 2.687006 0.000000
V 0.000000 5.374012 0.000000
F -2.687006 8.061017 0.000000
F 0.000000 10.748023 0.000000
A -2.687006 13.435029 0.000000


0.000000	10100
6

K 0.000000 0.000000 0.000000
L 2.687006 2.687006 0.000000
V 5.374012 5.374012 0.000000
F 2.687006 8.061017 0.000000
F 5.374012 10.748023 0.000000
A 2.687006 13.435029 0.000000


0.000000	21210
6

K 0.000000 0.000000 0.000000
L 2.687006 2.687006 0.000000
V 0.000000 5.374012 0.000000
F 0.000000 8.061017 2.687006
F -2.687006 10.748023 2.687006
A -2.687006 13.435029 5.374012


0.000000	54540
6

K 0.000000 0.000000 0.000000
L 2.687006 2.687006 0.000000
V 5.374012 2.687006 2.687006
F 8.061017 2.687006 0.000000
F 10.748023 2.687006 2.687006
A 13.435029 2.687006 0.000000


0.000000	21200
6

K 0.000000 0.000000 0.000000
L 2.687006 2.687006 0.000000
V 5.374012 5.374012 0.000000
F 5.374012 8.061017 2.687006
F 2.687006 10.748023 2.687006
A 2.687006 13.435029 5.374012


0.000000	32310
6

K 0.000000 0.000000 0.000000
L 2.687006 2.687006 0.000000
V 0.000000 5.374012 0.000000
F 0.000000 8.061017 -2.687006
F 0.000000 10.748023 0.000000
A 0.000000 13.435029 -2.687006


0.000000	32300
6

K 0.000000 0.000000 0.000000
L 2.687006 2.687006 0.000000
V 5.374012 5.374012 0.000000
F 5.374012 8.061017 -2.687006
F 5.374012 10.748023 0.000000
A 5.374012 13.435029 -2.687006


0.000000	76740
6

K 0.000000 0.000000 0.000000
L 2.687006 2.687006 0.000000
V 5.374012 2.687006 2.687006
F 8.061017 0.000000 2.687006
F 5.374012 -2.687006 2.687006
A 8.061017 -5.374012 2.687006


0.000000	54500
6

K 0.000000 0.000000 0.000000
L 2.687006 2.687006 0.000000
V 5.374012 5.374012 0.000000
F 8.061017 5.374012 -2.687006
F 10.748023 5.374012 0.000000
A 13.435029 5.374012 -2.687006


0.000000	98940
6

K 0.000000 0.000000 0.000000
L 2.687006 2.687006 0.000000
V 5.374012 2.687006 2.687006
F 5.374012 0.000000 5.374012
F 5.374012 -2.687006 2.687006
A 5.374012 -5.374012 5.374012


0.000000	87700
6

K 0.000000 0.000000 0.000000
L 2.687006 2.687006 0.000000
V 5.374012 5.374012 0.000000
F 8.061017 2.687006 0.000000
F 10.748023 0.000000 0.000000
A 10.748023 -2.687006 -2.687006


0.000000	10040
6

K 0.000000 0.000000 0.000000
L 2.687006 2.687006 0.000000
V 5.374012 2.687006 2.687006
F 8.061017 5.374012 2.687006
F 10.748023 8.061017 2.687006
A 8.061017 10.748023 2.687006


0.000000	baa10
6

K 0.000000 0.000000 0.000000
L 2.687006 2.687006 0.000000
V 0.000000 5.374012 0.000000
F -2.687006 5.374012 -2.687006
F -5.374012 5.374012 -5.374012
A -8.061017 5.374012 -2.687006


0.000000	32240
6

K 0.000000 0.000000 0.000000
L 2.687006 2.687006 0.000000
V 5.374012 2.687006 2.687006
F 5.374012 5.374012 5.374012
F 5.374012 8.061017 8.061017
A 5.374012 10.748023 5.374012


0.000000	10010
6

K 0.000000 0.000000 0.000000
L 2.687006 2.687006 0.000000
V 0.000000 5.374012 0.000000
F 2.687006 8.061017 0.000000
F 5.374012 10.748023 0.000000
A 2.687006 13.435029 0.000000


0.000000	10000
6

K 0.000000 0.000000 0.000000
L 2.687006 2.687006 0.000000
V 5.374012 5.374012 0.000000
F 8.061017 8.061017 0.000000
F 10.748023 10.748023 0.000000
A 8.061017 13.435029 0.000000


0.000000	21110
6

K 0.000000 0.000000 0.000000
L 2.687006 2.687006 0.000000
V 0.000000 5.374012 0.000000
F -2.687006 8.061017 0.000000
F -5.374012 10.748023 0.000000
A -5.374012 13.435029 2.687006


0.000000	54440
6

K 0.000000 0.000000 0.000000
L 2.687006 2.687006 0.000000
V 5.374012 2.687006 2.687006
F 8.061017 2.687006 5.374012
F 10.748023 2.687006 8.061017
A 13.435029 2.687006 5.374012


0.000000	21100
6

K 0.000000 0.000000 0.000000
L 2.687006 2.687006 0.000000
V 5.374012 5.374012 0.000000
F 2.687006 8.061017 0.000000
F 0.000000 10.748023 0.000000
A 0.000000 13.435029 2.687006


0.000000	32210
6

K 0.000000 0.000000 0.000000
L 2.687006 2.687006 0.000000
V 0.000000 5.374012 0.000000
F 0.000000 8.061017 2.687006
F 0.000000 10.748023 5.374012
A 0.000000 13.435029 2.687006


0.000000	32200
6

K 0.000000 0.000000 0.000000
L 2.687006 2.687006 0.000000
V 5.374012 5.374012 0.000000
F 5.374012 8.061017 2.687006
F 5.374012 10.748023 5.374012
A 5.374012 13.435029 2.687006


0.000000	87740
6

K 0.000000 0.000000 0.000000
L 2.687006 2.687006 0.000000
V 5.374012 2.687006 2.687006
F 8.061017 0.000000 2.687006
F 10.748023 -2.687006 2.687006
A 10.748023 -5.374012 0.000000


0.000000	54400
6

K 0.000000 0.000000 0.000000
L 2.687006 2.687006 0.000000
V 5.374012 5.374012 0.000000
F 8.061017 5.374012 2.687006
F 10.748023 5.374012 5.374012
A 13.435029 5.374012 2.687006


0.000000	98700
6

K 0.000000 0.000000 0.000000
L 2.687006 2.687006 0.000000
V 5.374012 5.374012 0.000000
F 8.061017 2.687006 0.000000
F 8.061017 0.000000 -2.687006
A 8.061017 -2.687006 0.000000


0.000000	21040
6

K 0.000000 0.000000 0.000000
L 2.687006 2.687006 0.000000
V 5.374012 2.687006 2.687006
F 8.061017 5.374012 2.687006
F 5.374012 8.061017 2.687006
A 5.374012 10.748023 5.374012


0.000000	21010
6

K 0.000000 0.000000 0.000000
L 2.687006 2.687006 0.000000
V 0.000000 5.374012 0.000000
F 2.687006 8.061017 0.000000
F 0.000000 10.748023 0.000000
A 0.000000 13.435029 2.687006


0.000000	21000
6

K 0.000000 0.000000 0.000000
L 2.687006 2.687006 0.000000
V 5.374012 5.374012 0.000000
F 8.061017 8.061017 0.000000
F 5.374012 10.748023 0.000000
A 5.374012 13.435029 2.687006


0.000000	32110
6

K 0.000000 0.000000 0.000000
L 2.687006 2.687006 0.000000
V 0.000000 5.374012 0.000000
F -2.687006 8.061017 0.000000
F -2.687006 10.748023 2.687006
A -2.687006 13.435029 0.000000


0.000000	32100
6

K 0.000000 0.000000 0.000000
L 2.687006 2.687006 0.000000
V 5.374012 5.374012 0.000000
F 2.687006 8.061017 0.000000
F 2.687006 10.748023 2.687006
A 2.687006 13.435029 0.000000


0.000000	98740
6

K 0.000000 0.000000 0.000000
L 2.687006 2.687006 0.000000
V 5.374012 2.687006 2.687006
F 8.061017 0.000000 2.687006
F 8.061017 -2.687006 0.000000
A 8.061017 -5.374012 2.687006


0.000000	21b40
6

K 0.000000 0.000000 0.000000
L 2.687006 2.687006 0.000000
V 5.374012 2.687006 2.687006
F 2.687006 2.687006 5.374012
F 0.000000 5.374012 5.374012
A 0.000000 8.061017 8.061017


0.000000	32040
6

K 0.000000 0.000000 0.000000
L 2.687006 2.687006 0.000000
V 5.374012 2.687006 2.687006
F 8.061017 5.374012 2.687006
F 8.061017 8.061017 5.374012
A 8.061017 10.748023 2.687006


0.000000	21b10
6

K 0.000000 0.000000 0.000000
L 2.687006 2.687006 0.000000
V 0.000000 5.374012 0.000000
F -2.687006 5.374012 2.687006
F -5.374012 8.061017 2.687006
A -5.374012 10.748023 5.374012


0.000000	54240
6

K 0.000000 0.000000 0.000000
L 2.687006 2.687006 0.000000
V 5.374012 2.687006 2.687006
F 5.374012 5.374012 5.374012
F 8.061017 5.374012 8.061017
A 10.748023 5.374012 5.374012


0.000000	32010
6

K 0.000000 0.000000 0.000000
L 2.687006 2.687006 0.000000
V 0.000000 5.374012 0.000000
F 2.687006 8.061017 0.000000
F 2.687006 10.748023 2.687006
A 2.687006 13.435029 0.000000


0.000000	32000
6

K 0.000000 0.000000 0.000000
L 2.687006 2.687006 0.000000
V 5.374012 5.374012 0.000000
F 8.061017 8.061017 0.000000
F 8.061017 10.748023 2.687006
A 8.061017 13.435029 0.000000


0.000000	54210
6

K 0.000000 0.000000 0.000000
L 2.687006 2.687006 0.000000
V 0.000000 5.374012 0.000000
F 0.000000 8.061017 2.687006
F 2.687006 8.061017 5.374012
A 5.374012 8.061017 2.687006


0.000000	87540
6

K 0.000000 0.000000 0.000000
L 2.687006 2.687006 0.000000
V 5.374012 2.687006 2.687006
F 8.061017 2.687006 0.000000
F 10.748023 0.000000 0.000000
A 10.748023 -2.687006 -2.687006


0.000000	54200
6

K 0.000000 0.000000 0.000000
L 2.687006 2.687006 0.000000
V 5.374012 5.374012 0.000000
F 5.374012 8.061017 2.687006
F 8.061017 8.061017 5.374012
A 10.748023 8.061017 2.687006


0.000000	87500
6

K 0.000000 0.000000 0.000000
L 2.687006 2.687006 0.000000
V 5.374012 5.374012 0.000000
F 8.061017 5.374012 -2.687006
F 10.748023 2.687006 -2.687006
A 10.748023 0.000000 -5.374012


0.000000	32b40
6

K 0.000000 0.000000 0.000000
L 2.687006 2.687006 0.000000
V 5.374012 2.687006 2.687006
F 2.687006 2.687006 5.374012
F 2.687006 5.374012 8.061017
A 2.687006 8.061017 5.374012


0.000000	21a10
6

K 0.000000 0.000000 0.000000
L 2.687006 2.687006 0.000000
V 0.000000 5.374012 0.000000
F -2.687006 5.374012 -2.687006
F -5.374012 8.061017 -2.687006
A -5.374012 10.748023 0.000000


0.000000	32b10
6

K 0.000000 0.000000 0.000000
L 2.687006 2.687006 0.000000
V 0.000000 5.374012 0.000000
F -2.687006 5.374012 2.687006
F -2.687006 8.061017 5.374012
A -2.687006 10.748023 2.687006


0.000000	87440
6

K 0.000000 0.000000 0.000000
L 2.687006 2.687006 0.000000
V 5.374012 2.687006 2.687006
F 8.061017 2.687006 5.374012
F 10.748023 0.000000 5.374012
A 10.748023 -2.687006 2.687006


0.000000	98540
6

K 0.000000 0.000000 0.000000
L 2.687006 2.687006 0.000000
V 5.374012 2.687006 2.687006
F 8.061017 2.687006 0.000000
F 8.061017 0.000000 -2.687006
A 8.061017 -2.687006 0.000000


0.000000	87400
6

K 0.000000 0.000000 0.000000
L 2.687006 2.687006 0.000000
V 5.374012 5.374012 0.000000
F 8.061017 5.374012 2.687006
F 10.748023 2.687006 2.687006
A 10.748023 0.000000 0.000000


0.000000	98500
6

K 0.000000 0.000000 0.000000
L 2.687006 2.687006 0.000000
V 5.374012 5.374012 0.000000
F 8.061017 5.374012 -2.687006
F 8.061017 2.687006 -5.374012
A 8.061017 0.000000 -2.687006


0.000000	54040
6

K 0.000000 0.000000 0.000000
L 2.687006 2.687006 0.000000
V 5.374012 2.687006 2.687006
F 8.061017 5.374012 2.687006
F 10.748023 5.374012 5.374012
A 13.435029 5.374012 2.687006


0.000000	54010
6

K 0.000000 0.000000 0.000000
L 2.687006 2.687006 0.000000
V 0.000000 5.374012 0.000000
F 2.687006 8.061017 0.000000
F 5.374012 8.061017 2.687006
A 8.061017 8.061017 0.000000


0.000000	54000
6

K 0.000000 0.000000 0.000000
L 2.687006 2.687006 0.000000
V 5.374012 5.374012 0.000000
F 8.061017 8.061017 0.000000
F 10.748023 8.061017 2.687006
A 13.435029 8.061017 0.000000


0.000000	97040
6

K 0.000000 0.000000 0.000000
L 2.687006 2.687006 0.000000
V 5.374012 2.687006 2.687006
F 8.061017 5.374012 2.687006
F 10.748023 2.687006 2.687006
A 10.748023 0.000000 5.374012


0.000000	75a10
6

K 0.000000 0.000000 0.000000
L 2.687006 2.687006 0.000000
V 0.000000 5.374012 0.000000
F -2.687006 5.374012 -2.687006
F 0.000000 5.374012 -5.374012
A 2.687006 2.687006 -5.374012


0.000000	86b10
6

K 0.000000 0.000000 0.000000
L 2.687006 2.687006 0.000000
V 0.000000 5.374012 0.000000
F -2.687006 5.374012 2.687006
F -5.374012 2.687006 2.687006
A -5.374012 0.000000 0.000000


0.000000	b9240
6

K 0.000000 0.000000 0.000000
L 2.687006 2.687006 0.000000
V 5.374012 2.687006 2.687006
F 5.374012 5.374012 5.374012
F 5.374012 2.687006 8.061017
A 2.687006 2.687006 10.748023


0.000000	97000
6

K 0.000000 0.000000 0.000000
L 2.687006 2.687006 0.000000
V 5.374012 5.374012 0.000000
F 8.061017 8.061017 0.000000
F 10.748023 5.374012 0.000000
A 10.748023 2.687006 2.687006


0.000000	1b440
6

K 0.000000 0.000000 0.000000
L 2.687006 2.687006 0.000000
V 5.374012 2.687006 2.687006
F 8.061017 2.687006 5.374012
F 5.374012 2.687006 8.061017
A 2.687006 5.374012 8.061017


0.000000	b9210
6

K 0.000000 0.000000 0.000000
L 2.687006 2.687006 0.000000
V 0.000000 5.374012 0.000000
F 0.000000 8.061017 2.687006
F 0.000000 5.374012 5.374012
A -2.687006 5.374012 8.061017


0.000000	20540
6

K 0.000000 0.000000 0.000000
L 2.687006 2.687006 0.000000
V 5.374012 2.687006 2.687006
F 8.061017 2.687006 0.000000
F 10.748023 5.374012 0.000000
A 10.748023 8.061017 2.687006


0.000000	b9200
6

K 0.000000 0.000000 0.000000
L 2.687006 2.687006 0.000000
V 5.374012 5.374012 0.000000
F 5.374012 8.061017 2.687006
F 5.374012 5.374012 5.374012
A 2.687006 5.374012 8.061017


0.000000	1b400
6

K 0.000000 0.000000 0.000000
L 2.687006 2.687006 0.000000
V 5.374012 5.374012 0.000000
F 8.061017 5.374012 2.687006
F 5.374012 5.374012 5.374012
A 2.687006 8.061017 5.374012


0.000000	20500
6

K 0.000000 0.000000 0.000000
L 2.687006 2.687006 0.000000
V 5.374012 5.374012 0.000000
F 8.061017 5.374012 -2.687006
F 10.748023 8.061017 -2.687006
A 10.748023 10.748023 0.000000


0.000000	86a10
6

K 0.000000 0.000000 0.000000
L 2.687006 2.687006 0.000000
V 0.000000 5.374012 0.000000
F -2.687006 5.374012 -2.687006
F -5.374012 2.687006 -2.687006
A -5.374012 0.000000 -5.374012


0.000000	20440
6

K 0.000000 0.000000 0.000000
L 2.687006 2.687006 0.000000
V 5.374012 2.687006 2.687006
F 8.061017 2.687006 5.374012
F 10.748023 5.374012 5.374012
A 10.748023 8.061017 8.061017


0.000000	20400
6

K 0.000000 0.000000 0.000000
L 2.687006 2.687006 0.000000
V 5.374012 5.374012 0.000000
F 8.061017 5.374012 2.687006
F 10.748023 8.061017 2.687006
A 10.748023 10.748023 5.374012


0.000000	1b240
6

K 0.000000 0.000000 0.000000
L 2.687006 2.687006 0.000000
V 5.374012 2.687006 2.687006
F 5.374012 5.374012 5.374012
F 2.687006 5.374012 8.061017
A 0.000000 8.061017 8.061017


0.000000	1b210
6

K 0.000000 0.000000 0.000000
L 2.687006 2.687006 0.000000
V 0.000000 5.374012 0.000000
F 0.000000 8.061017 2.687006
F -2.687006 8.061017 5.374012
A -5.374012 10.748023 5.374012


0.000000	1b200
6

K 0.000000 0.000000 0.000000
L 2.687006 2.687006 0.000000
V 5.374012 5.374012 0.000000
F 5.374012 8.061017 2.687006
F 2.687006 8.061017 5.374012
A 0.000000 10.748023 5.374012


0.000000	20310
6

K 0.000000 0.000000 0.000000
L 2.687006 2.687006 0.000000
V 0.000000 5.374012 0.000000
F 0.000000 8.061017 -2.687006
F 2.687006 10.748023 -2.687006
A 2.687006 13.435029 0.000000


0.000000	20300
6

K 0.000000 0.000000 0.000000
L 2.687006 2.687006 0.000000
V 5.374012 5.374012 0.000000
F 5.374012 8.061017 -2.687006
F 8.061017 10.748023 -2.687006
A 8.061017 13.435029 0.000000


0.000000	86940
6

K 0.000000 0.000000 0.000000
L 2.687006 2.687006 0.000000
V 5.374012 2.687006 2.687006
F 5.374012 0.000000 5.374012
F 2.687006 -2.687006 5.374012
A 2.687006 -5.374012 2.687006


0.000000	75700
6

K 0.000000 0.000000 0.000000
L 2.687006 2.687006 0.000000
V 5.374012 5.374012 0.000000
F 8.061017 2.687006 0.000000
F 10.748023 2.687006 -2.687006
A 13.435029 0.000000 -2.687006


0.000000	b9b40
6

K 0.000000 0.000000 0.000000
L 2.687006 2.687006 0.000000
V 5.374012 2.687006 2.687006
F 2.687006 2.687006 5.374012
F 2.687006 0.000000 8.061017
A 0.000000 0.000000 10.748023


0.000000	a8a10
6

K 0.000000 0.000000 0.000000
L 2.687006 2.687006 0.000000
V 0.000000 5.374012 0.000000
F -2.687006 5.374012 -2.687006
F -2.687006 2.687006 -5.374012
A -5.374012 2.687006 -8.061017


0.000000	b9b10
6

K 0.000000 0.000000 0.000000
L 2.687006 2.687006 0.000000
V 0.000000 5.374012 0.000000
F -2.687006 5.374012 2.687006
F -2.687006 2.687006 5.374012
A -5.374012 2.687006 8.061017


0.000000	20240
6

K 0.000000 0.000000 0.000000
L 2.687006 2.687006 0.000000
V 5.374012 2.687006 2.687006
F 5.374012 5.374012 5.374012
F 8.061017 8.061017 5.374012
A 8.061017 10.748023 8.061017


0.000000	1b110
6

K 0.000000 0.000000 0.000000
L 2.687006 2.687006 0.000000
V 0.000000 5.374012 0.000000
F -2.687006 8.061017 0.000000
F -5.374012 8.061017 2.687006
A -8.061017 10.748023 2.687006


0.000000	42440
6

K 0.000000 0.000000 0.000000
L 2.687006 2.687006 0.000000
V 5.374012 2.687006 2.687006
F 8.061017 2.687006 5.374012
F 8.061017 5.374012 8.061017
A 10.748023 5.374012 10.748023


0.000000	1b100
6

K 0.000000 0.000000 0.000000
L 2.687006 2.687006 0.000000
V 5.374012 5.374012 0.000000
F 2.687006 8.061017 0.000000
F 0.000000 8.061017 2.687006
A -2.687006 10.748023 2.687006


0.000000	20210
6

K 0.000000 0.000000 0.000000
L 2.687006 2.687006 0.000000
V 0.000000 5.374012 0.000000
F 0.000000 8.061017 2.687006
F 2.687006 10.748023 2.687006
A 2.687006 13.435029 5.374012


0.000000	53540
6

K 0.000000 0.000000 0.000000
L 2.687006 2.687006 0.000000
V 5.374012 2.687006 2.687006
F 8.061017 2.687006 0.000000
F 8.061017 5.374012 -2.687006
A 10.748023 5.374012 -5.374012


0.000000	20200
6

K 0.000000 0.000000 0.000000
L 2.687006 2.687006 0.000000
V 5.374012 5.374012 0.000000
F 5.374012 8.061017 2.687006
F 8.061017 10.748023 2.687006
A 8.061017 13.435029 5.374012


0.000000	31310
6

K 0.000000 0.000000 0.000000
L 2.687006 2.687006 0.000000
V 0.000000 5.374012 0.000000
F 0.000000 8.061017 -2.687006
F -2.687006 10.748023 -2.687006
A -2.687006 13.435029 -5.374012


0.000000	31300
6

K 0.000000 0.000000 0.000000
L 2.687006 2.687006 0.000000
V 5.374012 5.374012 0.000000
F 5.374012 8.061017 -2.687006
F 2.687006 10.748023 -2.687006
A 2.687006 13.435029 -5.374012


0.000000	75740
6

K 0.000000 0.000000 0.000000
L 2.687006 2.687006 0.000000
V 5.374012 2.687006 2.687006
F 8.061017 0.000000 2.687006
F 10.748023 0.000000 0.000000
A 13.435029 -2.687006 0.000000


0.000000	42400
6

K 0.000000 0.000000 0.000000
L 2.687006 2.687006 0.000000
V 5.374012 5.374012 0.000000
F 8.061017 5.374012 2.687006
F 8.061017 8.061017 5.374012
A 10.748023 8.061017 8.061017


0.000000	53500
6

K 0.000000 0.000000 0.000000
L 2.687006 2.687006 0.000000
V 5.374012 5.374012 0.000000
F 8.061017 5.374012 -2.687006
F 8.061017 8.061017 -5.374012
A 10.748023 8.061017 -8.061017


0.000000	97940
6

K 0.000000 0.000000 0.000000
L 2.687006 2.687006 0.000000
V 5.374012 2.687006 2.687006
F 5.374012 0.000000 5.374012
F 8.061017 -2.687006 5.374012
A 8.061017 -5.374012 8.061017


0.000000	31240
6

K 0.000000 0.000000 0.000000
L 2.687006 2.687006 0.000000
V 5.374012 2.687006 2.687006
F 5.374012 5.374012 5.374012
F 2.687006 8.061017 5.374012
A 2.687006 10.748023 2.687006


0.000000	20110
6

K 0.000000 0.000000 0.000000
L 2.687006 2.687006 0.000000
V 0.000000 5.374012 0.000000
F -2.687006 8.061017 0.000000
F 0.000000 10.748023 0.000000
A 0.000000 13.435029 2.687006


0.000000	20100
6

K 0.000000 0.000000 0.000000
L 2.687006 2.687006 0.000000
V 5.374012 5.374012 0.000000
F 2.687006 8.061017 0.000000
F 5.374012 10.748023 0.000000
A 5.374012 13.435029 2.687006


0.000000	31210
6

K 0.000000 0.000000 0.000000
L 2.687006 2.687006 0.000000
V 0.000000 5.374012 0.000000
F 0.000000 8.061017 2.687006
F -2.687006 10.748023 2.687006
A -2.687006 13.435029 0.000000


0.000000	31200
6

K 0.000000 0.000000 0.000000
L 2.687006 2.687006 0.000000
V 5.374012 5.374012 0.000000
F 5.374012 8.061017 2.687006
F 2.687006 10.748023 2.687006
A 2.687006 13.435029 0.000000


0.000000	42310
6

K 0.000000 0.000000 0.000000
L 2.687006 2.687006 0.000000
V 0.000000 5.374012 0.000000
F 0.000000 8.061017 -2.687006
F 0.000000 10.748023 0.000000
A 2.687006 10.748023 2.687006


0.000000	42300
6

K 0.000000 0.000000 0.000000
L 2.687006 2.687006 0.000000
V 5.374012 5.374012 0.000000
F 5.374012 8.061017 -2.687006
F 5.374012 10.748023 0.000000
A 8.061017 10.748023 2.687006


0.000000	86740
6

K 0.000000 0.000000 0.000000
L 2.687006 2.687006 0.000000
V 5.374012 2.687006 2.687006
F 8.061017 0.000000 2.687006
F 5.374012 -2.687006 2.687006
A 5.374012 -5.374012 0.000000


0.000000	97700
6

K 0.000000 0.000000 0.000000
L 2.687006 2.687006 0.000000
V 5.374012 5.374012 0.000000
F 8.061017 2.687006 0.000000
F 10.748023 0.000000 0.000000
A 10.748023 -2.687006 2.687006


0.000000	1bb40
6

K 0.000000 0.000000 0.000000
L 2.687006 2.687006 0.000000
V 5.374012 2.687006 2.687006
F 2.687006 2.687006 5.374012
F 0.000000 2.687006 8.061017
A -2.687006 5.374012 8.061017


0.000000	20040
6

K 0.000000 0.000000 0.000000
L 2.687006 2.687006 0.000000
V 5.374012 2.687006 2.687006
F 8.061017 5.374012 2.687006
F 10.748023 8.061017 2.687006
A 10.748023 10.748023 5.374012


0.000000	1bb10
6

K 0.000000 0.000000 0.000000
L 2.687006 2.687006 0.000000
V 0.000000 5.374012 0.000000
F -2.687006 5.374012 2.687006
F -5.374012 5.374012 5.374012
A -8.061017 8.061017 5.374012


0.000000	42240
6

K 0.000000 0.000000 0.000000
L 2.687006 2.687006 0.000000
V 5.374012 2.687006 2.687006
F 5.374012 5.374012 5.374012
F 5.374012 8.061017 8.061017
A 8.061017 8.061017 10.748023


0.000000	20010
6

K 0.000000 0.000000 0.000000
L 2.687006 2.687006 0.000000
V 0.000000 5.374012 0.000000
F 2.687006 8.061017 0.000000
F 5.374012 10.748023 0.000000
A 5.374012 13.435029 2.687006


0.000000	20000
6

K 0.000000 0.000000 0.000000
L 2.687006 2.687006 0.000000
V 5.374012 5.374012 0.000000
F 8.061017 8.061017 0.000000
F 10.748023 10.748023 0.000000
A 10.748023 13.435029 2.687006


0.000000	31110
6

K 0.000000 0.000000 0.000000
L 2.687006 2.687006 0.000000
V 0.000000 5.374012 0.000000
F -2.687006 8.061017 0.000000
F -5.374012 10.748023 0.000000
A -5.374012 13.435029 -2.687006


0.000000	31100
6

K 0.000000 0.000000 0.000000
L 2.687006 2.687006 0.000000
V 5.374012 5.374012 0.000000
F 2.687006 8.061017 0.000000
F 0.000000 10.748023 0.000000
A 0.000000 13.435029 -2.687006


0.000000	42210
6

K 0.000000 0.000000 0.000000
L 2.687006 2.687006 0.000000
V 0.000000 5.374012 0.000000
F 0.000000 8.061017 2.687006
F 0.000000 10.748023 5.374012
A 2.687006 10.748023 8.061017


0.000000	75540
6

K 0.000000 0.000000 0.000000
L 2.687006 2.687006 0.000000
V 5.374012 2.687006 2.687006
F 8.061017 2.687006 0.000000
F 10.748023 2.687006 -2.687006
A 13.435029 0.000000 -2.687006


0.000000	42200
6

K 0.000000 0.000000 0.000000
L 2.687006 2.687006 0.000000
V 5.374012 5.374012 0.000000
F 5.374012 8.061017 2.687006
F 5.374012 10.748023 5.374012
A 8.061017 10.748023 8.061017


0.000000	53310
6

K 0.000000 0.000000 0.000000
L 2.687006 2.687006 0.000000
V 0.000000 5.374012 0.000000
F 0.000000 8.061017 -2.687006
F 0.000000 10.748023 -5.374012
A 2.687006 10.748023 -8.061017


0.000000	53300
6

K 0.000000 0.000000 0.000000
L 2.687006 2.687006 0.000000
V 5.374012 5.374012 0.000000
F 5.374012 8.061017 -2.687006
F 5.374012 10.748023 -5.374012
A 8.061017 10.748023 -8.061017


0.000000	97740
6

K 0.000000 0.000000 0.000000
L 2.687006 2.687006 0.000000
V 5.374012 2.687006 2.687006
F 8.061017 0.000000 2.687006
F 10.748023 -2.687006 2.687006
A 10.748023 -5.374012 5.374012


0.000000	75500
6

K 0.000000 0.000000 0.000000
L 2.687006 2.687006 0.000000
V 5.374012 5.374012 0.000000
F 8.061017 5.374012 -2.687006
F 10.748023 5.374012 -5.374012
A 13.435029 2.687006 -5.374012


0.000000	b9940
6

K 0.000000 0.000000 0.000000
L 2.687006 2.687006 0.000000
V 5.374012 2.687006 2.687006
F 5.374012 0.000000 5.374012
F 5.374012 -2.687006 8.061017
A 2.687006 -2.687006 10.748023


0.000000	a8700
6

K 0.000000 0.000000 0.000000
L 2.687006 2.687006 0.000000
V 5.374012 5.374012 0.000000
F 8.061017 2.687006 0.000000
F 8.061017 0.000000 -2.687006
A 5.374012 0.000000 -5.374012


0.000000	31040
6

K 0.000000 0.000000 0.000000
L 2.687006 2.687006 0.000000
V 5.374012 2.687006 2.687006
F 8.061017 5.374012 2.687006
F 5.374012 8.061017 2.687006
A 5.374012 10.748023 0.000000


0.000000	1ba10
6

K 0.000000 0.000000 0.000000
L 2.687006 2.687006 0.000000
V 0.000000 5.374012 0.000000
F -2.687006 5.374012 -2.687006
F -5.374012 5.374012 0.000000
A -8.061017 8.061017 0.000000


0.000000	53240
6

K 0.000000 0.000000 0.000000
L 2.687006 2.687006 0.000000
V 5.374012 2.687006 2.687006
F 5.374012 5.374012 5.374012
F 5.374012 8.061017 2.687006
A 8.061017 8.061017 0.000000


0.000000	31010
6

K 0.000000 0.000000 0.000000
L 2.687006 2.687006 0.000000
V 0.000000 5.374012 0.000000
F 2.687006 8.061017 0.000000
F 0.000000 10.748023 0.000000
A 0.000000 13.435029 -2.687006


0.000000	31000
6

K 0.000000 0.000000 0.000000
L 2.687006 2.687006 0.000000
V 5.374012 5.374012 0.000000
F 8.061017 8.061017 0.000000
F 5.374012 10.748023 0.000000
A 5.374012 13.435029 -2.687006


0.000000	42110
6

K 0.000000 0.000000 0.000000
L 2.687006 2.687006 0.000000
V 0.000000 5.374012 0.000000
F -2.687006 8.061017 0.000000
F -2.687006 10.748023 2.687006
A 0.000000 10.748023 5.374012


0.000000	75440
6

K 0.000000 0.000000 0.000000
L 2.687006 2.687006 0.000000
V 5.374012 2.687006 2.687006
F 8.061017 2.687006 5.374012
F 10.748023 2.687006 2.687006
A 13.435029 0.000000 2.687006


0.000000	42100
6

K 0.000000 0.000000 0.000000
L 2.687006 2.687006 0.000000
V 5.374012 5.374012 0.000000
F 2.687006 8.061017 0.000000
F 2.687006 10.748023 2.687006
A 5.374012 10.748023 5.374012


0.000000	53210
6

K 0.000000 0.000000 0.000000
L 2.687006 2.687006 0.000000
V 0.000000 5.374012 0.000000
F 0.000000 8.061017 2.687006
F 0.000000 10.748023 0.000000
A 2.687006 10.748023 -2.687006


0.000000	53200
6

K 0.000000 0.000000 0.000000
L 2.687006 2.687006 0.000000
V 5.374012 5.374012 0.000000
F 5.374012 8.061017 2.687006
F 5.374012 10.748023 0.000000
A 8.061017 10.748023 -2.687006


0.000000	a8740
6

K 0.000000 0.000000 0.000000
L 2.687006 2.687006 0.000000
V 5.374012 2.687006 2.687006
F 8.061017 0.000000 2.687006
F 8.061017 -2.687006 0.000000
A 5.374012 -2.687006 -2.687006


0.000000	75400
6

K 0.000000 0.000000 0.000000
L 2.687006 2.687006 0.000000
V 5.374012 5.374012 0.000000
F 8.061017 5.374012 2.687006
F 10.748023 5.374012 0.000000
A 13.435029 2.687006 0.000000


0.000000	b9700
6

K 0.000000 0.000000 0.000000
L 2.687006 2.687006 0.000000
V 5.374012 5.374012 0.000000
F 8.061017 2.687006 0.000000
F 8.061017 0.000000 2.687006
A 5.374012 0.000000 5.374012


0.000000	31b40
6

K 0.000000 0.000000 0.000000
L 2.687006 2.687006 0.000000
V 5.374012 2.687006 2.687006
F 2.687006 2.687006 5.374012
F 0.000000 5.374012 5.374012
A 0.000000 8.061017 2.687006


0.000000	42040
6

K 0.000000 0.000000 0.000000
L 2.687006 2.687006 0.000000
V 5.374012 2.687006 2.687006
F 8.061017 5.374012 2.687006
F 8.061017 8.061017 5.374012
A 10.748023 8.061017 8.061017


0.000000	31b10
6

K 0.000000 0.000000 0.000000
L 2.687006 2.687006 0.000000
V 0.000000 5.374012 0.000000
F -2.687006 5.374012 2.687006
F -5.374012 8.061017 2.687006
A -5.374012 10.748023 0.000000


0.000000	42010
6

K 0.000000 0.000000 0.000000
L 2.687006 2.687006 0.000000
V 0.000000 5.374012 0.000000
F 2.687006 8.061017 0.000000
F 2.687006 10.748023 2.687006
A 5.374012 10.748023 5.374012


0.000000	42000
6

K 0.000000 0.000000 0.000000
L 2.687006 2.687006 0.000000
V 5.374012 5.374012 0.000000
F 8.061017 8.061017 0.000000
F 8.061017 10.748023 2.687006
A 10.748023 10.748023 5.374012


0.000000	53110
6

K 0.000000 0.000000 0.000000
L 2.687006 2.687006 0.000000
V 0.000000 5.374012 0.000000
F -2.687006 8.061017 0.000000
F -2.687006 10.748023 -2.687006
A 0.000000 10.748023 -5.374012


0.000000	53100
6

K 0.000000 0.000000 0.000000
L 2.687006 2.687006 0.000000
V 5.374012 5.374012 0.000000
F 2.687006 8.061017 0.000000
F 2.687006 10.748023 -2.687006
A 5.374012 10.748023 -5.374012


0.000000	97540
6

K 0.000000 0.000000 0.000000
L 2.687006 2.687006 0.000000
V 5.374012 2.687006 2.687006
F 8.061017 2.687006 0.000000
F 10.748023 0.000000 0.000000
A 10.748023 -2.687006 2.687006


0.000000	75310
6

K 0.000000 0.000000 0.000000
L 2.687006 2.687006 0.000000
V 0.000000 5.374012 0.000000
F 0.000000 8.061017 -2.687006
F 2.687006 8.061017 -5.374012
A 5.374012 5.374012 -5.374012


0.000000	75300
6

K 0.000000 0.000000 0.000000
L 2.687006 2.687006 0.000000
V 5.374012 5.374012 0.000000
F 5.374012 8.061017 -2.687006
F 8.061017 8.061017 -5.374012
A 10.748023 5.374012 -5.374012


0.000000	b9740
6

K 0.000000 0.000000 0.000000
L 2.687006 2.687006 0.000000
V 5.374012 2.687006 2.687006
F 8.061017 0.000000 2.687006
F 8.061017 -2.687006 5.374012
A 5.374012 -2.687006 8.061017


0.000000	97500
6

K 0.000000 0.000000 0.000000
L 2.687006 2.687006 0.000000
V 5.374012 5.374012 0.000000
F 8.061017 5.374012 -2.687006
F 10.748023 2.687006 -2.687006
A 10.748023 0.000000 0.000000


0.000000	1b940
6

K 0.000000 0.000000 0.000000
L 2.687006 2.687006 0.000000
V 5.374012 2.687006 2.687006
F 5.374012 0.000000 5.374012
F 2.687006 0.000000 8.061017
A 0.000000 2.687006 8.061017


0.000000	42b40
6

K 0.000000 0.000000 0.000000
L 2.687006 2.687006 0.000000
V 5.374012 2.687006 2.687006
F 2.687006 2.687006 5.374012
F 2.687006 5.374012 8.061017
A 5.374012 5.374012 10.748023


0.000000	53040
6

K 0.000000 0.000000 0.000000
L 2.687006 2.687006 0.000000
V 5.374012 2.687006 2.687006
F 8.061017 5.374012 2.687006
F 8.061017 8.061017 0.000000
A 10.748023 8.061017 -2.687006


0.000000	31a10
6

K 0.000000 0.000000 0.000000
L 2.687006 2.687006 0.000000
V 0.000000 5.374012 0.000000
F -2.687006 5.374012 -2.687006
F -5.374012 8.061017 -2.687006
A -5.374012 10.748023 -5.374012


0.000000	42b10
6

K 0.000000 0.000000 0.000000
L 2.687006 2.687006 0.000000
V 0.000000 5.374012 0.000000
F -2.687006 5.374012 2.687006
F -2.687006 8.061017 5.374012
A 0.000000 8.061017 8.061017


0.000000	53010
6

K 0.000000 0.000000 0.000000
L 2.687006 2.687006 0.000000
V 0.000000 5.374012 0.000000
F 2.687006 8.061017 0.000000
F 2.687006 10.748023 -2.687006
A 5.374012 10.748023 -5.374012


0.000000	53000
6

K 0.000000 0.000000 0.000000
L 2.687006 2.687006 0.000000
V 5.374012 5.374012 0.000000
F 8.061017 8.061017 0.000000
F 8.061017 10.748023 -2.687006
A 10.748023 10.748023 -5.374012


0.000000	97440
6

K 0.000000 0.000000 0.000000
L 2.687006 2.687006 0.000000
V 5.374012 2.687006 2.687006
F 8.061017 2.687006 5.374012
F 10.748023 0.000000 5.374012
A 10.748023 -2.687006 8.061017


0.000000	a8540
6

K 0.000000 0.000000 0.000000
L 2.687006 2.687006 0.000000
V 5.374012 2.687006 2.687006
F 8.061017 2.687006 0.000000
F 8.061017 0.000000 -2.687006
A 5.374012 0.000000 -5.374012


0.000000	97400
6

K 0.000000 0.000000 0.000000
L 2.687006 2.687006 0.000000
V 5.374012 5.374012 0.000000
F 8.061017 5.374012 2.687006
F 10.748023 2.687006 2.687006
A 10.748023 0.000000 5.374012


0.000000	a8500
6

K 0.000000 0.000000 0.000000
L 2.687006 2.687006 0.000000
V 5.374012 5.374012 0.000000
F 8.061017 5.374012 -2.687006
F 8.061017 2.687006 -5.374012
A 5.374012 2.687006 -8.061017


0.000000	20700
6

K 0.000000 0.000000 0.000000
L 2.687006 2.687006 0.000000
V 5.374012 5.374012 0.000000
F 8.061017 2.687006 0.000000
F 10.748023 5.374012 0.000000
A 10.748023 8.061017 2.687006


0.000000	75040
6

K 0.000000 0.000000 0.000000
L 2.687006 2.687006 0.000000
V 5.374012 2.687006 2.687006
F 8.061017 5.374012 2.687006
F 10.748023 5.374012 0.000000
A 13.435029 2.687006 0.000000


0.000000	53a10
6

K 0.000000 0.000000 0.000000
L 2.687006 2.687006 0.000000
V 0.000000 5.374012 0.000000
F -2.687006 5.374012 -2.687006
F -2.687006 8.061017 -5.374012
A 0.000000 8.061017 -8.061017


0.000000	75010
6

K 0.000000 0.000000 0.000000
L 2.687006 2.687006 0.000000
V 0.000000 5.374012 0.000000
F 2.687006 8.061017 0.000000
F 5.374012 8.061017 -2.687006
A 8.061017 5.374012 -2.687006


0.000000	75000
6

K 0.000000 0.000000 0.000000
L 2.687006 2.687006 0.000000
V 5.374012 5.374012 0.000000
F 8.061017 8.061017 0.000000
F 10.748023 8.061017 -2.687006
A 13.435029 5.374012 -2.687006


0.000000	86110
6

K 0.000000 0.000000 0.000000
L 2.687006 2.687006 0.000000
V 0.000000 5.374012 0.000000
F -2.687006 8.061017 0.000000
F -5.374012 5.374012 0.000000
A -5.374012 2.687006 -2.687006


0.000000	b9440
6

K 0.000000 0.000000 0.000000
L 2.687006 2.687006 0.000000
V 5.374012 2.687006 2.687006
F 8.061017 2.687006 5.374012
F 8.061017 0.000000 8.061017
A 5.374012 0.000000 10.748023


0.000000	a8310
6

K 0.000000 0.000000 0.000000
L 2.687006 2.687006 0.000000
V 0.000000 5.374012 0.000000
F 0.000000 8.061017 -2.687006
F 0.000000 5.374012 -5.374012
A -2.687006 5.374012 -8.061017


0.000000	a8300
6

K 0.000000 0.000000 0.000000
L 2.687006 2.687006 0.000000
V 5.374012 5.374012 0.000000
F 5.374012 8.061017 -2.687006
F 5.374012 5.374012 -5.374012
A 2.687006 5.374012 -8.061017


0.000000	20740
6

K 0.000000 0.000000 0.000000
L 2.687006 2.687006 0.000000
V 5.374012 2.687006 2.687006
F 8.061017 0.000000 2.687006
F 10.748023 2.687006 2.687006
A 10.748023 5.374012 5.374012


0.000000	b9400
6

K 0.000000 0.000000 0.000000
L 2.687006 2.687006 0.000000
V 5.374012 5.374012 0.000000
F 8.061017 5.374012 2.687006
F 8.061017 2.687006 5.374012
A 5.374012 2.687006 8.061017


0.000000	42940
6

K 0.000000 0.000000 0.000000
L 2.687006 2.687006 0.000000
V 5.374012 2.687006 2.687006
F 5.374012 0.000000 5.374012
F 5.374012 2.687006 8.061017
A 8.061017 2.687006 10.748023


0.000000	96b40
6

K 0.000000 0.000000 0.000000
L 2.687006 2.687006 0.000000
V 5.374012 2.687006 2.687006
F 2.687006 2.687006 5.374012
F 0.000000 0.000000 5.374012
A 0.000000 -2.687006 8.061017


0.000000	85a10
6

K 0.000000 0.000000 0.000000
L 2.687006 2.687006 0.000000
V 0.000000 5.374012 0.000000
F -2.687006 5.374012 -2.687006
F 0.000000 5.374012 -5.374012
A 0.000000 2.687006 -8.061017


0.000000	96b10
6

K 0.000000 0.000000 0.000000
L 2.687006 2.687006 0.000000
V 0.000000 5.374012 0.000000
F -2.687006 5.374012 2.687006
F -5.374012 2.687006 2.687006
A -5.374012 0.000000 5.374012


0.000000	2b440
6

K 0.000000 0.000000 0.000000
L 2.687006 2.687006 0.000000
V 5.374012 2.687006 2.687006
F 8.061017 2.687006 5.374012
F 5.374012 2.687006 8.061017
A 5.374012 5.374012 10.748023


0.000000	30540
6

K 0.000000 0.000000 0.000000
L 2.687006 2.687006 0.000000
V 5.374012 2.687006 2.687006
F 8.061017 2.687006 0.000000
F 10.748023 5.374012 0.000000
A 10.748023 8.061017 -2.687006


0.000000	1a310
6

K 0.000000 0.000000 0.000000
L 2.687006 2.687006 0.000000
V 0.000000 5.374012 0.000000
F 0.000000 8.061017 -2.687006
F -2.687006 8.061017 -5.374012
A -5.374012 10.748023 -5.374012


0.000000	1a300
6

K 0.000000 0.000000 0.000000
L 2.687006 2.687006 0.000000
V 5.374012 5.374012 0.000000
F 5.374012 8.061017 -2.687006
F 2.687006 8.061017 -5.374012
A 0.000000 10.748023 -5.374012


0.000000	2b400
6

K 0.000000 0.000000 0.000000
L 2.687006 2.687006 0.000000
V 5.374012 5.374012 0.000000
F 8.061017 5.374012 2.687006
F 5.374012 5.374012 5.374012
A 5.374012 8.061017 8.061017


0.000000	30500
6

K 0.000000 0.000000 0.000000
L 2.687006 2.687006 0.000000
V 5.374012 5.374012 0.000000
F 8.061017 5.374012 -2.687006
F 10.748023 8.061017 -2.687006
A 10.748023 10.748023 -5.374012


0.000000	74940
6

K 0.000000 0.000000 0.000000
L 2.687006 2.687006 0.000000
V 5.374012 2.687006 2.687006
F 5.374012 0.000000 5.374012
F 8.061017 0.000000 8.061017
A 10.748023 -2.687006 8.061017


0.000000	96a10
6

K 0.000000 0.000000 0.000000
L 2.687006 2.687006 0.000000
V 0.000000 5.374012 0.000000
F -2.687006 5.374012 -2.687006
F -5.374012 2.687006 -2.687006
A -5.374012 0.000000 0.000000


0.000000	30440
6

K 0.000000 0.000000 0.000000
L 2.687006 2.687006 0.000000
V 5.374012 2.687006 2.687006
F 8.061017 2.687006 5.374012
F 10.748023 5.374012 5.374012
A 10.748023 8.061017 2.687006


0.000000	30400
6

K 0.000000 0.000000 0.000000
L 2.687006 2.687006 0.000000
V 5.374012 5.374012 0.000000
F 8.061017 5.374012 2.687006
F 10.748023 8.061017 2.687006
A 10.748023 10.748023 0.000000


0.000000	74700
6

K 0.000000 0.000000 0.000000
L 2.687006 2.687006 0.000000
V 5.374012 5.374012 0.000000
F 8.061017 2.687006 0.000000
F 10.748023 2.687006 2.687006
A 13.435029 0.000000 2.687006


0.000000	2b240
6

K 0.000000 0.000000 0.000000
L 2.687006 2.687006 0.000000
V 5.374012 2.687006 2.687006
F 5.374012 5.374012 5.374012
F 2.687006 5.374012 8.061017
A 2.687006 8.061017 10.748023


0.000000	1a110
6

K 0.000000 0.000000 0.000000
L 2.687006 2.687006 0.000000
V 0.000000 5.374012 0.000000
F -2.687006 8.061017 0.000000
F -5.374012 8.061017 -2.687006
A -8.061017 10.748023 -2.687006


0.000000	1a100
6

K 0.000000 0.000000 0.000000
L 2.687006 2.687006 0.000000
V 5.374012 5.374012 0.000000
F 2.687006 8.061017 0.000000
F 0.000000 8.061017 -2.687006
A -2.687006 10.748023 -2.687006


0.000000	2b210
6

K 0.000000 0.000000 0.000000
L 2.687006 2.687006 0.000000
V 0.000000 5.374012 0.000000
F 0.000000 8.061017 2.687006
F -2.687006 8.061017 5.374012
A -2.687006 10.748023 8.061017


0.000000	2b200
6

K 0.000000 0.000000 0.000000
L 2.687006 2.687006 0.000000
V 5.374012 5.374012 0.000000
F 5.374012 8.061017 2.687006
F 2.687006 8.061017 5.374012
A 2.687006 10.748023 8.061017


0.000000	30310
6

K 0.000000 0.000000 0.000000
L 2.687006 2.687006 0.000000
V 0.000000 5.374012 0.000000
F 0.000000 8.061017 -2.687006
F 2.687006 10.748023 -2.687006
A 2.687006 13.435029 -5.374012


0.000000	30300
6

K 0.000000 0.000000 0.000000
L 2.687006 2.687006 0.000000
V 5.374012 5.374012 0.000000
F 5.374012 8.061017 -2.687006
F 8.061017 10.748023 -2.687006
A 8.061017 13.435029 -5.374012


0.000000	74740
6

K 0.000000 0.000000 0.000000
L 2.687006 2.687006 0.000000
V 5.374012 2.687006 2.687006
F 8.061017 0.000000 2.687006
F 10.748023 0.000000 5.374012
A 13.435029 -2.687006 5.374012


0.000000	96940
6

K 0.000000 0.000000 0.000000
L 2.687006 2.687006 0.000000
V 5.374012 2.687006 2.687006
F 5.374012 0.000000 5.374012
F 2.687006 -2.687006 5.374012
A 2.687006 -5.374012 8.061017


0.000000	85700
6

K 0.000000 0.000000 0.000000
L 2.687006 2.687006 0.000000
V 5.374012 5.374012 0.000000
F 8.061017 2.687006 0.000000
F 10.748023 2.687006 -2.687006
A 10.748023 0.000000 -5.374012


0.000000	30240
6

K 0.000000 0.000000 0.000000
L 2.687006 2.687006 0.000000
V 5.374012 2.687006 2.687006
F 5.374012 5.374012 5.374012
F 8.061017 8.061017 5.374012
A 8.061017 10.748023 2.687006


0.000000	2b110
6

K 0.000000 0.000000 0.000000
L 2.687006 2.687006 0.000000
V 0.000000 5.374012 0.000000
F -2.687006 8.061017 0.000000
F -5.374012 8.061017 2.687006
A -5.374012 10.748023 5.374012


0.000000	2b100
6

K 0.000000 0.000000 0.000000
L 2.687006 2.687006 0.000000
V 5.374012 5.374012 0.000000
F 2.687006 8.061017 0.000000
F 0.000000 8.061017 2.687006
A 0.000000 10.748023 5.374012


0.000000	30210
6

K 0.000000 0.000000 0.000000
L 2.687006 2.687006 0.000000
V 0.000000 5.374012 0.000000
F 0.000000 8.061017 2.687006
F 2.687006 10.748023 2.687006
A 2.687006 13.435029 0.000000


0.000000	30200
6

K 0.000000 0.000000 0.000000
L 2.687006 2.687006 0.000000
V 5.374012 5.374012 0.000000
F 5.374012 8.061017 2.687006
F 8.061017 10.748023 2.687006
A 8.061017 13.435029 0.000000


0.000000	85740
6

K 0.000000 0.000000 0.000000
L 2.687006 2.687006 0.000000
V 5.374012 2.687006 2.687006
F 8.061017 0.000000 2.687006
F 10.748023 0.000000 0.000000
A 10.748023 -2.687006 -2.687006


0.000000	1ab10
6

K 0.000000 0.000000 0.000000
L 2.687006 2.687006 0.000000
V 0.000000 5.374012 0.000000
F -2.687006 5.374012 2.687006
F -5.374012 5.374012 0.000000
A -8.061017 8.061017 0.000000


0.000000	30110
6

K 0.000000 0.000000 0.000000
L 2.687006 2.687006 0.000000
V 0.000000 5.374012 0.000000
F -2.687006 8.061017 0.000000
F 0.000000 10.748023 0.000000
A 0.000000 13.435029 -2.687006


0.000000	30100
6

K 0.000000 0.000000 0.000000
L 2.687006 2.687006 0.000000
V 5.374012 5.374012 0.000000
F 2.687006 8.061017 0.000000
F 5.374012 10.748023 0.000000
A 5.374012 13.435029 -2.687006


0.000000	74540
6

K 0.000000 0.000000 0.000000
L 2.687006 2.687006 0.000000
V 5.374012 2.687006 2.687006
F 8.061017 2.687006 0.000000
F 10.748023 2.687006 2.687006
A 13.435029 0.000000 2.687006


0.000000	96740
6

K 0.000000 0.000000 0.000000
L 2.687006 2.687006 0.000000
V 5.374012 2.687006 2.687006
F 8.061017 0.000000 2.687006
F 5.374012 -2.687006 2.687006
A 5.374012 -5.374012 5.374012


0.000000	74500
6

K 0.000000 0.000000 0.000000
L 2.687006 2.687006 0.000000
V 5.374012 5.374012 0.000000
F 8.061017 5.374012 -2.687006
F 10.748023 5.374012 0.000000
A 13.435029 2.687006 0.000000


0.000000	2bb40
6

K 0.000000 0.000000 0.000000
L 2.687006 2.687006 0.000000
V 5.374012 2.687006 2.687006
F 2.687006 2.687006 5.374012
F 0.000000 2.687006 8.061017
A 0.000000 5.374012 10.748023


0.000000	30040
6

K 0.000000 0.000000 0.000000
L 2.687006 2.687006 0.000000
V 5.374012 2.687006 2.687006
F 8.061017 5.374012 2.687006
F 10.748023 8.061017 2.687006
A 10.748023 10.748023 0.000000


0.000000	1aa10
6

K 0.000000 0.000000 0.000000
L 2.687006 2.687006 0.000000
V 0.000000 5.374012 0.000000
F -2.687006 5.374012 -2.687006
F -5.374012 5.374012 -5.374012
A -8.061017 8.061017 -5.374012


0.000000	2bb10
6

K 0.000000 0.000000 0.000000
L 2.687006 2.687006 0.000000
V 0.000000 5.374012 0.000000
F -2.687006 5.374012 2.687006
F -5.374012 5.374012 5.374012
A -5.374012 8.061017 8.061017


0.000000	30010
6

K 0.000000 0.000000 0.000000
L 2.687006 2.687006 0.000000
V 0.000000 5.374012 0.000000
F 2.687006 8.061017 0.000000
F 5.374012 10.748023 0.000000
A 5.374012 13.435029 -2.687006


0.000000	30000
6

K 0.000000 0.000000 0.000000
L 2.687006 2.687006 0.000000
V 5.374012 5.374012 0.000000
F 8.061017 8.061017 0.000000
F 10.748023 10.748023 0.000000
A 10.748023 13.435029 -2.687006


0.000000	74440
6

K 0.000000 0.000000 0.000000
L 2.687006 2.687006 0.000000
V 5.374012 2.687006 2.687006
F 8.061017 2.687006 5.374012
F 10.748023 2.687006 8.061017
A 13.435029 0.000000 8.061017


0.000000	85540
6

K 0.000000 0.000000 0.000000
L 2.687006 2.687006 0.000000
V 5.374012 2.687006 2.687006
F 8.061017 2.687006 0.000000
F 10.748023 2.687006 -2.687006
A 10.748023 0.000000 -5.374012


0.000000	74400
6

K 0.000000 0.000000 0.000000
L 2.687006 2.687006 0.000000
V 5.374012 5.374012 0.000000
F 8.061017 5.374012 2.687006
F 10.748023 5.374012 5.374012
A 13.435029 2.687006 5.374012


0.000000	85500
6

K 0.000000 0.000000 0.000000
L 2.687006 2.687006 0.000000
V 5.374012 5.374012 0.000000
F 8.061017 5.374012 -2.687006
F 10.748023 5.374012 -5.374012
A 10.748023 2.687006 -8.061017


0.000000	2ba10
6

K 0.000000 0.000000 0.000000
L 2.687006 2.687006 0.000000
V 0.000000 5.374012 0.000000
F -2.687006 5.374012 -2.687006
F -5.374012 5.374012 0.000000
A -5.374012 8.061017 2.687006


0.000000	85440
6

K 0.000000 0.000000 0.000000
L 2.687006 2.687006 0.000000
V 5.374012 2.687006 2.687006
F 8.061017 2.687006 5.374012
F 10.748023 2.687006 2.687006
A 10.748023 0.000000 0.000000


0.000000	85400
6

K 0.000000 0.000000 0.000000
L 2.687006 2.687006 0.000000
V 5.374012 5.374012 0.000000
F 8.061017 5.374012 2.687006
F 10.748023 5.374012 0.000000
A 10.748023 2.687006 -2.687006


0.000000	74240
6

K 0.000000 0.000000 0.000000
L 2.687006 2.687006 0.000000
V 5.374012 2.687006 2.687006
F 5.374012 5.374012 5.374012
F 8.061017 5.374012 8.061017
A 10.748023 2.687006 8.061017


0.000000	74210
6

K 0.000000 0.000000 0.000000
L 2.687006 2.687006 0.000000
V 0.000000 5.374012 0.000000
F 0.000000 8.061017 2.687006
F 2.687006 8.061017 5.374012
A 5.374012 5.374012 5.374012


0.000000	74200
6

K 0.000000 0.000000 0.000000
L 2.687006 2.687006 0.000000
V 5.374012 5.374012 0.000000
F 5.374012 8.061017 2.687006
F 8.061017 8.061017 5.374012
A 10.748023 5.374012 5.374012


0.000000	85310
6

K 0.000000 0.000000 0.000000
L 2.687006 2.687006 0.000000
V 0.000000 5.374012 0.000000
F 0.000000 8.061017 -2.687006
F 2.687006 8.061017 -5.374012
A 2.687006 5.374012 -8.061017


0.000000	85300
6

K 0.000000 0.000000 0.000000
L 2.687006 2.687006 0.000000
V 5.374012 5.374012 0.000000
F 5.374012 8.061017 -2.687006
F 8.061017 8.061017 -5.374012
A 8.061017 5.374012 -8.061017


0.000000	2b940
6

K 0.000000 0.000000 0.000000
L 2.687006 2.687006 0.000000
V 5.374012 2.687006 2.687006
F 5.374012 0.000000 5.374012
F 2.687006 0.000000 8.061017
A 2.687006 2.687006 10.748023


0.000000	74040
6

K 0.000000 0.000000 0.000000
L 2.687006 2.687006 0.000000
V 5.374012 2.687006 2.687006
F 8.061017 5.374012 2.687006
F 10.748023 5.374012 5.374012
A 13.435029 2.687006 5.374012


0.000000	74010
6

K 0.000000 0.000000 0.000000
L 2.687006 2.687006 0.000000
V 0.000000 5.374012 0.000000
F 2.687006 8.061017 0.000000
F 5.374012 8.061017 2.687006
A 8.061017 5.374012 2.687006


0.000000	74000
6

K 0.000000 0.000000 0.000000
L 2.687006 2.687006 0.000000
V 5.374012 5.374012 0.000000
F 8.061017 8.061017 0.000000
F 10.748023 8.061017 2.687006
A 13.435029 5.374012 2.687006


0.000000	30700
6

K 0.000000 0.000000 0.000000
L 2.687006 2.687006 0.000000
V 5.374012 5.374012 0.000000
F 8.061017 2.687006 0.000000
F 10.748023 5.374012 0.000000
A 10.748023 8.061017 -2.687006


0.000000	74b40
6

K 0.000000 0.000000 0.000000
L 2.687006 2.687006 0.000000
V 5.374012 2.687006 2.687006
F 2.687006 2.687006 5.374012
F 5.374012 2.687006 8.061017
A 8.061017 0.000000 8.061017


0.000000	85040
6

K 0.000000 0.000000 0.000000
L 2.687006 2.687006 0.000000
V 5.374012 2.687006 2.687006
F 8.061017 5.374012 2.687006
F 10.748023 5.374012 0.000000
A 10.748023 2.687006 -2.687006


0.000000	74b10
6

K 0.000000 0.000000 0.000000
L 2.687006 2.687006 0.000000
V 0.000000 5.374012 0.000000
F -2.687006 5.374012 2.687006
F 0.000000 5.374012 5.374012
A 2.687006 2.687006 5.374012


0.000000	85010
6

K 0.000000 0.000000 0.000000
L 2.687006 2.687006 0.000000
V 0.000000 5.374012 0.000000
F 2.687006 8.061017 0.000000
F 5.374012 8.061017 -2.687006
A 5.374012 5.374012 -5.374012


0.000000	85000
6

K 0.000000 0.000000 0.000000
L 2.687006 2.687006 0.000000
V 5.374012 5.374012 0.000000
F 8.061017 8.061017 0.000000
F 10.748023 8.061017 -2.687006
A 10.748023 5.374012 -5.374012


0.000000	96110
6

K 0.000000 0.000000 0.000000
L 2.687006 2.687006 0.000000
V 0.000000 5.374012 0.000000
F -2.687006 8.061017 0.000000
F -5.374012 5.374012 0.000000
A -5.374012 2.687006 2.687006


0.000000	30740
6

K 0.000000 0.000000 0.000000
L 2.687006 2.687006 0.000000
V 5.374012 2.687006 2.687006
F 8.061017 0.000000 2.687006
F 10.748023 2.687006 2.687006
A 10.748023 5.374012 0.000000


0.000000	1a500
6

K 0.000000 0.000000 0.000000
L 2.687006 2.687006 0.000000
V 5.374012 5.374012 0.000000
F 8.061017 5.374012 -2.687006
F 5.374012 5.374012 -5.374012
A 2.687006 8.061017 -5.374012


0.000000	a6b10
6

K 0.000000 0.000000 0.000000
L 2.687006 2.687006 0.000000
V 0.000000 5.374012 0.000000
F -2.687006 5.374012 2.687006
F -5.374012 2.687006 2.687006
A -8.061017 2.687006 0.000000


0.000000	40540
6

K 0.000000 0.000000 0.000000
L 2.687006 2.687006 0.000000
V 5.374012 2.687006 2.687006
F 8.061017 2.687006 0.000000
F 10.748023 5.374012 0.000000
A 13.435029 5.374012 2.687006


0.000000	40500
6

K 0.000000 0.000000 0.000000
L 2.687006 2.687006 0.000000
V 5.374012 5.374012 0.000000
F 8.061017 5.374012 -2.687006
F 10.748023 8.061017 -2.687006
A 13.435029 8.061017 0.000000


0.000000	a6a10
6

K 0.000000 0.000000 0.000000
L 2.687006 2.687006 0.000000
V 0.000000 5.374012 0.000000
F -2.687006 5.374012 -2.687006
F -5.374012 2.687006 -2.687006
A -8.061017 2.687006 -5.374012


0.000000	40440
6

K 0.000000 0.000000 0.000000
L 2.687006 2.687006 0.000000
V 5.374012 2.687006 2.687006
F 8.061017 2.687006 5.374012
F 10.748023 5.374012 5.374012
A 13.435029 5.374012 8.061017


0.000000	40400
6

K 0.000000 0.000000 0.000000
L 2.687006 2.687006 0.000000
V 5.374012 5.374012 0.000000
F 8.061017 5.374012 2.687006
F 10.748023 8.061017 2.687006
A 13.435029 8.061017 5.374012


0.000000	40310
6

K 0.000000 0.000000 0.000000
L 2.687006 2.687006 0.000000
V 0.000000 5.374012 0.000000
F 0.000000 8.061017 -2.687006
F 2.687006 10.748023 -2.687006
A 5.374012 10.748023 0.000000


0.000000	40300
6

K 0.000000 0.000000 0.000000
L 2.687006 2.687006 0.000000
V 5.374012 5.374012 0.000000
F 5.374012 8.061017 -2.687006
F 8.061017 10.748023 -2.687006
A 10.748023 10.748023 0.000000


0.000000	40240
6

K 0.000000 0.000000 0.000000
L 2.687006 2.687006 0.000000
V 5.374012 2.687006 2.687006
F 5.374012 5.374012 5.374012
F 8.061017 8.061017 5.374012
A 10.748023 8.061017 8.061017


0.000000	40210
6

K 0.000000 0.000000 0.000000
L 2.687006 2.687006 0.000000
V 0.000000 5.374012 0.000000
F 0.000000 8.061017 2.687006
F 2.687006 10.748023 2.687006
A 5.374012 10.748023 5.374012


0.000000	40200
6

K 0.000000 0.000000 0.000000
L 2.687006 2.687006 0.000000
V 5.374012 5.374012 0.000000
F 5.374012 8.061017 2.687006
F 8.061017 10.748023 2.687006
A 10.748023 10.748023 5.374012


0.000000	40110
6

K 0.000000 0.000000 0.000000
L 2.687006 2.687006 0.000000
V 0.000000 5.374012 0.000000
F -2.687006 8.061017 0.000000
F 0.000000 10.748023 0.000000
A 2.687006 10.748023 2.687006


0.000000	40100
6

K 0.000000 0.000000 0.000000
L 2.687006 2.687006 0.000000
V 5.374012 5.374012 0.000000
F 2.687006 8.061017 0.000000
F 5.374012 10.748023 0.000000
A 8.061017 10.748023 2.687006


0.000000	40040
6

K 0.000000 0.000000 0.000000
L 2.687006 2.687006 0.000000
V 5.374012 2.687006 2.687006
F 8.061017 5.374012 2.687006
F 10.748023 8.061017 2.687006
A 13.435029 8.061017 5.374012


0.000000	40010
6

K 0.000000 0.000000 0.000000
L 2.687006 2.687006 0.000000
V 0.000000 5.374012 0.000000
F 2.687006 8.061017 0.000000
F 5.374012 10.748023 0.000000
A 8.061017 10.748023 2.687006


0.000000	40000
6

K 0.000000 0.000000 0.000000
L 2.687006 2.687006 0.000000
V 5.374012 5.374012 0.000000
F 8.061017 8.061017 0.000000
F 10.748023 10.748023 0.000000
A 13.435029 10.748023 2.687006


0.000000	40700
6

K 0.000000 0.000000 0.000000
L 2.687006 2.687006 0.000000
V 5.374012 5.374012 0.000000
F 8.061017 2.687006 0.000000
F 10.748023 5.374012 0.000000
A 13.435029 5.374012 2.687006


0.000000	a6110
6

K 0.000000 0.000000 0.000000
L 2.687006 2.687006 0.000000
V 0.000000 5.374012 0.000000
F -2.687006 8.061017 0.000000
F -5.374012 5.374012 0.000000
A -8.061017 5.374012 -2.687006


0.000000	40740
6

K 0.000000 0.000000 0.000000
L 2.687006 2.687006 0.000000
V 5.374012 2.687006 2.687006
F 8.061017 0.000000 2.687006
F 10.748023 2.687006 2.687006
A 13.435029 2.687006 5.374012


0.000000	b6b40
6

K 0.000000 0.000000 0.000000
L 2.687006 2.687006 0.000000
V 5.374012 2.687006 2.687006
F 2.687006 2.687006 5.374012
F 0.000000 0.000000 5.374012
A -2.687006 0.000000 8.061017


0.000000	07040
6

K 0.000000 0.000000 0.000000
L 2.687006 2.687006 0.000000
V 5.374012 2.687006 2.687006
F 8.061017 5.374012 2.687006
F 10.748023 2.687006 2.687006
A 13.435029 5.374012 2.687006


0.000000	a5a10
6

K 0.000000 0.000000 0.000000
L 2.687006 2.687006 0.000000
V 0.000000 5.374012 0.000000
F -2.687006 5.374012 -2.687006
F 0.000000 5.374012 -5.374012
A -2.687006 5.374012 -8.061017


0.000000	b6b10
6

K 0.000000 0.000000 0.000000
L 2.687006 2.687006 0.000000
V 0.000000 5.374012 0.000000
F -2.687006 5.374012 2.687006
F -5.374012 2.687006 2.687006
A -8.061017 2.687006 5.374012


0.000000	29240
6

K 0.000000 0.000000 0.000000
L 2.687006 2.687006 0.000000
V 5.374012 2.687006 2.687006
F 5.374012 5.374012 5.374012
F 5.374012 2.687006 8.061017
A 5.374012 5.374012 10.748023


0.000000	07000
6

K 0.000000 0.000000 0.000000
L 2.687006 2.687006 0.000000
V 5.374012 5.374012 0.000000
F 8.061017 8.061017 0.000000
F 10.748023 5.374012 0.000000
A 13.435029 8.061017 0.000000


0.000000	4b440
6

K 0.000000 0.000000 0.000000
L 2.687006 2.687006 0.000000
V 5.374012 2.687006 2.687006
F 8.061017 2.687006 5.374012
F 5.374012 2.687006 8.061017
A 8.061017 2.687006 10.748023


0.000000	29210
6

K 0.000000 0.000000 0.000000
L 2.687006 2.687006 0.000000
V 0.000000 5.374012 0.000000
F 0.000000 8.061017 2.687006
F 0.000000 5.374012 5.374012
A 0.000000 8.061017 8.061017


0.000000	50540
6

K 0.000000 0.000000 0.000000
L 2.687006 2.687006 0.000000
V 5.374012 2.687006 2.687006
F 8.061017 2.687006 0.000000
F 10.748023 5.374012 0.000000
A 13.435029 5.374012 -2.687006


0.000000	29200
6

K 0.000000 0.000000 0.000000
L 2.687006 2.687006 0.000000
V 5.374012 5.374012 0.000000
F 5.374012 8.061017 2.687006
F 5.374012 5.374012 5.374012
A 5.374012 8.061017 8.061017


0.000000	3a310
6

K 0.000000 0.000000 0.000000
L 2.687006 2.687006 0.000000
V 0.000000 5.374012 0.000000
F 0.000000 8.061017 -2.687006
F -2.687006 8.061017 -5.374012
A -2.687006 10.748023 -8.061017


0.000000	3a300
6

K 0.000000 0.000000 0.000000
L 2.687006 2.687006 0.000000
V 5.374012 5.374012 0.000000
F 5.374012 8.061017 -2.687006
F 2.687006 8.061017 -5.374012
A 2.687006 10.748023 -8.061017


0.000000	4b400
6

K 0.000000 0.000000 0.000000
L 2.687006 2.687006 0.000000
V 5.374012 5.374012 0.000000
F 8.061017 5.374012 2.687006
F 5.374012 5.374012 5.374012
A 8.061017 5.374012 8.061017


0.000000	50500
6

K 0.000000 0.000000 0.000000
L 2.687006 2.687006 0.000000
V 5.374012 5.374012 0.000000
F 8.061017 5.374012 -2.687006
F 10.748023 8.061017 -2.687006
A 13.435029 8.061017 -5.374012


0.000000	94940
6

K 0.000000 0.000000 0.000000
L 2.687006 2.687006 0.000000
V 5.374012 2.687006 2.687006
F 5.374012 0.000000 5.374012
F 8.061017 0.000000 8.061017
A 8.061017 -2.687006 10.748023


0.000000	b6a10
6

K 0.000000 0.000000 0.000000
L 2.687006 2.687006 0.000000
V 0.000000 5.374012 0.000000
F -2.687006 5.374012 -2.687006
F -5.374012 2.687006 -2.687006
A -8.061017 2.687006 0.000000


0.000000	50440
6

K 0.000000 0.000000 0.000000
L 2.687006 2.687006 0.000000
V 5.374012 2.687006 2.687006
F 8.061017 2.687006 5.374012
F 10.748023 5.374012 5.374012
A 13.435029 5.374012 2.687006


0.000000	50400
6

K 0.000000 0.000000 0.000000
L 2.687006 2.687006 0.000000
V 5.374012 5.374012 0.000000
F 8.061017 5.374012 2.687006
F 10.748023 8.061017 2.687006
A 13.435029 8.061017 0.000000


0.000000	94700
6

K 0.000000 0.000000 0.000000
L 2.687006 2.687006 0.000000
V 5.374012 5.374012 0.000000
F 8.061017 2.687006 0.000000
F 10.748023 2.687006 2.687006
A 10.748023 0.000000 5.374012


0.000000	4b240
6

K 0.000000 0.000000 0.000000
L 2.687006 2.687006 0.000000
V 5.374012 2.687006 2.687006
F 5.374012 5.374012 5.374012
F 2.687006 5.374012 8.061017
A 5.374012 5.374012 10.748023


0.000000	3a110
6

K 0.000000 0.000000 0.000000
L 2.687006 2.687006 0.000000
V 0.000000 5.374012 0.000000
F -2.687006 8.061017 0.000000
F -5.374012 8.061017 -2.687006
A -5.374012 10.748023 -5.374012


0.000000	3a100
6

K 0.000000 0.000000 0.000000
L 2.687006 2.687006 0.000000
V 5.374012 5.374012 0.000000
F 2.687006 8.061017 0.000000
F 0.000000 8.061017 -2.687006
A 0.000000 10.748023 -5.374012


0.000000	4b210
6

K 0.000000 0.000000 0.000000
L 2.687006 2.687006 0.000000
V 0.000000 5.374012 0.000000
F 0.000000 8.061017 2.687006
F -2.687006 8.061017 5.374012
A 0.000000 8.061017 8.061017


0.000000	4b200
6

K 0.000000 0.000000 0.000000
L 2.687006 2.687006 0.000000
V 5.374012 5.374012 0.000000
F 5.374012 8.061017 2.687006
F 2.687006 8.061017 5.374012
A 5.374012 8.061017 8.061017


0.000000	50310
6

K 0.000000 0.000000 0.000000
L 2.687006 2.687006 0.000000
V 0.000000 5.374012 0.000000
F 0.000000 8.061017 -2.687006
F 2.687006 10.748023 -2.687006
A 5.374012 10.748023 -5.374012


0.000000	50300
6

K 0.000000 0.000000 0.000000
L 2.687006 2.687006 0.000000
V 5.374012 5.374012 0.000000
F 5.374012 8.061017 -2.687006
F 8.061017 10.748023 -2.687006
A 10.748023 10.748023 -5.374012


0.000000	94740
6

K 0.000000 0.000000 0.000000
L 2.687006 2.687006 0.000000
V 5.374012 2.687006 2.687006
F 8.061017 0.000000 2.687006
F 10.748023 0.000000 5.374012
A 10.748023 -2.687006 8.061017


0.000000	b6940
6

K 0.000000 0.000000 0.000000
L 2.687006 2.687006 0.000000
V 5.374012 2.687006 2.687006
F 5.374012 0.000000 5.374012
F 2.687006 -2.687006 5.374012
A 0.000000 -2.687006 8.061017


0.000000	a5700
6

K 0.000000 0.000000 0.000000
L 2.687006 2.687006 0.000000
V 5.374012 5.374012 0.000000
F 8.061017 2.687006 0.000000
F 10.748023 2.687006 -2.687006
A 8.061017 2.687006 -5.374012


0.000000	29b40
6

K 0.000000 0.000000 0.000000
L 2.687006 2.687006 0.000000
V 5.374012 2.687006 2.687006
F 2.687006 2.687006 5.374012
F 2.687006 0.000000 8.061017
A 2.687006 2.687006 10.748023


0.000000	29b10
6

K 0.000000 0.000000 0.000000
L 2.687006 2.687006 0.000000
V 0.000000 5.374012 0.000000
F -2.687006 5.374012 2.687006
F -2.687006 2.687006 5.374012
A -2.687006 5.374012 8.061017


0.000000	50240
6

K 0.000000 0.000000 0.000000
L 2.687006 2.687006 0.000000
V 5.374012 2.687006 2.687006
F 5.374012 5.374012 5.374012
F 8.061017 8.061017 5.374012
A 10.748023 8.061017 2.687006


0.000000	4b110
6

K 0.000000 0.000000 0.000000
L 2.687006 2.687006 0.000000
V 0.000000 5.374012 0.000000
F -2.687006 8.061017 0.000000
F -5.374012 8.061017 2.687006
A -2.687006 8.061017 5.374012


0.000000	4b100
6

K 0.000000 0.000000 0.000000
L 2.687006 2.687006 0.000000
V 5.374012 5.374012 0.000000
F 2.687006 8.061017 0.000000
F 0.000000 8.061017 2.687006
A 2.687006 8.061017 5.374012


0.000000	50210
6

K 0.000000 0.000000 0.000000
L 2.687006 2.687006 0.000000
V 0.000000 5.374012 0.000000
F 0.000000 8.061017 2.687006
F 2.687006 10.748023 2.687006
A 5.374012 10.748023 0.000000


0.000000	83540
6

K 0.000000 0.000000 0.000000
L 2.687006 2.687006 0.000000
V 5.374012 2.687006 2.687006
F 8.061017 2.687006 0.000000
F 8.061017 5.374012 -2.687006
A 8.061017 2.687006 -5.374012


0.000000	50200
6

K 0.000000 0.000000 0.000000
L 2.687006 2.687006 0.000000
V 5.374012 5.374012 0.000000
F 5.374012 8.061017 2.687006
F 8.061017 10.748023 2.687006
A 10.748023 10.748023 0.000000


0.000000	61310
6

K 0.000000 0.000000 0.000000
L 2.687006 2.687006 0.000000
V 0.000000 5.374012 0.000000
F 0.000000 8.061017 -2.687006
F -2.687006 10.748023 -2.687006
A -5.374012 8.061017 -2.687006


0.000000	61300
6

K 0.000000 0.000000 0.000000
L 2.687006 2.687006 0.000000
V 5.374012 5.374012 0.000000
F 5.374012 8.061017 -2.687006
F 2.687006 10.748023 -2.687006
A 0.000000 8.061017 -2.687006


0.000000	a5740
6

K 0.000000 0.000000 0.000000
L 2.687006 2.687006 0.000000
V 5.374012 2.687006 2.687006
F 8.061017 0.000000 2.687006
F 10.748023 0.000000 0.000000
A 8.061017 0.000000 -2.687006


0.000000	83500
6

K 0.000000 0.000000 0.000000
L 2.687006 2.687006 0.000000
V 5.374012 5.374012 0.000000
F 8.061017 5.374012 -2.687006
F 8.061017 8.061017 -5.374012
A 8.061017 5.374012 -8.061017


0.000000	07940
6

K 0.000000 0.000000 0.000000
L 2.687006 2.687006 0.000000
V 5.374012 2.687006 2.687006
F 5.374012 0.000000 5.374012
F 8.061017 -2.687006 5.374012
A 10.748023 0.000000 5.374012


0.000000	3ab10
6

K 0.000000 0.000000 0.000000
L 2.687006 2.687006 0.000000
V 0.000000 5.374012 0.000000
F -2.687006 5.374012 2.687006
F -5.374012 5.374012 0.000000
A -5.374012 8.061017 -2.687006


0.000000	61240
6

K 0.000000 0.000000 0.000000
L 2.687006 2.687006 0.000000
V 5.374012 2.687006 2.687006
F 5.374012 5.374012 5.374012
F 2.687006 8.061017 5.374012
A 0.000000 5.374012 5.374012


0.000000	50110
6

K 0.000000 0.000000 0.000000
L 2.687006 2.687006 0.000000
V 0.000000 5.374012 0.000000
F -2.687006 8.061017 0.000000
F 0.000000 10.748023 0.000000
A 2.687006 10.748023 -2.687006


0.000000	50100
6

K 0.000000 0.000000 0.000000
L 2.687006 2.687006 0.000000
V 5.374012 5.374012 0.000000
F 2.687006 8.061017 0.000000
F 5.374012 10.748023 0.000000
A 8.061017 10.748023 -2.687006


0.000000	61210
6

K 0.000000 0.000000 0.000000
L 2.687006 2.687006 0.000000
V 0.000000 5.374012 0.000000
F 0.000000 8.061017 2.687006
F -2.687006 10.748023 2.687006
A -5.374012 8.061017 2.687006


0.000000	94540
6

K 0.000000 0.000000 0.000000
L 2.687006 2.687006 0.000000
V 5.374012 2.687006 2.687006
F 8.061017 2.687006 0.000000
F 10.748023 2.687006 2.687006
A 10.748023 0.000000 5.374012


0.000000	61200
6

K 0.000000 0.000000 0.000000
L 2.687006 2.687006 0.000000
V 5.374012 5.374012 0.000000
F 5.374012 8.061017 2.687006
F 2.687006 10.748023 2.687006
A 0.000000 8.061017 2.687006


0.000000	b6740
6

K 0.000000 0.000000 0.000000
L 2.687006 2.687006 0.000000
V 5.374012 2.687006 2.687006
F 8.061017 0.000000 2.687006
F 5.374012 -2.687006 2.687006
A 2.687006 -2.687006 5.374012


0.000000	94500
6

K 0.000000 0.000000 0.000000
L 2.687006 2.687006 0.000000
V 5.374012 5.374012 0.000000
F 8.061017 5.374012 -2.687006
F 10.748023 5.374012 0.000000
A 10.748023 2.687006 2.687006


0.000000	07700
6

K 0.000000 0.000000 0.000000
L 2.687006 2.687006 0.000000
V 5.374012 5.374012 0.000000
F 8.061017 2.687006 0.000000
F 10.748023 0.000000 0.000000
A 13.435029 2.687006 0.000000


0.000000	4bb40
6

K 0.000000 0.000000 0.000000
L 2.687006 2.687006 0.000000
V 5.374012 2.687006 2.687006
F 2.687006 2.687006 5.374012
F 0.000000 2.687006 8.061017
A 2.687006 2.687006 10.748023


0.000000	50040
6

K 0.000000 0.000000 0.000000
L 2.687006 2.687006 0.000000
V 5.374012 2.687006 2.687006
F 8.061017 5.374012 2.687006
F 10.748023 8.061017 2.687006
A 13.435029 8.061017 0.000000


0.000000	3aa10
6

K 0.000000 0.000000 0.000000
L 2.687006 2.687006 0.000000
V 0.000000 5.374012 0.000000
F -2.687006 5.374012 -2.687006
F -5.374012 5.374012 -5.374012
A -5.374012 8.061017 -8.061017


0.000000	4bb10
6

K 0.000000 0.000000 0.000000
L 2.687006 2.687006 0.000000
V 0.000000 5.374012 0.000000
F -2.687006 5.374012 2.687006
F -5.374012 5.374012 5.374012
A -2.687006 5.374012 8.061017


0.000000	50010
6

K 0.000000 0.000000 0.000000
L 2.687006 2.687006 0.000000
V 0.000000 5.374012 0.000000
F 2.687006 8.061017 0.000000
F 5.374012 10.748023 0.000000
A 8.061017 10.748023 -2.687006


0.000000	50000
6

K 0.000000 0.000000 0.000000
L 2.687006 2.687006 0.000000
V 5.374012 5.374012 0.000000
F 8.061017 8.061017 0.000000
F 10.748023 10.748023 0.000000
A 13.435029 10.748023 -2.687006


0.000000	61110
6

K 0.000000 0.000000 0.000000
L 2.687006 2.687006 0.000000
V 0.000000 5.374012 0.000000
F -2.687006 8.061017 0.000000
F -5.374012 10.748023 0.000000
A -8.061017 8.061017 0.000000


0.000000	94440
6

K 0.000000 0.000000 0.000000
L 2.687006 2.687006 0.000000
V 5.374012 2.687006 2.687006
F 8.061017 2.687006 5.374012
F 10.748023 2.687006 8.061017
A 10.748023 0.000000 10.748023


0.000000	61100
6

K 0.000000 0.000000 0.000000
L 2.687006 2.687006 0.000000
V 5.374012 5.374012 0.000000
F 2.687006 8.061017 0.000000
F 0.000000 10.748023 0.000000
A -2.687006 8.061017 0.000000


0.000000	a5540
6

K 0.000000 0.000000 0.000000
L 2.687006 2.687006 0.000000
V 5.374012 2.687006 2.687006
F 8.061017 2.687006 0.000000
F 10.748023 2.687006 -2.687006
A 8.061017 2.687006 -5.374012


0.000000	83310
6

K 0.000000 0.000000 0.000000
L 2.687006 2.687006 0.000000
V 0.000000 5.374012 0.000000
F 0.000000 8.061017 -2.687006
F 0.000000 10.748023 -5.374012
A 0.000000 8.061017 -8.061017


0.000000	83300
6

K 0.000000 0.000000 0.000000
L 2.687006 2.687006 0.000000
V 5.374012 5.374012 0.000000
F 5.374012 8.061017 -2.687006
F 5.374012 10.748023 -5.374012
A 5.374012 8.061017 -8.061017


0.000000	07740
6

K 0.000000 0.000000 0.000000
L 2.687006 2.687006 0.000000
V 5.374012 2.687006 2.687006
F 8.061017 0.000000 2.687006
F 10.748023 -2.687006 2.687006
A 13.435029 0.000000 2.687006


0.000000	94400
6

K 0.000000 0.000000 0.000000
L 2.687006 2.687006 0.000000
V 5.374012 5.374012 0.000000
F 8.061017 5.374012 2.687006
F 10.748023 5.374012 5.374012
A 10.748023 2.687006 8.061017


0.000000	a5500
6

K 0.000000 0.000000 0.000000
L 2.687006 2.687006 0.000000
V 5.374012 5.374012 0.000000
F 8.061017 5.374012 -2.687006
F 10.748023 5.374012 -5.374012
A 8.061017 5.374012 -8.061017


0.000000	29940
6

K 0.000000 0.000000 0.000000
L 2.687006 2.687006 0.000000
V 5.374012 2.687006 2.687006
F 5.374012 0.000000 5.374012
F 5.374012 -2.687006 8.061017
A 5.374012 0.000000 10.748023


0.000000	29700
6

K 0.000000 0.000000 0.000000
L 2.687006 2.687006 0.000000
V 5.374012 5.374012 0.000000
F 8.061017 2.687006 0.000000
F 8.061017 0.000000 2.687006
A 8.061017 2.687006 5.374012


0.000000	61b40
6

K 0.000000 0.000000 0.000000
L 2.687006 2.687006 0.000000
V 5.374012 2.687006 2.687006
F 2.687006 2.687006 5.374012
F 0.000000 5.374012 5.374012
A -2.687006 2.687006 5.374012


0.000000	61b10
6

K 0.000000 0.000000 0.000000
L 2.687006 2.687006 0.000000
V 0.000000 5.374012 0.000000
F -2.687006 5.374012 2.687006
F -5.374012 8.061017 2.687006
A -8.061017 5.374012 2.687006


0.000000	94240
6

K 0.000000 0.000000 0.000000
L 2.687006 2.687006 0.000000
V 5.374012 2.687006 2.687006
F 5.374012 5.374012 5.374012
F 8.061017 5.374012 8.061017
A 8.061017 2.687006 10.748023


0.000000	83110
6

K 0.000000 0.000000 0.000000
L 2.687006 2.687006 0.000000
V 0.000000 5.374012 0.000000
F -2.687006 8.061017 0.000000
F -2.687006 10.748023 -2.687006
A -2.687006 8.061017 -5.374012


0.000000	83100
6

K 0.000000 0.000000 0.000000
L 2.687006 2.687006 0.000000
V 5.374012 5.374012 0.000000
F 2.687006 8.061017 0.000000
F 2.687006 10.748023 -2.687006
A 2.687006 8.061017 -5.374012


0.000000	94210
6

K 0.000000 0.000000 0.000000
L 2.687006 2.687006 0.000000
V 0.000000 5.374012 0.000000
F 0.000000 8.061017 2.687006
F 2.687006 8.061017 5.374012
A 2.687006 5.374012 8.061017


0.000000	07540
6

K 0.000000 0.000000 0.000000
L 2.687006 2.687006 0.000000
V 5.374012 2.687006 2.687006
F 8.061017 2.687006 0.000000
F 10.748023 0.000000 0.000000
A 13.435029 2.687006 0.000000


0.000000	94200
6

K 0.000000 0.000000 0.000000
L 2.687006 2.687006 0.000000
V 5.374012 5.374012 0.000000
F 5.374012 8.061017 2.687006
F 8.061017 8.061017 5.374012
A 8.061017 5.374012 8.061017


0.000000	a5310
6

K 0.000000 0.000000 0.000000
L 2.687006 2.687006 0.000000
V 0.000000 5.374012 0.000000
F 0.000000 8.061017 -2.687006
F 2.687006 8.061017 -5.374012
A 0.000000 8.061017 -8.061017


0.000000	a5300
6

K 0.000000 0.000000 0.000000
L 2.687006 2.687006 0.000000
V 5.374012 5.374012 0.000000
F 5.374012 8.061017 -2.687006
F 8.061017 8.061017 -5.374012
A 5.374012 8.061017 -8.061017


0.000000	29740
6

K 0.000000 0.000000 0.000000
L 2.687006 2.687006 0.000000
V 5.374012 2.687006 2.687006
F 8.061017 0.000000 2.687006
F 8.061017 -2.687006 5.374012
A 8.061017 0.000000 8.061017


0.000000	07500
6

K 0.000000 0.000000 0.000000
L 2.687006 2.687006 0.000000
V 5.374012 5.374012 0.000000
F 8.061017 5.374012 -2.687006
F 10.748023 2.687006 -2.687006
A 13.435029 5.374012 -2.687006


0.000000	4b940
6

K 0.000000 0.000000 0.000000
L 2.687006 2.687006 0.000000
V 5.374012 2.687006 2.687006
F 5.374012 0.000000 5.374012
F 2.687006 0.000000 8.061017
A 5.374012 0.000000 10.748023


0.000000	83040
6

K 0.000000 0.000000 0.000000
L 2.687006 2.687006 0.000000
V 5.374012 2.687006 2.687006
F 8.061017 5.374012 2.687006
F 8.061017 8.061017 0.000000
A 8.061017 5.374012 -2.687006


0.000000	61a10
6

K 0.000000 0.000000 0.000000
L 2.687006 2.687006 0.000000
V 0.000000 5.374012 0.000000
F -2.687006 5.374012 -2.687006
F -5.374012 8.061017 -2.687006
A -8.061017 5.374012 -2.687006


0.000000	83010
6

K 0.000000 0.000000 0.000000
L 2.687006 2.687006 0.000000
V 0.000000 5.374012 0.000000
F 2.687006 8.061017 0.000000
F 2.687006 10.748023 -2.687006
A 2.687006 8.061017 -5.374012


0.000000	83000
6

K 0.000000 0.000000 0.000000
L 2.687006 2.687006 0.000000
V 5.374012 5.374012 0.000000
F 8.061017 8.061017 0.000000
F 8.061017 10.748023 -2.687006
A 8.061017 8.061017 -5.374012


0.000000	07440
6

K 0.000000 0.000000 0.000000
L 2.687006 2.687006 0.000000
V 5.374012 2.687006 2.687006
F 8.061017 2.687006 5.374012
F 10.748023 0.000000 5.374012
A 13.435029 2.687006 5.374012


0.000000	07400
6

K 0.000000 0.000000 0.000000
L 2.687006 2.687006 0.000000
V 5.374012 5.374012 0.000000
F 8.061017 5.374012 2.687006
F 10.748023 2.687006 2.687006
A 13.435029 5.374012 2.687006


0.000000	94040
6

K 0.000000 0.000000 0.000000
L 2.687006 2.687006 0.000000
V 5.374012 2.687006 2.687006
F 8.061017 5.374012 2.687006
F 10.748023 5.374012 5.374012
A 10.748023 2.687006 8.061017


0.000000	94010
6

K 0.000000 0.000000 0.000000
L 2.687006 2.687006 0.000000
V 0.000000 5.374012 0.000000
F 2.687006 8.061017 0.000000
F 5.374012 8.061017 2.687006
A 5.374012 5.374012 5.374012


0.000000	94000
6

K 0.000000 0.000000 0.000000
L 2.687006 2.687006 0.000000
V 5.374012 5.374012 0.000000
F 8.061017 8.061017 0.000000
F 10.748023 8.061017 2.687006
A 10.748023 5.374012 5.374012


0.000000	50700
6

K 0.000000 0.000000 0.000000
L 2.687006 2.687006 0.000000
V 5.374012 5.374012 0.000000
F 8.061017 2.687006 0.000000
F 10.748023 5.374012 0.000000
A 13.435029 5.374012 -2.687006


0.000000	94b40
6

K 0.000000 0.000000 0.000000
L 2.687006 2.687006 0.000000
V 5.374012 2.687006 2.687006
F 2.687006 2.687006 5.374012
F 5.374012 2.687006 8.061017
A 5.374012 0.000000 10.748023


0.000000	a5040
6

K 0.000000 0.000000 0.000000
L 2.687006 2.687006 0.000000
V 5.374012 2.687006 2.687006
F 8.061017 5.374012 2.687006
F 10.748023 5.374012 0.000000
A 8.061017 5.374012 -2.687006


0.000000	83a10
6

K 0.000000 0.000000 0.000000
L 2.687006 2.687006 0.000000
V 0.000000 5.374012 0.000000
F -2.687006 5.374012 -2.687006
F -2.687006 8.061017 -5.374012
A -2.687006 5.374012 -8.061017


0.000000	94b10
6

K 0.000000 0.000000 0.000000
L 2.687006 2.687006 0.000000
V 0.000000 5.374012 0.000000
F -2.687006 5.374012 2.687006
F 0.000000 5.374012 5.374012
A 0.000000 2.687006 8.061017


0.000000	a5010
6

K 0.000000 0.000000 0.000000
L 2.687006 2.687006 0.000000
V 0.000000 5.374012 0.000000
F 2.687006 8.061017 0.000000
F 5.374012 8.061017 -2.687006
A 2.687006 8.061017 -5.374012


0.000000	a5000
6

K 0.000000 0.000000 0.000000
L 2.687006 2.687006 0.000000
V 5.374012 5.374012 0.000000
F 8.061017 8.061017 0.000000
F 10.748023 8.061017 -2.687006
A 8.061017 8.061017 -5.374012


0.000000	b6110
6

K 0.000000 0.000000 0.000000
L 2.687006 2.687006 0.000000
V 0.000000 5.374012 0.000000
F -2.687006 8.061017 0.000000
F -5.374012 5.374012 0.000000
A -8.061017 5.374012 2.687006


0.000000	29440
6

K 0.000000 0.000000 0.000000
L 2.687006 2.687006 0.000000
V 5.374012 2.687006 2.687006
F 8.061017 2.687006 5.374012
F 8.061017 0.000000 8.061017
A 8.061017 2.687006 10.748023


0.000000	50740
6

K 0.000000 0.000000 0.000000
L 2.687006 2.687006 0.000000
V 5.374012 2.687006 2.687006
F 8.061017 0.000000 2.687006
F 10.748023 2.687006 2.687006
A 13.435029 2.687006 0.000000


0.000000	29400
6

K 0.000000 0.000000 0.000000
L 2.687006 2.687006 0.000000
V 5.374012 5.374012 0.000000
F 8.061017 5.374012 2.687006
F 8.061017 2.687006 5.374012
A 8.061017 5.374012 8.061017


0.000000	3a500
6

K 0.000000 0.000000 0.000000
L 2.687006 2.687006 0.000000
V 5.374012 5.374012 0.000000
F 8.061017 5.374012 -2.687006
F 5.374012 5.374012 -5.374012
A 5.374012 8.061017 -8.061017


1000000000000.000000	00000
6

K 0.000000 0.000000 0.000000
L 2.687006 2.687006 0.000000
V 5.374012 5.374012 0.000000
F 8.061017 8.061017 0.000000
F 10.748023 10.748023 0.000000
A 13.435029 13.435029 0.000000


1000000000000.000000	00000
6

K 0.000000 0.000000 0.000000
L 2.687006 2.687006 0.000000
V 5.374012 5.374012 0.000000
F 8.061017 8.061017 0.000000
F 10.748023 10.748023 0.000000
A 13.435029 13.435029 0.000000


1000000000000.000000	00000
6

K 0.000000 0.000000 0.000000
L 2.687006 2.687006 0.000000
V 5.374012 5.374012 0.000000
F 8.061017 8.061017 0.000000
F 10.748023 10.748023 0.000000
A 13.435029 13.435029 0.000000


1000000000000.000000	00000
6

K 0.000000 0.000000 0.000000
L 2.687006 2.687006 0.000000
V 5.374012 5.374012 0.000000
F 8.061017 8.061017 0.000000
F 10.748023 10.748023 0.000000
A 13.435029 13.435029 0.000000


1000000000000.000000	00000
6

K 0.000000 0.000000 0.000000
L 2.687006 2.687006 0.000000
V 5.374012 5.374012 0.000000
F 8.061017 8.061017 0.000000
F 10.748023 10.748023 0.000000
A 13.435029 13.435029 0.000000


1000000000000.000000	00000
6

K 0.000000 0.000000 0.000000
L 2.687006 2.687006 0.000000
V 5.374012 5.374012 0.000000
F 8.061017 8.061017 0.000000
F 10.748023 10.748023 0.000000
A 13.435029 13.435029 0.000000


1000000000000.000000	00000
6

K 0.000000 0.000000 0.000000
L 2.687006 2.687006 0.000000
V 5.374012 5.374012 0.000000
F 8.061017 8.061017 0.000000
F 10.748023 10.748023 0.000000
A 13.435029 13.435029 0.000000


1000000000000.000000	00000
6

K 0.000000 0.000000 0.000000
L 2.687006 2.687006 0.000000
V 5.374012 5.374012 0.000000
F 8.061017 8.061017 0.000000
F 10.748023 10.748023 0.000000
A 13.435029 13.435029 0.000000


1000000000000.000000	00000
6

K 0.000000 0.000000 0.000000
L 2.687006 2.687006 0.000000
V 5.374012 5.374012 0.000000
F 8.061017 8.061017 0.000000
F 10.748023 10.748023 0.000000
A 13.435029 13.435029 0.000000


1000000000000.000000	00000
6

K 0.000000 0.000000 0.000000
L 2.687006 2.687006 0.000000
V 5.374012 5.374012 0.000000
F 8.061017 8.061017 0.000000
F 10.748023 10.748023 0.000000
A 13.435029 13.435029 0.000000


1000000000000.000000	00000
6

K 0.000000 0.000000 0.000000
L 2.687006 2.687006 0.000000
V 5.374012 5.374012 0.000000
F 8.061017 8.061017 0.000000
F 10.748023 10.748023 0.000000
A 13.435029 13.435029 0.000000


1000000000000.000000	00000
6

K 0.000000 0.000000 0.000000
L 2.687006 2.687006 0.000000
V 5.374012 5.374012 0.000000
F 8.061017 8.061017 0.000000
F 10.748023 10.748023 0.000000
A 13.435029 13.435029 0.000000


1000000000000.000000	00000
6

K 0.000000 0.000000 0.000000
L 2.687006 2.687006 0.000000
V 5.374012 5.374012 0.000000
F 8.061017 8.061017 0.000000
F 10.748023 10.748023 0.000000
A 13.435029 13.435029 0.000000


1000000000000.000000	00000
6

K 0.000000 0.000000 0.000000
L 2.687006 2.687006 0.000000
V 5.374012 5.374012 0.000000
F 8.061017 8.061017 0.000000
F 10.748023 10.748023 0.000000
A 13.435029 13.435029 0.000000


1000000000000.000000	00000
6

K 0.000000 0.000000 0.000000
L 2.687006 2.687006 0.000000
V 5.374012 5.374012 0.000000
F 8.061017 8.061017 0.000000
F 10.748023 10.748023 0.000000
A 13.435029 13.435029 0.000000


1000000000000.000000	00000
6

K 0.000000 0.000000 0.000000
L 2.687006 2.687006 0.000000
V 5.374012 5.374012 0.000000
F 8.061017 8.061017 0.000000
F 10.748023 10.748023 0.000000
A 13.435029 13.435029 0.000000


1000000000000.000000	00000
6

K 0.000000 0.000000 0.000000
L 2.687006 2.687006 0.000000
V 5.374012 5.374012 0.000000
F 8.061017 8.061017 0.000000
F 10.748023 10.748023 0.000000
A 13.435029 13.435029 0.000000


