-17.810000	791983a00
10

Y 0.000000 0.000000 0.000000
Y 2.687006 2.687006 0.000000
D 5.374012 5.374012 0.000000
P 2.687006 5.374012 -2.687006
E 2.687006 8.061017 -5.374012
T 2.687006 5.374012 -8.061017
G 2.687006 2.687006 -5.374012
T 0.000000 5.374012 -5.374012
W 0.000000 2.687006 -2.687006
Y 2.687006 0.000000 -2.687006


-17.810000	79a9a3340
10

Y 0.000000 0.000000 0.000000
Y 2.687006 2.687006 0.000000
D 5.374012 2.687006 2.687006
P 5.374012 5.374012 0.000000
E 5.374012 8.061017 -2.687006
T 2.687006 8.061017 -5.374012
G 2.687006 5.374012 -2.687006
T 0.000000 5.374012 -5.374012
W 0.000000 2.687006 -2.687006
Y 2.687006 0.000000 -2.687006


-17.810000	79a981300
10

Y 0.000000 0.000000 0.000000
Y 2.687006 2.687006 0.000000
D 5.374012 5.374012 0.000000
P 5.374012 8.061017 -2.687006
E 2.687006 10.748023 -2.687006
T 2.687006 8.061017 -5.374012
G 2.687006 5.374012 -2.687006
T 0.000000 5.374012 -5.374012
W 0.000000 2.687006 -2.687006
Y 2.687006 0.000000 -2.687006


-17.810000	79a983100
10

Y 0.000000 0.000000 0.000000
Y 2.687006 2.687006 0.000000
D 5.374012 5.374012 0.000000
P 2.687006 8.061017 0.000000
E 2.687006 10.748023 -2.687006
T 2.687006 8.061017 -5.374012
G 2.687006 5.374012 -2.687006
T 0.000000 5.374012 -5.374012
W 0.000000 2.687006 -2.687006
Y 2.687006 0.000000 -2.687006


-17.810000	79a963300
10

Y 0.000000 0.000000 0.000000
Y 2.687006 2.687006 0.000000
D 5.374012 5.374012 0.000000
P 5.374012 8.061017 -2.687006
E 5.374012 10.748023 -5.374012
T 2.687006 8.061017 -5.374012
G 2.687006 5.374012 -2.687006
T 0.000000 5.374012 -5.374012
W 0.000000 2.687006 -2.687006
Y 2.687006 0.000000 -2.687006


-17.810000	798b83100
10

Y 0.000000 0.000000 0.000000
Y 2.687006 2.687006 0.000000
D 5.374012 5.374012 0.000000
P 2.687006 8.061017 0.000000
E 2.687006 10.748023 -2.687006
T 2.687006 8.061017 -5.374012
G 0.000000 8.061017 -2.687006
T 0.000000 5.374012 -5.374012
W 0.000000 2.687006 -2.687006
Y 2.687006 0.000000 -2.687006


-17.810000	781892b00
10

Y 0.000000 0.000000 0.000000
Y 2.687006 2.687006 0.000000
D 5.374012 5.374012 0.000000
P 2.687006 5.374012 2.687006
E 2.687006 8.061017 5.374012
T 2.687006 5.374012 8.061017
G 2.687006 2.687006 5.374012
T 0.000000 5.374012 5.374012
W 0.000000 2.687006 2.687006
Y 2.687006 0.000000 2.687006


-17.810000	78b892100
10

Y 0.000000 0.000000 0.000000
Y 2.687006 2.687006 0.000000
D 5.374012 5.374012 0.000000
P 2.687006 8.061017 0.000000
E 2.687006 10.748023 2.687006
T 2.687006 8.061017 5.374012
G 2.687006 5.374012 2.687006
T 0.000000 5.374012 5.374012
W 0.000000 2.687006 2.687006
Y 2.687006 0.000000 2.687006


-17.810000	78b891200
10

Y 0.000000 0.000000 0.000000
Y 2.687006 2.687006 0.000000
D 5.374012 5.374012 0.000000
P 5.374012 8.061017 2.687006
E 2.687006 10.748023 2.687006
T 2.687006 8.061017 5.374012
G 2.687006 5.374012 2.687006
T 0.000000 5.374012 5.374012
W 0.000000 2.687006 2.687006
Y 2.687006 0.000000 2.687006


-17.810000	78b862200
10

Y 0.000000 0.000000 0.000000
Y 2.687006 2.687006 0.000000
D 5.374012 5.374012 0.000000
P 5.374012 8.061017 2.687006
E 5.374012 10.748023 5.374012
T 2.687006 8.061017 5.374012
G 2.687006 5.374012 2.687006
T 0.000000 5.374012 5.374012
W 0.000000 2.687006 2.687006
Y 2.687006 0.000000 2.687006


-17.810000	789a92100
10

Y 0.000000 0.000000 0.000000
Y 2.687006 2.687006 0.000000
D 5.374012 5.374012 0.000000
P 2.687006 8.061017 0.000000
E 2.687006 10.748023 2.687006
T 2.687006 8.061017 5.374012
G 0.000000 8.061017 2.687006
T 0.000000 5.374012 5.374012
W 0.000000 2.687006 2.687006
Y 2.687006 0.000000 2.687006


-17.810000	116389700
10

Y 0.000000 0.000000 0.000000
Y 2.687006 2.687006 0.000000
D 5.374012 5.374012 0.000000
P 8.061017 2.687006 0.000000
E 8.061017 0.000000 2.687006
T 8.061017 -2.687006 0.000000
G 8.061017 0.000000 -2.687006
T 5.374012 -2.687006 -2.687006
W 2.687006 0.000000 -2.687006
Y 0.000000 2.687006 -2.687006


-17.810000	116367700
10

Y 0.000000 0.000000 0.000000
Y 2.687006 2.687006 0.000000
D 5.374012 5.374012 0.000000
P 8.061017 2.687006 0.000000
E 10.748023 0.000000 0.000000
T 8.061017 -2.687006 0.000000
G 8.061017 0.000000 -2.687006
T 5.374012 -2.687006 -2.687006
W 2.687006 0.000000 -2.687006
Y 0.000000 2.687006 -2.687006


-17.810000	116367540
10

Y 0.000000 0.000000 0.000000
Y 2.687006 2.687006 0.000000
D 5.374012 2.687006 2.687006
P 8.061017 2.687006 0.000000
E 10.748023 0.000000 0.000000
T 8.061017 -2.687006 0.000000
G 8.061017 0.000000 -2.687006
T 5.374012 -2.687006 -2.687006
W 2.687006 0.000000 -2.687006
Y 0.000000 2.687006 -2.687006


-17.810000	116267700
10

Y 0.000000 0.000000 0.000000
Y 2.687006 2.687006 0.000000
D 5.374012 5.374012 0.000000
P 8.061017 2.687006 0.000000
E 10.748023 0.000000 0.000000
T 8.061017 -2.687006 0.000000
G 8.061017 0.000000 2.687006
T 5.374012 -2.687006 2.687006
W 2.687006 0.000000 2.687006
Y 0.000000 2.687006 2.687006


-17.810000	116298700
10

Y 0.000000 0.000000 0.000000
Y 2.687006 2.687006 0.000000
D 5.374012 5.374012 0.000000
P 8.061017 2.687006 0.000000
E 8.061017 0.000000 -2.687006
T 8.061017 -2.687006 0.000000
G 8.061017 0.000000 2.687006
T 5.374012 -2.687006 2.687006
W 2.687006 0.000000 2.687006
Y 0.000000 2.687006 2.687006


-17.810000	115167840
10

Y 0.000000 0.000000 0.000000
Y 2.687006 2.687006 0.000000
D 5.374012 2.687006 2.687006
P 5.374012 0.000000 0.000000
E 8.061017 -2.687006 0.000000
T 5.374012 -5.374012 0.000000
G 2.687006 -2.687006 0.000000
T 5.374012 -2.687006 -2.687006
W 2.687006 0.000000 -2.687006
Y 0.000000 2.687006 -2.687006


-17.810000	77b7b1a00
10

Y 0.000000 0.000000 0.000000
Y 2.687006 2.687006 0.000000
D 5.374012 5.374012 0.000000
P 2.687006 5.374012 -2.687006
E 0.000000 8.061017 -2.687006
T -2.687006 8.061017 0.000000
G 0.000000 5.374012 0.000000
T -2.687006 5.374012 2.687006
W 0.000000 2.687006 2.687006
Y 2.687006 0.000000 2.687006


-17.810000	77b7ba100
10

Y 0.000000 0.000000 0.000000
Y 2.687006 2.687006 0.000000
D 5.374012 5.374012 0.000000
P 2.687006 8.061017 0.000000
E 0.000000 8.061017 -2.687006
T -2.687006 8.061017 0.000000
G 0.000000 5.374012 0.000000
T -2.687006 5.374012 2.687006
W 0.000000 2.687006 2.687006
Y 2.687006 0.000000 2.687006


-17.810000	77b761100
10

Y 0.000000 0.000000 0.000000
Y 2.687006 2.687006 0.000000
D 5.374012 5.374012 0.000000
P 2.687006 8.061017 0.000000
E 0.000000 10.748023 0.000000
T -2.687006 8.061017 0.000000
G 0.000000 5.374012 0.000000
T -2.687006 5.374012 2.687006
W 0.000000 2.687006 2.687006
Y 2.687006 0.000000 2.687006


-17.810000	77a7a1140
10

Y 0.000000 0.000000 0.000000
Y 2.687006 2.687006 0.000000
D 5.374012 2.687006 2.687006
P 2.687006 5.374012 2.687006
E 0.000000 8.061017 2.687006
T -2.687006 8.061017 0.000000
G 0.000000 5.374012 0.000000
T -2.687006 5.374012 -2.687006
W 0.000000 2.687006 -2.687006
Y 2.687006 0.000000 -2.687006


-17.810000	77a7a1b00
10

Y 0.000000 0.000000 0.000000
Y 2.687006 2.687006 0.000000
D 5.374012 5.374012 0.000000
P 2.687006 5.374012 2.687006
E 0.000000 8.061017 2.687006
T -2.687006 8.061017 0.000000
G 0.000000 5.374012 0.000000
T -2.687006 5.374012 -2.687006
W 0.000000 2.687006 -2.687006
Y 2.687006 0.000000 -2.687006


-17.810000	77a7ab100
10

Y 0.000000 0.000000 0.000000
Y 2.687006 2.687006 0.000000
D 5.374012 5.374012 0.000000
P 2.687006 8.061017 0.000000
E 0.000000 8.061017 2.687006
T -2.687006 8.061017 0.000000
G 0.000000 5.374012 0.000000
T -2.687006 5.374012 -2.687006
W 0.000000 2.687006 -2.687006
Y 2.687006 0.000000 -2.687006


-17.810000	77a761100
10

Y 0.000000 0.000000 0.000000
Y 2.687006 2.687006 0.000000
D 5.374012 5.374012 0.000000
P 2.687006 8.061017 0.000000
E 0.000000 10.748023 0.000000
T -2.687006 8.061017 0.000000
G 0.000000 5.374012 0.000000
T -2.687006 5.374012 -2.687006
W 0.000000 2.687006 -2.687006
Y 2.687006 0.000000 -2.687006


-17.810000	7765ab100
10

Y 0.000000 0.000000 0.000000
Y 2.687006 2.687006 0.000000
D 5.374012 5.374012 0.000000
P 2.687006 8.061017 0.000000
E 0.000000 8.061017 2.687006
T -2.687006 8.061017 0.000000
G 0.000000 8.061017 -2.687006
T -2.687006 5.374012 -2.687006
W 0.000000 2.687006 -2.687006
Y 2.687006 0.000000 -2.687006


-17.810000	776561100
10

Y 0.000000 0.000000 0.000000
Y 2.687006 2.687006 0.000000
D 5.374012 5.374012 0.000000
P 2.687006 8.061017 0.000000
E 0.000000 10.748023 0.000000
T -2.687006 8.061017 0.000000
G 0.000000 8.061017 -2.687006
T -2.687006 5.374012 -2.687006
W 0.000000 2.687006 -2.687006
Y 2.687006 0.000000 -2.687006


-17.810000	776461100
10

Y 0.000000 0.000000 0.000000
Y 2.687006 2.687006 0.000000
D 5.374012 5.374012 0.000000
P 2.687006 8.061017 0.000000
E 0.000000 10.748023 0.000000
T -2.687006 8.061017 0.000000
G 0.000000 8.061017 2.687006
T -2.687006 5.374012 2.687006
W 0.000000 2.687006 2.687006
Y 2.687006 0.000000 2.687006


-17.810000	7764ba100
10

Y 0.000000 0.000000 0.000000
Y 2.687006 2.687006 0.000000
D 5.374012 5.374012 0.000000
P 2.687006 8.061017 0.000000
E 0.000000 8.061017 -2.687006
T -2.687006 8.061017 0.000000
G 0.000000 8.061017 2.687006
T -2.687006 5.374012 2.687006
W 0.000000 2.687006 2.687006
Y 2.687006 0.000000 2.687006


-17.810000	119167700
10

Y 0.000000 0.000000 0.000000
Y 2.687006 2.687006 0.000000
D 5.374012 5.374012 0.000000
P 8.061017 2.687006 0.000000
E 10.748023 0.000000 0.000000
T 8.061017 -2.687006 0.000000
G 5.374012 0.000000 0.000000
T 5.374012 -2.687006 2.687006
W 2.687006 0.000000 2.687006
Y 0.000000 2.687006 2.687006


-17.810000	119198700
10

Y 0.000000 0.000000 0.000000
Y 2.687006 2.687006 0.000000
D 5.374012 5.374012 0.000000
P 8.061017 2.687006 0.000000
E 8.061017 0.000000 -2.687006
T 8.061017 -2.687006 0.000000
G 5.374012 0.000000 0.000000
T 5.374012 -2.687006 2.687006
W 2.687006 0.000000 2.687006
Y 0.000000 2.687006 2.687006


-17.810000	119197800
10

Y 0.000000 0.000000 0.000000
Y 2.687006 2.687006 0.000000
D 5.374012 5.374012 0.000000
P 5.374012 2.687006 -2.687006
E 8.061017 0.000000 -2.687006
T 8.061017 -2.687006 0.000000
G 5.374012 0.000000 0.000000
T 5.374012 -2.687006 2.687006
W 2.687006 0.000000 2.687006
Y 0.000000 2.687006 2.687006


-17.810000	118167700
10

Y 0.000000 0.000000 0.000000
Y 2.687006 2.687006 0.000000
D 5.374012 5.374012 0.000000
P 8.061017 2.687006 0.000000
E 10.748023 0.000000 0.000000
T 8.061017 -2.687006 0.000000
G 5.374012 0.000000 0.000000
T 5.374012 -2.687006 -2.687006
W 2.687006 0.000000 -2.687006
Y 0.000000 2.687006 -2.687006


-17.810000	118167540
10

Y 0.000000 0.000000 0.000000
Y 2.687006 2.687006 0.000000
D 5.374012 2.687006 2.687006
P 8.061017 2.687006 0.000000
E 10.748023 0.000000 0.000000
T 8.061017 -2.687006 0.000000
G 5.374012 0.000000 0.000000
T 5.374012 -2.687006 -2.687006
W 2.687006 0.000000 -2.687006
Y 0.000000 2.687006 -2.687006


-17.810000	118165740
10

Y 0.000000 0.000000 0.000000
Y 2.687006 2.687006 0.000000
D 5.374012 2.687006 2.687006
P 8.061017 0.000000 2.687006
E 10.748023 0.000000 0.000000
T 8.061017 -2.687006 0.000000
G 5.374012 0.000000 0.000000
T 5.374012 -2.687006 -2.687006
W 2.687006 0.000000 -2.687006
Y 0.000000 2.687006 -2.687006


-17.810000	1181a7740
10

Y 0.000000 0.000000 0.000000
Y 2.687006 2.687006 0.000000
D 5.374012 2.687006 2.687006
P 8.061017 0.000000 2.687006
E 10.748023 -2.687006 2.687006
T 8.061017 -2.687006 0.000000
G 5.374012 0.000000 0.000000
T 5.374012 -2.687006 -2.687006
W 2.687006 0.000000 -2.687006
Y 0.000000 2.687006 -2.687006


-17.810000	118189700
10

Y 0.000000 0.000000 0.000000
Y 2.687006 2.687006 0.000000
D 5.374012 5.374012 0.000000
P 8.061017 2.687006 0.000000
E 8.061017 0.000000 2.687006
T 8.061017 -2.687006 0.000000
G 5.374012 0.000000 0.000000
T 5.374012 -2.687006 -2.687006
W 2.687006 0.000000 -2.687006
Y 0.000000 2.687006 -2.687006


-17.810000	118187900
10

Y 0.000000 0.000000 0.000000
Y 2.687006 2.687006 0.000000
D 5.374012 5.374012 0.000000
P 5.374012 2.687006 2.687006
E 8.061017 0.000000 2.687006
T 8.061017 -2.687006 0.000000
G 5.374012 0.000000 0.000000
T 5.374012 -2.687006 -2.687006
W 2.687006 0.000000 -2.687006
Y 0.000000 2.687006 -2.687006


-17.810000	1ba9a5700
10

Y 0.000000 0.000000 0.000000
Y 2.687006 2.687006 0.000000
D 5.374012 5.374012 0.000000
P 8.061017 2.687006 0.000000
E 10.748023 2.687006 -2.687006
T 8.061017 2.687006 -5.374012
G 8.061017 0.000000 -2.687006
T 5.374012 0.000000 -5.374012
W 2.687006 0.000000 -2.687006
Y 0.000000 2.687006 -2.687006


-17.810000	1ba9a5540
10

Y 0.000000 0.000000 0.000000
Y 2.687006 2.687006 0.000000
D 5.374012 2.687006 2.687006
P 8.061017 2.687006 0.000000
E 10.748023 2.687006 -2.687006
T 8.061017 2.687006 -5.374012
G 8.061017 0.000000 -2.687006
T 5.374012 0.000000 -5.374012
W 2.687006 0.000000 -2.687006
Y 0.000000 2.687006 -2.687006


-17.810000	1ba983540
10

Y 0.000000 0.000000 0.000000
Y 2.687006 2.687006 0.000000
D 5.374012 2.687006 2.687006
P 8.061017 2.687006 0.000000
E 8.061017 5.374012 -2.687006
T 8.061017 2.687006 -5.374012
G 8.061017 0.000000 -2.687006
T 5.374012 0.000000 -5.374012
W 2.687006 0.000000 -2.687006
Y 0.000000 2.687006 -2.687006


-17.810000	1b8ba7500
10

Y 0.000000 0.000000 0.000000
Y 2.687006 2.687006 0.000000
D 5.374012 5.374012 0.000000
P 8.061017 5.374012 -2.687006
E 10.748023 2.687006 -2.687006
T 8.061017 2.687006 -5.374012
G 5.374012 2.687006 -2.687006
T 5.374012 0.000000 -5.374012
W 2.687006 0.000000 -2.687006
Y 0.000000 2.687006 -2.687006


-17.810000	1b8ba5700
10

Y 0.000000 0.000000 0.000000
Y 2.687006 2.687006 0.000000
D 5.374012 5.374012 0.000000
P 8.061017 2.687006 0.000000
E 10.748023 2.687006 -2.687006
T 8.061017 2.687006 -5.374012
G 5.374012 2.687006 -2.687006
T 5.374012 0.000000 -5.374012
W 2.687006 0.000000 -2.687006
Y 0.000000 2.687006 -2.687006


-17.810000	1b8ba5540
10

Y 0.000000 0.000000 0.000000
Y 2.687006 2.687006 0.000000
D 5.374012 2.687006 2.687006
P 8.061017 2.687006 0.000000
E 10.748023 2.687006 -2.687006
T 8.061017 2.687006 -5.374012
G 5.374012 2.687006 -2.687006
T 5.374012 0.000000 -5.374012
W 2.687006 0.000000 -2.687006
Y 0.000000 2.687006 -2.687006


-17.810000	1b8b85340
10

Y 0.000000 0.000000 0.000000
Y 2.687006 2.687006 0.000000
D 5.374012 2.687006 2.687006
P 5.374012 5.374012 0.000000
E 8.061017 5.374012 -2.687006
T 8.061017 2.687006 -5.374012
G 5.374012 2.687006 -2.687006
T 5.374012 0.000000 -5.374012
W 2.687006 0.000000 -2.687006
Y 0.000000 2.687006 -2.687006


-17.810000	1b8b83540
10

Y 0.000000 0.000000 0.000000
Y 2.687006 2.687006 0.000000
D 5.374012 2.687006 2.687006
P 8.061017 2.687006 0.000000
E 8.061017 5.374012 -2.687006
T 8.061017 2.687006 -5.374012
G 5.374012 2.687006 -2.687006
T 5.374012 0.000000 -5.374012
W 2.687006 0.000000 -2.687006
Y 0.000000 2.687006 -2.687006


-17.810000	1b8b65500
10

Y 0.000000 0.000000 0.000000
Y 2.687006 2.687006 0.000000
D 5.374012 5.374012 0.000000
P 8.061017 5.374012 -2.687006
E 10.748023 5.374012 -5.374012
T 8.061017 2.687006 -5.374012
G 5.374012 2.687006 -2.687006
T 5.374012 0.000000 -5.374012
W 2.687006 0.000000 -2.687006
Y 0.000000 2.687006 -2.687006


-17.810000	1b7ba5800
10

Y 0.000000 0.000000 0.000000
Y 2.687006 2.687006 0.000000
D 5.374012 5.374012 0.000000
P 5.374012 2.687006 -2.687006
E 8.061017 2.687006 -5.374012
T 5.374012 2.687006 -8.061017
G 2.687006 2.687006 -5.374012
T 5.374012 0.000000 -5.374012
W 2.687006 0.000000 -2.687006
Y 0.000000 2.687006 -2.687006


-17.810000	1ab8b4700
10

Y 0.000000 0.000000 0.000000
Y 2.687006 2.687006 0.000000
D 5.374012 5.374012 0.000000
P 8.061017 2.687006 0.000000
E 10.748023 2.687006 2.687006
T 8.061017 2.687006 5.374012
G 8.061017 0.000000 2.687006
T 5.374012 0.000000 5.374012
W 2.687006 0.000000 2.687006
Y 0.000000 2.687006 2.687006


-17.810000	1a9ab4700
10

Y 0.000000 0.000000 0.000000
Y 2.687006 2.687006 0.000000
D 5.374012 5.374012 0.000000
P 8.061017 2.687006 0.000000
E 10.748023 2.687006 2.687006
T 8.061017 2.687006 5.374012
G 5.374012 2.687006 2.687006
T 5.374012 0.000000 5.374012
W 2.687006 0.000000 2.687006
Y 0.000000 2.687006 2.687006


-17.810000	1a9ab7400
10

Y 0.000000 0.000000 0.000000
Y 2.687006 2.687006 0.000000
D 5.374012 5.374012 0.000000
P 8.061017 5.374012 2.687006
E 10.748023 2.687006 2.687006
T 8.061017 2.687006 5.374012
G 5.374012 2.687006 2.687006
T 5.374012 0.000000 5.374012
W 2.687006 0.000000 2.687006
Y 0.000000 2.687006 2.687006


-17.810000	1a9a64400
10

Y 0.000000 0.000000 0.000000
Y 2.687006 2.687006 0.000000
D 5.374012 5.374012 0.000000
P 8.061017 5.374012 2.687006
E 10.748023 5.374012 5.374012
T 8.061017 2.687006 5.374012
G 5.374012 2.687006 2.687006
T 5.374012 0.000000 5.374012
W 2.687006 0.000000 2.687006
Y 0.000000 2.687006 2.687006


-17.810000	1a7ab4900
10

Y 0.000000 0.000000 0.000000
Y 2.687006 2.687006 0.000000
D 5.374012 5.374012 0.000000
P 5.374012 2.687006 2.687006
E 8.061017 2.687006 5.374012
T 5.374012 2.687006 8.061017
G 2.687006 2.687006 5.374012
T 5.374012 0.000000 5.374012
W 2.687006 0.000000 2.687006
Y 0.000000 2.687006 2.687006


-17.392807	79a7ba300
10

Y 0.000000 0.000000 0.000000
Y 2.687006 2.687006 0.000000
D 5.374012 5.374012 0.000000
P 5.374012 8.061017 -2.687006
E 2.687006 8.061017 -5.374012
T 0.000000 8.061017 -2.687006
G 2.687006 5.374012 -2.687006
T 0.000000 5.374012 -5.374012
W 0.000000 2.687006 -2.687006
Y 2.687006 0.000000 -2.687006


-17.392807	79a781100
10

Y 0.000000 0.000000 0.000000
Y 2.687006 2.687006 0.000000
D 5.374012 5.374012 0.000000
P 2.687006 8.061017 0.000000
E 0.000000 10.748023 0.000000
T 0.000000 8.061017 -2.687006
G 2.687006 5.374012 -2.687006
T 0.000000 5.374012 -5.374012
W 0.000000 2.687006 -2.687006
Y 2.687006 0.000000 -2.687006


-17.392807	79a763100
10

Y 0.000000 0.000000 0.000000
Y 2.687006 2.687006 0.000000
D 5.374012 5.374012 0.000000
P 2.687006 8.061017 0.000000
E 2.687006 10.748023 -2.687006
T 0.000000 8.061017 -2.687006
G 2.687006 5.374012 -2.687006
T 0.000000 5.374012 -5.374012
W 0.000000 2.687006 -2.687006
Y 2.687006 0.000000 -2.687006


-17.392807	79a761300
10

Y 0.000000 0.000000 0.000000
Y 2.687006 2.687006 0.000000
D 5.374012 5.374012 0.000000
P 5.374012 8.061017 -2.687006
E 2.687006 10.748023 -2.687006
T 0.000000 8.061017 -2.687006
G 2.687006 5.374012 -2.687006
T 0.000000 5.374012 -5.374012
W 0.000000 2.687006 -2.687006
Y 2.687006 0.000000 -2.687006


-17.392807	796561300
10

Y 0.000000 0.000000 0.000000
Y 2.687006 2.687006 0.000000
D 5.374012 5.374012 0.000000
P 5.374012 8.061017 -2.687006
E 2.687006 10.748023 -2.687006
T 0.000000 8.061017 -2.687006
G 2.687006 8.061017 -5.374012
T 0.000000 5.374012 -5.374012
W 0.000000 2.687006 -2.687006
Y 2.687006 0.000000 -2.687006


-17.392807	78b7ab200
10

Y 0.000000 0.000000 0.000000
Y 2.687006 2.687006 0.000000
D 5.374012 5.374012 0.000000
P 5.374012 8.061017 2.687006
E 2.687006 8.061017 5.374012
T 0.000000 8.061017 2.687006
G 2.687006 5.374012 2.687006
T 0.000000 5.374012 5.374012
W 0.000000 2.687006 2.687006
Y 2.687006 0.000000 2.687006


-17.392807	78b791100
10

Y 0.000000 0.000000 0.000000
Y 2.687006 2.687006 0.000000
D 5.374012 5.374012 0.000000
P 2.687006 8.061017 0.000000
E 0.000000 10.748023 0.000000
T 0.000000 8.061017 2.687006
G 2.687006 5.374012 2.687006
T 0.000000 5.374012 5.374012
W 0.000000 2.687006 2.687006
Y 2.687006 0.000000 2.687006


-17.392807	78b762100
10

Y 0.000000 0.000000 0.000000
Y 2.687006 2.687006 0.000000
D 5.374012 5.374012 0.000000
P 2.687006 8.061017 0.000000
E 2.687006 10.748023 2.687006
T 0.000000 8.061017 2.687006
G 2.687006 5.374012 2.687006
T 0.000000 5.374012 5.374012
W 0.000000 2.687006 2.687006
Y 2.687006 0.000000 2.687006


-17.392807	78b761200
10

Y 0.000000 0.000000 0.000000
Y 2.687006 2.687006 0.000000
D 5.374012 5.374012 0.000000
P 5.374012 8.061017 2.687006
E 2.687006 10.748023 2.687006
T 0.000000 8.061017 2.687006
G 2.687006 5.374012 2.687006
T 0.000000 5.374012 5.374012
W 0.000000 2.687006 2.687006
Y 2.687006 0.000000 2.687006


-17.392807	786461200
10

Y 0.000000 0.000000 0.000000
Y 2.687006 2.687006 0.000000
D 5.374012 5.374012 0.000000
P 5.374012 8.061017 2.687006
E 2.687006 10.748023 2.687006
T 0.000000 8.061017 2.687006
G 2.687006 8.061017 5.374012
T 0.000000 5.374012 5.374012
W 0.000000 2.687006 2.687006
Y 2.687006 0.000000 2.687006


-17.392807	77b8b3a00
10

Y 0.000000 0.000000 0.000000
Y 2.687006 2.687006 0.000000
D 5.374012 5.374012 0.000000
P 2.687006 5.374012 -2.687006
E 2.687006 8.061017 -5.374012
T 0.000000 8.061017 -2.687006
G 0.000000 5.374012 -5.374012
T -2.687006 5.374012 -2.687006
W 0.000000 2.687006 -2.687006
Y 2.687006 0.000000 -2.687006


-17.392807	77b8a2b00
10

Y 0.000000 0.000000 0.000000
Y 2.687006 2.687006 0.000000
D 5.374012 5.374012 0.000000
P 2.687006 5.374012 2.687006
E 2.687006 8.061017 5.374012
T 0.000000 8.061017 2.687006
G 0.000000 5.374012 0.000000
T -2.687006 5.374012 2.687006
W 0.000000 2.687006 2.687006
Y 2.687006 0.000000 2.687006


-17.392807	77b891100
10

Y 0.000000 0.000000 0.000000
Y 2.687006 2.687006 0.000000
D 5.374012 5.374012 0.000000
P 2.687006 8.061017 0.000000
E 0.000000 10.748023 0.000000
T 0.000000 8.061017 2.687006
G 0.000000 5.374012 0.000000
T -2.687006 5.374012 2.687006
W 0.000000 2.687006 2.687006
Y 2.687006 0.000000 2.687006


-17.392807	77b862100
10

Y 0.000000 0.000000 0.000000
Y 2.687006 2.687006 0.000000
D 5.374012 5.374012 0.000000
P 2.687006 8.061017 0.000000
E 2.687006 10.748023 2.687006
T 0.000000 8.061017 2.687006
G 0.000000 5.374012 0.000000
T -2.687006 5.374012 2.687006
W 0.000000 2.687006 2.687006
Y 2.687006 0.000000 2.687006


-17.392807	77a9b3a00
10

Y 0.000000 0.000000 0.000000
Y 2.687006 2.687006 0.000000
D 5.374012 5.374012 0.000000
P 2.687006 5.374012 -2.687006
E 2.687006 8.061017 -5.374012
T 0.000000 8.061017 -2.687006
G 0.000000 5.374012 0.000000
T -2.687006 5.374012 -2.687006
W 0.000000 2.687006 -2.687006
Y 2.687006 0.000000 -2.687006


-17.392807	77a9a2b00
10

Y 0.000000 0.000000 0.000000
Y 2.687006 2.687006 0.000000
D 5.374012 5.374012 0.000000
P 2.687006 5.374012 2.687006
E 2.687006 8.061017 5.374012
T 0.000000 8.061017 2.687006
G 0.000000 5.374012 5.374012
T -2.687006 5.374012 2.687006
W 0.000000 2.687006 2.687006
Y 2.687006 0.000000 2.687006


-17.392807	77a981100
10

Y 0.000000 0.000000 0.000000
Y 2.687006 2.687006 0.000000
D 5.374012 5.374012 0.000000
P 2.687006 8.061017 0.000000
E 0.000000 10.748023 0.000000
T 0.000000 8.061017 -2.687006
G 0.000000 5.374012 0.000000
T -2.687006 5.374012 -2.687006
W 0.000000 2.687006 -2.687006
Y 2.687006 0.000000 -2.687006


-17.392807	77a963100
10

Y 0.000000 0.000000 0.000000
Y 2.687006 2.687006 0.000000
D 5.374012 5.374012 0.000000
P 2.687006 8.061017 0.000000
E 2.687006 10.748023 -2.687006
T 0.000000 8.061017 -2.687006
G 0.000000 5.374012 0.000000
T -2.687006 5.374012 -2.687006
W 0.000000 2.687006 -2.687006
Y 2.687006 0.000000 -2.687006


-17.392807	11a9a5740
10

Y 0.000000 0.000000 0.000000
Y 2.687006 2.687006 0.000000
D 5.374012 2.687006 2.687006
P 8.061017 0.000000 2.687006
E 10.748023 0.000000 0.000000
T 8.061017 0.000000 -2.687006
G 8.061017 -2.687006 0.000000
T 5.374012 -2.687006 -2.687006
W 2.687006 0.000000 -2.687006
Y 0.000000 2.687006 -2.687006


-17.392807	119ab7700
10

Y 0.000000 0.000000 0.000000
Y 2.687006 2.687006 0.000000
D 5.374012 5.374012 0.000000
P 8.061017 2.687006 0.000000
E 10.748023 0.000000 0.000000
T 8.061017 0.000000 2.687006
G 5.374012 0.000000 0.000000
T 5.374012 -2.687006 2.687006
W 2.687006 0.000000 2.687006
Y 0.000000 2.687006 2.687006


-17.392807	119a95800
10

Y 0.000000 0.000000 0.000000
Y 2.687006 2.687006 0.000000
D 5.374012 5.374012 0.000000
P 5.374012 2.687006 -2.687006
E 8.061017 2.687006 -5.374012
T 8.061017 0.000000 -2.687006
G 5.374012 0.000000 -5.374012
T 5.374012 -2.687006 -2.687006
W 2.687006 0.000000 -2.687006
Y 0.000000 2.687006 -2.687006


-17.392807	119a84900
10

Y 0.000000 0.000000 0.000000
Y 2.687006 2.687006 0.000000
D 5.374012 5.374012 0.000000
P 5.374012 2.687006 2.687006
E 8.061017 2.687006 5.374012
T 8.061017 0.000000 2.687006
G 5.374012 0.000000 0.000000
T 5.374012 -2.687006 2.687006
W 2.687006 0.000000 2.687006
Y 0.000000 2.687006 2.687006


-17.392807	119a64700
10

Y 0.000000 0.000000 0.000000
Y 2.687006 2.687006 0.000000
D 5.374012 5.374012 0.000000
P 8.061017 2.687006 0.000000
E 10.748023 2.687006 2.687006
T 8.061017 0.000000 2.687006
G 5.374012 0.000000 0.000000
T 5.374012 -2.687006 2.687006
W 2.687006 0.000000 2.687006
Y 0.000000 2.687006 2.687006


-17.392807	118b38740
10

Y 0.000000 0.000000 0.000000
Y 2.687006 2.687006 0.000000
D 5.374012 2.687006 2.687006
P 8.061017 0.000000 2.687006
E 8.061017 -2.687006 0.000000
T 8.061017 0.000000 -2.687006
G 5.374012 0.000000 0.000000
T 5.374012 -2.687006 -2.687006
W 2.687006 0.000000 -2.687006
Y 0.000000 2.687006 -2.687006


-17.392807	118ba7700
10

Y 0.000000 0.000000 0.000000
Y 2.687006 2.687006 0.000000
D 5.374012 5.374012 0.000000
P 8.061017 2.687006 0.000000
E 10.748023 0.000000 0.000000
T 8.061017 0.000000 -2.687006
G 5.374012 0.000000 0.000000
T 5.374012 -2.687006 -2.687006
W 2.687006 0.000000 -2.687006
Y 0.000000 2.687006 -2.687006


-17.392807	118ba7540
10

Y 0.000000 0.000000 0.000000
Y 2.687006 2.687006 0.000000
D 5.374012 2.687006 2.687006
P 8.061017 2.687006 0.000000
E 10.748023 0.000000 0.000000
T 8.061017 0.000000 -2.687006
G 5.374012 0.000000 0.000000
T 5.374012 -2.687006 -2.687006
W 2.687006 0.000000 -2.687006
Y 0.000000 2.687006 -2.687006


-17.392807	118ba5740
10

Y 0.000000 0.000000 0.000000
Y 2.687006 2.687006 0.000000
D 5.374012 2.687006 2.687006
P 8.061017 0.000000 2.687006
E 10.748023 0.000000 0.000000
T 8.061017 0.000000 -2.687006
G 5.374012 0.000000 0.000000
T 5.374012 -2.687006 -2.687006
W 2.687006 0.000000 -2.687006
Y 0.000000 2.687006 -2.687006


-17.392807	118b95800
10

Y 0.000000 0.000000 0.000000
Y 2.687006 2.687006 0.000000
D 5.374012 5.374012 0.000000
P 5.374012 2.687006 -2.687006
E 8.061017 2.687006 -5.374012
T 8.061017 0.000000 -2.687006
G 5.374012 0.000000 0.000000
T 5.374012 -2.687006 -2.687006
W 2.687006 0.000000 -2.687006
Y 0.000000 2.687006 -2.687006


-17.392807	118b84900
10

Y 0.000000 0.000000 0.000000
Y 2.687006 2.687006 0.000000
D 5.374012 5.374012 0.000000
P 5.374012 2.687006 2.687006
E 8.061017 2.687006 5.374012
T 8.061017 0.000000 2.687006
G 5.374012 0.000000 5.374012
T 5.374012 -2.687006 2.687006
W 2.687006 0.000000 2.687006
Y 0.000000 2.687006 2.687006


-17.392807	118b65700
10

Y 0.000000 0.000000 0.000000
Y 2.687006 2.687006 0.000000
D 5.374012 5.374012 0.000000
P 8.061017 2.687006 0.000000
E 10.748023 2.687006 -2.687006
T 8.061017 0.000000 -2.687006
G 5.374012 0.000000 0.000000
T 5.374012 -2.687006 -2.687006
W 2.687006 0.000000 -2.687006
Y 0.000000 2.687006 -2.687006


-17.392807	118b65540
10

Y 0.000000 0.000000 0.000000
Y 2.687006 2.687006 0.000000
D 5.374012 2.687006 2.687006
P 8.061017 2.687006 0.000000
E 10.748023 2.687006 -2.687006
T 8.061017 0.000000 -2.687006
G 5.374012 0.000000 0.000000
T 5.374012 -2.687006 -2.687006
W 2.687006 0.000000 -2.687006
Y 0.000000 2.687006 -2.687006


-17.392807	1b3637840
10

Y 0.000000 0.000000 0.000000
Y 2.687006 2.687006 0.000000
D 5.374012 2.687006 2.687006
P 5.374012 0.000000 0.000000
E 8.061017 -2.687006 0.000000
T 8.061017 0.000000 -2.687006
G 5.374012 -2.687006 -2.687006
T 5.374012 0.000000 -5.374012
W 2.687006 0.000000 -2.687006
Y 0.000000 2.687006 -2.687006


-17.392807	1b8167500
10

Y 0.000000 0.000000 0.000000
Y 2.687006 2.687006 0.000000
D 5.374012 5.374012 0.000000
P 8.061017 5.374012 -2.687006
E 10.748023 2.687006 -2.687006
T 8.061017 0.000000 -2.687006
G 5.374012 2.687006 -2.687006
T 5.374012 0.000000 -5.374012
W 2.687006 0.000000 -2.687006
Y 0.000000 2.687006 -2.687006


-17.392807	1b8165700
10

Y 0.000000 0.000000 0.000000
Y 2.687006 2.687006 0.000000
D 5.374012 5.374012 0.000000
P 8.061017 2.687006 0.000000
E 10.748023 2.687006 -2.687006
T 8.061017 0.000000 -2.687006
G 5.374012 2.687006 -2.687006
T 5.374012 0.000000 -5.374012
W 2.687006 0.000000 -2.687006
Y 0.000000 2.687006 -2.687006


-17.392807	1b8165540
10

Y 0.000000 0.000000 0.000000
Y 2.687006 2.687006 0.000000
D 5.374012 2.687006 2.687006
P 8.061017 2.687006 0.000000
E 10.748023 2.687006 -2.687006
T 8.061017 0.000000 -2.687006
G 5.374012 2.687006 -2.687006
T 5.374012 0.000000 -5.374012
W 2.687006 0.000000 -2.687006
Y 0.000000 2.687006 -2.687006


-17.392807	1b8137840
10

Y 0.000000 0.000000 0.000000
Y 2.687006 2.687006 0.000000
D 5.374012 2.687006 2.687006
P 5.374012 0.000000 0.000000
E 8.061017 -2.687006 0.000000
T 8.061017 0.000000 -2.687006
G 5.374012 2.687006 -2.687006
T 5.374012 0.000000 -5.374012
W 2.687006 0.000000 -2.687006
Y 0.000000 2.687006 -2.687006


-17.392807	1b81a7700
10

Y 0.000000 0.000000 0.000000
Y 2.687006 2.687006 0.000000
D 5.374012 5.374012 0.000000
P 8.061017 2.687006 0.000000
E 10.748023 0.000000 0.000000
T 8.061017 0.000000 -2.687006
G 5.374012 2.687006 -2.687006
T 5.374012 0.000000 -5.374012
W 2.687006 0.000000 -2.687006
Y 0.000000 2.687006 -2.687006


-17.392807	1b81a7540
10

Y 0.000000 0.000000 0.000000
Y 2.687006 2.687006 0.000000
D 5.374012 2.687006 2.687006
P 8.061017 2.687006 0.000000
E 10.748023 0.000000 0.000000
T 8.061017 0.000000 -2.687006
G 5.374012 2.687006 -2.687006
T 5.374012 0.000000 -5.374012
W 2.687006 0.000000 -2.687006
Y 0.000000 2.687006 -2.687006


-17.392807	1b8198500
10

Y 0.000000 0.000000 0.000000
Y 2.687006 2.687006 0.000000
D 5.374012 5.374012 0.000000
P 8.061017 5.374012 -2.687006
E 8.061017 2.687006 -5.374012
T 8.061017 0.000000 -2.687006
G 5.374012 2.687006 -2.687006
T 5.374012 0.000000 -5.374012
W 2.687006 0.000000 -2.687006
Y 0.000000 2.687006 -2.687006


-17.392807	1b6367500
10

Y 0.000000 0.000000 0.000000
Y 2.687006 2.687006 0.000000
D 5.374012 5.374012 0.000000
P 8.061017 5.374012 -2.687006
E 10.748023 2.687006 -2.687006
T 8.061017 0.000000 -2.687006
G 8.061017 2.687006 -5.374012
T 5.374012 0.000000 -5.374012
W 2.687006 0.000000 -2.687006
Y 0.000000 2.687006 -2.687006


-17.392807	1a9167400
10

Y 0.000000 0.000000 0.000000
Y 2.687006 2.687006 0.000000
D 5.374012 5.374012 0.000000
P 8.061017 5.374012 2.687006
E 10.748023 2.687006 2.687006
T 8.061017 0.000000 2.687006
G 5.374012 2.687006 2.687006
T 5.374012 0.000000 5.374012
W 2.687006 0.000000 2.687006
Y 0.000000 2.687006 2.687006


-17.392807	1a9164700
10

Y 0.000000 0.000000 0.000000
Y 2.687006 2.687006 0.000000
D 5.374012 5.374012 0.000000
P 8.061017 2.687006 0.000000
E 10.748023 2.687006 2.687006
T 8.061017 0.000000 2.687006
G 5.374012 2.687006 2.687006
T 5.374012 0.000000 5.374012
W 2.687006 0.000000 2.687006
Y 0.000000 2.687006 2.687006


-17.392807	1a91b7700
10

Y 0.000000 0.000000 0.000000
Y 2.687006 2.687006 0.000000
D 5.374012 5.374012 0.000000
P 8.061017 2.687006 0.000000
E 10.748023 0.000000 0.000000
T 8.061017 0.000000 2.687006
G 5.374012 2.687006 2.687006
T 5.374012 0.000000 5.374012
W 2.687006 0.000000 2.687006
Y 0.000000 2.687006 2.687006


-17.392807	1a9189400
10

Y 0.000000 0.000000 0.000000
Y 2.687006 2.687006 0.000000
D 5.374012 5.374012 0.000000
P 8.061017 5.374012 2.687006
E 8.061017 2.687006 5.374012
T 8.061017 0.000000 2.687006
G 5.374012 2.687006 2.687006
T 5.374012 0.000000 5.374012
W 2.687006 0.000000 2.687006
Y 0.000000 2.687006 2.687006


-17.392807	1a6267400
10

Y 0.000000 0.000000 0.000000
Y 2.687006 2.687006 0.000000
D 5.374012 5.374012 0.000000
P 8.061017 5.374012 2.687006
E 10.748023 2.687006 2.687006
T 8.061017 0.000000 2.687006
G 8.061017 2.687006 5.374012
T 5.374012 0.000000 5.374012
W 2.687006 0.000000 2.687006
Y 0.000000 2.687006 2.687006


-17.370660	79b7a3a00
10

Y 0.000000 0.000000 0.000000
Y 2.687006 2.687006 0.000000
D 5.374012 5.374012 0.000000
P 2.687006 5.374012 -2.687006
E 2.687006 8.061017 -5.374012
T 0.000000 8.061017 -8.061017
G 2.687006 5.374012 -8.061017
T 0.000000 5.374012 -5.374012
W 0.000000 2.687006 -2.687006
Y 2.687006 0.000000 -2.687006


-17.370660	798b81300
10

Y 0.000000 0.000000 0.000000
Y 2.687006 2.687006 0.000000
D 5.374012 5.374012 0.000000
P 5.374012 8.061017 -2.687006
E 2.687006 10.748023 -2.687006
T 2.687006 8.061017 -5.374012
G 0.000000 8.061017 -2.687006
T 0.000000 5.374012 -5.374012
W 0.000000 2.687006 -2.687006
Y 2.687006 0.000000 -2.687006


-17.370660	798b63300
10

Y 0.000000 0.000000 0.000000
Y 2.687006 2.687006 0.000000
D 5.374012 5.374012 0.000000
P 5.374012 8.061017 -2.687006
E 5.374012 10.748023 -5.374012
T 2.687006 8.061017 -5.374012
G 0.000000 8.061017 -2.687006
T 0.000000 5.374012 -5.374012
W 0.000000 2.687006 -2.687006
Y 2.687006 0.000000 -2.687006


-17.370660	78a7b2b00
10

Y 0.000000 0.000000 0.000000
Y 2.687006 2.687006 0.000000
D 5.374012 5.374012 0.000000
P 2.687006 5.374012 2.687006
E 2.687006 8.061017 5.374012
T 0.000000 8.061017 8.061017
G 2.687006 5.374012 8.061017
T 0.000000 5.374012 5.374012
W 0.000000 2.687006 2.687006
Y 2.687006 0.000000 2.687006


-17.370660	789a91200
10

Y 0.000000 0.000000 0.000000
Y 2.687006 2.687006 0.000000
D 5.374012 5.374012 0.000000
P 5.374012 8.061017 2.687006
E 2.687006 10.748023 2.687006
T 2.687006 8.061017 5.374012
G 0.000000 8.061017 2.687006
T 0.000000 5.374012 5.374012
W 0.000000 2.687006 2.687006
Y 2.687006 0.000000 2.687006


-17.370660	789a62200
10

Y 0.000000 0.000000 0.000000
Y 2.687006 2.687006 0.000000
D 5.374012 5.374012 0.000000
P 5.374012 8.061017 2.687006
E 5.374012 10.748023 5.374012
T 2.687006 8.061017 5.374012
G 0.000000 8.061017 2.687006
T 0.000000 5.374012 5.374012
W 0.000000 2.687006 2.687006
Y 2.687006 0.000000 2.687006


-17.370660	116365740
10

Y 0.000000 0.000000 0.000000
Y 2.687006 2.687006 0.000000
D 5.374012 2.687006 2.687006
P 8.061017 0.000000 2.687006
E 10.748023 0.000000 0.000000
T 8.061017 -2.687006 0.000000
G 8.061017 0.000000 -2.687006
T 5.374012 -2.687006 -2.687006
W 2.687006 0.000000 -2.687006
Y 0.000000 2.687006 -2.687006


-17.370660	1163a7740
10

Y 0.000000 0.000000 0.000000
Y 2.687006 2.687006 0.000000
D 5.374012 2.687006 2.687006
P 8.061017 0.000000 2.687006
E 10.748023 -2.687006 2.687006
T 8.061017 -2.687006 0.000000
G 8.061017 0.000000 -2.687006
T 5.374012 -2.687006 -2.687006
W 2.687006 0.000000 -2.687006
Y 0.000000 2.687006 -2.687006


-17.370660	113b87840
10

Y 0.000000 0.000000 0.000000
Y 2.687006 2.687006 0.000000
D 5.374012 2.687006 2.687006
P 5.374012 0.000000 0.000000
E 8.061017 -2.687006 0.000000
T 8.061017 -5.374012 -2.687006
G 5.374012 -5.374012 0.000000
T 5.374012 -2.687006 -2.687006
W 2.687006 0.000000 -2.687006
Y 0.000000 2.687006 -2.687006


-17.370660	1ba9a7500
10

Y 0.000000 0.000000 0.000000
Y 2.687006 2.687006 0.000000
D 5.374012 5.374012 0.000000
P 8.061017 5.374012 -2.687006
E 10.748023 2.687006 -2.687006
T 8.061017 2.687006 -5.374012
G 8.061017 0.000000 -2.687006
T 5.374012 0.000000 -5.374012
W 2.687006 0.000000 -2.687006
Y 0.000000 2.687006 -2.687006


-17.370660	1ba965500
10

Y 0.000000 0.000000 0.000000
Y 2.687006 2.687006 0.000000
D 5.374012 5.374012 0.000000
P 8.061017 5.374012 -2.687006
E 10.748023 5.374012 -5.374012
T 8.061017 2.687006 -5.374012
G 8.061017 0.000000 -2.687006
T 5.374012 0.000000 -5.374012
W 2.687006 0.000000 -2.687006
Y 0.000000 2.687006 -2.687006


-17.370660	1b9185800
10

Y 0.000000 0.000000 0.000000
Y 2.687006 2.687006 0.000000
D 5.374012 5.374012 0.000000
P 5.374012 2.687006 -2.687006
E 8.061017 2.687006 -5.374012
T 8.061017 0.000000 -8.061017
G 5.374012 2.687006 -8.061017
T 5.374012 0.000000 -5.374012
W 2.687006 0.000000 -2.687006
Y 0.000000 2.687006 -2.687006


-17.370660	1ab8b7400
10

Y 0.000000 0.000000 0.000000
Y 2.687006 2.687006 0.000000
D 5.374012 5.374012 0.000000
P 8.061017 5.374012 2.687006
E 10.748023 2.687006 2.687006
T 8.061017 2.687006 5.374012
G 8.061017 0.000000 2.687006
T 5.374012 0.000000 5.374012
W 2.687006 0.000000 2.687006
Y 0.000000 2.687006 2.687006


-17.370660	1ab864400
10

Y 0.000000 0.000000 0.000000
Y 2.687006 2.687006 0.000000
D 5.374012 5.374012 0.000000
P 8.061017 5.374012 2.687006
E 10.748023 5.374012 5.374012
T 8.061017 2.687006 5.374012
G 8.061017 0.000000 2.687006
T 5.374012 0.000000 5.374012
W 2.687006 0.000000 2.687006
Y 0.000000 2.687006 2.687006


-17.370660	1a8194900
10

Y 0.000000 0.000000 0.000000
Y 2.687006 2.687006 0.000000
D 5.374012 5.374012 0.000000
P 5.374012 2.687006 2.687006
E 8.061017 2.687006 5.374012
T 8.061017 0.000000 8.061017
G 5.374012 2.687006 8.061017
T 5.374012 0.000000 5.374012
W 2.687006 0.000000 2.687006
Y 0.000000 2.687006 2.687006


-17.220000	116564900
10

Y 0.000000 0.000000 0.000000
Y 2.687006 2.687006 0.000000
D 5.374012 5.374012 0.000000
P 5.374012 2.687006 2.687006
E 8.061017 2.687006 5.374012
T 5.374012 0.000000 5.374012
G 8.061017 0.000000 2.687006
T 5.374012 -2.687006 2.687006
W 2.687006 0.000000 2.687006
Y 0.000000 2.687006 2.687006


-17.220000	116465800
10

Y 0.000000 0.000000 0.000000
Y 2.687006 2.687006 0.000000
D 5.374012 5.374012 0.000000
P 5.374012 2.687006 -2.687006
E 8.061017 2.687006 -5.374012
T 5.374012 0.000000 -5.374012
G 8.061017 0.000000 -2.687006
T 5.374012 -2.687006 -2.687006
W 2.687006 0.000000 -2.687006
Y 0.000000 2.687006 -2.687006


-17.220000	776362b00
10

Y 0.000000 0.000000 0.000000
Y 2.687006 2.687006 0.000000
D 5.374012 5.374012 0.000000
P 2.687006 5.374012 2.687006
E 2.687006 8.061017 5.374012
T 0.000000 5.374012 5.374012
G 0.000000 8.061017 2.687006
T -2.687006 5.374012 2.687006
W 0.000000 2.687006 2.687006
Y 2.687006 0.000000 2.687006


-17.220000	776263a00
10

Y 0.000000 0.000000 0.000000
Y 2.687006 2.687006 0.000000
D 5.374012 5.374012 0.000000
P 2.687006 5.374012 -2.687006
E 2.687006 8.061017 -5.374012
T 0.000000 5.374012 -5.374012
G 0.000000 8.061017 -2.687006
T -2.687006 5.374012 -2.687006
W 0.000000 2.687006 -2.687006
Y 2.687006 0.000000 -2.687006


-17.220000	1ba0a7840
10

Y 0.000000 0.000000 0.000000
Y 2.687006 2.687006 0.000000
D 5.374012 2.687006 2.687006
P 5.374012 0.000000 0.000000
E 8.061017 -2.687006 0.000000
T 5.374012 -2.687006 -2.687006
G 8.061017 0.000000 -2.687006
T 5.374012 0.000000 -5.374012
W 2.687006 0.000000 -2.687006
Y 0.000000 2.687006 -2.687006


-16.953467	796581100
10

Y 0.000000 0.000000 0.000000
Y 2.687006 2.687006 0.000000
D 5.374012 5.374012 0.000000
P 2.687006 8.061017 0.000000
E 0.000000 10.748023 0.000000
T 0.000000 8.061017 -2.687006
G 2.687006 8.061017 -5.374012
T 0.000000 5.374012 -5.374012
W 0.000000 2.687006 -2.687006
Y 2.687006 0.000000 -2.687006


-16.953467	796563100
10

Y 0.000000 0.000000 0.000000
Y 2.687006 2.687006 0.000000
D 5.374012 5.374012 0.000000
P 2.687006 8.061017 0.000000
E 2.687006 10.748023 -2.687006
T 0.000000 8.061017 -2.687006
G 2.687006 8.061017 -5.374012
T 0.000000 5.374012 -5.374012
W 0.000000 2.687006 -2.687006
Y 2.687006 0.000000 -2.687006


-16.953467	7956b3a00
10

Y 0.000000 0.000000 0.000000
Y 2.687006 2.687006 0.000000
D 5.374012 5.374012 0.000000
P 2.687006 5.374012 -2.687006
E 2.687006 8.061017 -5.374012
T 0.000000 8.061017 -2.687006
G -2.687006 5.374012 -2.687006
T 0.000000 5.374012 -5.374012
W 0.000000 2.687006 -2.687006
Y 2.687006 0.000000 -2.687006


-16.953467	786491100
10

Y 0.000000 0.000000 0.000000
Y 2.687006 2.687006 0.000000
D 5.374012 5.374012 0.000000
P 2.687006 8.061017 0.000000
E 0.000000 10.748023 0.000000
T 0.000000 8.061017 2.687006
G 2.687006 8.061017 5.374012
T 0.000000 5.374012 5.374012
W 0.000000 2.687006 2.687006
Y 2.687006 0.000000 2.687006


-16.953467	786462100
10

Y 0.000000 0.000000 0.000000
Y 2.687006 2.687006 0.000000
D 5.374012 5.374012 0.000000
P 2.687006 8.061017 0.000000
E 2.687006 10.748023 2.687006
T 0.000000 8.061017 2.687006
G 2.687006 8.061017 5.374012
T 0.000000 5.374012 5.374012
W 0.000000 2.687006 2.687006
Y 2.687006 0.000000 2.687006


-16.953467	7846a2b00
10

Y 0.000000 0.000000 0.000000
Y 2.687006 2.687006 0.000000
D 5.374012 5.374012 0.000000
P 2.687006 5.374012 2.687006
E 2.687006 8.061017 5.374012
T 0.000000 8.061017 2.687006
G -2.687006 5.374012 2.687006
T 0.000000 5.374012 5.374012
W 0.000000 2.687006 2.687006
Y 2.687006 0.000000 2.687006


-16.953467	779a91100
10

Y 0.000000 0.000000 0.000000
Y 2.687006 2.687006 0.000000
D 5.374012 5.374012 0.000000
P 2.687006 8.061017 0.000000
E 0.000000 10.748023 0.000000
T 0.000000 8.061017 2.687006
G -2.687006 8.061017 0.000000
T -2.687006 5.374012 2.687006
W 0.000000 2.687006 2.687006
Y 2.687006 0.000000 2.687006


-16.953467	779a62100
10

Y 0.000000 0.000000 0.000000
Y 2.687006 2.687006 0.000000
D 5.374012 5.374012 0.000000
P 2.687006 8.061017 0.000000
E 2.687006 10.748023 2.687006
T 0.000000 8.061017 2.687006
G -2.687006 8.061017 0.000000
T -2.687006 5.374012 2.687006
W 0.000000 2.687006 2.687006
Y 2.687006 0.000000 2.687006


-16.953467	778b81100
10

Y 0.000000 0.000000 0.000000
Y 2.687006 2.687006 0.000000
D 5.374012 5.374012 0.000000
P 2.687006 8.061017 0.000000
E 0.000000 10.748023 0.000000
T 0.000000 8.061017 -2.687006
G -2.687006 8.061017 0.000000
T -2.687006 5.374012 -2.687006
W 0.000000 2.687006 -2.687006
Y 2.687006 0.000000 -2.687006


-16.953467	778b63100
10

Y 0.000000 0.000000 0.000000
Y 2.687006 2.687006 0.000000
D 5.374012 5.374012 0.000000
P 2.687006 8.061017 0.000000
E 2.687006 10.748023 -2.687006
T 0.000000 8.061017 -2.687006
G -2.687006 8.061017 0.000000
T -2.687006 5.374012 -2.687006
W 0.000000 2.687006 -2.687006
Y 2.687006 0.000000 -2.687006


-16.953467	11b8b7700
10

Y 0.000000 0.000000 0.000000
Y 2.687006 2.687006 0.000000
D 5.374012 5.374012 0.000000
P 8.061017 2.687006 0.000000
E 10.748023 0.000000 0.000000
T 8.061017 0.000000 2.687006
G 8.061017 -2.687006 0.000000
T 5.374012 -2.687006 2.687006
W 2.687006 0.000000 2.687006
Y 0.000000 2.687006 2.687006


-16.953467	11b864700
10

Y 0.000000 0.000000 0.000000
Y 2.687006 2.687006 0.000000
D 5.374012 5.374012 0.000000
P 8.061017 2.687006 0.000000
E 10.748023 2.687006 2.687006
T 8.061017 0.000000 2.687006
G 8.061017 -2.687006 0.000000
T 5.374012 -2.687006 2.687006
W 2.687006 0.000000 2.687006
Y 0.000000 2.687006 2.687006


-16.953467	11a9a7700
10

Y 0.000000 0.000000 0.000000
Y 2.687006 2.687006 0.000000
D 5.374012 5.374012 0.000000
P 8.061017 2.687006 0.000000
E 10.748023 0.000000 0.000000
T 8.061017 0.000000 -2.687006
G 8.061017 -2.687006 0.000000
T 5.374012 -2.687006 -2.687006
W 2.687006 0.000000 -2.687006
Y 0.000000 2.687006 -2.687006


-16.953467	11a9a7540
10

Y 0.000000 0.000000 0.000000
Y 2.687006 2.687006 0.000000
D 5.374012 2.687006 2.687006
P 8.061017 2.687006 0.000000
E 10.748023 0.000000 0.000000
T 8.061017 0.000000 -2.687006
G 8.061017 -2.687006 0.000000
T 5.374012 -2.687006 -2.687006
W 2.687006 0.000000 -2.687006
Y 0.000000 2.687006 -2.687006


-16.953467	11a965700
10

Y 0.000000 0.000000 0.000000
Y 2.687006 2.687006 0.000000
D 5.374012 5.374012 0.000000
P 8.061017 2.687006 0.000000
E 10.748023 2.687006 -2.687006
T 8.061017 0.000000 -2.687006
G 8.061017 -2.687006 0.000000
T 5.374012 -2.687006 -2.687006
W 2.687006 0.000000 -2.687006
Y 0.000000 2.687006 -2.687006


-16.953467	11a965540
10

Y 0.000000 0.000000 0.000000
Y 2.687006 2.687006 0.000000
D 5.374012 2.687006 2.687006
P 8.061017 2.687006 0.000000
E 10.748023 2.687006 -2.687006
T 8.061017 0.000000 -2.687006
G 8.061017 -2.687006 0.000000
T 5.374012 -2.687006 -2.687006
W 2.687006 0.000000 -2.687006
Y 0.000000 2.687006 -2.687006


-16.953467	119a37840
10

Y 0.000000 0.000000 0.000000
Y 2.687006 2.687006 0.000000
D 5.374012 2.687006 2.687006
P 5.374012 0.000000 0.000000
E 8.061017 -2.687006 0.000000
T 8.061017 0.000000 -2.687006
G 5.374012 0.000000 -5.374012
T 5.374012 -2.687006 -2.687006
W 2.687006 0.000000 -2.687006
Y 0.000000 2.687006 -2.687006


-16.953467	1b3695800
10

Y 0.000000 0.000000 0.000000
Y 2.687006 2.687006 0.000000
D 5.374012 5.374012 0.000000
P 5.374012 2.687006 -2.687006
E 8.061017 2.687006 -5.374012
T 8.061017 0.000000 -2.687006
G 5.374012 -2.687006 -2.687006
T 5.374012 0.000000 -5.374012
W 2.687006 0.000000 -2.687006
Y 0.000000 2.687006 -2.687006


-16.953467	1b6365700
10

Y 0.000000 0.000000 0.000000
Y 2.687006 2.687006 0.000000
D 5.374012 5.374012 0.000000
P 8.061017 2.687006 0.000000
E 10.748023 2.687006 -2.687006
T 8.061017 0.000000 -2.687006
G 8.061017 2.687006 -5.374012
T 5.374012 0.000000 -5.374012
W 2.687006 0.000000 -2.687006
Y 0.000000 2.687006 -2.687006


-16.953467	1b6365540
10

Y 0.000000 0.000000 0.000000
Y 2.687006 2.687006 0.000000
D 5.374012 2.687006 2.687006
P 8.061017 2.687006 0.000000
E 10.748023 2.687006 -2.687006
T 8.061017 0.000000 -2.687006
G 8.061017 2.687006 -5.374012
T 5.374012 0.000000 -5.374012
W 2.687006 0.000000 -2.687006
Y 0.000000 2.687006 -2.687006


-16.953467	1b63a7700
10

Y 0.000000 0.000000 0.000000
Y 2.687006 2.687006 0.000000
D 5.374012 5.374012 0.000000
P 8.061017 2.687006 0.000000
E 10.748023 0.000000 0.000000
T 8.061017 0.000000 -2.687006
G 8.061017 2.687006 -5.374012
T 5.374012 0.000000 -5.374012
W 2.687006 0.000000 -2.687006
Y 0.000000 2.687006 -2.687006


-16.953467	1b63a7540
10

Y 0.000000 0.000000 0.000000
Y 2.687006 2.687006 0.000000
D 5.374012 2.687006 2.687006
P 8.061017 2.687006 0.000000
E 10.748023 0.000000 0.000000
T 8.061017 0.000000 -2.687006
G 8.061017 2.687006 -5.374012
T 5.374012 0.000000 -5.374012
W 2.687006 0.000000 -2.687006
Y 0.000000 2.687006 -2.687006


-16.953467	1a2684900
10

Y 0.000000 0.000000 0.000000
Y 2.687006 2.687006 0.000000
D 5.374012 5.374012 0.000000
P 5.374012 2.687006 2.687006
E 8.061017 2.687006 5.374012
T 8.061017 0.000000 2.687006
G 5.374012 -2.687006 2.687006
T 5.374012 0.000000 5.374012
W 2.687006 0.000000 2.687006
Y 0.000000 2.687006 2.687006


-16.953467	1a6264700
10

Y 0.000000 0.000000 0.000000
Y 2.687006 2.687006 0.000000
D 5.374012 5.374012 0.000000
P 8.061017 2.687006 0.000000
E 10.748023 2.687006 2.687006
T 8.061017 0.000000 2.687006
G 8.061017 2.687006 5.374012
T 5.374012 0.000000 5.374012
W 2.687006 0.000000 2.687006
Y 0.000000 2.687006 2.687006


-16.953467	1a62b7700
10

Y 0.000000 0.000000 0.000000
Y 2.687006 2.687006 0.000000
D 5.374012 5.374012 0.000000
P 8.061017 2.687006 0.000000
E 10.748023 0.000000 0.000000
T 8.061017 0.000000 2.687006
G 8.061017 2.687006 5.374012
T 5.374012 0.000000 5.374012
W 2.687006 0.000000 2.687006
Y 0.000000 2.687006 2.687006


-16.872742	491981a00
10

Y 0.000000 0.000000 0.000000
Y 2.687006 2.687006 0.000000
D 5.374012 5.374012 0.000000
P 2.687006 5.374012 -2.687006
E 0.000000 8.061017 -2.687006
T 0.000000 5.374012 -5.374012
G 0.000000 2.687006 -2.687006
T -2.687006 5.374012 -2.687006
W -2.687006 2.687006 0.000000
Y 0.000000 2.687006 2.687006


-16.872742	491963a00
10

Y 0.000000 0.000000 0.000000
Y 2.687006 2.687006 0.000000
D 5.374012 5.374012 0.000000
P 2.687006 5.374012 -2.687006
E 2.687006 8.061017 -5.374012
T 0.000000 5.374012 -5.374012
G 0.000000 2.687006 -2.687006
T -2.687006 5.374012 -2.687006
W -2.687006 2.687006 0.000000
Y 0.000000 2.687006 2.687006


-16.872742	49b8b3a00
10

Y 0.000000 0.000000 0.000000
Y 2.687006 2.687006 0.000000
D 5.374012 5.374012 0.000000
P 2.687006 5.374012 -2.687006
E 2.687006 8.061017 -5.374012
T 0.000000 8.061017 -2.687006
G 0.000000 5.374012 -5.374012
T -2.687006 5.374012 -2.687006
W -2.687006 2.687006 0.000000
Y 0.000000 2.687006 2.687006


-16.872742	49b7a1a00
10

Y 0.000000 0.000000 0.000000
Y 2.687006 2.687006 0.000000
D 5.374012 5.374012 0.000000
P 2.687006 5.374012 -2.687006
E 0.000000 8.061017 -2.687006
T -2.687006 8.061017 -5.374012
G 0.000000 5.374012 -5.374012
T -2.687006 5.374012 -2.687006
W -2.687006 2.687006 0.000000
Y 0.000000 2.687006 2.687006


-16.872742	49a92aa00
10

Y 0.000000 0.000000 0.000000
Y 2.687006 2.687006 0.000000
D 5.374012 5.374012 0.000000
P 2.687006 5.374012 -2.687006
E 0.000000 5.374012 -5.374012
T 0.000000 8.061017 -2.687006
G 0.000000 5.374012 0.000000
T -2.687006 5.374012 -2.687006
W -2.687006 2.687006 0.000000
Y 0.000000 2.687006 2.687006


-16.872742	49a9b3a00
10

Y 0.000000 0.000000 0.000000
Y 2.687006 2.687006 0.000000
D 5.374012 5.374012 0.000000
P 2.687006 5.374012 -2.687006
E 2.687006 8.061017 -5.374012
T 0.000000 8.061017 -2.687006
G 0.000000 5.374012 0.000000
T -2.687006 5.374012 -2.687006
W -2.687006 2.687006 0.000000
Y 0.000000 2.687006 2.687006


-16.872742	49a981100
10

Y 0.000000 0.000000 0.000000
Y 2.687006 2.687006 0.000000
D 5.374012 5.374012 0.000000
P 2.687006 8.061017 0.000000
E 0.000000 10.748023 0.000000
T 0.000000 8.061017 -2.687006
G 0.000000 5.374012 0.000000
T -2.687006 5.374012 -2.687006
W -2.687006 2.687006 0.000000
Y 0.000000 2.687006 2.687006


-16.872742	49a963100
10

Y 0.000000 0.000000 0.000000
Y 2.687006 2.687006 0.000000
D 5.374012 5.374012 0.000000
P 2.687006 8.061017 0.000000
E 2.687006 10.748023 -2.687006
T 0.000000 8.061017 -2.687006
G 0.000000 5.374012 0.000000
T -2.687006 5.374012 -2.687006
W -2.687006 2.687006 0.000000
Y 0.000000 2.687006 2.687006


-16.872742	49641aa00
10

Y 0.000000 0.000000 0.000000
Y 2.687006 2.687006 0.000000
D 5.374012 5.374012 0.000000
P 2.687006 5.374012 -2.687006
E 0.000000 5.374012 -5.374012
T -2.687006 8.061017 -5.374012
G 0.000000 8.061017 -2.687006
T -2.687006 5.374012 -2.687006
W -2.687006 2.687006 0.000000
Y 0.000000 2.687006 2.687006


-16.872742	496263a00
10

Y 0.000000 0.000000 0.000000
Y 2.687006 2.687006 0.000000
D 5.374012 5.374012 0.000000
P 2.687006 5.374012 -2.687006
E 2.687006 8.061017 -5.374012
T 0.000000 5.374012 -5.374012
G 0.000000 8.061017 -2.687006
T -2.687006 5.374012 -2.687006
W -2.687006 2.687006 0.000000
Y 0.000000 2.687006 2.687006


-16.872742	5818a2b40
10

Y 0.000000 0.000000 0.000000
Y 2.687006 2.687006 0.000000
D 5.374012 2.687006 2.687006
P 2.687006 2.687006 5.374012
E 2.687006 5.374012 8.061017
T 0.000000 5.374012 5.374012
G 0.000000 2.687006 2.687006
T -2.687006 5.374012 2.687006
W -2.687006 2.687006 0.000000
Y 0.000000 2.687006 -2.687006


-16.872742	581891140
10

Y 0.000000 0.000000 0.000000
Y 2.687006 2.687006 0.000000
D 5.374012 2.687006 2.687006
P 2.687006 5.374012 2.687006
E 0.000000 8.061017 2.687006
T 0.000000 5.374012 5.374012
G 0.000000 2.687006 2.687006
T -2.687006 5.374012 2.687006
W -2.687006 2.687006 0.000000
Y 0.000000 2.687006 -2.687006


-16.872742	581891b00
10

Y 0.000000 0.000000 0.000000
Y 2.687006 2.687006 0.000000
D 5.374012 5.374012 0.000000
P 2.687006 5.374012 2.687006
E 0.000000 8.061017 2.687006
T 0.000000 5.374012 5.374012
G 0.000000 2.687006 2.687006
T -2.687006 5.374012 2.687006
W -2.687006 2.687006 0.000000
Y 0.000000 2.687006 -2.687006


-16.872742	581862140
10

Y 0.000000 0.000000 0.000000
Y 2.687006 2.687006 0.000000
D 5.374012 2.687006 2.687006
P 2.687006 5.374012 2.687006
E 2.687006 8.061017 5.374012
T 0.000000 5.374012 5.374012
G 0.000000 2.687006 2.687006
T -2.687006 5.374012 2.687006
W -2.687006 2.687006 0.000000
Y 0.000000 2.687006 -2.687006


-16.872742	581862b00
10

Y 0.000000 0.000000 0.000000
Y 2.687006 2.687006 0.000000
D 5.374012 5.374012 0.000000
P 2.687006 5.374012 2.687006
E 2.687006 8.061017 5.374012
T 0.000000 5.374012 5.374012
G 0.000000 2.687006 2.687006
T -2.687006 5.374012 2.687006
W -2.687006 2.687006 0.000000
Y 0.000000 2.687006 -2.687006


-16.872742	58183bb40
10

Y 0.000000 0.000000 0.000000
Y 2.687006 2.687006 0.000000
D 5.374012 2.687006 2.687006
P 2.687006 2.687006 5.374012
E 0.000000 2.687006 8.061017
T 0.000000 5.374012 5.374012
G 0.000000 2.687006 2.687006
T -2.687006 5.374012 2.687006
W -2.687006 2.687006 0.000000
Y 0.000000 2.687006 -2.687006


-16.872742	58b8a2140
10

Y 0.000000 0.000000 0.000000
Y 2.687006 2.687006 0.000000
D 5.374012 2.687006 2.687006
P 2.687006 5.374012 2.687006
E 2.687006 8.061017 5.374012
T 0.000000 8.061017 2.687006
G 0.000000 5.374012 0.000000
T -2.687006 5.374012 2.687006
W -2.687006 2.687006 0.000000
Y 0.000000 2.687006 -2.687006


-16.872742	58b8a2b00
10

Y 0.000000 0.000000 0.000000
Y 2.687006 2.687006 0.000000
D 5.374012 5.374012 0.000000
P 2.687006 5.374012 2.687006
E 2.687006 8.061017 5.374012
T 0.000000 8.061017 2.687006
G 0.000000 5.374012 0.000000
T -2.687006 5.374012 2.687006
W -2.687006 2.687006 0.000000
Y 0.000000 2.687006 -2.687006


-16.872742	58b891100
10

Y 0.000000 0.000000 0.000000
Y 2.687006 2.687006 0.000000
D 5.374012 5.374012 0.000000
P 2.687006 8.061017 0.000000
E 0.000000 10.748023 0.000000
T 0.000000 8.061017 2.687006
G 0.000000 5.374012 0.000000
T -2.687006 5.374012 2.687006
W -2.687006 2.687006 0.000000
Y 0.000000 2.687006 -2.687006


-16.872742	58b862100
10

Y 0.000000 0.000000 0.000000
Y 2.687006 2.687006 0.000000
D 5.374012 5.374012 0.000000
P 2.687006 8.061017 0.000000
E 2.687006 10.748023 2.687006
T 0.000000 8.061017 2.687006
G 0.000000 5.374012 0.000000
T -2.687006 5.374012 2.687006
W -2.687006 2.687006 0.000000
Y 0.000000 2.687006 -2.687006


-16.872742	58b83b140
10

Y 0.000000 0.000000 0.000000
Y 2.687006 2.687006 0.000000
D 5.374012 2.687006 2.687006
P 2.687006 5.374012 2.687006
E 0.000000 5.374012 5.374012
T 0.000000 8.061017 2.687006
G 0.000000 5.374012 0.000000
T -2.687006 5.374012 2.687006
W -2.687006 2.687006 0.000000
Y 0.000000 2.687006 -2.687006


-16.872742	58b83bb00
10

Y 0.000000 0.000000 0.000000
Y 2.687006 2.687006 0.000000
D 5.374012 5.374012 0.000000
P 2.687006 5.374012 2.687006
E 0.000000 5.374012 5.374012
T 0.000000 8.061017 2.687006
G 0.000000 5.374012 0.000000
T -2.687006 5.374012 2.687006
W -2.687006 2.687006 0.000000
Y 0.000000 2.687006 -2.687006


-16.872742	58a9a2140
10

Y 0.000000 0.000000 0.000000
Y 2.687006 2.687006 0.000000
D 5.374012 2.687006 2.687006
P 2.687006 5.374012 2.687006
E 2.687006 8.061017 5.374012
T 0.000000 8.061017 2.687006
G 0.000000 5.374012 5.374012
T -2.687006 5.374012 2.687006
W -2.687006 2.687006 0.000000
Y 0.000000 2.687006 -2.687006


-16.872742	58a9a2b00
10

Y 0.000000 0.000000 0.000000
Y 2.687006 2.687006 0.000000
D 5.374012 5.374012 0.000000
P 2.687006 5.374012 2.687006
E 2.687006 8.061017 5.374012
T 0.000000 8.061017 2.687006
G 0.000000 5.374012 5.374012
T -2.687006 5.374012 2.687006
W -2.687006 2.687006 0.000000
Y 0.000000 2.687006 -2.687006


-16.872742	58a7b1140
10

Y 0.000000 0.000000 0.000000
Y 2.687006 2.687006 0.000000
D 5.374012 2.687006 2.687006
P 2.687006 5.374012 2.687006
E 0.000000 8.061017 2.687006
T -2.687006 8.061017 5.374012
G 0.000000 5.374012 5.374012
T -2.687006 5.374012 2.687006
W -2.687006 2.687006 0.000000
Y 0.000000 2.687006 -2.687006


-16.872742	58a7b1b00
10

Y 0.000000 0.000000 0.000000
Y 2.687006 2.687006 0.000000
D 5.374012 5.374012 0.000000
P 2.687006 5.374012 2.687006
E 0.000000 8.061017 2.687006
T -2.687006 8.061017 5.374012
G 0.000000 5.374012 5.374012
T -2.687006 5.374012 2.687006
W -2.687006 2.687006 0.000000
Y 0.000000 2.687006 -2.687006


-16.872742	58651b140
10

Y 0.000000 0.000000 0.000000
Y 2.687006 2.687006 0.000000
D 5.374012 2.687006 2.687006
P 2.687006 5.374012 2.687006
E 0.000000 5.374012 5.374012
T -2.687006 8.061017 5.374012
G 0.000000 8.061017 2.687006
T -2.687006 5.374012 2.687006
W -2.687006 2.687006 0.000000
Y 0.000000 2.687006 -2.687006


-16.872742	58651bb00
10

Y 0.000000 0.000000 0.000000
Y 2.687006 2.687006 0.000000
D 5.374012 5.374012 0.000000
P 2.687006 5.374012 2.687006
E 0.000000 5.374012 5.374012
T -2.687006 8.061017 5.374012
G 0.000000 8.061017 2.687006
T -2.687006 5.374012 2.687006
W -2.687006 2.687006 0.000000
Y 0.000000 2.687006 -2.687006


-16.872742	586362140
10

Y 0.000000 0.000000 0.000000
Y 2.687006 2.687006 0.000000
D 5.374012 2.687006 2.687006
P 2.687006 5.374012 2.687006
E 2.687006 8.061017 5.374012
T 0.000000 5.374012 5.374012
G 0.000000 8.061017 2.687006
T -2.687006 5.374012 2.687006
W -2.687006 2.687006 0.000000
Y 0.000000 2.687006 -2.687006


-16.872742	586362b00
10

Y 0.000000 0.000000 0.000000
Y 2.687006 2.687006 0.000000
D 5.374012 5.374012 0.000000
P 2.687006 5.374012 2.687006
E 2.687006 8.061017 5.374012
T 0.000000 5.374012 5.374012
G 0.000000 8.061017 2.687006
T -2.687006 5.374012 2.687006
W -2.687006 2.687006 0.000000
Y 0.000000 2.687006 -2.687006


-16.872742	8ab8b4700
10

Y 0.000000 0.000000 0.000000
Y 2.687006 2.687006 0.000000
D 5.374012 5.374012 0.000000
P 8.061017 2.687006 0.000000
E 10.748023 2.687006 2.687006
T 8.061017 2.687006 5.374012
G 8.061017 0.000000 2.687006
T 5.374012 0.000000 5.374012
W 2.687006 0.000000 2.687006
Y 2.687006 -2.687006 0.000000


-16.872742	8a9ab4700
10

Y 0.000000 0.000000 0.000000
Y 2.687006 2.687006 0.000000
D 5.374012 5.374012 0.000000
P 8.061017 2.687006 0.000000
E 10.748023 2.687006 2.687006
T 8.061017 2.687006 5.374012
G 5.374012 2.687006 2.687006
T 5.374012 0.000000 5.374012
W 2.687006 0.000000 2.687006
Y 2.687006 -2.687006 0.000000


-16.872742	8a9ab7400
10

Y 0.000000 0.000000 0.000000
Y 2.687006 2.687006 0.000000
D 5.374012 5.374012 0.000000
P 8.061017 5.374012 2.687006
E 10.748023 2.687006 2.687006
T 8.061017 2.687006 5.374012
G 5.374012 2.687006 2.687006
T 5.374012 0.000000 5.374012
W 2.687006 0.000000 2.687006
Y 2.687006 -2.687006 0.000000


-16.872742	8a9a64400
10

Y 0.000000 0.000000 0.000000
Y 2.687006 2.687006 0.000000
D 5.374012 5.374012 0.000000
P 8.061017 5.374012 2.687006
E 10.748023 5.374012 5.374012
T 8.061017 2.687006 5.374012
G 5.374012 2.687006 2.687006
T 5.374012 0.000000 5.374012
W 2.687006 0.000000 2.687006
Y 2.687006 -2.687006 0.000000


-16.872742	9ba9a5700
10

Y 0.000000 0.000000 0.000000
Y 2.687006 2.687006 0.000000
D 5.374012 5.374012 0.000000
P 8.061017 2.687006 0.000000
E 10.748023 2.687006 -2.687006
T 8.061017 2.687006 -5.374012
G 8.061017 0.000000 -2.687006
T 5.374012 0.000000 -5.374012
W 2.687006 0.000000 -2.687006
Y 2.687006 -2.687006 0.000000


-16.872742	9ba9a5540
10

Y 0.000000 0.000000 0.000000
Y 2.687006 2.687006 0.000000
D 5.374012 2.687006 2.687006
P 8.061017 2.687006 0.000000
E 10.748023 2.687006 -2.687006
T 8.061017 2.687006 -5.374012
G 8.061017 0.000000 -2.687006
T 5.374012 0.000000 -5.374012
W 2.687006 0.000000 -2.687006
Y 2.687006 -2.687006 0.000000


-16.872742	9ba983540
10

Y 0.000000 0.000000 0.000000
Y 2.687006 2.687006 0.000000
D 5.374012 2.687006 2.687006
P 8.061017 2.687006 0.000000
E 8.061017 5.374012 -2.687006
T 8.061017 2.687006 -5.374012
G 8.061017 0.000000 -2.687006
T 5.374012 0.000000 -5.374012
W 2.687006 0.000000 -2.687006
Y 2.687006 -2.687006 0.000000


-16.872742	8a7ab4900
10

Y 0.000000 0.000000 0.000000
Y 2.687006 2.687006 0.000000
D 5.374012 5.374012 0.000000
P 5.374012 2.687006 2.687006
E 8.061017 2.687006 5.374012
T 5.374012 2.687006 8.061017
G 2.687006 2.687006 5.374012
T 5.374012 0.000000 5.374012
W 2.687006 0.000000 2.687006
Y 2.687006 -2.687006 0.000000


-16.872742	9b8ba7500
10

Y 0.000000 0.000000 0.000000
Y 2.687006 2.687006 0.000000
D 5.374012 5.374012 0.000000
P 8.061017 5.374012 -2.687006
E 10.748023 2.687006 -2.687006
T 8.061017 2.687006 -5.374012
G 5.374012 2.687006 -2.687006
T 5.374012 0.000000 -5.374012
W 2.687006 0.000000 -2.687006
Y 2.687006 -2.687006 0.000000


-16.872742	9b8ba5700
10

Y 0.000000 0.000000 0.000000
Y 2.687006 2.687006 0.000000
D 5.374012 5.374012 0.000000
P 8.061017 2.687006 0.000000
E 10.748023 2.687006 -2.687006
T 8.061017 2.687006 -5.374012
G 5.374012 2.687006 -2.687006
T 5.374012 0.000000 -5.374012
W 2.687006 0.000000 -2.687006
Y 2.687006 -2.687006 0.000000


-16.872742	9b8ba5540
10

Y 0.000000 0.000000 0.000000
Y 2.687006 2.687006 0.000000
D 5.374012 2.687006 2.687006
P 8.061017 2.687006 0.000000
E 10.748023 2.687006 -2.687006
T 8.061017 2.687006 -5.374012
G 5.374012 2.687006 -2.687006
T 5.374012 0.000000 -5.374012
W 2.687006 0.000000 -2.687006
Y 2.687006 -2.687006 0.000000


-16.872742	9b8b85340
10

Y 0.000000 0.000000 0.000000
Y 2.687006 2.687006 0.000000
D 5.374012 2.687006 2.687006
P 5.374012 5.374012 0.000000
E 8.061017 5.374012 -2.687006
T 8.061017 2.687006 -5.374012
G 5.374012 2.687006 -2.687006
T 5.374012 0.000000 -5.374012
W 2.687006 0.000000 -2.687006
Y 2.687006 -2.687006 0.000000


-16.872742	9b8b83540
10

Y 0.000000 0.000000 0.000000
Y 2.687006 2.687006 0.000000
D 5.374012 2.687006 2.687006
P 8.061017 2.687006 0.000000
E 8.061017 5.374012 -2.687006
T 8.061017 2.687006 -5.374012
G 5.374012 2.687006 -2.687006
T 5.374012 0.000000 -5.374012
W 2.687006 0.000000 -2.687006
Y 2.687006 -2.687006 0.000000


-16.872742	9b8b65500
10

Y 0.000000 0.000000 0.000000
Y 2.687006 2.687006 0.000000
D 5.374012 5.374012 0.000000
P 8.061017 5.374012 -2.687006
E 10.748023 5.374012 -5.374012
T 8.061017 2.687006 -5.374012
G 5.374012 2.687006 -2.687006
T 5.374012 0.000000 -5.374012
W 2.687006 0.000000 -2.687006
Y 2.687006 -2.687006 0.000000


-16.872742	9b7ba5800
10

Y 0.000000 0.000000 0.000000
Y 2.687006 2.687006 0.000000
D 5.374012 5.374012 0.000000
P 5.374012 2.687006 -2.687006
E 8.061017 2.687006 -5.374012
T 5.374012 2.687006 -8.061017
G 2.687006 2.687006 -5.374012
T 5.374012 0.000000 -5.374012
W 2.687006 0.000000 -2.687006
Y 2.687006 -2.687006 0.000000


-16.872742	338167940
10

Y 0.000000 0.000000 0.000000
Y 2.687006 2.687006 0.000000
D 5.374012 2.687006 2.687006
P 5.374012 0.000000 5.374012
E 8.061017 -2.687006 5.374012
T 5.374012 -5.374012 5.374012
G 2.687006 -2.687006 5.374012
T 2.687006 -5.374012 2.687006
W 2.687006 -2.687006 0.000000
Y 2.687006 0.000000 -2.687006


-16.872742	338189940
10

Y 0.000000 0.000000 0.000000
Y 2.687006 2.687006 0.000000
D 5.374012 2.687006 2.687006
P 5.374012 0.000000 5.374012
E 5.374012 -2.687006 8.061017
T 5.374012 -5.374012 5.374012
G 2.687006 -2.687006 5.374012
T 2.687006 -5.374012 2.687006
W 2.687006 -2.687006 0.000000
Y 2.687006 0.000000 -2.687006


-16.872742	8818a2240
10

Y 0.000000 0.000000 0.000000
Y 2.687006 2.687006 0.000000
D 5.374012 2.687006 2.687006
P 5.374012 5.374012 5.374012
E 5.374012 8.061017 8.061017
T 2.687006 8.061017 5.374012
G 2.687006 5.374012 2.687006
T 0.000000 8.061017 2.687006
W 0.000000 5.374012 0.000000
Y 0.000000 2.687006 -2.687006


-16.872742	881832b40
10

Y 0.000000 0.000000 0.000000
Y 2.687006 2.687006 0.000000
D 5.374012 2.687006 2.687006
P 2.687006 2.687006 5.374012
E 2.687006 5.374012 8.061017
T 2.687006 8.061017 5.374012
G 2.687006 5.374012 2.687006
T 0.000000 8.061017 2.687006
W 0.000000 5.374012 0.000000
Y 0.000000 2.687006 -2.687006


-16.872742	88183b240
10

Y 0.000000 0.000000 0.000000
Y 2.687006 2.687006 0.000000
D 5.374012 2.687006 2.687006
P 5.374012 5.374012 5.374012
E 2.687006 5.374012 8.061017
T 2.687006 8.061017 5.374012
G 2.687006 5.374012 2.687006
T 0.000000 8.061017 2.687006
W 0.000000 5.374012 0.000000
Y 0.000000 2.687006 -2.687006


-16.872742	336389940
10

Y 0.000000 0.000000 0.000000
Y 2.687006 2.687006 0.000000
D 5.374012 2.687006 2.687006
P 5.374012 0.000000 5.374012
E 5.374012 -2.687006 8.061017
T 5.374012 -5.374012 5.374012
G 5.374012 -2.687006 2.687006
T 2.687006 -5.374012 2.687006
W 2.687006 -2.687006 0.000000
Y 2.687006 0.000000 -2.687006


-16.872742	336369740
10

Y 0.000000 0.000000 0.000000
Y 2.687006 2.687006 0.000000
D 5.374012 2.687006 2.687006
P 8.061017 0.000000 2.687006
E 8.061017 -2.687006 5.374012
T 5.374012 -5.374012 5.374012
G 5.374012 -2.687006 2.687006
T 2.687006 -5.374012 2.687006
W 2.687006 -2.687006 0.000000
Y 2.687006 0.000000 -2.687006


-16.872742	336367940
10

Y 0.000000 0.000000 0.000000
Y 2.687006 2.687006 0.000000
D 5.374012 2.687006 2.687006
P 5.374012 0.000000 5.374012
E 8.061017 -2.687006 5.374012
T 5.374012 -5.374012 5.374012
G 5.374012 -2.687006 2.687006
T 2.687006 -5.374012 2.687006
W 2.687006 -2.687006 0.000000
Y 2.687006 0.000000 -2.687006


-16.872742	88b832140
10

Y 0.000000 0.000000 0.000000
Y 2.687006 2.687006 0.000000
D 5.374012 2.687006 2.687006
P 2.687006 5.374012 2.687006
E 2.687006 8.061017 5.374012
T 2.687006 10.748023 2.687006
G 2.687006 8.061017 0.000000
T 0.000000 8.061017 2.687006
W 0.000000 5.374012 0.000000
Y 0.000000 2.687006 -2.687006


-16.872742	883632b40
10

Y 0.000000 0.000000 0.000000
Y 2.687006 2.687006 0.000000
D 5.374012 2.687006 2.687006
P 2.687006 2.687006 5.374012
E 2.687006 5.374012 8.061017
T 2.687006 8.061017 5.374012
G 0.000000 5.374012 5.374012
T 0.000000 8.061017 2.687006
W 0.000000 5.374012 0.000000
Y 0.000000 2.687006 -2.687006


-16.872742	316389740
10

Y 0.000000 0.000000 0.000000
Y 2.687006 2.687006 0.000000
D 5.374012 2.687006 2.687006
P 8.061017 0.000000 2.687006
E 8.061017 -2.687006 5.374012
T 8.061017 -5.374012 2.687006
G 8.061017 -2.687006 0.000000
T 5.374012 -5.374012 0.000000
W 2.687006 -2.687006 0.000000
Y 2.687006 0.000000 -2.687006


-16.872742	316367740
10

Y 0.000000 0.000000 0.000000
Y 2.687006 2.687006 0.000000
D 5.374012 2.687006 2.687006
P 8.061017 0.000000 2.687006
E 10.748023 -2.687006 2.687006
T 8.061017 -5.374012 2.687006
G 8.061017 -2.687006 0.000000
T 5.374012 -5.374012 0.000000
W 2.687006 -2.687006 0.000000
Y 2.687006 0.000000 -2.687006


-16.872742	a81892b00
10

Y 0.000000 0.000000 0.000000
Y 2.687006 2.687006 0.000000
D 5.374012 5.374012 0.000000
P 2.687006 5.374012 2.687006
E 2.687006 8.061017 5.374012
T 2.687006 5.374012 8.061017
G 2.687006 2.687006 5.374012
T 0.000000 5.374012 5.374012
W 0.000000 2.687006 2.687006
Y -2.687006 2.687006 0.000000


-16.872742	b91983a00
10

Y 0.000000 0.000000 0.000000
Y 2.687006 2.687006 0.000000
D 5.374012 5.374012 0.000000
P 2.687006 5.374012 -2.687006
E 2.687006 8.061017 -5.374012
T 2.687006 5.374012 -8.061017
G 2.687006 2.687006 -5.374012
T 0.000000 5.374012 -5.374012
W 0.000000 2.687006 -2.687006
Y -2.687006 2.687006 0.000000


-16.872742	a8b892100
10

Y 0.000000 0.000000 0.000000
Y 2.687006 2.687006 0.000000
D 5.374012 5.374012 0.000000
P 2.687006 8.061017 0.000000
E 2.687006 10.748023 2.687006
T 2.687006 8.061017 5.374012
G 2.687006 5.374012 2.687006
T 0.000000 5.374012 5.374012
W 0.000000 2.687006 2.687006
Y -2.687006 2.687006 0.000000


-16.872742	a8b891200
10

Y 0.000000 0.000000 0.000000
Y 2.687006 2.687006 0.000000
D 5.374012 5.374012 0.000000
P 5.374012 8.061017 2.687006
E 2.687006 10.748023 2.687006
T 2.687006 8.061017 5.374012
G 2.687006 5.374012 2.687006
T 0.000000 5.374012 5.374012
W 0.000000 2.687006 2.687006
Y -2.687006 2.687006 0.000000


-16.872742	a8b862200
10

Y 0.000000 0.000000 0.000000
Y 2.687006 2.687006 0.000000
D 5.374012 5.374012 0.000000
P 5.374012 8.061017 2.687006
E 5.374012 10.748023 5.374012
T 2.687006 8.061017 5.374012
G 2.687006 5.374012 2.687006
T 0.000000 5.374012 5.374012
W 0.000000 2.687006 2.687006
Y -2.687006 2.687006 0.000000


-16.872742	a89a92100
10

Y 0.000000 0.000000 0.000000
Y 2.687006 2.687006 0.000000
D 5.374012 5.374012 0.000000
P 2.687006 8.061017 0.000000
E 2.687006 10.748023 2.687006
T 2.687006 8.061017 5.374012
G 0.000000 8.061017 2.687006
T 0.000000 5.374012 5.374012
W 0.000000 2.687006 2.687006
Y -2.687006 2.687006 0.000000


-16.872742	b9a9a3340
10

Y 0.000000 0.000000 0.000000
Y 2.687006 2.687006 0.000000
D 5.374012 2.687006 2.687006
P 5.374012 5.374012 0.000000
E 5.374012 8.061017 -2.687006
T 2.687006 8.061017 -5.374012
G 2.687006 5.374012 -2.687006
T 0.000000 5.374012 -5.374012
W 0.000000 2.687006 -2.687006
Y -2.687006 2.687006 0.000000


-16.872742	b9a981300
10

Y 0.000000 0.000000 0.000000
Y 2.687006 2.687006 0.000000
D 5.374012 5.374012 0.000000
P 5.374012 8.061017 -2.687006
E 2.687006 10.748023 -2.687006
T 2.687006 8.061017 -5.374012
G 2.687006 5.374012 -2.687006
T 0.000000 5.374012 -5.374012
W 0.000000 2.687006 -2.687006
Y -2.687006 2.687006 0.000000


-16.872742	b9a983100
10

Y 0.000000 0.000000 0.000000
Y 2.687006 2.687006 0.000000
D 5.374012 5.374012 0.000000
P 2.687006 8.061017 0.000000
E 2.687006 10.748023 -2.687006
T 2.687006 8.061017 -5.374012
G 2.687006 5.374012 -2.687006
T 0.000000 5.374012 -5.374012
W 0.000000 2.687006 -2.687006
Y -2.687006 2.687006 0.000000


-16.872742	b9a963300
10

Y 0.000000 0.000000 0.000000
Y 2.687006 2.687006 0.000000
D 5.374012 5.374012 0.000000
P 5.374012 8.061017 -2.687006
E 5.374012 10.748023 -5.374012
T 2.687006 8.061017 -5.374012
G 2.687006 5.374012 -2.687006
T 0.000000 5.374012 -5.374012
W 0.000000 2.687006 -2.687006
Y -2.687006 2.687006 0.000000


-16.872742	b98b83100
10

Y 0.000000 0.000000 0.000000
Y 2.687006 2.687006 0.000000
D 5.374012 5.374012 0.000000
P 2.687006 8.061017 0.000000
E 2.687006 10.748023 -2.687006
T 2.687006 8.061017 -5.374012
G 0.000000 8.061017 -2.687006
T 0.000000 5.374012 -5.374012
W 0.000000 2.687006 -2.687006
Y -2.687006 2.687006 0.000000


-16.872742	318167740
10

Y 0.000000 0.000000 0.000000
Y 2.687006 2.687006 0.000000
D 5.374012 2.687006 2.687006
P 8.061017 0.000000 2.687006
E 10.748023 -2.687006 2.687006
T 8.061017 -5.374012 2.687006
G 5.374012 -2.687006 2.687006
T 5.374012 -5.374012 0.000000
W 2.687006 -2.687006 0.000000
Y 2.687006 0.000000 -2.687006


-16.872742	318189740
10

Y 0.000000 0.000000 0.000000
Y 2.687006 2.687006 0.000000
D 5.374012 2.687006 2.687006
P 8.061017 0.000000 2.687006
E 8.061017 -2.687006 5.374012
T 8.061017 -5.374012 2.687006
G 5.374012 -2.687006 2.687006
T 5.374012 -5.374012 0.000000
W 2.687006 -2.687006 0.000000
Y 2.687006 0.000000 -2.687006


-16.872742	318187940
10

Y 0.000000 0.000000 0.000000
Y 2.687006 2.687006 0.000000
D 5.374012 2.687006 2.687006
P 5.374012 0.000000 5.374012
E 8.061017 -2.687006 5.374012
T 8.061017 -5.374012 2.687006
G 5.374012 -2.687006 2.687006
T 5.374012 -5.374012 0.000000
W 2.687006 -2.687006 0.000000
Y 2.687006 0.000000 -2.687006


-16.872742	85a0abb40
10

Y 0.000000 0.000000 0.000000
Y 2.687006 2.687006 0.000000
D 5.374012 2.687006 2.687006
P 2.687006 2.687006 5.374012
E 0.000000 2.687006 8.061017
T -2.687006 2.687006 5.374012
G 0.000000 5.374012 5.374012
T -2.687006 5.374012 2.687006
W 0.000000 5.374012 0.000000
Y 0.000000 2.687006 -2.687006


-16.872742	2b9187800
10

Y 0.000000 0.000000 0.000000
Y 2.687006 2.687006 0.000000
D 5.374012 5.374012 0.000000
P 5.374012 2.687006 -2.687006
E 8.061017 0.000000 -2.687006
T 8.061017 -2.687006 -5.374012
G 5.374012 0.000000 -5.374012
T 5.374012 -2.687006 -2.687006
W 2.687006 -2.687006 0.000000
Y 2.687006 0.000000 2.687006


-16.872742	2b9a95800
10

Y 0.000000 0.000000 0.000000
Y 2.687006 2.687006 0.000000
D 5.374012 5.374012 0.000000
P 5.374012 2.687006 -2.687006
E 8.061017 2.687006 -5.374012
T 8.061017 0.000000 -2.687006
G 5.374012 0.000000 -5.374012
T 5.374012 -2.687006 -2.687006
W 2.687006 -2.687006 0.000000
Y 2.687006 0.000000 2.687006


-16.872742	2b8b48800
10

Y 0.000000 0.000000 0.000000
Y 2.687006 2.687006 0.000000
D 5.374012 5.374012 0.000000
P 5.374012 2.687006 -2.687006
E 5.374012 0.000000 -5.374012
T 8.061017 0.000000 -2.687006
G 5.374012 0.000000 0.000000
T 5.374012 -2.687006 -2.687006
W 2.687006 -2.687006 0.000000
Y 2.687006 0.000000 2.687006


-16.872742	2b8ba7700
10

Y 0.000000 0.000000 0.000000
Y 2.687006 2.687006 0.000000
D 5.374012 5.374012 0.000000
P 8.061017 2.687006 0.000000
E 10.748023 0.000000 0.000000
T 8.061017 0.000000 -2.687006
G 5.374012 0.000000 0.000000
T 5.374012 -2.687006 -2.687006
W 2.687006 -2.687006 0.000000
Y 2.687006 0.000000 2.687006


-16.872742	2b8b95800
10

Y 0.000000 0.000000 0.000000
Y 2.687006 2.687006 0.000000
D 5.374012 5.374012 0.000000
P 5.374012 2.687006 -2.687006
E 8.061017 2.687006 -5.374012
T 8.061017 0.000000 -2.687006
G 5.374012 0.000000 0.000000
T 5.374012 -2.687006 -2.687006
W 2.687006 -2.687006 0.000000
Y 2.687006 0.000000 2.687006


-16.872742	2b8b65700
10

Y 0.000000 0.000000 0.000000
Y 2.687006 2.687006 0.000000
D 5.374012 5.374012 0.000000
P 8.061017 2.687006 0.000000
E 10.748023 2.687006 -2.687006
T 8.061017 0.000000 -2.687006
G 5.374012 0.000000 0.000000
T 5.374012 -2.687006 -2.687006
W 2.687006 -2.687006 0.000000
Y 2.687006 0.000000 2.687006


-16.872742	8515abb40
10

Y 0.000000 0.000000 0.000000
Y 2.687006 2.687006 0.000000
D 5.374012 2.687006 2.687006
P 2.687006 2.687006 5.374012
E 0.000000 2.687006 8.061017
T -2.687006 2.687006 5.374012
G 0.000000 2.687006 2.687006
T -2.687006 5.374012 2.687006
W 0.000000 5.374012 0.000000
Y 0.000000 2.687006 -2.687006


-16.872742	2b7ba7800
10

Y 0.000000 0.000000 0.000000
Y 2.687006 2.687006 0.000000
D 5.374012 5.374012 0.000000
P 5.374012 2.687006 -2.687006
E 8.061017 0.000000 -2.687006
T 5.374012 0.000000 -5.374012
G 2.687006 0.000000 -2.687006
T 5.374012 -2.687006 -2.687006
W 2.687006 -2.687006 0.000000
Y 2.687006 0.000000 2.687006


-16.872742	2b7b65800
10

Y 0.000000 0.000000 0.000000
Y 2.687006 2.687006 0.000000
D 5.374012 5.374012 0.000000
P 5.374012 2.687006 -2.687006
E 8.061017 2.687006 -5.374012
T 5.374012 0.000000 -5.374012
G 2.687006 0.000000 -2.687006
T 5.374012 -2.687006 -2.687006
W 2.687006 -2.687006 0.000000
Y 2.687006 0.000000 2.687006


-16.872742	2b6465800
10

Y 0.000000 0.000000 0.000000
Y 2.687006 2.687006 0.000000
D 5.374012 5.374012 0.000000
P 5.374012 2.687006 -2.687006
E 8.061017 2.687006 -5.374012
T 5.374012 0.000000 -5.374012
G 8.061017 0.000000 -2.687006
T 5.374012 -2.687006 -2.687006
W 2.687006 -2.687006 0.000000
Y 2.687006 0.000000 2.687006


-16.872742	2b6278800
10

Y 0.000000 0.000000 0.000000
Y 2.687006 2.687006 0.000000
D 5.374012 5.374012 0.000000
P 5.374012 2.687006 -2.687006
E 5.374012 0.000000 -5.374012
T 8.061017 -2.687006 -5.374012
G 8.061017 0.000000 -2.687006
T 5.374012 -2.687006 -2.687006
W 2.687006 -2.687006 0.000000
Y 2.687006 0.000000 2.687006


-16.872742	3ab389740
10

Y 0.000000 0.000000 0.000000
Y 2.687006 2.687006 0.000000
D 5.374012 2.687006 2.687006
P 8.061017 0.000000 2.687006
E 8.061017 -2.687006 5.374012
T 8.061017 -5.374012 2.687006
G 8.061017 -2.687006 0.000000
T 5.374012 -2.687006 2.687006
W 2.687006 -2.687006 0.000000
Y 2.687006 0.000000 -2.687006


-16.872742	3ab367740
10

Y 0.000000 0.000000 0.000000
Y 2.687006 2.687006 0.000000
D 5.374012 2.687006 2.687006
P 8.061017 0.000000 2.687006
E 10.748023 -2.687006 2.687006
T 8.061017 -5.374012 2.687006
G 8.061017 -2.687006 0.000000
T 5.374012 -2.687006 2.687006
W 2.687006 -2.687006 0.000000
Y 2.687006 0.000000 -2.687006


-16.872742	3aa267740
10

Y 0.000000 0.000000 0.000000
Y 2.687006 2.687006 0.000000
D 5.374012 2.687006 2.687006
P 8.061017 0.000000 2.687006
E 10.748023 -2.687006 2.687006
T 8.061017 -5.374012 2.687006
G 8.061017 -2.687006 5.374012
T 5.374012 -2.687006 2.687006
W 2.687006 -2.687006 0.000000
Y 2.687006 0.000000 -2.687006


-16.872742	3aa089940
10

Y 0.000000 0.000000 0.000000
Y 2.687006 2.687006 0.000000
D 5.374012 2.687006 2.687006
P 5.374012 0.000000 5.374012
E 5.374012 -2.687006 8.061017
T 5.374012 -5.374012 5.374012
G 8.061017 -2.687006 5.374012
T 5.374012 -2.687006 2.687006
W 2.687006 -2.687006 0.000000
Y 2.687006 0.000000 -2.687006


-16.872742	3a9ab7700
10

Y 0.000000 0.000000 0.000000
Y 2.687006 2.687006 0.000000
D 5.374012 5.374012 0.000000
P 8.061017 2.687006 0.000000
E 10.748023 0.000000 0.000000
T 8.061017 0.000000 2.687006
G 5.374012 0.000000 0.000000
T 5.374012 -2.687006 2.687006
W 2.687006 -2.687006 0.000000
Y 2.687006 0.000000 -2.687006


-16.872742	3a9ab7540
10

Y 0.000000 0.000000 0.000000
Y 2.687006 2.687006 0.000000
D 5.374012 2.687006 2.687006
P 8.061017 2.687006 0.000000
E 10.748023 0.000000 0.000000
T 8.061017 0.000000 2.687006
G 5.374012 0.000000 0.000000
T 5.374012 -2.687006 2.687006
W 2.687006 -2.687006 0.000000
Y 2.687006 0.000000 -2.687006


-16.872742	3a9a84900
10

Y 0.000000 0.000000 0.000000
Y 2.687006 2.687006 0.000000
D 5.374012 5.374012 0.000000
P 5.374012 2.687006 2.687006
E 8.061017 2.687006 5.374012
T 8.061017 0.000000 2.687006
G 5.374012 0.000000 0.000000
T 5.374012 -2.687006 2.687006
W 2.687006 -2.687006 0.000000
Y 2.687006 0.000000 -2.687006


-16.872742	3a9a64700
10

Y 0.000000 0.000000 0.000000
Y 2.687006 2.687006 0.000000
D 5.374012 5.374012 0.000000
P 8.061017 2.687006 0.000000
E 10.748023 2.687006 2.687006
T 8.061017 0.000000 2.687006
G 5.374012 0.000000 0.000000
T 5.374012 -2.687006 2.687006
W 2.687006 -2.687006 0.000000
Y 2.687006 0.000000 -2.687006


-16.872742	3a9a59900
10

Y 0.000000 0.000000 0.000000
Y 2.687006 2.687006 0.000000
D 5.374012 5.374012 0.000000
P 5.374012 2.687006 2.687006
E 5.374012 0.000000 5.374012
T 8.061017 0.000000 2.687006
G 5.374012 0.000000 0.000000
T 5.374012 -2.687006 2.687006
W 2.687006 -2.687006 0.000000
Y 2.687006 0.000000 -2.687006


-16.872742	3a8167440
10

Y 0.000000 0.000000 0.000000
Y 2.687006 2.687006 0.000000
D 5.374012 2.687006 2.687006
P 8.061017 2.687006 5.374012
E 10.748023 0.000000 5.374012
T 8.061017 -2.687006 5.374012
G 5.374012 0.000000 5.374012
T 5.374012 -2.687006 2.687006
W 2.687006 -2.687006 0.000000
Y 2.687006 0.000000 -2.687006


-16.872742	3a8164740
10

Y 0.000000 0.000000 0.000000
Y 2.687006 2.687006 0.000000
D 5.374012 2.687006 2.687006
P 8.061017 0.000000 2.687006
E 10.748023 0.000000 5.374012
T 8.061017 -2.687006 5.374012
G 5.374012 0.000000 5.374012
T 5.374012 -2.687006 2.687006
W 2.687006 -2.687006 0.000000
Y 2.687006 0.000000 -2.687006


-16.872742	3a81b7740
10

Y 0.000000 0.000000 0.000000
Y 2.687006 2.687006 0.000000
D 5.374012 2.687006 2.687006
P 8.061017 0.000000 2.687006
E 10.748023 -2.687006 2.687006
T 8.061017 -2.687006 5.374012
G 5.374012 0.000000 5.374012
T 5.374012 -2.687006 2.687006
W 2.687006 -2.687006 0.000000
Y 2.687006 0.000000 -2.687006


-16.872742	3a8197900
10

Y 0.000000 0.000000 0.000000
Y 2.687006 2.687006 0.000000
D 5.374012 5.374012 0.000000
P 5.374012 2.687006 2.687006
E 8.061017 0.000000 2.687006
T 8.061017 -2.687006 5.374012
G 5.374012 0.000000 5.374012
T 5.374012 -2.687006 2.687006
W 2.687006 -2.687006 0.000000
Y 2.687006 0.000000 -2.687006


-16.872742	3a8189440
10

Y 0.000000 0.000000 0.000000
Y 2.687006 2.687006 0.000000
D 5.374012 2.687006 2.687006
P 8.061017 2.687006 5.374012
E 8.061017 0.000000 8.061017
T 8.061017 -2.687006 5.374012
G 5.374012 0.000000 5.374012
T 5.374012 -2.687006 2.687006
W 2.687006 -2.687006 0.000000
Y 2.687006 0.000000 -2.687006


-16.872742	3a8ba7440
10

Y 0.000000 0.000000 0.000000
Y 2.687006 2.687006 0.000000
D 5.374012 2.687006 2.687006
P 8.061017 2.687006 5.374012
E 10.748023 0.000000 5.374012
T 8.061017 0.000000 2.687006
G 5.374012 0.000000 5.374012
T 5.374012 -2.687006 2.687006
W 2.687006 -2.687006 0.000000
Y 2.687006 0.000000 -2.687006


-16.872742	3a8b84900
10

Y 0.000000 0.000000 0.000000
Y 2.687006 2.687006 0.000000
D 5.374012 5.374012 0.000000
P 5.374012 2.687006 2.687006
E 8.061017 2.687006 5.374012
T 8.061017 0.000000 2.687006
G 5.374012 0.000000 5.374012
T 5.374012 -2.687006 2.687006
W 2.687006 -2.687006 0.000000
Y 2.687006 0.000000 -2.687006


-16.872742	3a7ab7900
10

Y 0.000000 0.000000 0.000000
Y 2.687006 2.687006 0.000000
D 5.374012 5.374012 0.000000
P 5.374012 2.687006 2.687006
E 8.061017 0.000000 2.687006
T 5.374012 0.000000 5.374012
G 2.687006 0.000000 2.687006
T 5.374012 -2.687006 2.687006
W 2.687006 -2.687006 0.000000
Y 2.687006 0.000000 -2.687006


-16.872742	3a7a64900
10

Y 0.000000 0.000000 0.000000
Y 2.687006 2.687006 0.000000
D 5.374012 5.374012 0.000000
P 5.374012 2.687006 2.687006
E 8.061017 2.687006 5.374012
T 5.374012 0.000000 5.374012
G 2.687006 0.000000 2.687006
T 5.374012 -2.687006 2.687006
W 2.687006 -2.687006 0.000000
Y 2.687006 0.000000 -2.687006


-16.872742	3a7a59b40
10

Y 0.000000 0.000000 0.000000
Y 2.687006 2.687006 0.000000
D 5.374012 2.687006 2.687006
P 2.687006 2.687006 5.374012
E 2.687006 0.000000 8.061017
T 5.374012 0.000000 5.374012
G 2.687006 0.000000 2.687006
T 5.374012 -2.687006 2.687006
W 2.687006 -2.687006 0.000000
Y 2.687006 0.000000 -2.687006


-16.872742	3a65a9440
10

Y 0.000000 0.000000 0.000000
Y 2.687006 2.687006 0.000000
D 5.374012 2.687006 2.687006
P 8.061017 2.687006 5.374012
E 8.061017 0.000000 8.061017
T 5.374012 0.000000 5.374012
G 8.061017 0.000000 2.687006
T 5.374012 -2.687006 2.687006
W 2.687006 -2.687006 0.000000
Y 2.687006 0.000000 -2.687006


-16.872742	3a6564900
10

Y 0.000000 0.000000 0.000000
Y 2.687006 2.687006 0.000000
D 5.374012 5.374012 0.000000
P 5.374012 2.687006 2.687006
E 8.061017 2.687006 5.374012
T 5.374012 0.000000 5.374012
G 8.061017 0.000000 2.687006
T 5.374012 -2.687006 2.687006
W 2.687006 -2.687006 0.000000
Y 2.687006 0.000000 -2.687006


-16.872742	3a6389440
10

Y 0.000000 0.000000 0.000000
Y 2.687006 2.687006 0.000000
D 5.374012 2.687006 2.687006
P 8.061017 2.687006 5.374012
E 8.061017 0.000000 8.061017
T 8.061017 -2.687006 5.374012
G 8.061017 0.000000 2.687006
T 5.374012 -2.687006 2.687006
W 2.687006 -2.687006 0.000000
Y 2.687006 0.000000 -2.687006


-16.872742	3a6384940
10

Y 0.000000 0.000000 0.000000
Y 2.687006 2.687006 0.000000
D 5.374012 2.687006 2.687006
P 5.374012 0.000000 5.374012
E 8.061017 0.000000 8.061017
T 8.061017 -2.687006 5.374012
G 8.061017 0.000000 2.687006
T 5.374012 -2.687006 2.687006
W 2.687006 -2.687006 0.000000
Y 2.687006 0.000000 -2.687006


-16.872742	3a6379900
10

Y 0.000000 0.000000 0.000000
Y 2.687006 2.687006 0.000000
D 5.374012 5.374012 0.000000
P 5.374012 2.687006 2.687006
E 5.374012 0.000000 5.374012
T 8.061017 -2.687006 5.374012
G 8.061017 0.000000 2.687006
T 5.374012 -2.687006 2.687006
W 2.687006 -2.687006 0.000000
Y 2.687006 0.000000 -2.687006


-16.872742	3a6367440
10

Y 0.000000 0.000000 0.000000
Y 2.687006 2.687006 0.000000
D 5.374012 2.687006 2.687006
P 8.061017 2.687006 5.374012
E 10.748023 0.000000 5.374012
T 8.061017 -2.687006 5.374012
G 8.061017 0.000000 2.687006
T 5.374012 -2.687006 2.687006
W 2.687006 -2.687006 0.000000
Y 2.687006 0.000000 -2.687006


-16.872742	3a6359940
10

Y 0.000000 0.000000 0.000000
Y 2.687006 2.687006 0.000000
D 5.374012 2.687006 2.687006
P 5.374012 0.000000 5.374012
E 5.374012 -2.687006 8.061017
T 8.061017 -2.687006 5.374012
G 8.061017 0.000000 2.687006
T 5.374012 -2.687006 2.687006
W 2.687006 -2.687006 0.000000
Y 2.687006 0.000000 -2.687006


-16.872742	3a5167940
10

Y 0.000000 0.000000 0.000000
Y 2.687006 2.687006 0.000000
D 5.374012 2.687006 2.687006
P 5.374012 0.000000 5.374012
E 8.061017 -2.687006 5.374012
T 5.374012 -5.374012 5.374012
G 2.687006 -2.687006 5.374012
T 5.374012 -2.687006 2.687006
W 2.687006 -2.687006 0.000000
Y 2.687006 0.000000 -2.687006


-16.872742	3a5189940
10

Y 0.000000 0.000000 0.000000
Y 2.687006 2.687006 0.000000
D 5.374012 2.687006 2.687006
P 5.374012 0.000000 5.374012
E 5.374012 -2.687006 8.061017
T 5.374012 -5.374012 5.374012
G 2.687006 -2.687006 5.374012
T 5.374012 -2.687006 2.687006
W 2.687006 -2.687006 0.000000
Y 2.687006 0.000000 -2.687006


-16.802807	7b19a5800
10

Y 0.000000 0.000000 0.000000
Y 2.687006 2.687006 0.000000
D 5.374012 5.374012 0.000000
P 5.374012 2.687006 -2.687006
E 8.061017 2.687006 -5.374012
T 5.374012 2.687006 -8.061017
G 5.374012 0.000000 -5.374012
T 2.687006 2.687006 -5.374012
W 0.000000 2.687006 -2.687006
Y 2.687006 0.000000 -2.687006


-16.802807	7ba918500
10

Y 0.000000 0.000000 0.000000
Y 2.687006 2.687006 0.000000
D 5.374012 5.374012 0.000000
P 8.061017 5.374012 -2.687006
E 8.061017 2.687006 -5.374012
T 5.374012 5.374012 -5.374012
G 5.374012 2.687006 -2.687006
T 2.687006 2.687006 -5.374012
W 0.000000 2.687006 -2.687006
Y 2.687006 0.000000 -2.687006


-16.802807	7ba9a3540
10

Y 0.000000 0.000000 0.000000
Y 2.687006 2.687006 0.000000
D 5.374012 2.687006 2.687006
P 8.061017 2.687006 0.000000
E 8.061017 5.374012 -2.687006
T 5.374012 5.374012 -5.374012
G 5.374012 2.687006 -2.687006
T 2.687006 2.687006 -5.374012
W 0.000000 2.687006 -2.687006
Y 2.687006 0.000000 -2.687006


-16.802807	7ba9a5340
10

Y 0.000000 0.000000 0.000000
Y 2.687006 2.687006 0.000000
D 5.374012 2.687006 2.687006
P 5.374012 5.374012 0.000000
E 8.061017 5.374012 -2.687006
T 5.374012 5.374012 -5.374012
G 5.374012 2.687006 -2.687006
T 2.687006 2.687006 -5.374012
W 0.000000 2.687006 -2.687006
Y 2.687006 0.000000 -2.687006


-16.802807	7ba983340
10

Y 0.000000 0.000000 0.000000
Y 2.687006 2.687006 0.000000
D 5.374012 2.687006 2.687006
P 5.374012 5.374012 0.000000
E 5.374012 8.061017 -2.687006
T 5.374012 5.374012 -5.374012
G 5.374012 2.687006 -2.687006
T 2.687006 2.687006 -5.374012
W 0.000000 2.687006 -2.687006
Y 2.687006 0.000000 -2.687006


-16.802807	7ba973a00
10

Y 0.000000 0.000000 0.000000
Y 2.687006 2.687006 0.000000
D 5.374012 5.374012 0.000000
P 2.687006 5.374012 -2.687006
E 2.687006 8.061017 -5.374012
T 5.374012 5.374012 -5.374012
G 5.374012 2.687006 -2.687006
T 2.687006 2.687006 -5.374012
W 0.000000 2.687006 -2.687006
Y 2.687006 0.000000 -2.687006


-16.802807	7ba963500
10

Y 0.000000 0.000000 0.000000
Y 2.687006 2.687006 0.000000
D 5.374012 5.374012 0.000000
P 8.061017 5.374012 -2.687006
E 8.061017 8.061017 -5.374012
T 5.374012 5.374012 -5.374012
G 5.374012 2.687006 -2.687006
T 2.687006 2.687006 -5.374012
W 0.000000 2.687006 -2.687006
Y 2.687006 0.000000 -2.687006


-16.802807	7b8b15800
10

Y 0.000000 0.000000 0.000000
Y 2.687006 2.687006 0.000000
D 5.374012 5.374012 0.000000
P 5.374012 2.687006 -2.687006
E 8.061017 2.687006 -5.374012
T 5.374012 5.374012 -5.374012
G 2.687006 5.374012 -2.687006
T 2.687006 2.687006 -5.374012
W 0.000000 2.687006 -2.687006
Y 2.687006 0.000000 -2.687006


-16.802807	7b8ba5340
10

Y 0.000000 0.000000 0.000000
Y 2.687006 2.687006 0.000000
D 5.374012 2.687006 2.687006
P 5.374012 5.374012 0.000000
E 8.061017 5.374012 -2.687006
T 5.374012 5.374012 -5.374012
G 2.687006 5.374012 -2.687006
T 2.687006 2.687006 -5.374012
W 0.000000 2.687006 -2.687006
Y 2.687006 0.000000 -2.687006


-16.802807	7b8b83340
10

Y 0.000000 0.000000 0.000000
Y 2.687006 2.687006 0.000000
D 5.374012 2.687006 2.687006
P 5.374012 5.374012 0.000000
E 5.374012 8.061017 -2.687006
T 5.374012 5.374012 -5.374012
G 2.687006 5.374012 -2.687006
T 2.687006 2.687006 -5.374012
W 0.000000 2.687006 -2.687006
Y 2.687006 0.000000 -2.687006


-16.802807	7b8b7a300
10

Y 0.000000 0.000000 0.000000
Y 2.687006 2.687006 0.000000
D 5.374012 5.374012 0.000000
P 5.374012 8.061017 -2.687006
E 2.687006 8.061017 -5.374012
T 5.374012 5.374012 -5.374012
G 2.687006 5.374012 -2.687006
T 2.687006 2.687006 -5.374012
W 0.000000 2.687006 -2.687006
Y 2.687006 0.000000 -2.687006


-16.802807	7b8b65300
10

Y 0.000000 0.000000 0.000000
Y 2.687006 2.687006 0.000000
D 5.374012 5.374012 0.000000
P 5.374012 8.061017 -2.687006
E 8.061017 8.061017 -5.374012
T 5.374012 5.374012 -5.374012
G 2.687006 5.374012 -2.687006
T 2.687006 2.687006 -5.374012
W 0.000000 2.687006 -2.687006
Y 2.687006 0.000000 -2.687006


-16.802807	7b7b83a00
10

Y 0.000000 0.000000 0.000000
Y 2.687006 2.687006 0.000000
D 5.374012 5.374012 0.000000
P 2.687006 5.374012 -2.687006
E 2.687006 8.061017 -5.374012
T 2.687006 5.374012 -8.061017
G 0.000000 5.374012 -5.374012
T 2.687006 2.687006 -5.374012
W 0.000000 2.687006 -2.687006
Y 2.687006 0.000000 -2.687006


-16.802807	7b648a300
10

Y 0.000000 0.000000 0.000000
Y 2.687006 2.687006 0.000000
D 5.374012 5.374012 0.000000
P 5.374012 8.061017 -2.687006
E 2.687006 8.061017 -5.374012
T 2.687006 5.374012 -8.061017
G 5.374012 5.374012 -5.374012
T 2.687006 2.687006 -5.374012
W 0.000000 2.687006 -2.687006
Y 2.687006 0.000000 -2.687006


-16.802807	7b6483a00
10

Y 0.000000 0.000000 0.000000
Y 2.687006 2.687006 0.000000
D 5.374012 5.374012 0.000000
P 2.687006 5.374012 -2.687006
E 2.687006 8.061017 -5.374012
T 2.687006 5.374012 -8.061017
G 5.374012 5.374012 -5.374012
T 2.687006 2.687006 -5.374012
W 0.000000 2.687006 -2.687006
Y 2.687006 0.000000 -2.687006


-16.802807	7b62a8500
10

Y 0.000000 0.000000 0.000000
Y 2.687006 2.687006 0.000000
D 5.374012 5.374012 0.000000
P 8.061017 5.374012 -2.687006
E 8.061017 2.687006 -5.374012
T 5.374012 2.687006 -8.061017
G 5.374012 5.374012 -5.374012
T 2.687006 2.687006 -5.374012
W 0.000000 2.687006 -2.687006
Y 2.687006 0.000000 -2.687006


-16.802807	7b62a5800
10

Y 0.000000 0.000000 0.000000
Y 2.687006 2.687006 0.000000
D 5.374012 5.374012 0.000000
P 5.374012 2.687006 -2.687006
E 8.061017 2.687006 -5.374012
T 5.374012 2.687006 -8.061017
G 5.374012 5.374012 -5.374012
T 2.687006 2.687006 -5.374012
W 0.000000 2.687006 -2.687006
Y 2.687006 0.000000 -2.687006


-16.802807	7a18b4900
10

Y 0.000000 0.000000 0.000000
Y 2.687006 2.687006 0.000000
D 5.374012 5.374012 0.000000
P 5.374012 2.687006 2.687006
E 8.061017 2.687006 5.374012
T 5.374012 2.687006 8.061017
G 5.374012 0.000000 5.374012
T 2.687006 2.687006 5.374012
W 0.000000 2.687006 2.687006
Y 2.687006 0.000000 2.687006


-16.802807	7ab819400
10

Y 0.000000 0.000000 0.000000
Y 2.687006 2.687006 0.000000
D 5.374012 5.374012 0.000000
P 8.061017 5.374012 2.687006
E 8.061017 2.687006 5.374012
T 5.374012 5.374012 5.374012
G 5.374012 2.687006 2.687006
T 2.687006 2.687006 5.374012
W 0.000000 2.687006 2.687006
Y 2.687006 0.000000 2.687006


-16.802807	7ab872b00
10

Y 0.000000 0.000000 0.000000
Y 2.687006 2.687006 0.000000
D 5.374012 5.374012 0.000000
P 2.687006 5.374012 2.687006
E 2.687006 8.061017 5.374012
T 5.374012 5.374012 5.374012
G 5.374012 2.687006 2.687006
T 2.687006 2.687006 5.374012
W 0.000000 2.687006 2.687006
Y 2.687006 0.000000 2.687006


-16.802807	7ab862400
10

Y 0.000000 0.000000 0.000000
Y 2.687006 2.687006 0.000000
D 5.374012 5.374012 0.000000
P 8.061017 5.374012 2.687006
E 8.061017 8.061017 5.374012
T 5.374012 5.374012 5.374012
G 5.374012 2.687006 2.687006
T 2.687006 2.687006 5.374012
W 0.000000 2.687006 2.687006
Y 2.687006 0.000000 2.687006


-16.802807	7a9a14900
10

Y 0.000000 0.000000 0.000000
Y 2.687006 2.687006 0.000000
D 5.374012 5.374012 0.000000
P 5.374012 2.687006 2.687006
E 8.061017 2.687006 5.374012
T 5.374012 5.374012 5.374012
G 2.687006 5.374012 2.687006
T 2.687006 2.687006 5.374012
W 0.000000 2.687006 2.687006
Y 2.687006 0.000000 2.687006


-16.802807	7a9a7b200
10

Y 0.000000 0.000000 0.000000
Y 2.687006 2.687006 0.000000
D 5.374012 5.374012 0.000000
P 5.374012 8.061017 2.687006
E 2.687006 8.061017 5.374012
T 5.374012 5.374012 5.374012
G 2.687006 5.374012 2.687006
T 2.687006 2.687006 5.374012
W 0.000000 2.687006 2.687006
Y 2.687006 0.000000 2.687006


-16.802807	7a9a64200
10

Y 0.000000 0.000000 0.000000
Y 2.687006 2.687006 0.000000
D 5.374012 5.374012 0.000000
P 5.374012 8.061017 2.687006
E 8.061017 8.061017 5.374012
T 5.374012 5.374012 5.374012
G 2.687006 5.374012 2.687006
T 2.687006 2.687006 5.374012
W 0.000000 2.687006 2.687006
Y 2.687006 0.000000 2.687006


-16.802807	7a7a92b00
10

Y 0.000000 0.000000 0.000000
Y 2.687006 2.687006 0.000000
D 5.374012 5.374012 0.000000
P 2.687006 5.374012 2.687006
E 2.687006 8.061017 5.374012
T 2.687006 5.374012 8.061017
G 0.000000 5.374012 5.374012
T 2.687006 2.687006 5.374012
W 0.000000 2.687006 2.687006
Y 2.687006 0.000000 2.687006


-16.802807	7a6592b00
10

Y 0.000000 0.000000 0.000000
Y 2.687006 2.687006 0.000000
D 5.374012 5.374012 0.000000
P 2.687006 5.374012 2.687006
E 2.687006 8.061017 5.374012
T 2.687006 5.374012 8.061017
G 5.374012 5.374012 5.374012
T 2.687006 2.687006 5.374012
W 0.000000 2.687006 2.687006
Y 2.687006 0.000000 2.687006


-16.802807	7a659b200
10

Y 0.000000 0.000000 0.000000
Y 2.687006 2.687006 0.000000
D 5.374012 5.374012 0.000000
P 5.374012 8.061017 2.687006
E 2.687006 8.061017 5.374012
T 2.687006 5.374012 8.061017
G 5.374012 5.374012 5.374012
T 2.687006 2.687006 5.374012
W 0.000000 2.687006 2.687006
Y 2.687006 0.000000 2.687006


-16.802807	7a63b4900
10

Y 0.000000 0.000000 0.000000
Y 2.687006 2.687006 0.000000
D 5.374012 5.374012 0.000000
P 5.374012 2.687006 2.687006
E 8.061017 2.687006 5.374012
T 5.374012 2.687006 8.061017
G 5.374012 5.374012 5.374012
T 2.687006 2.687006 5.374012
W 0.000000 2.687006 2.687006
Y 2.687006 0.000000 2.687006


-16.802807	7a63b9400
10

Y 0.000000 0.000000 0.000000
Y 2.687006 2.687006 0.000000
D 5.374012 5.374012 0.000000
P 8.061017 5.374012 2.687006
E 8.061017 2.687006 5.374012
T 5.374012 2.687006 8.061017
G 5.374012 5.374012 5.374012
T 2.687006 2.687006 5.374012
W 0.000000 2.687006 2.687006
Y 2.687006 0.000000 2.687006


-16.802807	1919a5800
10

Y 0.000000 0.000000 0.000000
Y 2.687006 2.687006 0.000000
D 5.374012 5.374012 0.000000
P 5.374012 2.687006 -2.687006
E 8.061017 2.687006 -5.374012
T 5.374012 2.687006 -8.061017
G 5.374012 0.000000 -5.374012
T 2.687006 2.687006 -5.374012
W 2.687006 0.000000 -2.687006
Y 0.000000 2.687006 -2.687006


-16.802807	19a918500
10

Y 0.000000 0.000000 0.000000
Y 2.687006 2.687006 0.000000
D 5.374012 5.374012 0.000000
P 8.061017 5.374012 -2.687006
E 8.061017 2.687006 -5.374012
T 5.374012 5.374012 -5.374012
G 5.374012 2.687006 -2.687006
T 2.687006 2.687006 -5.374012
W 2.687006 0.000000 -2.687006
Y 0.000000 2.687006 -2.687006


-16.802807	19a9a3540
10

Y 0.000000 0.000000 0.000000
Y 2.687006 2.687006 0.000000
D 5.374012 2.687006 2.687006
P 8.061017 2.687006 0.000000
E 8.061017 5.374012 -2.687006
T 5.374012 5.374012 -5.374012
G 5.374012 2.687006 -2.687006
T 2.687006 2.687006 -5.374012
W 2.687006 0.000000 -2.687006
Y 0.000000 2.687006 -2.687006


-16.802807	19a9a5340
10

Y 0.000000 0.000000 0.000000
Y 2.687006 2.687006 0.000000
D 5.374012 2.687006 2.687006
P 5.374012 5.374012 0.000000
E 8.061017 5.374012 -2.687006
T 5.374012 5.374012 -5.374012
G 5.374012 2.687006 -2.687006
T 2.687006 2.687006 -5.374012
W 2.687006 0.000000 -2.687006
Y 0.000000 2.687006 -2.687006


-16.802807	19a983340
10

Y 0.000000 0.000000 0.000000
Y 2.687006 2.687006 0.000000
D 5.374012 2.687006 2.687006
P 5.374012 5.374012 0.000000
E 5.374012 8.061017 -2.687006
T 5.374012 5.374012 -5.374012
G 5.374012 2.687006 -2.687006
T 2.687006 2.687006 -5.374012
W 2.687006 0.000000 -2.687006
Y 0.000000 2.687006 -2.687006


-16.802807	19a973a00
10

Y 0.000000 0.000000 0.000000
Y 2.687006 2.687006 0.000000
D 5.374012 5.374012 0.000000
P 2.687006 5.374012 -2.687006
E 2.687006 8.061017 -5.374012
T 5.374012 5.374012 -5.374012
G 5.374012 2.687006 -2.687006
T 2.687006 2.687006 -5.374012
W 2.687006 0.000000 -2.687006
Y 0.000000 2.687006 -2.687006


-16.802807	19a963500
10

Y 0.000000 0.000000 0.000000
Y 2.687006 2.687006 0.000000
D 5.374012 5.374012 0.000000
P 8.061017 5.374012 -2.687006
E 8.061017 8.061017 -5.374012
T 5.374012 5.374012 -5.374012
G 5.374012 2.687006 -2.687006
T 2.687006 2.687006 -5.374012
W 2.687006 0.000000 -2.687006
Y 0.000000 2.687006 -2.687006


-16.802807	198b15800
10

Y 0.000000 0.000000 0.000000
Y 2.687006 2.687006 0.000000
D 5.374012 5.374012 0.000000
P 5.374012 2.687006 -2.687006
E 8.061017 2.687006 -5.374012
T 5.374012 5.374012 -5.374012
G 2.687006 5.374012 -2.687006
T 2.687006 2.687006 -5.374012
W 2.687006 0.000000 -2.687006
Y 0.000000 2.687006 -2.687006


-16.802807	198ba5340
10

Y 0.000000 0.000000 0.000000
Y 2.687006 2.687006 0.000000
D 5.374012 2.687006 2.687006
P 5.374012 5.374012 0.000000
E 8.061017 5.374012 -2.687006
T 5.374012 5.374012 -5.374012
G 2.687006 5.374012 -2.687006
T 2.687006 2.687006 -5.374012
W 2.687006 0.000000 -2.687006
Y 0.000000 2.687006 -2.687006


-16.802807	198b83340
10

Y 0.000000 0.000000 0.000000
Y 2.687006 2.687006 0.000000
D 5.374012 2.687006 2.687006
P 5.374012 5.374012 0.000000
E 5.374012 8.061017 -2.687006
T 5.374012 5.374012 -5.374012
G 2.687006 5.374012 -2.687006
T 2.687006 2.687006 -5.374012
W 2.687006 0.000000 -2.687006
Y 0.000000 2.687006 -2.687006


-16.802807	198b7a300
10

Y 0.000000 0.000000 0.000000
Y 2.687006 2.687006 0.000000
D 5.374012 5.374012 0.000000
P 5.374012 8.061017 -2.687006
E 2.687006 8.061017 -5.374012
T 5.374012 5.374012 -5.374012
G 2.687006 5.374012 -2.687006
T 2.687006 2.687006 -5.374012
W 2.687006 0.000000 -2.687006
Y 0.000000 2.687006 -2.687006


-16.802807	198b65300
10

Y 0.000000 0.000000 0.000000
Y 2.687006 2.687006 0.000000
D 5.374012 5.374012 0.000000
P 5.374012 8.061017 -2.687006
E 8.061017 8.061017 -5.374012
T 5.374012 5.374012 -5.374012
G 2.687006 5.374012 -2.687006
T 2.687006 2.687006 -5.374012
W 2.687006 0.000000 -2.687006
Y 0.000000 2.687006 -2.687006


-16.802807	197b83a00
10

Y 0.000000 0.000000 0.000000
Y 2.687006 2.687006 0.000000
D 5.374012 5.374012 0.000000
P 2.687006 5.374012 -2.687006
E 2.687006 8.061017 -5.374012
T 2.687006 5.374012 -8.061017
G 0.000000 5.374012 -5.374012
T 2.687006 2.687006 -5.374012
W 2.687006 0.000000 -2.687006
Y 0.000000 2.687006 -2.687006


-16.802807	19648a300
10

Y 0.000000 0.000000 0.000000
Y 2.687006 2.687006 0.000000
D 5.374012 5.374012 0.000000
P 5.374012 8.061017 -2.687006
E 2.687006 8.061017 -5.374012
T 2.687006 5.374012 -8.061017
G 5.374012 5.374012 -5.374012
T 2.687006 2.687006 -5.374012
W 2.687006 0.000000 -2.687006
Y 0.000000 2.687006 -2.687006


-16.802807	196483a00
10

Y 0.000000 0.000000 0.000000
Y 2.687006 2.687006 0.000000
D 5.374012 5.374012 0.000000
P 2.687006 5.374012 -2.687006
E 2.687006 8.061017 -5.374012
T 2.687006 5.374012 -8.061017
G 5.374012 5.374012 -5.374012
T 2.687006 2.687006 -5.374012
W 2.687006 0.000000 -2.687006
Y 0.000000 2.687006 -2.687006


-16.802807	1962a8500
10

Y 0.000000 0.000000 0.000000
Y 2.687006 2.687006 0.000000
D 5.374012 5.374012 0.000000
P 8.061017 5.374012 -2.687006
E 8.061017 2.687006 -5.374012
T 5.374012 2.687006 -8.061017
G 5.374012 5.374012 -5.374012
T 2.687006 2.687006 -5.374012
W 2.687006 0.000000 -2.687006
Y 0.000000 2.687006 -2.687006


-16.802807	1962a5800
10

Y 0.000000 0.000000 0.000000
Y 2.687006 2.687006 0.000000
D 5.374012 5.374012 0.000000
P 5.374012 2.687006 -2.687006
E 8.061017 2.687006 -5.374012
T 5.374012 2.687006 -8.061017
G 5.374012 5.374012 -5.374012
T 2.687006 2.687006 -5.374012
W 2.687006 0.000000 -2.687006
Y 0.000000 2.687006 -2.687006


-16.802807	1818b4900
10

Y 0.000000 0.000000 0.000000
Y 2.687006 2.687006 0.000000
D 5.374012 5.374012 0.000000
P 5.374012 2.687006 2.687006
E 8.061017 2.687006 5.374012
T 5.374012 2.687006 8.061017
G 5.374012 0.000000 5.374012
T 2.687006 2.687006 5.374012
W 2.687006 0.000000 2.687006
Y 0.000000 2.687006 2.687006


-16.802807	18b819400
10

Y 0.000000 0.000000 0.000000
Y 2.687006 2.687006 0.000000
D 5.374012 5.374012 0.000000
P 8.061017 5.374012 2.687006
E 8.061017 2.687006 5.374012
T 5.374012 5.374012 5.374012
G 5.374012 2.687006 2.687006
T 2.687006 2.687006 5.374012
W 2.687006 0.000000 2.687006
Y 0.000000 2.687006 2.687006


-16.802807	18b872b00
10

Y 0.000000 0.000000 0.000000
Y 2.687006 2.687006 0.000000
D 5.374012 5.374012 0.000000
P 2.687006 5.374012 2.687006
E 2.687006 8.061017 5.374012
T 5.374012 5.374012 5.374012
G 5.374012 2.687006 2.687006
T 2.687006 2.687006 5.374012
W 2.687006 0.000000 2.687006
Y 0.000000 2.687006 2.687006


-16.802807	18b862400
10

Y 0.000000 0.000000 0.000000
Y 2.687006 2.687006 0.000000
D 5.374012 5.374012 0.000000
P 8.061017 5.374012 2.687006
E 8.061017 8.061017 5.374012
T 5.374012 5.374012 5.374012
G 5.374012 2.687006 2.687006
T 2.687006 2.687006 5.374012
W 2.687006 0.000000 2.687006
Y 0.000000 2.687006 2.687006


-16.802807	189a14900
10

Y 0.000000 0.000000 0.000000
Y 2.687006 2.687006 0.000000
D 5.374012 5.374012 0.000000
P 5.374012 2.687006 2.687006
E 8.061017 2.687006 5.374012
T 5.374012 5.374012 5.374012
G 2.687006 5.374012 2.687006
T 2.687006 2.687006 5.374012
W 2.687006 0.000000 2.687006
Y 0.000000 2.687006 2.687006


-16.802807	189a7b200
10

Y 0.000000 0.000000 0.000000
Y 2.687006 2.687006 0.000000
D 5.374012 5.374012 0.000000
P 5.374012 8.061017 2.687006
E 2.687006 8.061017 5.374012
T 5.374012 5.374012 5.374012
G 2.687006 5.374012 2.687006
T 2.687006 2.687006 5.374012
W 2.687006 0.000000 2.687006
Y 0.000000 2.687006 2.687006


-16.802807	189a64200
10

Y 0.000000 0.000000 0.000000
Y 2.687006 2.687006 0.000000
D 5.374012 5.374012 0.000000
P 5.374012 8.061017 2.687006
E 8.061017 8.061017 5.374012
T 5.374012 5.374012 5.374012
G 2.687006 5.374012 2.687006
T 2.687006 2.687006 5.374012
W 2.687006 0.000000 2.687006
Y 0.000000 2.687006 2.687006


-16.802807	187a92b00
10

Y 0.000000 0.000000 0.000000
Y 2.687006 2.687006 0.000000
D 5.374012 5.374012 0.000000
P 2.687006 5.374012 2.687006
E 2.687006 8.061017 5.374012
T 2.687006 5.374012 8.061017
G 0.000000 5.374012 5.374012
T 2.687006 2.687006 5.374012
W 2.687006 0.000000 2.687006
Y 0.000000 2.687006 2.687006


-16.802807	186592b00
10

Y 0.000000 0.000000 0.000000
Y 2.687006 2.687006 0.000000
D 5.374012 5.374012 0.000000
P 2.687006 5.374012 2.687006
E 2.687006 8.061017 5.374012
T 2.687006 5.374012 8.061017
G 5.374012 5.374012 5.374012
T 2.687006 2.687006 5.374012
W 2.687006 0.000000 2.687006
Y 0.000000 2.687006 2.687006


-16.802807	18659b200
10

Y 0.000000 0.000000 0.000000
Y 2.687006 2.687006 0.000000
D 5.374012 5.374012 0.000000
P 5.374012 8.061017 2.687006
E 2.687006 8.061017 5.374012
T 2.687006 5.374012 8.061017
G 5.374012 5.374012 5.374012
T 2.687006 2.687006 5.374012
W 2.687006 0.000000 2.687006
Y 0.000000 2.687006 2.687006


-16.802807	1863b4900
10

Y 0.000000 0.000000 0.000000
Y 2.687006 2.687006 0.000000
D 5.374012 5.374012 0.000000
P 5.374012 2.687006 2.687006
E 8.061017 2.687006 5.374012
T 5.374012 2.687006 8.061017
G 5.374012 5.374012 5.374012
T 2.687006 2.687006 5.374012
W 2.687006 0.000000 2.687006
Y 0.000000 2.687006 2.687006


-16.802807	1863b9400
10

Y 0.000000 0.000000 0.000000
Y 2.687006 2.687006 0.000000
D 5.374012 5.374012 0.000000
P 8.061017 5.374012 2.687006
E 8.061017 2.687006 5.374012
T 5.374012 2.687006 8.061017
G 5.374012 5.374012 5.374012
T 2.687006 2.687006 5.374012
W 2.687006 0.000000 2.687006
Y 0.000000 2.687006 2.687006


-16.802807	16b763500
10

Y 0.000000 0.000000 0.000000
Y 2.687006 2.687006 0.000000
D 5.374012 5.374012 0.000000
P 8.061017 5.374012 -2.687006
E 8.061017 8.061017 -5.374012
T 5.374012 5.374012 -5.374012
G 8.061017 2.687006 -5.374012
T 5.374012 2.687006 -2.687006
W 2.687006 0.000000 -2.687006
Y 0.000000 2.687006 -2.687006


-16.802807	16a9a5040
10

Y 0.000000 0.000000 0.000000
Y 2.687006 2.687006 0.000000
D 5.374012 2.687006 2.687006
P 8.061017 5.374012 2.687006
E 10.748023 5.374012 0.000000
T 8.061017 5.374012 -2.687006
G 8.061017 2.687006 0.000000
T 5.374012 2.687006 -2.687006
W 2.687006 0.000000 -2.687006
Y 0.000000 2.687006 -2.687006


-16.802807	16a980340
10

Y 0.000000 0.000000 0.000000
Y 2.687006 2.687006 0.000000
D 5.374012 2.687006 2.687006
P 5.374012 5.374012 0.000000
E 8.061017 8.061017 0.000000
T 8.061017 5.374012 -2.687006
G 8.061017 2.687006 0.000000
T 5.374012 2.687006 -2.687006
W 2.687006 0.000000 -2.687006
Y 0.000000 2.687006 -2.687006


-16.802807	16a983040
10

Y 0.000000 0.000000 0.000000
Y 2.687006 2.687006 0.000000
D 5.374012 2.687006 2.687006
P 8.061017 5.374012 2.687006
E 8.061017 8.061017 0.000000
T 8.061017 5.374012 -2.687006
G 8.061017 2.687006 0.000000
T 5.374012 2.687006 -2.687006
W 2.687006 0.000000 -2.687006
Y 0.000000 2.687006 -2.687006


-16.802807	16a973340
10

Y 0.000000 0.000000 0.000000
Y 2.687006 2.687006 0.000000
D 5.374012 2.687006 2.687006
P 5.374012 5.374012 0.000000
E 5.374012 8.061017 -2.687006
T 8.061017 5.374012 -2.687006
G 8.061017 2.687006 0.000000
T 5.374012 2.687006 -2.687006
W 2.687006 0.000000 -2.687006
Y 0.000000 2.687006 -2.687006


-16.802807	16a762400
10

Y 0.000000 0.000000 0.000000
Y 2.687006 2.687006 0.000000
D 5.374012 5.374012 0.000000
P 8.061017 5.374012 2.687006
E 8.061017 8.061017 5.374012
T 5.374012 5.374012 5.374012
G 8.061017 2.687006 5.374012
T 5.374012 2.687006 2.687006
W 2.687006 0.000000 2.687006
Y 0.000000 2.687006 2.687006


-16.802807	169165500
10

Y 0.000000 0.000000 0.000000
Y 2.687006 2.687006 0.000000
D 5.374012 5.374012 0.000000
P 8.061017 5.374012 -2.687006
E 10.748023 5.374012 -5.374012
T 8.061017 2.687006 -5.374012
G 5.374012 5.374012 -5.374012
T 5.374012 2.687006 -2.687006
W 2.687006 0.000000 -2.687006
Y 0.000000 2.687006 -2.687006


-16.802807	1691a7500
10

Y 0.000000 0.000000 0.000000
Y 2.687006 2.687006 0.000000
D 5.374012 5.374012 0.000000
P 8.061017 5.374012 -2.687006
E 10.748023 2.687006 -2.687006
T 8.061017 2.687006 -5.374012
G 5.374012 5.374012 -5.374012
T 5.374012 2.687006 -2.687006
W 2.687006 0.000000 -2.687006
Y 0.000000 2.687006 -2.687006


-16.802807	169a95300
10

Y 0.000000 0.000000 0.000000
Y 2.687006 2.687006 0.000000
D 5.374012 5.374012 0.000000
P 5.374012 8.061017 -2.687006
E 8.061017 8.061017 -5.374012
T 8.061017 5.374012 -2.687006
G 5.374012 5.374012 -5.374012
T 5.374012 2.687006 -2.687006
W 2.687006 0.000000 -2.687006
Y 0.000000 2.687006 -2.687006


-16.802807	168164400
10

Y 0.000000 0.000000 0.000000
Y 2.687006 2.687006 0.000000
D 5.374012 5.374012 0.000000
P 8.061017 5.374012 2.687006
E 10.748023 5.374012 5.374012
T 8.061017 2.687006 5.374012
G 5.374012 5.374012 5.374012
T 5.374012 2.687006 2.687006
W 2.687006 0.000000 2.687006
Y 0.000000 2.687006 2.687006


-16.802807	1681b7400
10

Y 0.000000 0.000000 0.000000
Y 2.687006 2.687006 0.000000
D 5.374012 5.374012 0.000000
P 8.061017 5.374012 2.687006
E 10.748023 2.687006 2.687006
T 8.061017 2.687006 5.374012
G 5.374012 5.374012 5.374012
T 5.374012 2.687006 2.687006
W 2.687006 0.000000 2.687006
Y 0.000000 2.687006 2.687006


-16.802807	168b15540
10

Y 0.000000 0.000000 0.000000
Y 2.687006 2.687006 0.000000
D 5.374012 2.687006 2.687006
P 8.061017 2.687006 0.000000
E 10.748023 2.687006 -2.687006
T 8.061017 5.374012 -2.687006
G 5.374012 5.374012 0.000000
T 5.374012 2.687006 -2.687006
W 2.687006 0.000000 -2.687006
Y 0.000000 2.687006 -2.687006


-16.802807	168ba0540
10

Y 0.000000 0.000000 0.000000
Y 2.687006 2.687006 0.000000
D 5.374012 2.687006 2.687006
P 8.061017 2.687006 0.000000
E 10.748023 5.374012 0.000000
T 8.061017 5.374012 -2.687006
G 5.374012 5.374012 0.000000
T 5.374012 2.687006 -2.687006
W 2.687006 0.000000 -2.687006
Y 0.000000 2.687006 -2.687006


-16.802807	168ba5040
10

Y 0.000000 0.000000 0.000000
Y 2.687006 2.687006 0.000000
D 5.374012 2.687006 2.687006
P 8.061017 5.374012 2.687006
E 10.748023 5.374012 0.000000
T 8.061017 5.374012 -2.687006
G 5.374012 5.374012 0.000000
T 5.374012 2.687006 -2.687006
W 2.687006 0.000000 -2.687006
Y 0.000000 2.687006 -2.687006


-16.802807	168b84200
10

Y 0.000000 0.000000 0.000000
Y 2.687006 2.687006 0.000000
D 5.374012 5.374012 0.000000
P 5.374012 8.061017 2.687006
E 8.061017 8.061017 5.374012
T 8.061017 5.374012 2.687006
G 5.374012 5.374012 5.374012
T 5.374012 2.687006 2.687006
W 2.687006 0.000000 2.687006
Y 0.000000 2.687006 2.687006


-16.802807	168b83040
10

Y 0.000000 0.000000 0.000000
Y 2.687006 2.687006 0.000000
D 5.374012 2.687006 2.687006
P 8.061017 5.374012 2.687006
E 8.061017 8.061017 0.000000
T 8.061017 5.374012 -2.687006
G 5.374012 5.374012 0.000000
T 5.374012 2.687006 -2.687006
W 2.687006 0.000000 -2.687006
Y 0.000000 2.687006 -2.687006


-16.802807	167ba5340
10

Y 0.000000 0.000000 0.000000
Y 2.687006 2.687006 0.000000
D 5.374012 2.687006 2.687006
P 5.374012 5.374012 0.000000
E 8.061017 5.374012 -2.687006
T 5.374012 5.374012 -5.374012
G 2.687006 5.374012 -2.687006
T 5.374012 2.687006 -2.687006
W 2.687006 0.000000 -2.687006
Y 0.000000 2.687006 -2.687006


-16.802807	167b83340
10

Y 0.000000 0.000000 0.000000
Y 2.687006 2.687006 0.000000
D 5.374012 2.687006 2.687006
P 5.374012 5.374012 0.000000
E 5.374012 8.061017 -2.687006
T 5.374012 5.374012 -5.374012
G 2.687006 5.374012 -2.687006
T 5.374012 2.687006 -2.687006
W 2.687006 0.000000 -2.687006
Y 0.000000 2.687006 -2.687006


-16.802807	167b7a300
10

Y 0.000000 0.000000 0.000000
Y 2.687006 2.687006 0.000000
D 5.374012 5.374012 0.000000
P 5.374012 8.061017 -2.687006
E 2.687006 8.061017 -5.374012
T 5.374012 5.374012 -5.374012
G 2.687006 5.374012 -2.687006
T 5.374012 2.687006 -2.687006
W 2.687006 0.000000 -2.687006
Y 0.000000 2.687006 -2.687006


-16.802807	167b65300
10

Y 0.000000 0.000000 0.000000
Y 2.687006 2.687006 0.000000
D 5.374012 5.374012 0.000000
P 5.374012 8.061017 -2.687006
E 8.061017 8.061017 -5.374012
T 5.374012 5.374012 -5.374012
G 2.687006 5.374012 -2.687006
T 5.374012 2.687006 -2.687006
W 2.687006 0.000000 -2.687006
Y 0.000000 2.687006 -2.687006


-16.802807	167a7b200
10

Y 0.000000 0.000000 0.000000
Y 2.687006 2.687006 0.000000
D 5.374012 5.374012 0.000000
P 5.374012 8.061017 2.687006
E 2.687006 8.061017 5.374012
T 5.374012 5.374012 5.374012
G 2.687006 5.374012 2.687006
T 5.374012 2.687006 2.687006
W 2.687006 0.000000 2.687006
Y 0.000000 2.687006 2.687006


-16.802807	167a64200
10

Y 0.000000 0.000000 0.000000
Y 2.687006 2.687006 0.000000
D 5.374012 5.374012 0.000000
P 5.374012 8.061017 2.687006
E 8.061017 8.061017 5.374012
T 5.374012 5.374012 5.374012
G 2.687006 5.374012 2.687006
T 5.374012 2.687006 2.687006
W 2.687006 0.000000 2.687006
Y 0.000000 2.687006 2.687006


-16.802807	16657b200
10

Y 0.000000 0.000000 0.000000
Y 2.687006 2.687006 0.000000
D 5.374012 5.374012 0.000000
P 5.374012 8.061017 2.687006
E 2.687006 8.061017 5.374012
T 5.374012 5.374012 5.374012
G 8.061017 5.374012 2.687006
T 5.374012 2.687006 2.687006
W 2.687006 0.000000 2.687006
Y 0.000000 2.687006 2.687006


-16.802807	166564200
10

Y 0.000000 0.000000 0.000000
Y 2.687006 2.687006 0.000000
D 5.374012 5.374012 0.000000
P 5.374012 8.061017 2.687006
E 8.061017 8.061017 5.374012
T 5.374012 5.374012 5.374012
G 8.061017 5.374012 2.687006
T 5.374012 2.687006 2.687006
W 2.687006 0.000000 2.687006
Y 0.000000 2.687006 2.687006


-16.802807	166483340
10

Y 0.000000 0.000000 0.000000
Y 2.687006 2.687006 0.000000
D 5.374012 2.687006 2.687006
P 5.374012 5.374012 0.000000
E 5.374012 8.061017 -2.687006
T 5.374012 5.374012 -5.374012
G 8.061017 5.374012 -2.687006
T 5.374012 2.687006 -2.687006
W 2.687006 0.000000 -2.687006
Y 0.000000 2.687006 -2.687006


-16.802807	16647a300
10

Y 0.000000 0.000000 0.000000
Y 2.687006 2.687006 0.000000
D 5.374012 5.374012 0.000000
P 5.374012 8.061017 -2.687006
E 2.687006 8.061017 -5.374012
T 5.374012 5.374012 -5.374012
G 8.061017 5.374012 -2.687006
T 5.374012 2.687006 -2.687006
W 2.687006 0.000000 -2.687006
Y 0.000000 2.687006 -2.687006


-16.802807	166465300
10

Y 0.000000 0.000000 0.000000
Y 2.687006 2.687006 0.000000
D 5.374012 5.374012 0.000000
P 5.374012 8.061017 -2.687006
E 8.061017 8.061017 -5.374012
T 5.374012 5.374012 -5.374012
G 8.061017 5.374012 -2.687006
T 5.374012 2.687006 -2.687006
W 2.687006 0.000000 -2.687006
Y 0.000000 2.687006 -2.687006


-16.802807	1663b4700
10

Y 0.000000 0.000000 0.000000
Y 2.687006 2.687006 0.000000
D 5.374012 5.374012 0.000000
P 8.061017 2.687006 0.000000
E 10.748023 2.687006 2.687006
T 8.061017 2.687006 5.374012
G 8.061017 5.374012 2.687006
T 5.374012 2.687006 2.687006
W 2.687006 0.000000 2.687006
Y 0.000000 2.687006 2.687006


-16.802807	1662a5700
10

Y 0.000000 0.000000 0.000000
Y 2.687006 2.687006 0.000000
D 5.374012 5.374012 0.000000
P 8.061017 2.687006 0.000000
E 10.748023 2.687006 -2.687006
T 8.061017 2.687006 -5.374012
G 8.061017 5.374012 -2.687006
T 5.374012 2.687006 -2.687006
W 2.687006 0.000000 -2.687006
Y 0.000000 2.687006 -2.687006


-16.802807	1662a5540
10

Y 0.000000 0.000000 0.000000
Y 2.687006 2.687006 0.000000
D 5.374012 2.687006 2.687006
P 8.061017 2.687006 0.000000
E 10.748023 2.687006 -2.687006
T 8.061017 2.687006 -5.374012
G 8.061017 5.374012 -2.687006
T 5.374012 2.687006 -2.687006
W 2.687006 0.000000 -2.687006
Y 0.000000 2.687006 -2.687006


-16.802807	165672b00
10

Y 0.000000 0.000000 0.000000
Y 2.687006 2.687006 0.000000
D 5.374012 5.374012 0.000000
P 2.687006 5.374012 2.687006
E 2.687006 8.061017 5.374012
T 5.374012 5.374012 5.374012
G 2.687006 2.687006 5.374012
T 5.374012 2.687006 2.687006
W 2.687006 0.000000 2.687006
Y 0.000000 2.687006 2.687006


-16.802807	164673a00
10

Y 0.000000 0.000000 0.000000
Y 2.687006 2.687006 0.000000
D 5.374012 5.374012 0.000000
P 2.687006 5.374012 -2.687006
E 2.687006 8.061017 -5.374012
T 5.374012 5.374012 -5.374012
G 2.687006 2.687006 -5.374012
T 5.374012 2.687006 -2.687006
W 2.687006 0.000000 -2.687006
Y 0.000000 2.687006 -2.687006


-16.802807	1619a5700
10

Y 0.000000 0.000000 0.000000
Y 2.687006 2.687006 0.000000
D 5.374012 5.374012 0.000000
P 8.061017 2.687006 0.000000
E 10.748023 2.687006 -2.687006
T 8.061017 2.687006 -5.374012
G 8.061017 0.000000 -2.687006
T 5.374012 2.687006 -2.687006
W 2.687006 0.000000 -2.687006
Y 0.000000 2.687006 -2.687006


-16.802807	1619a5540
10

Y 0.000000 0.000000 0.000000
Y 2.687006 2.687006 0.000000
D 5.374012 2.687006 2.687006
P 8.061017 2.687006 0.000000
E 10.748023 2.687006 -2.687006
T 8.061017 2.687006 -5.374012
G 8.061017 0.000000 -2.687006
T 5.374012 2.687006 -2.687006
W 2.687006 0.000000 -2.687006
Y 0.000000 2.687006 -2.687006


-16.802807	161983540
10

Y 0.000000 0.000000 0.000000
Y 2.687006 2.687006 0.000000
D 5.374012 2.687006 2.687006
P 8.061017 2.687006 0.000000
E 8.061017 5.374012 -2.687006
T 8.061017 2.687006 -5.374012
G 8.061017 0.000000 -2.687006
T 5.374012 2.687006 -2.687006
W 2.687006 0.000000 -2.687006
Y 0.000000 2.687006 -2.687006


-16.802807	1618b4700
10

Y 0.000000 0.000000 0.000000
Y 2.687006 2.687006 0.000000
D 5.374012 5.374012 0.000000
P 8.061017 2.687006 0.000000
E 10.748023 2.687006 2.687006
T 8.061017 2.687006 5.374012
G 8.061017 0.000000 2.687006
T 5.374012 2.687006 2.687006
W 2.687006 0.000000 2.687006
Y 0.000000 2.687006 2.687006


-16.802807	138167900
10

Y 0.000000 0.000000 0.000000
Y 2.687006 2.687006 0.000000
D 5.374012 5.374012 0.000000
P 5.374012 2.687006 2.687006
E 8.061017 0.000000 2.687006
T 5.374012 -2.687006 2.687006
G 2.687006 0.000000 2.687006
T 2.687006 -2.687006 0.000000
W 2.687006 0.000000 -2.687006
Y 0.000000 2.687006 -2.687006


-16.802807	138156940
10

Y 0.000000 0.000000 0.000000
Y 2.687006 2.687006 0.000000
D 5.374012 2.687006 2.687006
P 5.374012 0.000000 5.374012
E 2.687006 -2.687006 5.374012
T 5.374012 -2.687006 2.687006
G 2.687006 0.000000 2.687006
T 2.687006 -2.687006 0.000000
W 2.687006 0.000000 -2.687006
Y 0.000000 2.687006 -2.687006


-16.802807	7927baa00
10

Y 0.000000 0.000000 0.000000
Y 2.687006 2.687006 0.000000
D 5.374012 5.374012 0.000000
P 2.687006 5.374012 -2.687006
E 0.000000 5.374012 -5.374012
T -2.687006 5.374012 -2.687006
G 0.000000 2.687006 -2.687006
T 0.000000 5.374012 0.000000
W 0.000000 2.687006 2.687006
Y 2.687006 0.000000 2.687006


-16.802807	792761a00
10

Y 0.000000 0.000000 0.000000
Y 2.687006 2.687006 0.000000
D 5.374012 5.374012 0.000000
P 2.687006 5.374012 -2.687006
E 0.000000 8.061017 -2.687006
T -2.687006 5.374012 -2.687006
G 0.000000 2.687006 -2.687006
T 0.000000 5.374012 0.000000
W 0.000000 2.687006 2.687006
Y 2.687006 0.000000 2.687006


-16.802807	1381b7840
10

Y 0.000000 0.000000 0.000000
Y 2.687006 2.687006 0.000000
D 5.374012 2.687006 2.687006
P 5.374012 0.000000 0.000000
E 8.061017 -2.687006 0.000000
T 5.374012 -2.687006 2.687006
G 2.687006 0.000000 2.687006
T 2.687006 -2.687006 0.000000
W 2.687006 0.000000 -2.687006
Y 0.000000 2.687006 -2.687006


-16.802807	1381a7940
10

Y 0.000000 0.000000 0.000000
Y 2.687006 2.687006 0.000000
D 5.374012 2.687006 2.687006
P 5.374012 0.000000 5.374012
E 8.061017 -2.687006 5.374012
T 5.374012 -2.687006 2.687006
G 2.687006 0.000000 2.687006
T 2.687006 -2.687006 0.000000
W 2.687006 0.000000 -2.687006
Y 0.000000 2.687006 -2.687006


-16.802807	138189900
10

Y 0.000000 0.000000 0.000000
Y 2.687006 2.687006 0.000000
D 5.374012 5.374012 0.000000
P 5.374012 2.687006 2.687006
E 5.374012 0.000000 5.374012
T 5.374012 -2.687006 2.687006
G 2.687006 0.000000 2.687006
T 2.687006 -2.687006 0.000000
W 2.687006 0.000000 -2.687006
Y 0.000000 2.687006 -2.687006


-16.802807	136389900
10

Y 0.000000 0.000000 0.000000
Y 2.687006 2.687006 0.000000
D 5.374012 5.374012 0.000000
P 5.374012 2.687006 2.687006
E 5.374012 0.000000 5.374012
T 5.374012 -2.687006 2.687006
G 5.374012 0.000000 0.000000
T 2.687006 -2.687006 0.000000
W 2.687006 0.000000 -2.687006
Y 0.000000 2.687006 -2.687006


-16.802807	136369700
10

Y 0.000000 0.000000 0.000000
Y 2.687006 2.687006 0.000000
D 5.374012 5.374012 0.000000
P 8.061017 2.687006 0.000000
E 8.061017 0.000000 2.687006
T 5.374012 -2.687006 2.687006
G 5.374012 0.000000 0.000000
T 2.687006 -2.687006 0.000000
W 2.687006 0.000000 -2.687006
Y 0.000000 2.687006 -2.687006


-16.802807	136367900
10

Y 0.000000 0.000000 0.000000
Y 2.687006 2.687006 0.000000
D 5.374012 5.374012 0.000000
P 5.374012 2.687006 2.687006
E 8.061017 0.000000 2.687006
T 5.374012 -2.687006 2.687006
G 5.374012 0.000000 0.000000
T 2.687006 -2.687006 0.000000
W 2.687006 0.000000 -2.687006
Y 0.000000 2.687006 -2.687006


-16.802807	136359640
10

Y 0.000000 0.000000 0.000000
Y 2.687006 2.687006 0.000000
D 5.374012 2.687006 2.687006
P 2.687006 0.000000 2.687006
E 2.687006 -2.687006 5.374012
T 5.374012 -2.687006 2.687006
G 5.374012 0.000000 0.000000
T 2.687006 -2.687006 0.000000
W 2.687006 0.000000 -2.687006
Y 0.000000 2.687006 -2.687006


-16.802807	1363b8740
10

Y 0.000000 0.000000 0.000000
Y 2.687006 2.687006 0.000000
D 5.374012 2.687006 2.687006
P 8.061017 0.000000 2.687006
E 8.061017 -2.687006 0.000000
T 5.374012 -2.687006 2.687006
G 5.374012 0.000000 0.000000
T 2.687006 -2.687006 0.000000
W 2.687006 0.000000 -2.687006
Y 0.000000 2.687006 -2.687006


-16.802807	1363a9740
10

Y 0.000000 0.000000 0.000000
Y 2.687006 2.687006 0.000000
D 5.374012 2.687006 2.687006
P 8.061017 0.000000 2.687006
E 8.061017 -2.687006 5.374012
T 5.374012 -2.687006 2.687006
G 5.374012 0.000000 0.000000
T 2.687006 -2.687006 0.000000
W 2.687006 0.000000 -2.687006
Y 0.000000 2.687006 -2.687006


-16.802807	79b7ba300
10

Y 0.000000 0.000000 0.000000
Y 2.687006 2.687006 0.000000
D 5.374012 5.374012 0.000000
P 5.374012 8.061017 -2.687006
E 2.687006 8.061017 -5.374012
T 0.000000 8.061017 -2.687006
G 2.687006 5.374012 -2.687006
T 0.000000 5.374012 0.000000
W 0.000000 2.687006 2.687006
Y 2.687006 0.000000 2.687006


-16.802807	79b781100
10

Y 0.000000 0.000000 0.000000
Y 2.687006 2.687006 0.000000
D 5.374012 5.374012 0.000000
P 2.687006 8.061017 0.000000
E 0.000000 10.748023 0.000000
T 0.000000 8.061017 -2.687006
G 2.687006 5.374012 -2.687006
T 0.000000 5.374012 0.000000
W 0.000000 2.687006 2.687006
Y 2.687006 0.000000 2.687006


-16.802807	79b763100
10

Y 0.000000 0.000000 0.000000
Y 2.687006 2.687006 0.000000
D 5.374012 5.374012 0.000000
P 2.687006 8.061017 0.000000
E 2.687006 10.748023 -2.687006
T 0.000000 8.061017 -2.687006
G 2.687006 5.374012 -2.687006
T 0.000000 5.374012 0.000000
W 0.000000 2.687006 2.687006
Y 2.687006 0.000000 2.687006


-16.802807	79b761300
10

Y 0.000000 0.000000 0.000000
Y 2.687006 2.687006 0.000000
D 5.374012 5.374012 0.000000
P 5.374012 8.061017 -2.687006
E 2.687006 10.748023 -2.687006
T 0.000000 8.061017 -2.687006
G 2.687006 5.374012 -2.687006
T 0.000000 5.374012 0.000000
W 0.000000 2.687006 2.687006
Y 2.687006 0.000000 2.687006


-16.802807	135189640
10

Y 0.000000 0.000000 0.000000
Y 2.687006 2.687006 0.000000
D 5.374012 2.687006 2.687006
P 2.687006 0.000000 2.687006
E 2.687006 -2.687006 5.374012
T 2.687006 -5.374012 2.687006
G 0.000000 -2.687006 2.687006
T 2.687006 -2.687006 0.000000
W 2.687006 0.000000 -2.687006
Y 0.000000 2.687006 -2.687006


-16.802807	7990baa00
10

Y 0.000000 0.000000 0.000000
Y 2.687006 2.687006 0.000000
D 5.374012 5.374012 0.000000
P 2.687006 5.374012 -2.687006
E 0.000000 5.374012 -5.374012
T -2.687006 5.374012 -2.687006
G 0.000000 8.061017 -2.687006
T 0.000000 5.374012 0.000000
W 0.000000 2.687006 2.687006
Y 2.687006 0.000000 2.687006


-16.802807	799561100
10

Y 0.000000 0.000000 0.000000
Y 2.687006 2.687006 0.000000
D 5.374012 5.374012 0.000000
P 2.687006 8.061017 0.000000
E 0.000000 10.748023 0.000000
T -2.687006 8.061017 0.000000
G 0.000000 8.061017 -2.687006
T 0.000000 5.374012 0.000000
W 0.000000 2.687006 2.687006
Y 2.687006 0.000000 2.687006


-16.802807	798461100
10

Y 0.000000 0.000000 0.000000
Y 2.687006 2.687006 0.000000
D 5.374012 5.374012 0.000000
P 2.687006 8.061017 0.000000
E 0.000000 10.748023 0.000000
T -2.687006 8.061017 0.000000
G 0.000000 8.061017 2.687006
T 0.000000 5.374012 0.000000
W 0.000000 2.687006 2.687006
Y 2.687006 0.000000 2.687006


-16.802807	7984ba100
10

Y 0.000000 0.000000 0.000000
Y 2.687006 2.687006 0.000000
D 5.374012 5.374012 0.000000
P 2.687006 8.061017 0.000000
E 0.000000 8.061017 -2.687006
T -2.687006 8.061017 0.000000
G 0.000000 8.061017 2.687006
T 0.000000 5.374012 0.000000
W 0.000000 2.687006 2.687006
Y 2.687006 0.000000 2.687006


-16.802807	796461300
10

Y 0.000000 0.000000 0.000000
Y 2.687006 2.687006 0.000000
D 5.374012 5.374012 0.000000
P 5.374012 8.061017 -2.687006
E 2.687006 10.748023 -2.687006
T 0.000000 8.061017 -2.687006
G 2.687006 8.061017 0.000000
T 0.000000 5.374012 0.000000
W 0.000000 2.687006 2.687006
Y 2.687006 0.000000 2.687006


-16.802807	79642aa00
10

Y 0.000000 0.000000 0.000000
Y 2.687006 2.687006 0.000000
D 5.374012 5.374012 0.000000
P 2.687006 5.374012 -2.687006
E 0.000000 5.374012 -5.374012
T 0.000000 8.061017 -2.687006
G 2.687006 8.061017 0.000000
T 0.000000 5.374012 0.000000
W 0.000000 2.687006 2.687006
Y 2.687006 0.000000 2.687006


-16.802807	7964b3a00
10

Y 0.000000 0.000000 0.000000
Y 2.687006 2.687006 0.000000
D 5.374012 5.374012 0.000000
P 2.687006 5.374012 -2.687006
E 2.687006 8.061017 -5.374012
T 0.000000 8.061017 -2.687006
G 2.687006 8.061017 0.000000
T 0.000000 5.374012 0.000000
W 0.000000 2.687006 2.687006
Y 2.687006 0.000000 2.687006


-16.802807	7964ba300
10

Y 0.000000 0.000000 0.000000
Y 2.687006 2.687006 0.000000
D 5.374012 5.374012 0.000000
P 5.374012 8.061017 -2.687006
E 2.687006 8.061017 -5.374012
T 0.000000 8.061017 -2.687006
G 2.687006 8.061017 0.000000
T 0.000000 5.374012 0.000000
W 0.000000 2.687006 2.687006
Y 2.687006 0.000000 2.687006


-16.802807	13b367840
10

Y 0.000000 0.000000 0.000000
Y 2.687006 2.687006 0.000000
D 5.374012 2.687006 2.687006
P 5.374012 0.000000 0.000000
E 8.061017 -2.687006 0.000000
T 5.374012 -5.374012 0.000000
G 5.374012 -2.687006 -2.687006
T 2.687006 -2.687006 0.000000
W 2.687006 0.000000 -2.687006
Y 0.000000 2.687006 -2.687006


-16.802807	13a268740
10

Y 0.000000 0.000000 0.000000
Y 2.687006 2.687006 0.000000
D 5.374012 2.687006 2.687006
P 8.061017 0.000000 2.687006
E 8.061017 -2.687006 0.000000
T 5.374012 -5.374012 0.000000
G 5.374012 -2.687006 2.687006
T 2.687006 -2.687006 0.000000
W 2.687006 0.000000 -2.687006
Y 0.000000 2.687006 -2.687006


-16.802807	13a267840
10

Y 0.000000 0.000000 0.000000
Y 2.687006 2.687006 0.000000
D 5.374012 2.687006 2.687006
P 5.374012 0.000000 0.000000
E 8.061017 -2.687006 0.000000
T 5.374012 -5.374012 0.000000
G 5.374012 -2.687006 2.687006
T 2.687006 -2.687006 0.000000
W 2.687006 0.000000 -2.687006
Y 0.000000 2.687006 -2.687006


-16.802807	13a089640
10

Y 0.000000 0.000000 0.000000
Y 2.687006 2.687006 0.000000
D 5.374012 2.687006 2.687006
P 2.687006 0.000000 2.687006
E 2.687006 -2.687006 5.374012
T 2.687006 -5.374012 2.687006
G 5.374012 -2.687006 2.687006
T 2.687006 -2.687006 0.000000
W 2.687006 0.000000 -2.687006
Y 0.000000 2.687006 -2.687006


-16.802807	13a086940
10

Y 0.000000 0.000000 0.000000
Y 2.687006 2.687006 0.000000
D 5.374012 2.687006 2.687006
P 5.374012 0.000000 5.374012
E 2.687006 -2.687006 5.374012
T 2.687006 -5.374012 2.687006
G 5.374012 -2.687006 2.687006
T 2.687006 -2.687006 0.000000
W 2.687006 0.000000 -2.687006
Y 0.000000 2.687006 -2.687006


-16.802807	126268700
10

Y 0.000000 0.000000 0.000000
Y 2.687006 2.687006 0.000000
D 5.374012 5.374012 0.000000
P 8.061017 2.687006 0.000000
E 8.061017 0.000000 -2.687006
T 5.374012 -2.687006 -2.687006
G 5.374012 0.000000 0.000000
T 2.687006 -2.687006 0.000000
W 2.687006 0.000000 2.687006
Y 0.000000 2.687006 2.687006


-16.802807	126267800
10

Y 0.000000 0.000000 0.000000
Y 2.687006 2.687006 0.000000
D 5.374012 5.374012 0.000000
P 5.374012 2.687006 -2.687006
E 8.061017 0.000000 -2.687006
T 5.374012 -2.687006 -2.687006
G 5.374012 0.000000 0.000000
T 2.687006 -2.687006 0.000000
W 2.687006 0.000000 2.687006
Y 0.000000 2.687006 2.687006


-16.802807	126298800
10

Y 0.000000 0.000000 0.000000
Y 2.687006 2.687006 0.000000
D 5.374012 5.374012 0.000000
P 5.374012 2.687006 -2.687006
E 5.374012 0.000000 -5.374012
T 5.374012 -2.687006 -2.687006
G 5.374012 0.000000 0.000000
T 2.687006 -2.687006 0.000000
W 2.687006 0.000000 2.687006
Y 0.000000 2.687006 2.687006


-16.802807	78a7a1240
10

Y 0.000000 0.000000 0.000000
Y 2.687006 2.687006 0.000000
D 5.374012 2.687006 2.687006
P 5.374012 5.374012 5.374012
E 2.687006 8.061017 5.374012
T 0.000000 8.061017 2.687006
G 2.687006 5.374012 2.687006
T 0.000000 5.374012 0.000000
W 0.000000 2.687006 -2.687006
Y 2.687006 0.000000 -2.687006


-16.802807	78a7ab200
10

Y 0.000000 0.000000 0.000000
Y 2.687006 2.687006 0.000000
D 5.374012 5.374012 0.000000
P 5.374012 8.061017 2.687006
E 2.687006 8.061017 5.374012
T 0.000000 8.061017 2.687006
G 2.687006 5.374012 2.687006
T 0.000000 5.374012 0.000000
W 0.000000 2.687006 -2.687006
Y 2.687006 0.000000 -2.687006


-16.802807	78a791100
10

Y 0.000000 0.000000 0.000000
Y 2.687006 2.687006 0.000000
D 5.374012 5.374012 0.000000
P 2.687006 8.061017 0.000000
E 0.000000 10.748023 0.000000
T 0.000000 8.061017 2.687006
G 2.687006 5.374012 2.687006
T 0.000000 5.374012 0.000000
W 0.000000 2.687006 -2.687006
Y 2.687006 0.000000 -2.687006


-16.802807	78a762100
10

Y 0.000000 0.000000 0.000000
Y 2.687006 2.687006 0.000000
D 5.374012 5.374012 0.000000
P 2.687006 8.061017 0.000000
E 2.687006 10.748023 2.687006
T 0.000000 8.061017 2.687006
G 2.687006 5.374012 2.687006
T 0.000000 5.374012 0.000000
W 0.000000 2.687006 -2.687006
Y 2.687006 0.000000 -2.687006


-16.802807	78a761200
10

Y 0.000000 0.000000 0.000000
Y 2.687006 2.687006 0.000000
D 5.374012 5.374012 0.000000
P 5.374012 8.061017 2.687006
E 2.687006 10.748023 2.687006
T 0.000000 8.061017 2.687006
G 2.687006 5.374012 2.687006
T 0.000000 5.374012 0.000000
W 0.000000 2.687006 -2.687006
Y 2.687006 0.000000 -2.687006


-16.802807	78a731b40
10

Y 0.000000 0.000000 0.000000
Y 2.687006 2.687006 0.000000
D 5.374012 2.687006 2.687006
P 2.687006 2.687006 5.374012
E 0.000000 5.374012 5.374012
T 0.000000 8.061017 2.687006
G 2.687006 5.374012 2.687006
T 0.000000 5.374012 0.000000
W 0.000000 2.687006 -2.687006
Y 2.687006 0.000000 -2.687006


-16.802807	7895ab100
10

Y 0.000000 0.000000 0.000000
Y 2.687006 2.687006 0.000000
D 5.374012 5.374012 0.000000
P 2.687006 8.061017 0.000000
E 0.000000 8.061017 2.687006
T -2.687006 8.061017 0.000000
G 0.000000 8.061017 -2.687006
T 0.000000 5.374012 0.000000
W 0.000000 2.687006 -2.687006
Y 2.687006 0.000000 -2.687006


-16.802807	789561100
10

Y 0.000000 0.000000 0.000000
Y 2.687006 2.687006 0.000000
D 5.374012 5.374012 0.000000
P 2.687006 8.061017 0.000000
E 0.000000 10.748023 0.000000
T -2.687006 8.061017 0.000000
G 0.000000 8.061017 -2.687006
T 0.000000 5.374012 0.000000
W 0.000000 2.687006 -2.687006
Y 2.687006 0.000000 -2.687006


-16.802807	7880ab140
10

Y 0.000000 0.000000 0.000000
Y 2.687006 2.687006 0.000000
D 5.374012 2.687006 2.687006
P 2.687006 5.374012 2.687006
E 0.000000 5.374012 5.374012
T -2.687006 5.374012 2.687006
G 0.000000 8.061017 2.687006
T 0.000000 5.374012 0.000000
W 0.000000 2.687006 -2.687006
Y 2.687006 0.000000 -2.687006


-16.802807	7880abb00
10

Y 0.000000 0.000000 0.000000
Y 2.687006 2.687006 0.000000
D 5.374012 5.374012 0.000000
P 2.687006 5.374012 2.687006
E 0.000000 5.374012 5.374012
T -2.687006 5.374012 2.687006
G 0.000000 8.061017 2.687006
T 0.000000 5.374012 0.000000
W 0.000000 2.687006 -2.687006
Y 2.687006 0.000000 -2.687006


-16.802807	788461100
10

Y 0.000000 0.000000 0.000000
Y 2.687006 2.687006 0.000000
D 5.374012 5.374012 0.000000
P 2.687006 8.061017 0.000000
E 0.000000 10.748023 0.000000
T -2.687006 8.061017 0.000000
G 0.000000 8.061017 2.687006
T 0.000000 5.374012 0.000000
W 0.000000 2.687006 -2.687006
Y 2.687006 0.000000 -2.687006


-16.802807	7865a2140
10

Y 0.000000 0.000000 0.000000
Y 2.687006 2.687006 0.000000
D 5.374012 2.687006 2.687006
P 2.687006 5.374012 2.687006
E 2.687006 8.061017 5.374012
T 0.000000 8.061017 2.687006
G 2.687006 8.061017 0.000000
T 0.000000 5.374012 0.000000
W 0.000000 2.687006 -2.687006
Y 2.687006 0.000000 -2.687006


-16.802807	7865a2b00
10

Y 0.000000 0.000000 0.000000
Y 2.687006 2.687006 0.000000
D 5.374012 5.374012 0.000000
P 2.687006 5.374012 2.687006
E 2.687006 8.061017 5.374012
T 0.000000 8.061017 2.687006
G 2.687006 8.061017 0.000000
T 0.000000 5.374012 0.000000
W 0.000000 2.687006 -2.687006
Y 2.687006 0.000000 -2.687006


-16.802807	7865ab200
10

Y 0.000000 0.000000 0.000000
Y 2.687006 2.687006 0.000000
D 5.374012 5.374012 0.000000
P 5.374012 8.061017 2.687006
E 2.687006 8.061017 5.374012
T 0.000000 8.061017 2.687006
G 2.687006 8.061017 0.000000
T 0.000000 5.374012 0.000000
W 0.000000 2.687006 -2.687006
Y 2.687006 0.000000 -2.687006


-16.802807	786561200
10

Y 0.000000 0.000000 0.000000
Y 2.687006 2.687006 0.000000
D 5.374012 5.374012 0.000000
P 5.374012 8.061017 2.687006
E 2.687006 10.748023 2.687006
T 0.000000 8.061017 2.687006
G 2.687006 8.061017 0.000000
T 0.000000 5.374012 0.000000
W 0.000000 2.687006 -2.687006
Y 2.687006 0.000000 -2.687006


-16.802807	78653b140
10

Y 0.000000 0.000000 0.000000
Y 2.687006 2.687006 0.000000
D 5.374012 2.687006 2.687006
P 2.687006 5.374012 2.687006
E 0.000000 5.374012 5.374012
T 0.000000 8.061017 2.687006
G 2.687006 8.061017 0.000000
T 0.000000 5.374012 0.000000
W 0.000000 2.687006 -2.687006
Y 2.687006 0.000000 -2.687006


-16.802807	78653bb00
10

Y 0.000000 0.000000 0.000000
Y 2.687006 2.687006 0.000000
D 5.374012 5.374012 0.000000
P 2.687006 5.374012 2.687006
E 0.000000 5.374012 5.374012
T 0.000000 8.061017 2.687006
G 2.687006 8.061017 0.000000
T 0.000000 5.374012 0.000000
W 0.000000 2.687006 -2.687006
Y 2.687006 0.000000 -2.687006


-16.802807	129167800
10

Y 0.000000 0.000000 0.000000
Y 2.687006 2.687006 0.000000
D 5.374012 5.374012 0.000000
P 5.374012 2.687006 -2.687006
E 8.061017 0.000000 -2.687006
T 5.374012 -2.687006 -2.687006
G 2.687006 0.000000 -2.687006
T 2.687006 -2.687006 0.000000
W 2.687006 0.000000 2.687006
Y 0.000000 2.687006 2.687006


-16.802807	7837a1b40
10

Y 0.000000 0.000000 0.000000
Y 2.687006 2.687006 0.000000
D 5.374012 2.687006 2.687006
P 2.687006 2.687006 5.374012
E 0.000000 5.374012 5.374012
T -2.687006 5.374012 2.687006
G 0.000000 2.687006 2.687006
T 0.000000 5.374012 0.000000
W 0.000000 2.687006 -2.687006
Y 2.687006 0.000000 -2.687006


-16.802807	7837ab140
10

Y 0.000000 0.000000 0.000000
Y 2.687006 2.687006 0.000000
D 5.374012 2.687006 2.687006
P 2.687006 5.374012 2.687006
E 0.000000 5.374012 5.374012
T -2.687006 5.374012 2.687006
G 0.000000 2.687006 2.687006
T 0.000000 5.374012 0.000000
W 0.000000 2.687006 -2.687006
Y 2.687006 0.000000 -2.687006


-16.802807	7837abb00
10

Y 0.000000 0.000000 0.000000
Y 2.687006 2.687006 0.000000
D 5.374012 5.374012 0.000000
P 2.687006 5.374012 2.687006
E 0.000000 5.374012 5.374012
T -2.687006 5.374012 2.687006
G 0.000000 2.687006 2.687006
T 0.000000 5.374012 0.000000
W 0.000000 2.687006 -2.687006
Y 2.687006 0.000000 -2.687006


-16.802807	783761140
10

Y 0.000000 0.000000 0.000000
Y 2.687006 2.687006 0.000000
D 5.374012 2.687006 2.687006
P 2.687006 5.374012 2.687006
E 0.000000 8.061017 2.687006
T -2.687006 5.374012 2.687006
G 0.000000 2.687006 2.687006
T 0.000000 5.374012 0.000000
W 0.000000 2.687006 -2.687006
Y 2.687006 0.000000 -2.687006


-16.802807	783761b00
10

Y 0.000000 0.000000 0.000000
Y 2.687006 2.687006 0.000000
D 5.374012 5.374012 0.000000
P 2.687006 5.374012 2.687006
E 0.000000 8.061017 2.687006
T -2.687006 5.374012 2.687006
G 0.000000 2.687006 2.687006
T 0.000000 5.374012 0.000000
W 0.000000 2.687006 -2.687006
Y 2.687006 0.000000 -2.687006


-16.802807	129198800
10

Y 0.000000 0.000000 0.000000
Y 2.687006 2.687006 0.000000
D 5.374012 5.374012 0.000000
P 5.374012 2.687006 -2.687006
E 5.374012 0.000000 -5.374012
T 5.374012 -2.687006 -2.687006
G 2.687006 0.000000 -2.687006
T 2.687006 -2.687006 0.000000
W 2.687006 0.000000 2.687006
Y 0.000000 2.687006 2.687006


-16.802807	76b8b3500
10

Y 0.000000 0.000000 0.000000
Y 2.687006 2.687006 0.000000
D 5.374012 5.374012 0.000000
P 8.061017 5.374012 -2.687006
E 8.061017 8.061017 -5.374012
T 5.374012 8.061017 -2.687006
G 5.374012 5.374012 -5.374012
T 2.687006 5.374012 -2.687006
W 0.000000 2.687006 -2.687006
Y 2.687006 0.000000 -2.687006


-16.802807	76b781300
10

Y 0.000000 0.000000 0.000000
Y 2.687006 2.687006 0.000000
D 5.374012 5.374012 0.000000
P 5.374012 8.061017 -2.687006
E 2.687006 10.748023 -2.687006
T 2.687006 8.061017 -5.374012
G 5.374012 5.374012 -5.374012
T 2.687006 5.374012 -2.687006
W 0.000000 2.687006 -2.687006
Y 2.687006 0.000000 -2.687006


-16.802807	76b763300
10

Y 0.000000 0.000000 0.000000
Y 2.687006 2.687006 0.000000
D 5.374012 5.374012 0.000000
P 5.374012 8.061017 -2.687006
E 5.374012 10.748023 -5.374012
T 2.687006 8.061017 -5.374012
G 5.374012 5.374012 -5.374012
T 2.687006 5.374012 -2.687006
W 0.000000 2.687006 -2.687006
Y 2.687006 0.000000 -2.687006


-16.802807	76a913540
10

Y 0.000000 0.000000 0.000000
Y 2.687006 2.687006 0.000000
D 5.374012 2.687006 2.687006
P 8.061017 2.687006 0.000000
E 8.061017 5.374012 -2.687006
T 5.374012 8.061017 -2.687006
G 5.374012 5.374012 0.000000
T 2.687006 5.374012 -2.687006
W 0.000000 2.687006 -2.687006
Y 2.687006 0.000000 -2.687006


-16.802807	76a9a3040
10

Y 0.000000 0.000000 0.000000
Y 2.687006 2.687006 0.000000
D 5.374012 2.687006 2.687006
P 8.061017 5.374012 2.687006
E 8.061017 8.061017 0.000000
T 5.374012 8.061017 -2.687006
G 5.374012 5.374012 0.000000
T 2.687006 5.374012 -2.687006
W 0.000000 2.687006 -2.687006
Y 2.687006 0.000000 -2.687006


-16.802807	76a9a2400
10

Y 0.000000 0.000000 0.000000
Y 2.687006 2.687006 0.000000
D 5.374012 5.374012 0.000000
P 8.061017 5.374012 2.687006
E 8.061017 8.061017 5.374012
T 5.374012 8.061017 2.687006
G 5.374012 5.374012 5.374012
T 2.687006 5.374012 2.687006
W 0.000000 2.687006 2.687006
Y 2.687006 0.000000 2.687006


-16.802807	76a791200
10

Y 0.000000 0.000000 0.000000
Y 2.687006 2.687006 0.000000
D 5.374012 5.374012 0.000000
P 5.374012 8.061017 2.687006
E 2.687006 10.748023 2.687006
T 2.687006 8.061017 5.374012
G 5.374012 5.374012 5.374012
T 2.687006 5.374012 2.687006
W 0.000000 2.687006 2.687006
Y 2.687006 0.000000 2.687006


-16.802807	76a762200
10

Y 0.000000 0.000000 0.000000
Y 2.687006 2.687006 0.000000
D 5.374012 5.374012 0.000000
P 5.374012 8.061017 2.687006
E 5.374012 10.748023 5.374012
T 2.687006 8.061017 5.374012
G 5.374012 5.374012 5.374012
T 2.687006 5.374012 2.687006
W 0.000000 2.687006 2.687006
Y 2.687006 0.000000 2.687006


-16.802807	769165300
10

Y 0.000000 0.000000 0.000000
Y 2.687006 2.687006 0.000000
D 5.374012 5.374012 0.000000
P 5.374012 8.061017 -2.687006
E 8.061017 8.061017 -5.374012
T 5.374012 5.374012 -5.374012
G 2.687006 8.061017 -5.374012
T 2.687006 5.374012 -2.687006
W 0.000000 2.687006 -2.687006
Y 2.687006 0.000000 -2.687006


-16.802807	768164200
10

Y 0.000000 0.000000 0.000000
Y 2.687006 2.687006 0.000000
D 5.374012 5.374012 0.000000
P 5.374012 8.061017 2.687006
E 8.061017 8.061017 5.374012
T 5.374012 5.374012 5.374012
G 2.687006 8.061017 5.374012
T 2.687006 5.374012 2.687006
W 0.000000 2.687006 2.687006
Y 2.687006 0.000000 2.687006


-16.802807	768b15340
10

Y 0.000000 0.000000 0.000000
Y 2.687006 2.687006 0.000000
D 5.374012 2.687006 2.687006
P 5.374012 5.374012 0.000000
E 8.061017 5.374012 -2.687006
T 5.374012 8.061017 -2.687006
G 2.687006 8.061017 0.000000
T 2.687006 5.374012 -2.687006
W 0.000000 2.687006 -2.687006
Y 2.687006 0.000000 -2.687006


-16.802807	768ba0340
10

Y 0.000000 0.000000 0.000000
Y 2.687006 2.687006 0.000000
D 5.374012 2.687006 2.687006
P 5.374012 5.374012 0.000000
E 8.061017 8.061017 0.000000
T 5.374012 8.061017 -2.687006
G 2.687006 8.061017 0.000000
T 2.687006 5.374012 -2.687006
W 0.000000 2.687006 -2.687006
Y 2.687006 0.000000 -2.687006


-16.802807	767b83100
10

Y 0.000000 0.000000 0.000000
Y 2.687006 2.687006 0.000000
D 5.374012 5.374012 0.000000
P 2.687006 8.061017 0.000000
E 2.687006 10.748023 -2.687006
T 2.687006 8.061017 -5.374012
G 0.000000 8.061017 -2.687006
T 2.687006 5.374012 -2.687006
W 0.000000 2.687006 -2.687006
Y 2.687006 0.000000 -2.687006


-16.802807	767a92100
10

Y 0.000000 0.000000 0.000000
Y 2.687006 2.687006 0.000000
D 5.374012 5.374012 0.000000
P 2.687006 8.061017 0.000000
E 2.687006 10.748023 2.687006
T 2.687006 8.061017 5.374012
G 0.000000 8.061017 2.687006
T 2.687006 5.374012 2.687006
W 0.000000 2.687006 2.687006
Y 2.687006 0.000000 2.687006


-16.802807	766592100
10

Y 0.000000 0.000000 0.000000
Y 2.687006 2.687006 0.000000
D 5.374012 5.374012 0.000000
P 2.687006 8.061017 0.000000
E 2.687006 10.748023 2.687006
T 2.687006 8.061017 5.374012
G 5.374012 8.061017 2.687006
T 2.687006 5.374012 2.687006
W 0.000000 2.687006 2.687006
Y 2.687006 0.000000 2.687006


-16.802807	766483100
10

Y 0.000000 0.000000 0.000000
Y 2.687006 2.687006 0.000000
D 5.374012 5.374012 0.000000
P 2.687006 8.061017 0.000000
E 2.687006 10.748023 -2.687006
T 2.687006 8.061017 -5.374012
G 5.374012 8.061017 -2.687006
T 2.687006 5.374012 -2.687006
W 0.000000 2.687006 -2.687006
Y 2.687006 0.000000 -2.687006


-16.802807	766362400
10

Y 0.000000 0.000000 0.000000
Y 2.687006 2.687006 0.000000
D 5.374012 5.374012 0.000000
P 8.061017 5.374012 2.687006
E 8.061017 8.061017 5.374012
T 5.374012 5.374012 5.374012
G 5.374012 8.061017 2.687006
T 2.687006 5.374012 2.687006
W 0.000000 2.687006 2.687006
Y 2.687006 0.000000 2.687006


-16.802807	766319400
10

Y 0.000000 0.000000 0.000000
Y 2.687006 2.687006 0.000000
D 5.374012 5.374012 0.000000
P 8.061017 5.374012 2.687006
E 8.061017 2.687006 5.374012
T 5.374012 5.374012 5.374012
G 5.374012 8.061017 2.687006
T 2.687006 5.374012 2.687006
W 0.000000 2.687006 2.687006
Y 2.687006 0.000000 2.687006


-16.802807	766263500
10

Y 0.000000 0.000000 0.000000
Y 2.687006 2.687006 0.000000
D 5.374012 5.374012 0.000000
P 8.061017 5.374012 -2.687006
E 8.061017 8.061017 -5.374012
T 5.374012 5.374012 -5.374012
G 5.374012 8.061017 -2.687006
T 2.687006 5.374012 -2.687006
W 0.000000 2.687006 -2.687006
Y 2.687006 0.000000 -2.687006


-16.802807	766218500
10

Y 0.000000 0.000000 0.000000
Y 2.687006 2.687006 0.000000
D 5.374012 5.374012 0.000000
P 8.061017 5.374012 -2.687006
E 8.061017 2.687006 -5.374012
T 5.374012 5.374012 -5.374012
G 5.374012 8.061017 -2.687006
T 2.687006 5.374012 -2.687006
W 0.000000 2.687006 -2.687006
Y 2.687006 0.000000 -2.687006


-16.802807	7662a5340
10

Y 0.000000 0.000000 0.000000
Y 2.687006 2.687006 0.000000
D 5.374012 2.687006 2.687006
P 5.374012 5.374012 0.000000
E 8.061017 5.374012 -2.687006
T 5.374012 5.374012 -5.374012
G 5.374012 8.061017 -2.687006
T 2.687006 5.374012 -2.687006
W 0.000000 2.687006 -2.687006
Y 2.687006 0.000000 -2.687006


-16.802807	763614900
10

Y 0.000000 0.000000 0.000000
Y 2.687006 2.687006 0.000000
D 5.374012 5.374012 0.000000
P 5.374012 2.687006 2.687006
E 8.061017 2.687006 5.374012
T 5.374012 5.374012 5.374012
G 2.687006 2.687006 5.374012
T 2.687006 5.374012 2.687006
W 0.000000 2.687006 2.687006
Y 2.687006 0.000000 2.687006


-16.802807	762615800
10

Y 0.000000 0.000000 0.000000
Y 2.687006 2.687006 0.000000
D 5.374012 5.374012 0.000000
P 5.374012 2.687006 -2.687006
E 8.061017 2.687006 -5.374012
T 5.374012 5.374012 -5.374012
G 2.687006 2.687006 -5.374012
T 2.687006 5.374012 -2.687006
W 0.000000 2.687006 -2.687006
Y 2.687006 0.000000 -2.687006


-16.802807	761918500
10

Y 0.000000 0.000000 0.000000
Y 2.687006 2.687006 0.000000
D 5.374012 5.374012 0.000000
P 8.061017 5.374012 -2.687006
E 8.061017 2.687006 -5.374012
T 5.374012 5.374012 -5.374012
G 5.374012 2.687006 -2.687006
T 2.687006 5.374012 -2.687006
W 0.000000 2.687006 -2.687006
Y 2.687006 0.000000 -2.687006


-16.802807	7619a3540
10

Y 0.000000 0.000000 0.000000
Y 2.687006 2.687006 0.000000
D 5.374012 2.687006 2.687006
P 8.061017 2.687006 0.000000
E 8.061017 5.374012 -2.687006
T 5.374012 5.374012 -5.374012
G 5.374012 2.687006 -2.687006
T 2.687006 5.374012 -2.687006
W 0.000000 2.687006 -2.687006
Y 2.687006 0.000000 -2.687006


-16.802807	7619a5340
10

Y 0.000000 0.000000 0.000000
Y 2.687006 2.687006 0.000000
D 5.374012 2.687006 2.687006
P 5.374012 5.374012 0.000000
E 8.061017 5.374012 -2.687006
T 5.374012 5.374012 -5.374012
G 5.374012 2.687006 -2.687006
T 2.687006 5.374012 -2.687006
W 0.000000 2.687006 -2.687006
Y 2.687006 0.000000 -2.687006


-16.802807	761983340
10

Y 0.000000 0.000000 0.000000
Y 2.687006 2.687006 0.000000
D 5.374012 2.687006 2.687006
P 5.374012 5.374012 0.000000
E 5.374012 8.061017 -2.687006
T 5.374012 5.374012 -5.374012
G 5.374012 2.687006 -2.687006
T 2.687006 5.374012 -2.687006
W 0.000000 2.687006 -2.687006
Y 2.687006 0.000000 -2.687006


-16.802807	761963500
10

Y 0.000000 0.000000 0.000000
Y 2.687006 2.687006 0.000000
D 5.374012 5.374012 0.000000
P 8.061017 5.374012 -2.687006
E 8.061017 8.061017 -5.374012
T 5.374012 5.374012 -5.374012
G 5.374012 2.687006 -2.687006
T 2.687006 5.374012 -2.687006
W 0.000000 2.687006 -2.687006
Y 2.687006 0.000000 -2.687006


-16.802807	761819400
10

Y 0.000000 0.000000 0.000000
Y 2.687006 2.687006 0.000000
D 5.374012 5.374012 0.000000
P 8.061017 5.374012 2.687006
E 8.061017 2.687006 5.374012
T 5.374012 5.374012 5.374012
G 5.374012 2.687006 2.687006
T 2.687006 5.374012 2.687006
W 0.000000 2.687006 2.687006
Y 2.687006 0.000000 2.687006


-16.802807	761862400
10

Y 0.000000 0.000000 0.000000
Y 2.687006 2.687006 0.000000
D 5.374012 5.374012 0.000000
P 8.061017 5.374012 2.687006
E 8.061017 8.061017 5.374012
T 5.374012 5.374012 5.374012
G 5.374012 2.687006 2.687006
T 2.687006 5.374012 2.687006
W 0.000000 2.687006 2.687006
Y 2.687006 0.000000 2.687006


-16.802807	1b4167800
10

Y 0.000000 0.000000 0.000000
Y 2.687006 2.687006 0.000000
D 5.374012 5.374012 0.000000
P 5.374012 2.687006 -2.687006
E 8.061017 0.000000 -2.687006
T 5.374012 -2.687006 -2.687006
G 2.687006 0.000000 -2.687006
T 5.374012 0.000000 0.000000
W 2.687006 0.000000 2.687006
Y 0.000000 2.687006 2.687006


-16.802807	75a7a1b40
10

Y 0.000000 0.000000 0.000000
Y 2.687006 2.687006 0.000000
D 5.374012 2.687006 2.687006
P 2.687006 2.687006 5.374012
E 0.000000 5.374012 5.374012
T -2.687006 5.374012 2.687006
G 0.000000 2.687006 2.687006
T -2.687006 2.687006 0.000000
W 0.000000 2.687006 -2.687006
Y 2.687006 0.000000 -2.687006


-16.802807	75a7ab140
10

Y 0.000000 0.000000 0.000000
Y 2.687006 2.687006 0.000000
D 5.374012 2.687006 2.687006
P 2.687006 5.374012 2.687006
E 0.000000 5.374012 5.374012
T -2.687006 5.374012 2.687006
G 0.000000 2.687006 2.687006
T -2.687006 2.687006 0.000000
W 0.000000 2.687006 -2.687006
Y 2.687006 0.000000 -2.687006


-16.802807	75a7abb00
10

Y 0.000000 0.000000 0.000000
Y 2.687006 2.687006 0.000000
D 5.374012 5.374012 0.000000
P 2.687006 5.374012 2.687006
E 0.000000 5.374012 5.374012
T -2.687006 5.374012 2.687006
G 0.000000 2.687006 2.687006
T -2.687006 2.687006 0.000000
W 0.000000 2.687006 -2.687006
Y 2.687006 0.000000 -2.687006


-16.802807	75a761140
10

Y 0.000000 0.000000 0.000000
Y 2.687006 2.687006 0.000000
D 5.374012 2.687006 2.687006
P 2.687006 5.374012 2.687006
E 0.000000 8.061017 2.687006
T -2.687006 5.374012 2.687006
G 0.000000 2.687006 2.687006
T -2.687006 2.687006 0.000000
W 0.000000 2.687006 -2.687006
Y 2.687006 0.000000 -2.687006


-16.802807	75a761b00
10

Y 0.000000 0.000000 0.000000
Y 2.687006 2.687006 0.000000
D 5.374012 5.374012 0.000000
P 2.687006 5.374012 2.687006
E 0.000000 8.061017 2.687006
T -2.687006 5.374012 2.687006
G 0.000000 2.687006 2.687006
T -2.687006 2.687006 0.000000
W 0.000000 2.687006 -2.687006
Y 2.687006 0.000000 -2.687006


-16.802807	1b4198800
10

Y 0.000000 0.000000 0.000000
Y 2.687006 2.687006 0.000000
D 5.374012 5.374012 0.000000
P 5.374012 2.687006 -2.687006
E 5.374012 0.000000 -5.374012
T 5.374012 -2.687006 -2.687006
G 2.687006 0.000000 -2.687006
T 5.374012 0.000000 0.000000
W 2.687006 0.000000 2.687006
Y 0.000000 2.687006 2.687006


-16.802807	7565ab140
10

Y 0.000000 0.000000 0.000000
Y 2.687006 2.687006 0.000000
D 5.374012 2.687006 2.687006
P 2.687006 5.374012 2.687006
E 0.000000 5.374012 5.374012
T -2.687006 5.374012 2.687006
G 0.000000 5.374012 0.000000
T -2.687006 2.687006 0.000000
W 0.000000 2.687006 -2.687006
Y 2.687006 0.000000 -2.687006


-16.802807	7565abb00
10

Y 0.000000 0.000000 0.000000
Y 2.687006 2.687006 0.000000
D 5.374012 5.374012 0.000000
P 2.687006 5.374012 2.687006
E 0.000000 5.374012 5.374012
T -2.687006 5.374012 2.687006
G 0.000000 5.374012 0.000000
T -2.687006 2.687006 0.000000
W 0.000000 2.687006 -2.687006
Y 2.687006 0.000000 -2.687006


-16.802807	75656b100
10

Y 0.000000 0.000000 0.000000
Y 2.687006 2.687006 0.000000
D 5.374012 5.374012 0.000000
P 2.687006 8.061017 0.000000
E 0.000000 8.061017 2.687006
T -2.687006 5.374012 2.687006
G 0.000000 5.374012 0.000000
T -2.687006 2.687006 0.000000
W 0.000000 2.687006 -2.687006
Y 2.687006 0.000000 -2.687006


-16.802807	756561140
10

Y 0.000000 0.000000 0.000000
Y 2.687006 2.687006 0.000000
D 5.374012 2.687006 2.687006
P 2.687006 5.374012 2.687006
E 0.000000 8.061017 2.687006
T -2.687006 5.374012 2.687006
G 0.000000 5.374012 0.000000
T -2.687006 2.687006 0.000000
W 0.000000 2.687006 -2.687006
Y 2.687006 0.000000 -2.687006


-16.802807	756561b00
10

Y 0.000000 0.000000 0.000000
Y 2.687006 2.687006 0.000000
D 5.374012 5.374012 0.000000
P 2.687006 5.374012 2.687006
E 0.000000 8.061017 2.687006
T -2.687006 5.374012 2.687006
G 0.000000 5.374012 0.000000
T -2.687006 2.687006 0.000000
W 0.000000 2.687006 -2.687006
Y 2.687006 0.000000 -2.687006


-16.802807	1bb367700
10

Y 0.000000 0.000000 0.000000
Y 2.687006 2.687006 0.000000
D 5.374012 5.374012 0.000000
P 8.061017 2.687006 0.000000
E 10.748023 0.000000 0.000000
T 8.061017 -2.687006 0.000000
G 8.061017 0.000000 -2.687006
T 5.374012 0.000000 0.000000
W 2.687006 0.000000 2.687006
Y 0.000000 2.687006 2.687006


-16.802807	1bb098800
10

Y 0.000000 0.000000 0.000000
Y 2.687006 2.687006 0.000000
D 5.374012 5.374012 0.000000
P 5.374012 2.687006 -2.687006
E 5.374012 0.000000 -5.374012
T 5.374012 -2.687006 -2.687006
G 8.061017 0.000000 -2.687006
T 5.374012 0.000000 0.000000
W 2.687006 0.000000 2.687006
Y 0.000000 2.687006 2.687006


-16.802807	1ba267700
10

Y 0.000000 0.000000 0.000000
Y 2.687006 2.687006 0.000000
D 5.374012 5.374012 0.000000
P 8.061017 2.687006 0.000000
E 10.748023 0.000000 0.000000
T 8.061017 -2.687006 0.000000
G 8.061017 0.000000 2.687006
T 5.374012 0.000000 0.000000
W 2.687006 0.000000 2.687006
Y 0.000000 2.687006 2.687006


-16.802807	1ba298700
10

Y 0.000000 0.000000 0.000000
Y 2.687006 2.687006 0.000000
D 5.374012 5.374012 0.000000
P 8.061017 2.687006 0.000000
E 8.061017 0.000000 -2.687006
T 8.061017 -2.687006 0.000000
G 8.061017 0.000000 2.687006
T 5.374012 0.000000 0.000000
W 2.687006 0.000000 2.687006
Y 0.000000 2.687006 2.687006


-16.802807	1b9167500
10

Y 0.000000 0.000000 0.000000
Y 2.687006 2.687006 0.000000
D 5.374012 5.374012 0.000000
P 8.061017 5.374012 -2.687006
E 10.748023 2.687006 -2.687006
T 8.061017 0.000000 -2.687006
G 5.374012 2.687006 -2.687006
T 5.374012 0.000000 0.000000
W 2.687006 0.000000 2.687006
Y 0.000000 2.687006 2.687006


-16.802807	1b9165700
10

Y 0.000000 0.000000 0.000000
Y 2.687006 2.687006 0.000000
D 5.374012 5.374012 0.000000
P 8.061017 2.687006 0.000000
E 10.748023 2.687006 -2.687006
T 8.061017 0.000000 -2.687006
G 5.374012 2.687006 -2.687006
T 5.374012 0.000000 0.000000
W 2.687006 0.000000 2.687006
Y 0.000000 2.687006 2.687006


-16.802807	1b91a7700
10

Y 0.000000 0.000000 0.000000
Y 2.687006 2.687006 0.000000
D 5.374012 5.374012 0.000000
P 8.061017 2.687006 0.000000
E 10.748023 0.000000 0.000000
T 8.061017 0.000000 -2.687006
G 5.374012 2.687006 -2.687006
T 5.374012 0.000000 0.000000
W 2.687006 0.000000 2.687006
Y 0.000000 2.687006 2.687006


-16.802807	1b9198500
10

Y 0.000000 0.000000 0.000000
Y 2.687006 2.687006 0.000000
D 5.374012 5.374012 0.000000
P 8.061017 5.374012 -2.687006
E 8.061017 2.687006 -5.374012
T 8.061017 0.000000 -2.687006
G 5.374012 2.687006 -2.687006
T 5.374012 0.000000 0.000000
W 2.687006 0.000000 2.687006
Y 0.000000 2.687006 2.687006


-16.802807	1b6267500
10

Y 0.000000 0.000000 0.000000
Y 2.687006 2.687006 0.000000
D 5.374012 5.374012 0.000000
P 8.061017 5.374012 -2.687006
E 10.748023 2.687006 -2.687006
T 8.061017 0.000000 -2.687006
G 8.061017 2.687006 0.000000
T 5.374012 0.000000 0.000000
W 2.687006 0.000000 2.687006
Y 0.000000 2.687006 2.687006


-16.802807	1b6248800
10

Y 0.000000 0.000000 0.000000
Y 2.687006 2.687006 0.000000
D 5.374012 5.374012 0.000000
P 5.374012 2.687006 -2.687006
E 5.374012 0.000000 -5.374012
T 8.061017 0.000000 -2.687006
G 8.061017 2.687006 0.000000
T 5.374012 0.000000 0.000000
W 2.687006 0.000000 2.687006
Y 0.000000 2.687006 2.687006


-16.802807	1b6298500
10

Y 0.000000 0.000000 0.000000
Y 2.687006 2.687006 0.000000
D 5.374012 5.374012 0.000000
P 8.061017 5.374012 -2.687006
E 8.061017 2.687006 -5.374012
T 8.061017 0.000000 -2.687006
G 8.061017 2.687006 0.000000
T 5.374012 0.000000 0.000000
W 2.687006 0.000000 2.687006
Y 0.000000 2.687006 2.687006


-16.802807	1b6295800
10

Y 0.000000 0.000000 0.000000
Y 2.687006 2.687006 0.000000
D 5.374012 5.374012 0.000000
P 5.374012 2.687006 -2.687006
E 8.061017 2.687006 -5.374012
T 8.061017 0.000000 -2.687006
G 8.061017 2.687006 0.000000
T 5.374012 0.000000 0.000000
W 2.687006 0.000000 2.687006
Y 0.000000 2.687006 2.687006


-16.802807	1a3637940
10

Y 0.000000 0.000000 0.000000
Y 2.687006 2.687006 0.000000
D 5.374012 2.687006 2.687006
P 5.374012 0.000000 5.374012
E 8.061017 -2.687006 5.374012
T 8.061017 0.000000 2.687006
G 5.374012 -2.687006 2.687006
T 5.374012 0.000000 0.000000
W 2.687006 0.000000 -2.687006
Y 0.000000 2.687006 -2.687006


-16.802807	1a3ba7740
10

Y 0.000000 0.000000 0.000000
Y 2.687006 2.687006 0.000000
D 5.374012 2.687006 2.687006
P 8.061017 0.000000 2.687006
E 10.748023 -2.687006 2.687006
T 8.061017 -2.687006 0.000000
G 5.374012 -2.687006 2.687006
T 5.374012 0.000000 0.000000
W 2.687006 0.000000 -2.687006
Y 0.000000 2.687006 -2.687006


-16.802807	1a3b65740
10

Y 0.000000 0.000000 0.000000
Y 2.687006 2.687006 0.000000
D 5.374012 2.687006 2.687006
P 8.061017 0.000000 2.687006
E 10.748023 0.000000 0.000000
T 8.061017 -2.687006 0.000000
G 5.374012 -2.687006 2.687006
T 5.374012 0.000000 0.000000
W 2.687006 0.000000 -2.687006
Y 0.000000 2.687006 -2.687006


-16.802807	1a15a9740
10

Y 0.000000 0.000000 0.000000
Y 2.687006 2.687006 0.000000
D 5.374012 2.687006 2.687006
P 8.061017 0.000000 2.687006
E 8.061017 -2.687006 5.374012
T 5.374012 -2.687006 2.687006
G 8.061017 -2.687006 0.000000
T 5.374012 0.000000 0.000000
W 2.687006 0.000000 -2.687006
Y 0.000000 2.687006 -2.687006


-16.802807	74646a100
10

Y 0.000000 0.000000 0.000000
Y 2.687006 2.687006 0.000000
D 5.374012 5.374012 0.000000
P 2.687006 8.061017 0.000000
E 0.000000 8.061017 -2.687006
T -2.687006 5.374012 -2.687006
G 0.000000 5.374012 0.000000
T -2.687006 2.687006 0.000000
W 0.000000 2.687006 2.687006
Y 2.687006 0.000000 2.687006


-16.802807	746461a00
10

Y 0.000000 0.000000 0.000000
Y 2.687006 2.687006 0.000000
D 5.374012 5.374012 0.000000
P 2.687006 5.374012 -2.687006
E 0.000000 8.061017 -2.687006
T -2.687006 5.374012 -2.687006
G 0.000000 5.374012 0.000000
T -2.687006 2.687006 0.000000
W 0.000000 2.687006 2.687006
Y 2.687006 0.000000 2.687006


-16.802807	1a0a59640
10

Y 0.000000 0.000000 0.000000
Y 2.687006 2.687006 0.000000
D 5.374012 2.687006 2.687006
P 2.687006 0.000000 2.687006
E 2.687006 -2.687006 5.374012
T 5.374012 -2.687006 2.687006
G 2.687006 -2.687006 0.000000
T 5.374012 0.000000 0.000000
W 2.687006 0.000000 -2.687006
Y 0.000000 2.687006 -2.687006


-16.802807	7464baa00
10

Y 0.000000 0.000000 0.000000
Y 2.687006 2.687006 0.000000
D 5.374012 5.374012 0.000000
P 2.687006 5.374012 -2.687006
E 0.000000 5.374012 -5.374012
T -2.687006 5.374012 -2.687006
G 0.000000 5.374012 0.000000
T -2.687006 2.687006 0.000000
W 0.000000 2.687006 2.687006
Y 2.687006 0.000000 2.687006


-16.802807	1ab389700
10

Y 0.000000 0.000000 0.000000
Y 2.687006 2.687006 0.000000
D 5.374012 5.374012 0.000000
P 8.061017 2.687006 0.000000
E 8.061017 0.000000 2.687006
T 8.061017 -2.687006 0.000000
G 8.061017 0.000000 -2.687006
T 5.374012 0.000000 0.000000
W 2.687006 0.000000 -2.687006
Y 0.000000 2.687006 -2.687006


-16.802807	1ab367700
10

Y 0.000000 0.000000 0.000000
Y 2.687006 2.687006 0.000000
D 5.374012 5.374012 0.000000
P 8.061017 2.687006 0.000000
E 10.748023 0.000000 0.000000
T 8.061017 -2.687006 0.000000
G 8.061017 0.000000 -2.687006
T 5.374012 0.000000 0.000000
W 2.687006 0.000000 -2.687006
Y 0.000000 2.687006 -2.687006


-16.802807	1ab367540
10

Y 0.000000 0.000000 0.000000
Y 2.687006 2.687006 0.000000
D 5.374012 2.687006 2.687006
P 8.061017 2.687006 0.000000
E 10.748023 0.000000 0.000000
T 8.061017 -2.687006 0.000000
G 8.061017 0.000000 -2.687006
T 5.374012 0.000000 0.000000
W 2.687006 0.000000 -2.687006
Y 0.000000 2.687006 -2.687006


-16.802807	1aa267700
10

Y 0.000000 0.000000 0.000000
Y 2.687006 2.687006 0.000000
D 5.374012 5.374012 0.000000
P 8.061017 2.687006 0.000000
E 10.748023 0.000000 0.000000
T 8.061017 -2.687006 0.000000
G 8.061017 0.000000 2.687006
T 5.374012 0.000000 0.000000
W 2.687006 0.000000 -2.687006
Y 0.000000 2.687006 -2.687006


-16.802807	1aa267540
10

Y 0.000000 0.000000 0.000000
Y 2.687006 2.687006 0.000000
D 5.374012 2.687006 2.687006
P 8.061017 2.687006 0.000000
E 10.748023 0.000000 0.000000
T 8.061017 -2.687006 0.000000
G 8.061017 0.000000 2.687006
T 5.374012 0.000000 0.000000
W 2.687006 0.000000 -2.687006
Y 0.000000 2.687006 -2.687006


-16.802807	1aa056940
10

Y 0.000000 0.000000 0.000000
Y 2.687006 2.687006 0.000000
D 5.374012 2.687006 2.687006
P 5.374012 0.000000 5.374012
E 2.687006 -2.687006 5.374012
T 5.374012 -2.687006 2.687006
G 8.061017 0.000000 2.687006
T 5.374012 0.000000 0.000000
W 2.687006 0.000000 -2.687006
Y 0.000000 2.687006 -2.687006


-16.802807	1aa0a7940
10

Y 0.000000 0.000000 0.000000
Y 2.687006 2.687006 0.000000
D 5.374012 2.687006 2.687006
P 5.374012 0.000000 5.374012
E 8.061017 -2.687006 5.374012
T 5.374012 -2.687006 2.687006
G 8.061017 0.000000 2.687006
T 5.374012 0.000000 0.000000
W 2.687006 0.000000 -2.687006
Y 0.000000 2.687006 -2.687006


-16.802807	1aa089900
10

Y 0.000000 0.000000 0.000000
Y 2.687006 2.687006 0.000000
D 5.374012 5.374012 0.000000
P 5.374012 2.687006 2.687006
E 5.374012 0.000000 5.374012
T 5.374012 -2.687006 2.687006
G 8.061017 0.000000 2.687006
T 5.374012 0.000000 0.000000
W 2.687006 0.000000 -2.687006
Y 0.000000 2.687006 -2.687006


-16.802807	1a8167400
10

Y 0.000000 0.000000 0.000000
Y 2.687006 2.687006 0.000000
D 5.374012 5.374012 0.000000
P 8.061017 5.374012 2.687006
E 10.748023 2.687006 2.687006
T 8.061017 0.000000 2.687006
G 5.374012 2.687006 2.687006
T 5.374012 0.000000 0.000000
W 2.687006 0.000000 -2.687006
Y 0.000000 2.687006 -2.687006


-16.802807	1a8164700
10

Y 0.000000 0.000000 0.000000
Y 2.687006 2.687006 0.000000
D 5.374012 5.374012 0.000000
P 8.061017 2.687006 0.000000
E 10.748023 2.687006 2.687006
T 8.061017 0.000000 2.687006
G 5.374012 2.687006 2.687006
T 5.374012 0.000000 0.000000
W 2.687006 0.000000 -2.687006
Y 0.000000 2.687006 -2.687006


-16.802807	1a81b7700
10

Y 0.000000 0.000000 0.000000
Y 2.687006 2.687006 0.000000
D 5.374012 5.374012 0.000000
P 8.061017 2.687006 0.000000
E 10.748023 0.000000 0.000000
T 8.061017 0.000000 2.687006
G 5.374012 2.687006 2.687006
T 5.374012 0.000000 0.000000
W 2.687006 0.000000 -2.687006
Y 0.000000 2.687006 -2.687006


-16.802807	1a8189400
10

Y 0.000000 0.000000 0.000000
Y 2.687006 2.687006 0.000000
D 5.374012 5.374012 0.000000
P 8.061017 5.374012 2.687006
E 8.061017 2.687006 5.374012
T 8.061017 0.000000 2.687006
G 5.374012 2.687006 2.687006
T 5.374012 0.000000 0.000000
W 2.687006 0.000000 -2.687006
Y 0.000000 2.687006 -2.687006


-16.802807	1a6389400
10

Y 0.000000 0.000000 0.000000
Y 2.687006 2.687006 0.000000
D 5.374012 5.374012 0.000000
P 8.061017 5.374012 2.687006
E 8.061017 2.687006 5.374012
T 8.061017 0.000000 2.687006
G 8.061017 2.687006 0.000000
T 5.374012 0.000000 0.000000
W 2.687006 0.000000 -2.687006
Y 0.000000 2.687006 -2.687006


-16.802807	1a6384900
10

Y 0.000000 0.000000 0.000000
Y 2.687006 2.687006 0.000000
D 5.374012 5.374012 0.000000
P 5.374012 2.687006 2.687006
E 8.061017 2.687006 5.374012
T 8.061017 0.000000 2.687006
G 8.061017 2.687006 0.000000
T 5.374012 0.000000 0.000000
W 2.687006 0.000000 -2.687006
Y 0.000000 2.687006 -2.687006


-16.802807	1a6367400
10

Y 0.000000 0.000000 0.000000
Y 2.687006 2.687006 0.000000
D 5.374012 5.374012 0.000000
P 8.061017 5.374012 2.687006
E 10.748023 2.687006 2.687006
T 8.061017 0.000000 2.687006
G 8.061017 2.687006 0.000000
T 5.374012 0.000000 0.000000
W 2.687006 0.000000 -2.687006
Y 0.000000 2.687006 -2.687006


-16.802807	1a6359900
10

Y 0.000000 0.000000 0.000000
Y 2.687006 2.687006 0.000000
D 5.374012 5.374012 0.000000
P 5.374012 2.687006 2.687006
E 5.374012 0.000000 5.374012
T 8.061017 0.000000 2.687006
G 8.061017 2.687006 0.000000
T 5.374012 0.000000 0.000000
W 2.687006 0.000000 -2.687006
Y 0.000000 2.687006 -2.687006


-16.802807	1a5167900
10

Y 0.000000 0.000000 0.000000
Y 2.687006 2.687006 0.000000
D 5.374012 5.374012 0.000000
P 5.374012 2.687006 2.687006
E 8.061017 0.000000 2.687006
T 5.374012 -2.687006 2.687006
G 2.687006 0.000000 2.687006
T 5.374012 0.000000 0.000000
W 2.687006 0.000000 -2.687006
Y 0.000000 2.687006 -2.687006


-16.802807	1a5156940
10

Y 0.000000 0.000000 0.000000
Y 2.687006 2.687006 0.000000
D 5.374012 2.687006 2.687006
P 5.374012 0.000000 5.374012
E 2.687006 -2.687006 5.374012
T 5.374012 -2.687006 2.687006
G 2.687006 0.000000 2.687006
T 5.374012 0.000000 0.000000
W 2.687006 0.000000 -2.687006
Y 0.000000 2.687006 -2.687006


-16.802807	74b7baa00
10

Y 0.000000 0.000000 0.000000
Y 2.687006 2.687006 0.000000
D 5.374012 5.374012 0.000000
P 2.687006 5.374012 -2.687006
E 0.000000 5.374012 -5.374012
T -2.687006 5.374012 -2.687006
G 0.000000 2.687006 -2.687006
T -2.687006 2.687006 0.000000
W 0.000000 2.687006 2.687006
Y 2.687006 0.000000 2.687006


-16.802807	74b761a00
10

Y 0.000000 0.000000 0.000000
Y 2.687006 2.687006 0.000000
D 5.374012 5.374012 0.000000
P 2.687006 5.374012 -2.687006
E 0.000000 8.061017 -2.687006
T -2.687006 5.374012 -2.687006
G 0.000000 2.687006 -2.687006
T -2.687006 2.687006 0.000000
W 0.000000 2.687006 2.687006
Y 2.687006 0.000000 2.687006


-16.802807	1a51a7940
10

Y 0.000000 0.000000 0.000000
Y 2.687006 2.687006 0.000000
D 5.374012 2.687006 2.687006
P 5.374012 0.000000 5.374012
E 8.061017 -2.687006 5.374012
T 5.374012 -2.687006 2.687006
G 2.687006 0.000000 2.687006
T 5.374012 0.000000 0.000000
W 2.687006 0.000000 -2.687006
Y 0.000000 2.687006 -2.687006


-16.802807	1a5189900
10

Y 0.000000 0.000000 0.000000
Y 2.687006 2.687006 0.000000
D 5.374012 5.374012 0.000000
P 5.374012 2.687006 2.687006
E 5.374012 0.000000 5.374012
T 5.374012 -2.687006 2.687006
G 2.687006 0.000000 2.687006
T 5.374012 0.000000 0.000000
W 2.687006 0.000000 -2.687006
Y 0.000000 2.687006 -2.687006


-16.781945	791673a00
10

Y 0.000000 0.000000 0.000000
Y 2.687006 2.687006 0.000000
D 5.374012 5.374012 0.000000
P 2.687006 5.374012 -2.687006
E 2.687006 8.061017 -5.374012
T 5.374012 5.374012 -5.374012
G 2.687006 2.687006 -5.374012
T 0.000000 5.374012 -5.374012
W 0.000000 2.687006 -2.687006
Y 2.687006 0.000000 -2.687006


-16.781945	791615800
10

Y 0.000000 0.000000 0.000000
Y 2.687006 2.687006 0.000000
D 5.374012 5.374012 0.000000
P 5.374012 2.687006 -2.687006
E 8.061017 2.687006 -5.374012
T 5.374012 5.374012 -5.374012
G 2.687006 2.687006 -5.374012
T 0.000000 5.374012 -5.374012
W 0.000000 2.687006 -2.687006
Y 2.687006 0.000000 -2.687006


-16.781945	79ab15800
10

Y 0.000000 0.000000 0.000000
Y 2.687006 2.687006 0.000000
D 5.374012 5.374012 0.000000
P 5.374012 2.687006 -2.687006
E 8.061017 2.687006 -5.374012
T 5.374012 5.374012 -5.374012
G 2.687006 5.374012 -2.687006
T 0.000000 5.374012 -5.374012
W 0.000000 2.687006 -2.687006
Y 2.687006 0.000000 -2.687006


-16.781945	79aba5340
10

Y 0.000000 0.000000 0.000000
Y 2.687006 2.687006 0.000000
D 5.374012 2.687006 2.687006
P 5.374012 5.374012 0.000000
E 8.061017 5.374012 -2.687006
T 5.374012 5.374012 -5.374012
G 2.687006 5.374012 -2.687006
T 0.000000 5.374012 -5.374012
W 0.000000 2.687006 -2.687006
Y 2.687006 0.000000 -2.687006


-16.781945	79ab83340
10

Y 0.000000 0.000000 0.000000
Y 2.687006 2.687006 0.000000
D 5.374012 2.687006 2.687006
P 5.374012 5.374012 0.000000
E 5.374012 8.061017 -2.687006
T 5.374012 5.374012 -5.374012
G 2.687006 5.374012 -2.687006
T 0.000000 5.374012 -5.374012
W 0.000000 2.687006 -2.687006
Y 2.687006 0.000000 -2.687006


-16.781945	79ab7a300
10

Y 0.000000 0.000000 0.000000
Y 2.687006 2.687006 0.000000
D 5.374012 5.374012 0.000000
P 5.374012 8.061017 -2.687006
E 2.687006 8.061017 -5.374012
T 5.374012 5.374012 -5.374012
G 2.687006 5.374012 -2.687006
T 0.000000 5.374012 -5.374012
W 0.000000 2.687006 -2.687006
Y 2.687006 0.000000 -2.687006


-16.781945	79ab65300
10

Y 0.000000 0.000000 0.000000
Y 2.687006 2.687006 0.000000
D 5.374012 5.374012 0.000000
P 5.374012 8.061017 -2.687006
E 8.061017 8.061017 -5.374012
T 5.374012 5.374012 -5.374012
G 2.687006 5.374012 -2.687006
T 0.000000 5.374012 -5.374012
W 0.000000 2.687006 -2.687006
Y 2.687006 0.000000 -2.687006


-16.781945	798913a00
10

Y 0.000000 0.000000 0.000000
Y 2.687006 2.687006 0.000000
D 5.374012 5.374012 0.000000
P 2.687006 5.374012 -2.687006
E 2.687006 8.061017 -5.374012
T 0.000000 10.748023 -5.374012
G 0.000000 8.061017 -2.687006
T 0.000000 5.374012 -5.374012
W 0.000000 2.687006 -2.687006
Y 2.687006 0.000000 -2.687006


-16.781945	7989a3100
10

Y 0.000000 0.000000 0.000000
Y 2.687006 2.687006 0.000000
D 5.374012 5.374012 0.000000
P 2.687006 8.061017 0.000000
E 2.687006 10.748023 -2.687006
T 0.000000 10.748023 -5.374012
G 0.000000 8.061017 -2.687006
T 0.000000 5.374012 -5.374012
W 0.000000 2.687006 -2.687006
Y 2.687006 0.000000 -2.687006


-16.781945	7967a1300
10

Y 0.000000 0.000000 0.000000
Y 2.687006 2.687006 0.000000
D 5.374012 5.374012 0.000000
P 5.374012 8.061017 -2.687006
E 2.687006 10.748023 -2.687006
T 0.000000 10.748023 -5.374012
G 2.687006 8.061017 -5.374012
T 0.000000 5.374012 -5.374012
W 0.000000 2.687006 -2.687006
Y 2.687006 0.000000 -2.687006


-16.781945	796165300
10

Y 0.000000 0.000000 0.000000
Y 2.687006 2.687006 0.000000
D 5.374012 5.374012 0.000000
P 5.374012 8.061017 -2.687006
E 8.061017 8.061017 -5.374012
T 5.374012 5.374012 -5.374012
G 2.687006 8.061017 -5.374012
T 0.000000 5.374012 -5.374012
W 0.000000 2.687006 -2.687006
Y 2.687006 0.000000 -2.687006


-16.781945	781672b00
10

Y 0.000000 0.000000 0.000000
Y 2.687006 2.687006 0.000000
D 5.374012 5.374012 0.000000
P 2.687006 5.374012 2.687006
E 2.687006 8.061017 5.374012
T 5.374012 5.374012 5.374012
G 2.687006 2.687006 5.374012
T 0.000000 5.374012 5.374012
W 0.000000 2.687006 2.687006
Y 2.687006 0.000000 2.687006


-16.781945	781614900
10

Y 0.000000 0.000000 0.000000
Y 2.687006 2.687006 0.000000
D 5.374012 5.374012 0.000000
P 5.374012 2.687006 2.687006
E 8.061017 2.687006 5.374012
T 5.374012 5.374012 5.374012
G 2.687006 2.687006 5.374012
T 0.000000 5.374012 5.374012
W 0.000000 2.687006 2.687006
Y 2.687006 0.000000 2.687006


-16.781945	78ba14900
10

Y 0.000000 0.000000 0.000000
Y 2.687006 2.687006 0.000000
D 5.374012 5.374012 0.000000
P 5.374012 2.687006 2.687006
E 8.061017 2.687006 5.374012
T 5.374012 5.374012 5.374012
G 2.687006 5.374012 2.687006
T 0.000000 5.374012 5.374012
W 0.000000 2.687006 2.687006
Y 2.687006 0.000000 2.687006


-16.781945	78ba7b200
10

Y 0.000000 0.000000 0.000000
Y 2.687006 2.687006 0.000000
D 5.374012 5.374012 0.000000
P 5.374012 8.061017 2.687006
E 2.687006 8.061017 5.374012
T 5.374012 5.374012 5.374012
G 2.687006 5.374012 2.687006
T 0.000000 5.374012 5.374012
W 0.000000 2.687006 2.687006
Y 2.687006 0.000000 2.687006


-16.781945	78ba64200
10

Y 0.000000 0.000000 0.000000
Y 2.687006 2.687006 0.000000
D 5.374012 5.374012 0.000000
P 5.374012 8.061017 2.687006
E 8.061017 8.061017 5.374012
T 5.374012 5.374012 5.374012
G 2.687006 5.374012 2.687006
T 0.000000 5.374012 5.374012
W 0.000000 2.687006 2.687006
Y 2.687006 0.000000 2.687006


-16.781945	789812b00
10

Y 0.000000 0.000000 0.000000
Y 2.687006 2.687006 0.000000
D 5.374012 5.374012 0.000000
P 2.687006 5.374012 2.687006
E 2.687006 8.061017 5.374012
T 0.000000 10.748023 5.374012
G 0.000000 8.061017 2.687006
T 0.000000 5.374012 5.374012
W 0.000000 2.687006 2.687006
Y 2.687006 0.000000 2.687006


-16.781945	7898b2100
10

Y 0.000000 0.000000 0.000000
Y 2.687006 2.687006 0.000000
D 5.374012 5.374012 0.000000
P 2.687006 8.061017 0.000000
E 2.687006 10.748023 2.687006
T 0.000000 10.748023 5.374012
G 0.000000 8.061017 2.687006
T 0.000000 5.374012 5.374012
W 0.000000 2.687006 2.687006
Y 2.687006 0.000000 2.687006


-16.781945	7867b1200
10

Y 0.000000 0.000000 0.000000
Y 2.687006 2.687006 0.000000
D 5.374012 5.374012 0.000000
P 5.374012 8.061017 2.687006
E 2.687006 10.748023 2.687006
T 0.000000 10.748023 5.374012
G 2.687006 8.061017 5.374012
T 0.000000 5.374012 5.374012
W 0.000000 2.687006 2.687006
Y 2.687006 0.000000 2.687006


-16.781945	786164200
10

Y 0.000000 0.000000 0.000000
Y 2.687006 2.687006 0.000000
D 5.374012 5.374012 0.000000
P 5.374012 8.061017 2.687006
E 8.061017 8.061017 5.374012
T 5.374012 5.374012 5.374012
G 2.687006 8.061017 5.374012
T 0.000000 5.374012 5.374012
W 0.000000 2.687006 2.687006
Y 2.687006 0.000000 2.687006


-16.781945	116157840
10

Y 0.000000 0.000000 0.000000
Y 2.687006 2.687006 0.000000
D 5.374012 2.687006 2.687006
P 5.374012 0.000000 0.000000
E 8.061017 -2.687006 0.000000
T 10.748023 -2.687006 -2.687006
G 8.061017 0.000000 -2.687006
T 5.374012 -2.687006 -2.687006
W 2.687006 0.000000 -2.687006
Y 0.000000 2.687006 -2.687006


-16.781945	116197700
10

Y 0.000000 0.000000 0.000000
Y 2.687006 2.687006 0.000000
D 5.374012 5.374012 0.000000
P 8.061017 2.687006 0.000000
E 10.748023 0.000000 0.000000
T 10.748023 -2.687006 2.687006
G 8.061017 0.000000 2.687006
T 5.374012 -2.687006 2.687006
W 2.687006 0.000000 2.687006
Y 0.000000 2.687006 2.687006


-16.781945	116187700
10

Y 0.000000 0.000000 0.000000
Y 2.687006 2.687006 0.000000
D 5.374012 5.374012 0.000000
P 8.061017 2.687006 0.000000
E 10.748023 0.000000 0.000000
T 10.748023 -2.687006 -2.687006
G 8.061017 0.000000 -2.687006
T 5.374012 -2.687006 -2.687006
W 2.687006 0.000000 -2.687006
Y 0.000000 2.687006 -2.687006


-16.781945	116187540
10

Y 0.000000 0.000000 0.000000
Y 2.687006 2.687006 0.000000
D 5.374012 2.687006 2.687006
P 8.061017 2.687006 0.000000
E 10.748023 0.000000 0.000000
T 10.748023 -2.687006 -2.687006
G 8.061017 0.000000 -2.687006
T 5.374012 -2.687006 -2.687006
W 2.687006 0.000000 -2.687006
Y 0.000000 2.687006 -2.687006


-16.781945	77b46a100
10

Y 0.000000 0.000000 0.000000
Y 2.687006 2.687006 0.000000
D 5.374012 5.374012 0.000000
P 2.687006 8.061017 0.000000
E 0.000000 8.061017 -2.687006
T -2.687006 5.374012 -2.687006
G 0.000000 5.374012 0.000000
T -2.687006 5.374012 2.687006
W 0.000000 2.687006 2.687006
Y 2.687006 0.000000 2.687006


-16.781945	77b461a00
10

Y 0.000000 0.000000 0.000000
Y 2.687006 2.687006 0.000000
D 5.374012 5.374012 0.000000
P 2.687006 5.374012 -2.687006
E 0.000000 8.061017 -2.687006
T -2.687006 5.374012 -2.687006
G 0.000000 5.374012 0.000000
T -2.687006 5.374012 2.687006
W 0.000000 2.687006 2.687006
Y 2.687006 0.000000 2.687006


-16.781945	115ab7840
10

Y 0.000000 0.000000 0.000000
Y 2.687006 2.687006 0.000000
D 5.374012 2.687006 2.687006
P 5.374012 0.000000 0.000000
E 8.061017 -2.687006 0.000000
T 5.374012 -2.687006 2.687006
G 2.687006 -2.687006 0.000000
T 5.374012 -2.687006 -2.687006
W 2.687006 0.000000 -2.687006
Y 0.000000 2.687006 -2.687006


-16.781945	115a59640
10

Y 0.000000 0.000000 0.000000
Y 2.687006 2.687006 0.000000
D 5.374012 2.687006 2.687006
P 2.687006 0.000000 2.687006
E 2.687006 -2.687006 5.374012
T 5.374012 -2.687006 2.687006
G 2.687006 -2.687006 0.000000
T 5.374012 -2.687006 -2.687006
W 2.687006 0.000000 -2.687006
Y 0.000000 2.687006 -2.687006


-16.781945	77b4baa00
10

Y 0.000000 0.000000 0.000000
Y 2.687006 2.687006 0.000000
D 5.374012 5.374012 0.000000
P 2.687006 5.374012 -2.687006
E 0.000000 5.374012 -5.374012
T -2.687006 5.374012 -2.687006
G 0.000000 5.374012 0.000000
T -2.687006 5.374012 2.687006
W 0.000000 2.687006 2.687006
Y 2.687006 0.000000 2.687006


-16.781945	77a5ab140
10

Y 0.000000 0.000000 0.000000
Y 2.687006 2.687006 0.000000
D 5.374012 2.687006 2.687006
P 2.687006 5.374012 2.687006
E 0.000000 5.374012 5.374012
T -2.687006 5.374012 2.687006
G 0.000000 5.374012 0.000000
T -2.687006 5.374012 -2.687006
W 0.000000 2.687006 -2.687006
Y 2.687006 0.000000 -2.687006


-16.781945	77a5abb00
10

Y 0.000000 0.000000 0.000000
Y 2.687006 2.687006 0.000000
D 5.374012 5.374012 0.000000
P 2.687006 5.374012 2.687006
E 0.000000 5.374012 5.374012
T -2.687006 5.374012 2.687006
G 0.000000 5.374012 0.000000
T -2.687006 5.374012 -2.687006
W 0.000000 2.687006 -2.687006
Y 2.687006 0.000000 -2.687006


-16.781945	77a56b100
10

Y 0.000000 0.000000 0.000000
Y 2.687006 2.687006 0.000000
D 5.374012 5.374012 0.000000
P 2.687006 8.061017 0.000000
E 0.000000 8.061017 2.687006
T -2.687006 5.374012 2.687006
G 0.000000 5.374012 0.000000
T -2.687006 5.374012 -2.687006
W 0.000000 2.687006 -2.687006
Y 2.687006 0.000000 -2.687006


-16.781945	77a561140
10

Y 0.000000 0.000000 0.000000
Y 2.687006 2.687006 0.000000
D 5.374012 2.687006 2.687006
P 2.687006 5.374012 2.687006
E 0.000000 8.061017 2.687006
T -2.687006 5.374012 2.687006
G 0.000000 5.374012 0.000000
T -2.687006 5.374012 -2.687006
W 0.000000 2.687006 -2.687006
Y 2.687006 0.000000 -2.687006


-16.781945	77a561b00
10

Y 0.000000 0.000000 0.000000
Y 2.687006 2.687006 0.000000
D 5.374012 5.374012 0.000000
P 2.687006 5.374012 2.687006
E 0.000000 8.061017 2.687006
T -2.687006 5.374012 2.687006
G 0.000000 5.374012 0.000000
T -2.687006 5.374012 -2.687006
W 0.000000 2.687006 -2.687006
Y 2.687006 0.000000 -2.687006


-16.781945	7767b1100
10

Y 0.000000 0.000000 0.000000
Y 2.687006 2.687006 0.000000
D 5.374012 5.374012 0.000000
P 2.687006 8.061017 0.000000
E 0.000000 10.748023 0.000000
T -2.687006 10.748023 2.687006
G 0.000000 8.061017 2.687006
T -2.687006 5.374012 2.687006
W 0.000000 2.687006 2.687006
Y 2.687006 0.000000 2.687006


-16.781945	7767a1100
10

Y 0.000000 0.000000 0.000000
Y 2.687006 2.687006 0.000000
D 5.374012 5.374012 0.000000
P 2.687006 8.061017 0.000000
E 0.000000 10.748023 0.000000
T -2.687006 10.748023 -2.687006
G 0.000000 8.061017 -2.687006
T -2.687006 5.374012 -2.687006
W 0.000000 2.687006 -2.687006
Y 2.687006 0.000000 -2.687006


-16.781945	11ab85740
10

Y 0.000000 0.000000 0.000000
Y 2.687006 2.687006 0.000000
D 5.374012 2.687006 2.687006
P 8.061017 0.000000 2.687006
E 10.748023 0.000000 0.000000
T 10.748023 -2.687006 -2.687006
G 8.061017 -2.687006 0.000000
T 5.374012 -2.687006 -2.687006
W 2.687006 0.000000 -2.687006
Y 0.000000 2.687006 -2.687006


-16.781945	11a5a9740
10

Y 0.000000 0.000000 0.000000
Y 2.687006 2.687006 0.000000
D 5.374012 2.687006 2.687006
P 8.061017 0.000000 2.687006
E 8.061017 -2.687006 5.374012
T 5.374012 -2.687006 2.687006
G 8.061017 -2.687006 0.000000
T 5.374012 -2.687006 -2.687006
W 2.687006 0.000000 -2.687006
Y 0.000000 2.687006 -2.687006


-16.781945	119268700
10

Y 0.000000 0.000000 0.000000
Y 2.687006 2.687006 0.000000
D 5.374012 5.374012 0.000000
P 8.061017 2.687006 0.000000
E 8.061017 0.000000 -2.687006
T 5.374012 -2.687006 -2.687006
G 5.374012 0.000000 0.000000
T 5.374012 -2.687006 2.687006
W 2.687006 0.000000 2.687006
Y 0.000000 2.687006 2.687006


-16.781945	119267800
10

Y 0.000000 0.000000 0.000000
Y 2.687006 2.687006 0.000000
D 5.374012 5.374012 0.000000
P 5.374012 2.687006 -2.687006
E 8.061017 0.000000 -2.687006
T 5.374012 -2.687006 -2.687006
G 5.374012 0.000000 0.000000
T 5.374012 -2.687006 2.687006
W 2.687006 0.000000 2.687006
Y 0.000000 2.687006 2.687006


-16.781945	119298800
10

Y 0.000000 0.000000 0.000000
Y 2.687006 2.687006 0.000000
D 5.374012 5.374012 0.000000
P 5.374012 2.687006 -2.687006
E 5.374012 0.000000 -5.374012
T 5.374012 -2.687006 -2.687006
G 5.374012 0.000000 0.000000
T 5.374012 -2.687006 2.687006
W 2.687006 0.000000 2.687006
Y 0.000000 2.687006 2.687006


-16.781945	118389900
10

Y 0.000000 0.000000 0.000000
Y 2.687006 2.687006 0.000000
D 5.374012 5.374012 0.000000
P 5.374012 2.687006 2.687006
E 5.374012 0.000000 5.374012
T 5.374012 -2.687006 2.687006
G 5.374012 0.000000 0.000000
T 5.374012 -2.687006 -2.687006
W 2.687006 0.000000 -2.687006
Y 0.000000 2.687006 -2.687006


-16.781945	118369700
10

Y 0.000000 0.000000 0.000000
Y 2.687006 2.687006 0.000000
D 5.374012 5.374012 0.000000
P 8.061017 2.687006 0.000000
E 8.061017 0.000000 2.687006
T 5.374012 -2.687006 2.687006
G 5.374012 0.000000 0.000000
T 5.374012 -2.687006 -2.687006
W 2.687006 0.000000 -2.687006
Y 0.000000 2.687006 -2.687006


-16.781945	118367900
10

Y 0.000000 0.000000 0.000000
Y 2.687006 2.687006 0.000000
D 5.374012 5.374012 0.000000
P 5.374012 2.687006 2.687006
E 8.061017 0.000000 2.687006
T 5.374012 -2.687006 2.687006
G 5.374012 0.000000 0.000000
T 5.374012 -2.687006 -2.687006
W 2.687006 0.000000 -2.687006
Y 0.000000 2.687006 -2.687006


-16.781945	118359640
10

Y 0.000000 0.000000 0.000000
Y 2.687006 2.687006 0.000000
D 5.374012 2.687006 2.687006
P 2.687006 0.000000 2.687006
E 2.687006 -2.687006 5.374012
T 5.374012 -2.687006 2.687006
G 5.374012 0.000000 0.000000
T 5.374012 -2.687006 -2.687006
W 2.687006 0.000000 -2.687006
Y 0.000000 2.687006 -2.687006


-16.781945	1183b8740
10

Y 0.000000 0.000000 0.000000
Y 2.687006 2.687006 0.000000
D 5.374012 2.687006 2.687006
P 8.061017 0.000000 2.687006
E 8.061017 -2.687006 0.000000
T 5.374012 -2.687006 2.687006
G 5.374012 0.000000 0.000000
T 5.374012 -2.687006 -2.687006
W 2.687006 0.000000 -2.687006
Y 0.000000 2.687006 -2.687006


-16.781945	1183a9740
10

Y 0.000000 0.000000 0.000000
Y 2.687006 2.687006 0.000000
D 5.374012 2.687006 2.687006
P 8.061017 0.000000 2.687006
E 8.061017 -2.687006 5.374012
T 5.374012 -2.687006 2.687006
G 5.374012 0.000000 0.000000
T 5.374012 -2.687006 -2.687006
W 2.687006 0.000000 -2.687006
Y 0.000000 2.687006 -2.687006


-16.781945	1bab85700
10

Y 0.000000 0.000000 0.000000
Y 2.687006 2.687006 0.000000
D 5.374012 5.374012 0.000000
P 8.061017 2.687006 0.000000
E 10.748023 2.687006 -2.687006
T 10.748023 0.000000 -5.374012
G 8.061017 0.000000 -2.687006
T 5.374012 0.000000 -5.374012
W 2.687006 0.000000 -2.687006
Y 0.000000 2.687006 -2.687006


-16.781945	1bab85540
10

Y 0.000000 0.000000 0.000000
Y 2.687006 2.687006 0.000000
D 5.374012 2.687006 2.687006
P 8.061017 2.687006 0.000000
E 10.748023 2.687006 -2.687006
T 10.748023 0.000000 -5.374012
G 8.061017 0.000000 -2.687006
T 5.374012 0.000000 -5.374012
W 2.687006 0.000000 -2.687006
Y 0.000000 2.687006 -2.687006


-16.781945	1bab75800
10

Y 0.000000 0.000000 0.000000
Y 2.687006 2.687006 0.000000
D 5.374012 5.374012 0.000000
P 5.374012 2.687006 -2.687006
E 8.061017 2.687006 -5.374012
T 10.748023 0.000000 -5.374012
G 8.061017 0.000000 -2.687006
T 5.374012 0.000000 -5.374012
W 2.687006 0.000000 -2.687006
Y 0.000000 2.687006 -2.687006


-16.781945	1b8918500
10

Y 0.000000 0.000000 0.000000
Y 2.687006 2.687006 0.000000
D 5.374012 5.374012 0.000000
P 8.061017 5.374012 -2.687006
E 8.061017 2.687006 -5.374012
T 5.374012 5.374012 -5.374012
G 5.374012 2.687006 -2.687006
T 5.374012 0.000000 -5.374012
W 2.687006 0.000000 -2.687006
Y 0.000000 2.687006 -2.687006


-16.781945	1b89a3540
10

Y 0.000000 0.000000 0.000000
Y 2.687006 2.687006 0.000000
D 5.374012 2.687006 2.687006
P 8.061017 2.687006 0.000000
E 8.061017 5.374012 -2.687006
T 5.374012 5.374012 -5.374012
G 5.374012 2.687006 -2.687006
T 5.374012 0.000000 -5.374012
W 2.687006 0.000000 -2.687006
Y 0.000000 2.687006 -2.687006


-16.781945	1b89a5340
10

Y 0.000000 0.000000 0.000000
Y 2.687006 2.687006 0.000000
D 5.374012 2.687006 2.687006
P 5.374012 5.374012 0.000000
E 8.061017 5.374012 -2.687006
T 5.374012 5.374012 -5.374012
G 5.374012 2.687006 -2.687006
T 5.374012 0.000000 -5.374012
W 2.687006 0.000000 -2.687006
Y 0.000000 2.687006 -2.687006


-16.781945	1b8983340
10

Y 0.000000 0.000000 0.000000
Y 2.687006 2.687006 0.000000
D 5.374012 2.687006 2.687006
P 5.374012 5.374012 0.000000
E 5.374012 8.061017 -2.687006
T 5.374012 5.374012 -5.374012
G 5.374012 2.687006 -2.687006
T 5.374012 0.000000 -5.374012
W 2.687006 0.000000 -2.687006
Y 0.000000 2.687006 -2.687006


-16.781945	1b8973a00
10

Y 0.000000 0.000000 0.000000
Y 2.687006 2.687006 0.000000
D 5.374012 5.374012 0.000000
P 2.687006 5.374012 -2.687006
E 2.687006 8.061017 -5.374012
T 5.374012 5.374012 -5.374012
G 5.374012 2.687006 -2.687006
T 5.374012 0.000000 -5.374012
W 2.687006 0.000000 -2.687006
Y 0.000000 2.687006 -2.687006


-16.781945	1b8963500
10

Y 0.000000 0.000000 0.000000
Y 2.687006 2.687006 0.000000
D 5.374012 5.374012 0.000000
P 8.061017 5.374012 -2.687006
E 8.061017 8.061017 -5.374012
T 5.374012 5.374012 -5.374012
G 5.374012 2.687006 -2.687006
T 5.374012 0.000000 -5.374012
W 2.687006 0.000000 -2.687006
Y 0.000000 2.687006 -2.687006


-16.781945	1b7673a00
10

Y 0.000000 0.000000 0.000000
Y 2.687006 2.687006 0.000000
D 5.374012 5.374012 0.000000
P 2.687006 5.374012 -2.687006
E 2.687006 8.061017 -5.374012
T 5.374012 5.374012 -5.374012
G 2.687006 2.687006 -5.374012
T 5.374012 0.000000 -5.374012
W 2.687006 0.000000 -2.687006
Y 0.000000 2.687006 -2.687006


-16.781945	1b7615800
10

Y 0.000000 0.000000 0.000000
Y 2.687006 2.687006 0.000000
D 5.374012 5.374012 0.000000
P 5.374012 2.687006 -2.687006
E 8.061017 2.687006 -5.374012
T 5.374012 5.374012 -5.374012
G 2.687006 2.687006 -5.374012
T 5.374012 0.000000 -5.374012
W 2.687006 0.000000 -2.687006
Y 0.000000 2.687006 -2.687006


-16.781945	1b6763500
10

Y 0.000000 0.000000 0.000000
Y 2.687006 2.687006 0.000000
D 5.374012 5.374012 0.000000
P 8.061017 5.374012 -2.687006
E 8.061017 8.061017 -5.374012
T 5.374012 5.374012 -5.374012
G 8.061017 2.687006 -5.374012
T 5.374012 0.000000 -5.374012
W 2.687006 0.000000 -2.687006
Y 0.000000 2.687006 -2.687006


-16.781945	1b6187500
10

Y 0.000000 0.000000 0.000000
Y 2.687006 2.687006 0.000000
D 5.374012 5.374012 0.000000
P 8.061017 5.374012 -2.687006
E 10.748023 2.687006 -2.687006
T 10.748023 0.000000 -5.374012
G 8.061017 2.687006 -5.374012
T 5.374012 0.000000 -5.374012
W 2.687006 0.000000 -2.687006
Y 0.000000 2.687006 -2.687006


-16.781945	1aba94700
10

Y 0.000000 0.000000 0.000000
Y 2.687006 2.687006 0.000000
D 5.374012 5.374012 0.000000
P 8.061017 2.687006 0.000000
E 10.748023 2.687006 2.687006
T 10.748023 0.000000 5.374012
G 8.061017 0.000000 2.687006
T 5.374012 0.000000 5.374012
W 2.687006 0.000000 2.687006
Y 0.000000 2.687006 2.687006


-16.781945	1aba74900
10

Y 0.000000 0.000000 0.000000
Y 2.687006 2.687006 0.000000
D 5.374012 5.374012 0.000000
P 5.374012 2.687006 2.687006
E 8.061017 2.687006 5.374012
T 10.748023 0.000000 5.374012
G 8.061017 0.000000 2.687006
T 5.374012 0.000000 5.374012
W 2.687006 0.000000 2.687006
Y 0.000000 2.687006 2.687006


-16.781945	1a9819400
10

Y 0.000000 0.000000 0.000000
Y 2.687006 2.687006 0.000000
D 5.374012 5.374012 0.000000
P 8.061017 5.374012 2.687006
E 8.061017 2.687006 5.374012
T 5.374012 5.374012 5.374012
G 5.374012 2.687006 2.687006
T 5.374012 0.000000 5.374012
W 2.687006 0.000000 2.687006
Y 0.000000 2.687006 2.687006


-16.781945	1a9872b00
10

Y 0.000000 0.000000 0.000000
Y 2.687006 2.687006 0.000000
D 5.374012 5.374012 0.000000
P 2.687006 5.374012 2.687006
E 2.687006 8.061017 5.374012
T 5.374012 5.374012 5.374012
G 5.374012 2.687006 2.687006
T 5.374012 0.000000 5.374012
W 2.687006 0.000000 2.687006
Y 0.000000 2.687006 2.687006


-16.781945	1a9862400
10

Y 0.000000 0.000000 0.000000
Y 2.687006 2.687006 0.000000
D 5.374012 5.374012 0.000000
P 8.061017 5.374012 2.687006
E 8.061017 8.061017 5.374012
T 5.374012 5.374012 5.374012
G 5.374012 2.687006 2.687006
T 5.374012 0.000000 5.374012
W 2.687006 0.000000 2.687006
Y 0.000000 2.687006 2.687006


-16.781945	1a7672b00
10

Y 0.000000 0.000000 0.000000
Y 2.687006 2.687006 0.000000
D 5.374012 5.374012 0.000000
P 2.687006 5.374012 2.687006
E 2.687006 8.061017 5.374012
T 5.374012 5.374012 5.374012
G 2.687006 2.687006 5.374012
T 5.374012 0.000000 5.374012
W 2.687006 0.000000 2.687006
Y 0.000000 2.687006 2.687006


-16.781945	1a7614900
10

Y 0.000000 0.000000 0.000000
Y 2.687006 2.687006 0.000000
D 5.374012 5.374012 0.000000
P 5.374012 2.687006 2.687006
E 8.061017 2.687006 5.374012
T 5.374012 5.374012 5.374012
G 2.687006 2.687006 5.374012
T 5.374012 0.000000 5.374012
W 2.687006 0.000000 2.687006
Y 0.000000 2.687006 2.687006


-16.781945	1a6762400
10

Y 0.000000 0.000000 0.000000
Y 2.687006 2.687006 0.000000
D 5.374012 5.374012 0.000000
P 8.061017 5.374012 2.687006
E 8.061017 8.061017 5.374012
T 5.374012 5.374012 5.374012
G 8.061017 2.687006 5.374012
T 5.374012 0.000000 5.374012
W 2.687006 0.000000 2.687006
Y 0.000000 2.687006 2.687006


-16.781945	1a6197400
10

Y 0.000000 0.000000 0.000000
Y 2.687006 2.687006 0.000000
D 5.374012 5.374012 0.000000
P 8.061017 5.374012 2.687006
E 10.748023 2.687006 2.687006
T 10.748023 0.000000 5.374012
G 8.061017 2.687006 5.374012
T 5.374012 0.000000 5.374012
W 2.687006 0.000000 2.687006
Y 0.000000 2.687006 2.687006


-16.780660	13b864900
10

Y 0.000000 0.000000 0.000000
Y 2.687006 2.687006 0.000000
D 5.374012 5.374012 0.000000
P 5.374012 2.687006 2.687006
E 8.061017 2.687006 5.374012
T 5.374012 0.000000 5.374012
G 5.374012 -2.687006 2.687006
T 2.687006 -2.687006 5.374012
W 2.687006 0.000000 2.687006
Y 0.000000 2.687006 2.687006


-16.780660	1263a7840
10

Y 0.000000 0.000000 0.000000
Y 2.687006 2.687006 0.000000
D 5.374012 2.687006 2.687006
P 5.374012 0.000000 0.000000
E 8.061017 -2.687006 0.000000
T 5.374012 -2.687006 -2.687006
G 5.374012 0.000000 -5.374012
T 2.687006 -2.687006 -5.374012
W 2.687006 0.000000 -2.687006
Y 0.000000 2.687006 -2.687006


-16.780660	12a965800
10

Y 0.000000 0.000000 0.000000
Y 2.687006 2.687006 0.000000
D 5.374012 5.374012 0.000000
P 5.374012 2.687006 -2.687006
E 8.061017 2.687006 -5.374012
T 5.374012 0.000000 -5.374012
G 5.374012 -2.687006 -2.687006
T 2.687006 -2.687006 -5.374012
W 2.687006 0.000000 -2.687006
Y 0.000000 2.687006 -2.687006


-16.780660	116569400
10

Y 0.000000 0.000000 0.000000
Y 2.687006 2.687006 0.000000
D 5.374012 5.374012 0.000000
P 8.061017 5.374012 2.687006
E 8.061017 2.687006 5.374012
T 5.374012 0.000000 5.374012
G 8.061017 0.000000 2.687006
T 5.374012 -2.687006 2.687006
W 2.687006 0.000000 2.687006
Y 0.000000 2.687006 2.687006


-16.780660	116468500
10

Y 0.000000 0.000000 0.000000
Y 2.687006 2.687006 0.000000
D 5.374012 5.374012 0.000000
P 8.061017 5.374012 -2.687006
E 8.061017 2.687006 -5.374012
T 5.374012 0.000000 -5.374012
G 8.061017 0.000000 -2.687006
T 5.374012 -2.687006 -2.687006
W 2.687006 0.000000 -2.687006
Y 0.000000 2.687006 -2.687006


-16.780660	77636b200
10

Y 0.000000 0.000000 0.000000
Y 2.687006 2.687006 0.000000
D 5.374012 5.374012 0.000000
P 5.374012 8.061017 2.687006
E 2.687006 8.061017 5.374012
T 0.000000 5.374012 5.374012
G 0.000000 8.061017 2.687006
T -2.687006 5.374012 2.687006
W 0.000000 2.687006 2.687006
Y 2.687006 0.000000 2.687006


-16.780660	77626a300
10

Y 0.000000 0.000000 0.000000
Y 2.687006 2.687006 0.000000
D 5.374012 5.374012 0.000000
P 5.374012 8.061017 -2.687006
E 2.687006 8.061017 -5.374012
T 0.000000 5.374012 -5.374012
G 0.000000 8.061017 -2.687006
T -2.687006 5.374012 -2.687006
W 0.000000 2.687006 -2.687006
Y 2.687006 0.000000 -2.687006


-16.780660	759a62b00
10

Y 0.000000 0.000000 0.000000
Y 2.687006 2.687006 0.000000
D 5.374012 5.374012 0.000000
P 2.687006 5.374012 2.687006
E 2.687006 8.061017 5.374012
T 0.000000 5.374012 5.374012
G -2.687006 5.374012 2.687006
T -2.687006 2.687006 5.374012
W 0.000000 2.687006 2.687006
Y 2.687006 0.000000 2.687006


-16.780660	1ba0a8740
10

Y 0.000000 0.000000 0.000000
Y 2.687006 2.687006 0.000000
D 5.374012 2.687006 2.687006
P 8.061017 0.000000 2.687006
E 8.061017 -2.687006 0.000000
T 5.374012 -2.687006 -2.687006
G 8.061017 0.000000 -2.687006
T 5.374012 0.000000 -5.374012
W 2.687006 0.000000 -2.687006
Y 0.000000 2.687006 -2.687006


-16.780660	748b63a00
10

Y 0.000000 0.000000 0.000000
Y 2.687006 2.687006 0.000000
D 5.374012 5.374012 0.000000
P 2.687006 5.374012 -2.687006
E 2.687006 8.061017 -5.374012
T 0.000000 5.374012 -5.374012
G -2.687006 5.374012 -2.687006
T -2.687006 2.687006 -5.374012
W 0.000000 2.687006 -2.687006
Y 2.687006 0.000000 -2.687006


-16.455549	49146aa00
10

Y 0.000000 0.000000 0.000000
Y 2.687006 2.687006 0.000000
D 5.374012 5.374012 0.000000
P 2.687006 5.374012 -2.687006
E 0.000000 5.374012 -5.374012
T -2.687006 2.687006 -5.374012
G 0.000000 2.687006 -2.687006
T -2.687006 5.374012 -2.687006
W -2.687006 2.687006 0.000000
Y 0.000000 2.687006 2.687006


-16.455549	a363b9900
10

Y 0.000000 0.000000 0.000000
Y 2.687006 2.687006 0.000000
D 5.374012 5.374012 0.000000
P 5.374012 2.687006 2.687006
E 5.374012 0.000000 5.374012
T 2.687006 0.000000 8.061017
G 2.687006 2.687006 5.374012
T 0.000000 0.000000 5.374012
W 0.000000 2.687006 2.687006
Y -2.687006 2.687006 0.000000


-16.455549	49a7b1a00
10

Y 0.000000 0.000000 0.000000
Y 2.687006 2.687006 0.000000
D 5.374012 5.374012 0.000000
P 2.687006 5.374012 -2.687006
E 0.000000 8.061017 -2.687006
T -2.687006 8.061017 0.000000
G 0.000000 5.374012 0.000000
T -2.687006 5.374012 -2.687006
W -2.687006 2.687006 0.000000
Y 0.000000 2.687006 2.687006


-16.455549	49a7ba100
10

Y 0.000000 0.000000 0.000000
Y 2.687006 2.687006 0.000000
D 5.374012 5.374012 0.000000
P 2.687006 8.061017 0.000000
E 0.000000 8.061017 -2.687006
T -2.687006 8.061017 0.000000
G 0.000000 5.374012 0.000000
T -2.687006 5.374012 -2.687006
W -2.687006 2.687006 0.000000
Y 0.000000 2.687006 2.687006


-16.455549	49a761100
10

Y 0.000000 0.000000 0.000000
Y 2.687006 2.687006 0.000000
D 5.374012 5.374012 0.000000
P 2.687006 8.061017 0.000000
E 0.000000 10.748023 0.000000
T -2.687006 8.061017 0.000000
G 0.000000 5.374012 0.000000
T -2.687006 5.374012 -2.687006
W -2.687006 2.687006 0.000000
Y 0.000000 2.687006 2.687006


-16.455549	496561100
10

Y 0.000000 0.000000 0.000000
Y 2.687006 2.687006 0.000000
D 5.374012 5.374012 0.000000
P 2.687006 8.061017 0.000000
E 0.000000 10.748023 0.000000
T -2.687006 8.061017 0.000000
G 0.000000 8.061017 -2.687006
T -2.687006 5.374012 -2.687006
W -2.687006 2.687006 0.000000
Y 0.000000 2.687006 2.687006


-16.455549	a3b369900
10

Y 0.000000 0.000000 0.000000
Y 2.687006 2.687006 0.000000
D 5.374012 5.374012 0.000000
P 5.374012 2.687006 2.687006
E 5.374012 0.000000 5.374012
T 2.687006 -2.687006 5.374012
G 2.687006 0.000000 2.687006
T 0.000000 0.000000 5.374012
W 0.000000 2.687006 2.687006
Y -2.687006 2.687006 0.000000


-16.455549	5815abb40
10

Y 0.000000 0.000000 0.000000
Y 2.687006 2.687006 0.000000
D 5.374012 2.687006 2.687006
P 2.687006 2.687006 5.374012
E 0.000000 2.687006 8.061017
T -2.687006 2.687006 5.374012
G 0.000000 2.687006 2.687006
T -2.687006 5.374012 2.687006
W -2.687006 2.687006 0.000000
Y 0.000000 2.687006 -2.687006


-16.455549	58156b140
10

Y 0.000000 0.000000 0.000000
Y 2.687006 2.687006 0.000000
D 5.374012 2.687006 2.687006
P 2.687006 5.374012 2.687006
E 0.000000 5.374012 5.374012
T -2.687006 2.687006 5.374012
G 0.000000 2.687006 2.687006
T -2.687006 5.374012 2.687006
W -2.687006 2.687006 0.000000
Y 0.000000 2.687006 -2.687006


-16.455549	58156bb00
10

Y 0.000000 0.000000 0.000000
Y 2.687006 2.687006 0.000000
D 5.374012 5.374012 0.000000
P 2.687006 5.374012 2.687006
E 0.000000 5.374012 5.374012
T -2.687006 2.687006 5.374012
G 0.000000 2.687006 2.687006
T -2.687006 5.374012 2.687006
W -2.687006 2.687006 0.000000
Y 0.000000 2.687006 -2.687006


-16.455549	581561b40
10

Y 0.000000 0.000000 0.000000
Y 2.687006 2.687006 0.000000
D 5.374012 2.687006 2.687006
P 2.687006 2.687006 5.374012
E 0.000000 5.374012 5.374012
T -2.687006 2.687006 5.374012
G 0.000000 2.687006 2.687006
T -2.687006 5.374012 2.687006
W -2.687006 2.687006 0.000000
Y 0.000000 2.687006 -2.687006


-16.455549	b262a8800
10

Y 0.000000 0.000000 0.000000
Y 2.687006 2.687006 0.000000
D 5.374012 5.374012 0.000000
P 5.374012 2.687006 -2.687006
E 5.374012 0.000000 -5.374012
T 2.687006 0.000000 -8.061017
G 2.687006 2.687006 -5.374012
T 0.000000 0.000000 -5.374012
W 0.000000 2.687006 -2.687006
Y -2.687006 2.687006 0.000000


-16.455549	58b7a1140
10

Y 0.000000 0.000000 0.000000
Y 2.687006 2.687006 0.000000
D 5.374012 2.687006 2.687006
P 2.687006 5.374012 2.687006
E 0.000000 8.061017 2.687006
T -2.687006 8.061017 0.000000
G 0.000000 5.374012 0.000000
T -2.687006 5.374012 2.687006
W -2.687006 2.687006 0.000000
Y 0.000000 2.687006 -2.687006


-16.455549	58b7a1b00
10

Y 0.000000 0.000000 0.000000
Y 2.687006 2.687006 0.000000
D 5.374012 5.374012 0.000000
P 2.687006 5.374012 2.687006
E 0.000000 8.061017 2.687006
T -2.687006 8.061017 0.000000
G 0.000000 5.374012 0.000000
T -2.687006 5.374012 2.687006
W -2.687006 2.687006 0.000000
Y 0.000000 2.687006 -2.687006


-16.455549	58b7ab100
10

Y 0.000000 0.000000 0.000000
Y 2.687006 2.687006 0.000000
D 5.374012 5.374012 0.000000
P 2.687006 8.061017 0.000000
E 0.000000 8.061017 2.687006
T -2.687006 8.061017 0.000000
G 0.000000 5.374012 0.000000
T -2.687006 5.374012 2.687006
W -2.687006 2.687006 0.000000
Y 0.000000 2.687006 -2.687006


-16.455549	58b761100
10

Y 0.000000 0.000000 0.000000
Y 2.687006 2.687006 0.000000
D 5.374012 5.374012 0.000000
P 2.687006 8.061017 0.000000
E 0.000000 10.748023 0.000000
T -2.687006 8.061017 0.000000
G 0.000000 5.374012 0.000000
T -2.687006 5.374012 2.687006
W -2.687006 2.687006 0.000000
Y 0.000000 2.687006 -2.687006


-16.455549	58a0abb40
10

Y 0.000000 0.000000 0.000000
Y 2.687006 2.687006 0.000000
D 5.374012 2.687006 2.687006
P 2.687006 2.687006 5.374012
E 0.000000 2.687006 8.061017
T -2.687006 2.687006 5.374012
G 0.000000 5.374012 5.374012
T -2.687006 5.374012 2.687006
W -2.687006 2.687006 0.000000
Y 0.000000 2.687006 -2.687006


-16.455549	586461100
10

Y 0.000000 0.000000 0.000000
Y 2.687006 2.687006 0.000000
D 5.374012 5.374012 0.000000
P 2.687006 8.061017 0.000000
E 0.000000 10.748023 0.000000
T -2.687006 8.061017 0.000000
G 0.000000 8.061017 2.687006
T -2.687006 5.374012 2.687006
W -2.687006 2.687006 0.000000
Y 0.000000 2.687006 -2.687006


-16.455549	b2a268800
10

Y 0.000000 0.000000 0.000000
Y 2.687006 2.687006 0.000000
D 5.374012 5.374012 0.000000
P 5.374012 2.687006 -2.687006
E 5.374012 0.000000 -5.374012
T 2.687006 -2.687006 -5.374012
G 2.687006 0.000000 -2.687006
T 0.000000 0.000000 -5.374012
W 0.000000 2.687006 -2.687006
Y -2.687006 2.687006 0.000000


-16.455549	b2a2a8840
10

Y 0.000000 0.000000 0.000000
Y 2.687006 2.687006 0.000000
D 5.374012 2.687006 2.687006
P 5.374012 0.000000 0.000000
E 5.374012 -2.687006 -2.687006
T 2.687006 -2.687006 -5.374012
G 2.687006 0.000000 -2.687006
T 0.000000 0.000000 -5.374012
W 0.000000 2.687006 -2.687006
Y -2.687006 2.687006 0.000000


-16.455549	8a9167400
10

Y 0.000000 0.000000 0.000000
Y 2.687006 2.687006 0.000000
D 5.374012 5.374012 0.000000
P 8.061017 5.374012 2.687006
E 10.748023 2.687006 2.687006
T 8.061017 0.000000 2.687006
G 5.374012 2.687006 2.687006
T 5.374012 0.000000 5.374012
W 2.687006 0.000000 2.687006
Y 2.687006 -2.687006 0.000000


-16.455549	8a9164700
10

Y 0.000000 0.000000 0.000000
Y 2.687006 2.687006 0.000000
D 5.374012 5.374012 0.000000
P 8.061017 2.687006 0.000000
E 10.748023 2.687006 2.687006
T 8.061017 0.000000 2.687006
G 5.374012 2.687006 2.687006
T 5.374012 0.000000 5.374012
W 2.687006 0.000000 2.687006
Y 2.687006 -2.687006 0.000000


-16.455549	8a91b7700
10

Y 0.000000 0.000000 0.000000
Y 2.687006 2.687006 0.000000
D 5.374012 5.374012 0.000000
P 8.061017 2.687006 0.000000
E 10.748023 0.000000 0.000000
T 8.061017 0.000000 2.687006
G 5.374012 2.687006 2.687006
T 5.374012 0.000000 5.374012
W 2.687006 0.000000 2.687006
Y 2.687006 -2.687006 0.000000


-16.455549	8a9189400
10

Y 0.000000 0.000000 0.000000
Y 2.687006 2.687006 0.000000
D 5.374012 5.374012 0.000000
P 8.061017 5.374012 2.687006
E 8.061017 2.687006 5.374012
T 8.061017 0.000000 2.687006
G 5.374012 2.687006 2.687006
T 5.374012 0.000000 5.374012
W 2.687006 0.000000 2.687006
Y 2.687006 -2.687006 0.000000


-16.455549	9b8167500
10

Y 0.000000 0.000000 0.000000
Y 2.687006 2.687006 0.000000
D 5.374012 5.374012 0.000000
P 8.061017 5.374012 -2.687006
E 10.748023 2.687006 -2.687006
T 8.061017 0.000000 -2.687006
G 5.374012 2.687006 -2.687006
T 5.374012 0.000000 -5.374012
W 2.687006 0.000000 -2.687006
Y 2.687006 -2.687006 0.000000


-16.455549	9b8165700
10

Y 0.000000 0.000000 0.000000
Y 2.687006 2.687006 0.000000
D 5.374012 5.374012 0.000000
P 8.061017 2.687006 0.000000
E 10.748023 2.687006 -2.687006
T 8.061017 0.000000 -2.687006
G 5.374012 2.687006 -2.687006
T 5.374012 0.000000 -5.374012
W 2.687006 0.000000 -2.687006
Y 2.687006 -2.687006 0.000000


-16.455549	9b8165540
10

Y 0.000000 0.000000 0.000000
Y 2.687006 2.687006 0.000000
D 5.374012 2.687006 2.687006
P 8.061017 2.687006 0.000000
E 10.748023 2.687006 -2.687006
T 8.061017 0.000000 -2.687006
G 5.374012 2.687006 -2.687006
T 5.374012 0.000000 -5.374012
W 2.687006 0.000000 -2.687006
Y 2.687006 -2.687006 0.000000


-16.455549	9b81a7700
10

Y 0.000000 0.000000 0.000000
Y 2.687006 2.687006 0.000000
D 5.374012 5.374012 0.000000
P 8.061017 2.687006 0.000000
E 10.748023 0.000000 0.000000
T 8.061017 0.000000 -2.687006
G 5.374012 2.687006 -2.687006
T 5.374012 0.000000 -5.374012
W 2.687006 0.000000 -2.687006
Y 2.687006 -2.687006 0.000000


-16.455549	9b81a7540
10

Y 0.000000 0.000000 0.000000
Y 2.687006 2.687006 0.000000
D 5.374012 2.687006 2.687006
P 8.061017 2.687006 0.000000
E 10.748023 0.000000 0.000000
T 8.061017 0.000000 -2.687006
G 5.374012 2.687006 -2.687006
T 5.374012 0.000000 -5.374012
W 2.687006 0.000000 -2.687006
Y 2.687006 -2.687006 0.000000


-16.455549	9b8198500
10

Y 0.000000 0.000000 0.000000
Y 2.687006 2.687006 0.000000
D 5.374012 5.374012 0.000000
P 8.061017 5.374012 -2.687006
E 8.061017 2.687006 -5.374012
T 8.061017 0.000000 -2.687006
G 5.374012 2.687006 -2.687006
T 5.374012 0.000000 -5.374012
W 2.687006 0.000000 -2.687006
Y 2.687006 -2.687006 0.000000


-16.455549	8a6267400
10

Y 0.000000 0.000000 0.000000
Y 2.687006 2.687006 0.000000
D 5.374012 5.374012 0.000000
P 8.061017 5.374012 2.687006
E 10.748023 2.687006 2.687006
T 8.061017 0.000000 2.687006
G 8.061017 2.687006 5.374012
T 5.374012 0.000000 5.374012
W 2.687006 0.000000 2.687006
Y 2.687006 -2.687006 0.000000


-16.455549	9b6367500
10

Y 0.000000 0.000000 0.000000
Y 2.687006 2.687006 0.000000
D 5.374012 5.374012 0.000000
P 8.061017 5.374012 -2.687006
E 10.748023 2.687006 -2.687006
T 8.061017 0.000000 -2.687006
G 8.061017 2.687006 -5.374012
T 5.374012 0.000000 -5.374012
W 2.687006 0.000000 -2.687006
Y 2.687006 -2.687006 0.000000


-16.455549	8919a3340
10

Y 0.000000 0.000000 0.000000
Y 2.687006 2.687006 0.000000
D 5.374012 2.687006 2.687006
P 5.374012 5.374012 0.000000
E 5.374012 8.061017 -2.687006
T 2.687006 8.061017 -5.374012
G 2.687006 5.374012 -2.687006
T 0.000000 8.061017 -2.687006
W 0.000000 5.374012 0.000000
Y 0.000000 2.687006 -2.687006


-16.455549	89a913340
10

Y 0.000000 0.000000 0.000000
Y 2.687006 2.687006 0.000000
D 5.374012 2.687006 2.687006
P 5.374012 5.374012 0.000000
E 5.374012 8.061017 -2.687006
T 2.687006 10.748023 -2.687006
G 2.687006 8.061017 0.000000
T 0.000000 8.061017 -2.687006
W 0.000000 5.374012 0.000000
Y 0.000000 2.687006 -2.687006


-16.455549	8815a2b40
10

Y 0.000000 0.000000 0.000000
Y 2.687006 2.687006 0.000000
D 5.374012 2.687006 2.687006
P 2.687006 2.687006 5.374012
E 2.687006 5.374012 8.061017
T 0.000000 5.374012 5.374012
G 2.687006 5.374012 2.687006
T 0.000000 8.061017 2.687006
W 0.000000 5.374012 0.000000
Y 0.000000 2.687006 -2.687006


-16.455549	8815ab240
10

Y 0.000000 0.000000 0.000000
Y 2.687006 2.687006 0.000000
D 5.374012 2.687006 2.687006
P 5.374012 5.374012 5.374012
E 2.687006 5.374012 8.061017
T 0.000000 5.374012 5.374012
G 2.687006 5.374012 2.687006
T 0.000000 8.061017 2.687006
W 0.000000 5.374012 0.000000
Y 0.000000 2.687006 -2.687006


-16.455549	881561240
10

Y 0.000000 0.000000 0.000000
Y 2.687006 2.687006 0.000000
D 5.374012 2.687006 2.687006
P 5.374012 5.374012 5.374012
E 2.687006 8.061017 5.374012
T 0.000000 5.374012 5.374012
G 2.687006 5.374012 2.687006
T 0.000000 8.061017 2.687006
W 0.000000 5.374012 0.000000
Y 0.000000 2.687006 -2.687006


-16.455549	88153bb40
10

Y 0.000000 0.000000 0.000000
Y 2.687006 2.687006 0.000000
D 5.374012 2.687006 2.687006
P 2.687006 2.687006 5.374012
E 0.000000 2.687006 8.061017
T 0.000000 5.374012 5.374012
G 2.687006 5.374012 2.687006
T 0.000000 8.061017 2.687006
W 0.000000 5.374012 0.000000
Y 0.000000 2.687006 -2.687006


-16.455549	8818b4900
10

Y 0.000000 0.000000 0.000000
Y 2.687006 2.687006 0.000000
D 5.374012 5.374012 0.000000
P 5.374012 2.687006 2.687006
E 8.061017 2.687006 5.374012
T 5.374012 2.687006 8.061017
G 5.374012 0.000000 5.374012
T 2.687006 2.687006 5.374012
W 2.687006 0.000000 2.687006
Y 2.687006 -2.687006 0.000000


-16.455549	bb3b38840
10

Y 0.000000 0.000000 0.000000
Y 2.687006 2.687006 0.000000
D 5.374012 2.687006 2.687006
P 5.374012 0.000000 0.000000
E 5.374012 -2.687006 -2.687006
T 5.374012 0.000000 -5.374012
G 2.687006 0.000000 -2.687006
T 2.687006 2.687006 -5.374012
W 0.000000 2.687006 -2.687006
Y -2.687006 2.687006 0.000000


-16.455549	aa2ab7900
10

Y 0.000000 0.000000 0.000000
Y 2.687006 2.687006 0.000000
D 5.374012 5.374012 0.000000
P 5.374012 2.687006 2.687006
E 8.061017 0.000000 2.687006
T 5.374012 0.000000 5.374012
G 2.687006 0.000000 2.687006
T 2.687006 2.687006 5.374012
W 0.000000 2.687006 2.687006
Y -2.687006 2.687006 0.000000


-16.455549	9919a5800
10

Y 0.000000 0.000000 0.000000
Y 2.687006 2.687006 0.000000
D 5.374012 5.374012 0.000000
P 5.374012 2.687006 -2.687006
E 8.061017 2.687006 -5.374012
T 5.374012 2.687006 -8.061017
G 5.374012 0.000000 -5.374012
T 2.687006 2.687006 -5.374012
W 2.687006 0.000000 -2.687006
Y 2.687006 -2.687006 0.000000


-16.455549	bb3ba7800
10

Y 0.000000 0.000000 0.000000
Y 2.687006 2.687006 0.000000
D 5.374012 5.374012 0.000000
P 5.374012 2.687006 -2.687006
E 8.061017 0.000000 -2.687006
T 5.374012 0.000000 -5.374012
G 2.687006 0.000000 -2.687006
T 2.687006 2.687006 -5.374012
W 0.000000 2.687006 -2.687006
Y -2.687006 2.687006 0.000000


-16.455549	bb3ba5840
10

Y 0.000000 0.000000 0.000000
Y 2.687006 2.687006 0.000000
D 5.374012 2.687006 2.687006
P 5.374012 0.000000 0.000000
E 8.061017 0.000000 -2.687006
T 5.374012 0.000000 -5.374012
G 2.687006 0.000000 -2.687006
T 2.687006 2.687006 -5.374012
W 0.000000 2.687006 -2.687006
Y -2.687006 2.687006 0.000000


-16.455549	aa2a64900
10

Y 0.000000 0.000000 0.000000
Y 2.687006 2.687006 0.000000
D 5.374012 5.374012 0.000000
P 5.374012 2.687006 2.687006
E 8.061017 2.687006 5.374012
T 5.374012 0.000000 5.374012
G 2.687006 0.000000 2.687006
T 2.687006 2.687006 5.374012
W 0.000000 2.687006 2.687006
Y -2.687006 2.687006 0.000000


-16.455549	bb3b65800
10

Y 0.000000 0.000000 0.000000
Y 2.687006 2.687006 0.000000
D 5.374012 5.374012 0.000000
P 5.374012 2.687006 -2.687006
E 8.061017 2.687006 -5.374012
T 5.374012 0.000000 -5.374012
G 2.687006 0.000000 -2.687006
T 2.687006 2.687006 -5.374012
W 0.000000 2.687006 -2.687006
Y -2.687006 2.687006 0.000000


-16.455549	3365a9940
10

Y 0.000000 0.000000 0.000000
Y 2.687006 2.687006 0.000000
D 5.374012 2.687006 2.687006
P 5.374012 0.000000 5.374012
E 5.374012 -2.687006 8.061017
T 2.687006 -2.687006 5.374012
G 5.374012 -2.687006 2.687006
T 2.687006 -5.374012 2.687006
W 2.687006 -2.687006 0.000000
Y 2.687006 0.000000 -2.687006


-16.455549	33658b940
10

Y 0.000000 0.000000 0.000000
Y 2.687006 2.687006 0.000000
D 5.374012 2.687006 2.687006
P 5.374012 0.000000 5.374012
E 2.687006 0.000000 8.061017
T 2.687006 -2.687006 5.374012
G 5.374012 -2.687006 2.687006
T 2.687006 -5.374012 2.687006
W 2.687006 -2.687006 0.000000
Y 2.687006 0.000000 -2.687006


-16.455549	88b819400
10

Y 0.000000 0.000000 0.000000
Y 2.687006 2.687006 0.000000
D 5.374012 5.374012 0.000000
P 8.061017 5.374012 2.687006
E 8.061017 2.687006 5.374012
T 5.374012 5.374012 5.374012
G 5.374012 2.687006 2.687006
T 2.687006 2.687006 5.374012
W 2.687006 0.000000 2.687006
Y 2.687006 -2.687006 0.000000


-16.455549	88b872b00
10

Y 0.000000 0.000000 0.000000
Y 2.687006 2.687006 0.000000
D 5.374012 5.374012 0.000000
P 2.687006 5.374012 2.687006
E 2.687006 8.061017 5.374012
T 5.374012 5.374012 5.374012
G 5.374012 2.687006 2.687006
T 2.687006 2.687006 5.374012
W 2.687006 0.000000 2.687006
Y 2.687006 -2.687006 0.000000


-16.455549	88b862400
10

Y 0.000000 0.000000 0.000000
Y 2.687006 2.687006 0.000000
D 5.374012 5.374012 0.000000
P 8.061017 5.374012 2.687006
E 8.061017 8.061017 5.374012
T 5.374012 5.374012 5.374012
G 5.374012 2.687006 2.687006
T 2.687006 2.687006 5.374012
W 2.687006 0.000000 2.687006
Y 2.687006 -2.687006 0.000000


-16.455549	aa18b4900
10

Y 0.000000 0.000000 0.000000
Y 2.687006 2.687006 0.000000
D 5.374012 5.374012 0.000000
P 5.374012 2.687006 2.687006
E 8.061017 2.687006 5.374012
T 5.374012 2.687006 8.061017
G 5.374012 0.000000 5.374012
T 2.687006 2.687006 5.374012
W 0.000000 2.687006 2.687006
Y -2.687006 2.687006 0.000000


-16.455549	88a0ab240
10

Y 0.000000 0.000000 0.000000
Y 2.687006 2.687006 0.000000
D 5.374012 2.687006 2.687006
P 5.374012 5.374012 5.374012
E 2.687006 5.374012 8.061017
T 0.000000 5.374012 5.374012
G 2.687006 8.061017 5.374012
T 0.000000 8.061017 2.687006
W 0.000000 5.374012 0.000000
Y 0.000000 2.687006 -2.687006


-16.455549	bb19a5800
10

Y 0.000000 0.000000 0.000000
Y 2.687006 2.687006 0.000000
D 5.374012 5.374012 0.000000
P 5.374012 2.687006 -2.687006
E 8.061017 2.687006 -5.374012
T 5.374012 2.687006 -8.061017
G 5.374012 0.000000 -5.374012
T 2.687006 2.687006 -5.374012
W 0.000000 2.687006 -2.687006
Y -2.687006 2.687006 0.000000


-16.455549	aab369400
10

Y 0.000000 0.000000 0.000000
Y 2.687006 2.687006 0.000000
D 5.374012 5.374012 0.000000
P 8.061017 5.374012 2.687006
E 8.061017 2.687006 5.374012
T 5.374012 0.000000 5.374012
G 5.374012 2.687006 2.687006
T 2.687006 2.687006 5.374012
W 0.000000 2.687006 2.687006
Y -2.687006 2.687006 0.000000


-16.455549	aab3b9700
10

Y 0.000000 0.000000 0.000000
Y 2.687006 2.687006 0.000000
D 5.374012 5.374012 0.000000
P 8.061017 2.687006 0.000000
E 8.061017 0.000000 2.687006
T 5.374012 0.000000 5.374012
G 5.374012 2.687006 2.687006
T 2.687006 2.687006 5.374012
W 0.000000 2.687006 2.687006
Y -2.687006 2.687006 0.000000


-16.455549	889a14900
10

Y 0.000000 0.000000 0.000000
Y 2.687006 2.687006 0.000000
D 5.374012 5.374012 0.000000
P 5.374012 2.687006 2.687006
E 8.061017 2.687006 5.374012
T 5.374012 5.374012 5.374012
G 2.687006 5.374012 2.687006
T 2.687006 2.687006 5.374012
W 2.687006 0.000000 2.687006
Y 2.687006 -2.687006 0.000000


-16.455549	889a7b200
10

Y 0.000000 0.000000 0.000000
Y 2.687006 2.687006 0.000000
D 5.374012 5.374012 0.000000
P 5.374012 8.061017 2.687006
E 2.687006 8.061017 5.374012
T 5.374012 5.374012 5.374012
G 2.687006 5.374012 2.687006
T 2.687006 2.687006 5.374012
W 2.687006 0.000000 2.687006
Y 2.687006 -2.687006 0.000000


-16.455549	889a64200
10

Y 0.000000 0.000000 0.000000
Y 2.687006 2.687006 0.000000
D 5.374012 5.374012 0.000000
P 5.374012 8.061017 2.687006
E 8.061017 8.061017 5.374012
T 5.374012 5.374012 5.374012
G 2.687006 5.374012 2.687006
T 2.687006 2.687006 5.374012
W 2.687006 0.000000 2.687006
Y 2.687006 -2.687006 0.000000


-16.455549	99a918500
10

Y 0.000000 0.000000 0.000000
Y 2.687006 2.687006 0.000000
D 5.374012 5.374012 0.000000
P 8.061017 5.374012 -2.687006
E 8.061017 2.687006 -5.374012
T 5.374012 5.374012 -5.374012
G 5.374012 2.687006 -2.687006
T 2.687006 2.687006 -5.374012
W 2.687006 0.000000 -2.687006
Y 2.687006 -2.687006 0.000000


-16.455549	99a9a3540
10

Y 0.000000 0.000000 0.000000
Y 2.687006 2.687006 0.000000
D 5.374012 2.687006 2.687006
P 8.061017 2.687006 0.000000
E 8.061017 5.374012 -2.687006
T 5.374012 5.374012 -5.374012
G 5.374012 2.687006 -2.687006
T 2.687006 2.687006 -5.374012
W 2.687006 0.000000 -2.687006
Y 2.687006 -2.687006 0.000000


-16.455549	99a9a5340
10

Y 0.000000 0.000000 0.000000
Y 2.687006 2.687006 0.000000
D 5.374012 2.687006 2.687006
P 5.374012 5.374012 0.000000
E 8.061017 5.374012 -2.687006
T 5.374012 5.374012 -5.374012
G 5.374012 2.687006 -2.687006
T 2.687006 2.687006 -5.374012
W 2.687006 0.000000 -2.687006
Y 2.687006 -2.687006 0.000000


-16.455549	99a983340
10

Y 0.000000 0.000000 0.000000
Y 2.687006 2.687006 0.000000
D 5.374012 2.687006 2.687006
P 5.374012 5.374012 0.000000
E 5.374012 8.061017 -2.687006
T 5.374012 5.374012 -5.374012
G 5.374012 2.687006 -2.687006
T 2.687006 2.687006 -5.374012
W 2.687006 0.000000 -2.687006
Y 2.687006 -2.687006 0.000000


-16.455549	99a973a00
10

Y 0.000000 0.000000 0.000000
Y 2.687006 2.687006 0.000000
D 5.374012 5.374012 0.000000
P 2.687006 5.374012 -2.687006
E 2.687006 8.061017 -5.374012
T 5.374012 5.374012 -5.374012
G 5.374012 2.687006 -2.687006
T 2.687006 2.687006 -5.374012
W 2.687006 0.000000 -2.687006
Y 2.687006 -2.687006 0.000000


-16.455549	99a963500
10

Y 0.000000 0.000000 0.000000
Y 2.687006 2.687006 0.000000
D 5.374012 5.374012 0.000000
P 8.061017 5.374012 -2.687006
E 8.061017 8.061017 -5.374012
T 5.374012 5.374012 -5.374012
G 5.374012 2.687006 -2.687006
T 2.687006 2.687006 -5.374012
W 2.687006 0.000000 -2.687006
Y 2.687006 -2.687006 0.000000


-16.455549	aab819400
10

Y 0.000000 0.000000 0.000000
Y 2.687006 2.687006 0.000000
D 5.374012 5.374012 0.000000
P 8.061017 5.374012 2.687006
E 8.061017 2.687006 5.374012
T 5.374012 5.374012 5.374012
G 5.374012 2.687006 2.687006
T 2.687006 2.687006 5.374012
W 0.000000 2.687006 2.687006
Y -2.687006 2.687006 0.000000


-16.455549	aab872b00
10

Y 0.000000 0.000000 0.000000
Y 2.687006 2.687006 0.000000
D 5.374012 5.374012 0.000000
P 2.687006 5.374012 2.687006
E 2.687006 8.061017 5.374012
T 5.374012 5.374012 5.374012
G 5.374012 2.687006 2.687006
T 2.687006 2.687006 5.374012
W 0.000000 2.687006 2.687006
Y -2.687006 2.687006 0.000000


-16.455549	aab862400
10

Y 0.000000 0.000000 0.000000
Y 2.687006 2.687006 0.000000
D 5.374012 5.374012 0.000000
P 8.061017 5.374012 2.687006
E 8.061017 8.061017 5.374012
T 5.374012 5.374012 5.374012
G 5.374012 2.687006 2.687006
T 2.687006 2.687006 5.374012
W 0.000000 2.687006 2.687006
Y -2.687006 2.687006 0.000000


-16.455549	88959b100
10

Y 0.000000 0.000000 0.000000
Y 2.687006 2.687006 0.000000
D 5.374012 5.374012 0.000000
P 2.687006 8.061017 0.000000
E 0.000000 8.061017 2.687006
T 0.000000 5.374012 5.374012
G 2.687006 5.374012 2.687006
T 2.687006 2.687006 5.374012
W 2.687006 0.000000 2.687006
Y 2.687006 -2.687006 0.000000


-16.455549	88956b200
10

Y 0.000000 0.000000 0.000000
Y 2.687006 2.687006 0.000000
D 5.374012 5.374012 0.000000
P 5.374012 8.061017 2.687006
E 2.687006 8.061017 5.374012
T 0.000000 5.374012 5.374012
G 2.687006 5.374012 2.687006
T 2.687006 2.687006 5.374012
W 2.687006 0.000000 2.687006
Y 2.687006 -2.687006 0.000000


-16.455549	bba268500
10

Y 0.000000 0.000000 0.000000
Y 2.687006 2.687006 0.000000
D 5.374012 5.374012 0.000000
P 8.061017 5.374012 -2.687006
E 8.061017 2.687006 -5.374012
T 5.374012 0.000000 -5.374012
G 5.374012 2.687006 -2.687006
T 2.687006 2.687006 -5.374012
W 0.000000 2.687006 -2.687006
Y -2.687006 2.687006 0.000000


-16.455549	bba238840
10

Y 0.000000 0.000000 0.000000
Y 2.687006 2.687006 0.000000
D 5.374012 2.687006 2.687006
P 5.374012 0.000000 0.000000
E 5.374012 -2.687006 -2.687006
T 5.374012 0.000000 -5.374012
G 5.374012 2.687006 -2.687006
T 2.687006 2.687006 -5.374012
W 0.000000 2.687006 -2.687006
Y -2.687006 2.687006 0.000000


-16.455549	bba2a8700
10

Y 0.000000 0.000000 0.000000
Y 2.687006 2.687006 0.000000
D 5.374012 5.374012 0.000000
P 8.061017 2.687006 0.000000
E 8.061017 0.000000 -2.687006
T 5.374012 0.000000 -5.374012
G 5.374012 2.687006 -2.687006
T 2.687006 2.687006 -5.374012
W 0.000000 2.687006 -2.687006
Y -2.687006 2.687006 0.000000


-16.455549	bba2a8540
10

Y 0.000000 0.000000 0.000000
Y 2.687006 2.687006 0.000000
D 5.374012 2.687006 2.687006
P 8.061017 2.687006 0.000000
E 8.061017 0.000000 -2.687006
T 5.374012 0.000000 -5.374012
G 5.374012 2.687006 -2.687006
T 2.687006 2.687006 -5.374012
W 0.000000 2.687006 -2.687006
Y -2.687006 2.687006 0.000000


-16.455549	bba2a5840
10

Y 0.000000 0.000000 0.000000
Y 2.687006 2.687006 0.000000
D 5.374012 2.687006 2.687006
P 5.374012 0.000000 0.000000
E 8.061017 0.000000 -2.687006
T 5.374012 0.000000 -5.374012
G 5.374012 2.687006 -2.687006
T 2.687006 2.687006 -5.374012
W 0.000000 2.687006 -2.687006
Y -2.687006 2.687006 0.000000


-16.455549	998b15800
10

Y 0.000000 0.000000 0.000000
Y 2.687006 2.687006 0.000000
D 5.374012 5.374012 0.000000
P 5.374012 2.687006 -2.687006
E 8.061017 2.687006 -5.374012
T 5.374012 5.374012 -5.374012
G 2.687006 5.374012 -2.687006
T 2.687006 2.687006 -5.374012
W 2.687006 0.000000 -2.687006
Y 2.687006 -2.687006 0.000000


-16.455549	887a92b00
10

Y 0.000000 0.000000 0.000000
Y 2.687006 2.687006 0.000000
D 5.374012 5.374012 0.000000
P 2.687006 5.374012 2.687006
E 2.687006 8.061017 5.374012
T 2.687006 5.374012 8.061017
G 0.000000 5.374012 5.374012
T 2.687006 2.687006 5.374012
W 2.687006 0.000000 2.687006
Y 2.687006 -2.687006 0.000000


-16.455549	998ba5340
10

Y 0.000000 0.000000 0.000000
Y 2.687006 2.687006 0.000000
D 5.374012 2.687006 2.687006
P 5.374012 5.374012 0.000000
E 8.061017 5.374012 -2.687006
T 5.374012 5.374012 -5.374012
G 2.687006 5.374012 -2.687006
T 2.687006 2.687006 -5.374012
W 2.687006 0.000000 -2.687006
Y 2.687006 -2.687006 0.000000


-16.455549	998b83340
10

Y 0.000000 0.000000 0.000000
Y 2.687006 2.687006 0.000000
D 5.374012 2.687006 2.687006
P 5.374012 5.374012 0.000000
E 5.374012 8.061017 -2.687006
T 5.374012 5.374012 -5.374012
G 2.687006 5.374012 -2.687006
T 2.687006 2.687006 -5.374012
W 2.687006 0.000000 -2.687006
Y 2.687006 -2.687006 0.000000


-16.455549	998b7a300
10

Y 0.000000 0.000000 0.000000
Y 2.687006 2.687006 0.000000
D 5.374012 5.374012 0.000000
P 5.374012 8.061017 -2.687006
E 2.687006 8.061017 -5.374012
T 5.374012 5.374012 -5.374012
G 2.687006 5.374012 -2.687006
T 2.687006 2.687006 -5.374012
W 2.687006 0.000000 -2.687006
Y 2.687006 -2.687006 0.000000


-16.455549	998b65300
10

Y 0.000000 0.000000 0.000000
Y 2.687006 2.687006 0.000000
D 5.374012 5.374012 0.000000
P 5.374012 8.061017 -2.687006
E 8.061017 8.061017 -5.374012
T 5.374012 5.374012 -5.374012
G 2.687006 5.374012 -2.687006
T 2.687006 2.687006 -5.374012
W 2.687006 0.000000 -2.687006
Y 2.687006 -2.687006 0.000000


-16.455549	aa9a14900
10

Y 0.000000 0.000000 0.000000
Y 2.687006 2.687006 0.000000
D 5.374012 5.374012 0.000000
P 5.374012 2.687006 2.687006
E 8.061017 2.687006 5.374012
T 5.374012 5.374012 5.374012
G 2.687006 5.374012 2.687006
T 2.687006 2.687006 5.374012
W 0.000000 2.687006 2.687006
Y -2.687006 2.687006 0.000000


-16.455549	aa9a7b200
10

Y 0.000000 0.000000 0.000000
Y 2.687006 2.687006 0.000000
D 5.374012 5.374012 0.000000
P 5.374012 8.061017 2.687006
E 2.687006 8.061017 5.374012
T 5.374012 5.374012 5.374012
G 2.687006 5.374012 2.687006
T 2.687006 2.687006 5.374012
W 0.000000 2.687006 2.687006
Y -2.687006 2.687006 0.000000


-16.455549	aa9a64200
10

Y 0.000000 0.000000 0.000000
Y 2.687006 2.687006 0.000000
D 5.374012 5.374012 0.000000
P 5.374012 8.061017 2.687006
E 8.061017 8.061017 5.374012
T 5.374012 5.374012 5.374012
G 2.687006 5.374012 2.687006
T 2.687006 2.687006 5.374012
W 0.000000 2.687006 2.687006
Y -2.687006 2.687006 0.000000


-16.455549	bba918500
10

Y 0.000000 0.000000 0.000000
Y 2.687006 2.687006 0.000000
D 5.374012 5.374012 0.000000
P 8.061017 5.374012 -2.687006
E 8.061017 2.687006 -5.374012
T 5.374012 5.374012 -5.374012
G 5.374012 2.687006 -2.687006
T 2.687006 2.687006 -5.374012
W 0.000000 2.687006 -2.687006
Y -2.687006 2.687006 0.000000


-16.455549	bba9a3540
10

Y 0.000000 0.000000 0.000000
Y 2.687006 2.687006 0.000000
D 5.374012 2.687006 2.687006
P 8.061017 2.687006 0.000000
E 8.061017 5.374012 -2.687006
T 5.374012 5.374012 -5.374012
G 5.374012 2.687006 -2.687006
T 2.687006 2.687006 -5.374012
W 0.000000 2.687006 -2.687006
Y -2.687006 2.687006 0.000000


-16.455549	bba9a5340
10

Y 0.000000 0.000000 0.000000
Y 2.687006 2.687006 0.000000
D 5.374012 2.687006 2.687006
P 5.374012 5.374012 0.000000
E 8.061017 5.374012 -2.687006
T 5.374012 5.374012 -5.374012
G 5.374012 2.687006 -2.687006
T 2.687006 2.687006 -5.374012
W 0.000000 2.687006 -2.687006
Y -2.687006 2.687006 0.000000


-16.455549	bba983340
10

Y 0.000000 0.000000 0.000000
Y 2.687006 2.687006 0.000000
D 5.374012 2.687006 2.687006
P 5.374012 5.374012 0.000000
E 5.374012 8.061017 -2.687006
T 5.374012 5.374012 -5.374012
G 5.374012 2.687006 -2.687006
T 2.687006 2.687006 -5.374012
W 0.000000 2.687006 -2.687006
Y -2.687006 2.687006 0.000000


-16.455549	bba973a00
10

Y 0.000000 0.000000 0.000000
Y 2.687006 2.687006 0.000000
D 5.374012 5.374012 0.000000
P 2.687006 5.374012 -2.687006
E 2.687006 8.061017 -5.374012
T 5.374012 5.374012 -5.374012
G 5.374012 2.687006 -2.687006
T 2.687006 2.687006 -5.374012
W 0.000000 2.687006 -2.687006
Y -2.687006 2.687006 0.000000


-16.455549	bba963500
10

Y 0.000000 0.000000 0.000000
Y 2.687006 2.687006 0.000000
D 5.374012 5.374012 0.000000
P 8.061017 5.374012 -2.687006
E 8.061017 8.061017 -5.374012
T 5.374012 5.374012 -5.374012
G 5.374012 2.687006 -2.687006
T 2.687006 2.687006 -5.374012
W 0.000000 2.687006 -2.687006
Y -2.687006 2.687006 0.000000


-16.455549	99848a100
10

Y 0.000000 0.000000 0.000000
Y 2.687006 2.687006 0.000000
D 5.374012 5.374012 0.000000
P 2.687006 8.061017 0.000000
E 0.000000 8.061017 -2.687006
T 0.000000 5.374012 -5.374012
G 2.687006 5.374012 -2.687006
T 2.687006 2.687006 -5.374012
W 2.687006 0.000000 -2.687006
Y 2.687006 -2.687006 0.000000


-16.455549	99846a300
10

Y 0.000000 0.000000 0.000000
Y 2.687006 2.687006 0.000000
D 5.374012 5.374012 0.000000
P 5.374012 8.061017 -2.687006
E 2.687006 8.061017 -5.374012
T 0.000000 5.374012 -5.374012
G 2.687006 5.374012 -2.687006
T 2.687006 2.687006 -5.374012
W 2.687006 0.000000 -2.687006
Y 2.687006 -2.687006 0.000000


-16.455549	997b83a00
10

Y 0.000000 0.000000 0.000000
Y 2.687006 2.687006 0.000000
D 5.374012 5.374012 0.000000
P 2.687006 5.374012 -2.687006
E 2.687006 8.061017 -5.374012
T 2.687006 5.374012 -8.061017
G 0.000000 5.374012 -5.374012
T 2.687006 2.687006 -5.374012
W 2.687006 0.000000 -2.687006
Y 2.687006 -2.687006 0.000000


-16.455549	886592b00
10

Y 0.000000 0.000000 0.000000
Y 2.687006 2.687006 0.000000
D 5.374012 5.374012 0.000000
P 2.687006 5.374012 2.687006
E 2.687006 8.061017 5.374012
T 2.687006 5.374012 8.061017
G 5.374012 5.374012 5.374012
T 2.687006 2.687006 5.374012
W 2.687006 0.000000 2.687006
Y 2.687006 -2.687006 0.000000


-16.455549	88659b200
10

Y 0.000000 0.000000 0.000000
Y 2.687006 2.687006 0.000000
D 5.374012 5.374012 0.000000
P 5.374012 8.061017 2.687006
E 2.687006 8.061017 5.374012
T 2.687006 5.374012 8.061017
G 5.374012 5.374012 5.374012
T 2.687006 2.687006 5.374012
W 2.687006 0.000000 2.687006
Y 2.687006 -2.687006 0.000000


-16.455549	88654bb00
10

Y 0.000000 0.000000 0.000000
Y 2.687006 2.687006 0.000000
D 5.374012 5.374012 0.000000
P 2.687006 5.374012 2.687006
E 0.000000 5.374012 5.374012
T 2.687006 5.374012 8.061017
G 5.374012 5.374012 5.374012
T 2.687006 2.687006 5.374012
W 2.687006 0.000000 2.687006
Y 2.687006 -2.687006 0.000000


-16.455549	8863b4900
10

Y 0.000000 0.000000 0.000000
Y 2.687006 2.687006 0.000000
D 5.374012 5.374012 0.000000
P 5.374012 2.687006 2.687006
E 8.061017 2.687006 5.374012
T 5.374012 2.687006 8.061017
G 5.374012 5.374012 5.374012
T 2.687006 2.687006 5.374012
W 2.687006 0.000000 2.687006
Y 2.687006 -2.687006 0.000000


-16.455549	8863b9400
10

Y 0.000000 0.000000 0.000000
Y 2.687006 2.687006 0.000000
D 5.374012 5.374012 0.000000
P 8.061017 5.374012 2.687006
E 8.061017 2.687006 5.374012
T 5.374012 2.687006 8.061017
G 5.374012 5.374012 5.374012
T 2.687006 2.687006 5.374012
W 2.687006 0.000000 2.687006
Y 2.687006 -2.687006 0.000000


-16.455549	bb8b15800
10

Y 0.000000 0.000000 0.000000
Y 2.687006 2.687006 0.000000
D 5.374012 5.374012 0.000000
P 5.374012 2.687006 -2.687006
E 8.061017 2.687006 -5.374012
T 5.374012 5.374012 -5.374012
G 2.687006 5.374012 -2.687006
T 2.687006 2.687006 -5.374012
W 0.000000 2.687006 -2.687006
Y -2.687006 2.687006 0.000000


-16.455549	aa7a92b00
10

Y 0.000000 0.000000 0.000000
Y 2.687006 2.687006 0.000000
D 5.374012 5.374012 0.000000
P 2.687006 5.374012 2.687006
E 2.687006 8.061017 5.374012
T 2.687006 5.374012 8.061017
G 0.000000 5.374012 5.374012
T 2.687006 2.687006 5.374012
W 0.000000 2.687006 2.687006
Y -2.687006 2.687006 0.000000


-16.455549	bb8ba5340
10

Y 0.000000 0.000000 0.000000
Y 2.687006 2.687006 0.000000
D 5.374012 2.687006 2.687006
P 5.374012 5.374012 0.000000
E 8.061017 5.374012 -2.687006
T 5.374012 5.374012 -5.374012
G 2.687006 5.374012 -2.687006
T 2.687006 2.687006 -5.374012
W 0.000000 2.687006 -2.687006
Y -2.687006 2.687006 0.000000


-16.455549	bb8b83340
10

Y 0.000000 0.000000 0.000000
Y 2.687006 2.687006 0.000000
D 5.374012 2.687006 2.687006
P 5.374012 5.374012 0.000000
E 5.374012 8.061017 -2.687006
T 5.374012 5.374012 -5.374012
G 2.687006 5.374012 -2.687006
T 2.687006 2.687006 -5.374012
W 0.000000 2.687006 -2.687006
Y -2.687006 2.687006 0.000000


-16.455549	bb8b7a300
10

Y 0.000000 0.000000 0.000000
Y 2.687006 2.687006 0.000000
D 5.374012 5.374012 0.000000
P 5.374012 8.061017 -2.687006
E 2.687006 8.061017 -5.374012
T 5.374012 5.374012 -5.374012
G 2.687006 5.374012 -2.687006
T 2.687006 2.687006 -5.374012
W 0.000000 2.687006 -2.687006
Y -2.687006 2.687006 0.000000


-16.455549	bb8b65300
10

Y 0.000000 0.000000 0.000000
Y 2.687006 2.687006 0.000000
D 5.374012 5.374012 0.000000
P 5.374012 8.061017 -2.687006
E 8.061017 8.061017 -5.374012
T 5.374012 5.374012 -5.374012
G 2.687006 5.374012 -2.687006
T 2.687006 2.687006 -5.374012
W 0.000000 2.687006 -2.687006
Y -2.687006 2.687006 0.000000


-16.455549	99648a300
10

Y 0.000000 0.000000 0.000000
Y 2.687006 2.687006 0.000000
D 5.374012 5.374012 0.000000
P 5.374012 8.061017 -2.687006
E 2.687006 8.061017 -5.374012
T 2.687006 5.374012 -8.061017
G 5.374012 5.374012 -5.374012
T 2.687006 2.687006 -5.374012
W 2.687006 0.000000 -2.687006
Y 2.687006 -2.687006 0.000000


-16.455549	996483a00
10

Y 0.000000 0.000000 0.000000
Y 2.687006 2.687006 0.000000
D 5.374012 5.374012 0.000000
P 2.687006 5.374012 -2.687006
E 2.687006 8.061017 -5.374012
T 2.687006 5.374012 -8.061017
G 5.374012 5.374012 -5.374012
T 2.687006 2.687006 -5.374012
W 2.687006 0.000000 -2.687006
Y 2.687006 -2.687006 0.000000


-16.455549	99645aa00
10

Y 0.000000 0.000000 0.000000
Y 2.687006 2.687006 0.000000
D 5.374012 5.374012 0.000000
P 2.687006 5.374012 -2.687006
E 0.000000 5.374012 -5.374012
T 2.687006 5.374012 -8.061017
G 5.374012 5.374012 -5.374012
T 2.687006 2.687006 -5.374012
W 2.687006 0.000000 -2.687006
Y 2.687006 -2.687006 0.000000


-16.455549	9962a8500
10

Y 0.000000 0.000000 0.000000
Y 2.687006 2.687006 0.000000
D 5.374012 5.374012 0.000000
P 8.061017 5.374012 -2.687006
E 8.061017 2.687006 -5.374012
T 5.374012 2.687006 -8.061017
G 5.374012 5.374012 -5.374012
T 2.687006 2.687006 -5.374012
W 2.687006 0.000000 -2.687006
Y 2.687006 -2.687006 0.000000


-16.455549	9962a5800
10

Y 0.000000 0.000000 0.000000
Y 2.687006 2.687006 0.000000
D 5.374012 5.374012 0.000000
P 5.374012 2.687006 -2.687006
E 8.061017 2.687006 -5.374012
T 5.374012 2.687006 -8.061017
G 5.374012 5.374012 -5.374012
T 2.687006 2.687006 -5.374012
W 2.687006 0.000000 -2.687006
Y 2.687006 -2.687006 0.000000


-16.455549	884891b00
10

Y 0.000000 0.000000 0.000000
Y 2.687006 2.687006 0.000000
D 5.374012 5.374012 0.000000
P 2.687006 5.374012 2.687006
E 0.000000 8.061017 2.687006
T 0.000000 5.374012 5.374012
G 0.000000 2.687006 2.687006
T 2.687006 2.687006 5.374012
W 2.687006 0.000000 2.687006
Y 2.687006 -2.687006 0.000000


-16.455549	995981a00
10

Y 0.000000 0.000000 0.000000
Y 2.687006 2.687006 0.000000
D 5.374012 5.374012 0.000000
P 2.687006 5.374012 -2.687006
E 0.000000 8.061017 -2.687006
T 0.000000 5.374012 -5.374012
G 0.000000 2.687006 -2.687006
T 2.687006 2.687006 -5.374012
W 2.687006 0.000000 -2.687006
Y 2.687006 -2.687006 0.000000


-16.455549	884862b00
10

Y 0.000000 0.000000 0.000000
Y 2.687006 2.687006 0.000000
D 5.374012 5.374012 0.000000
P 2.687006 5.374012 2.687006
E 2.687006 8.061017 5.374012
T 0.000000 5.374012 5.374012
G 0.000000 2.687006 2.687006
T 2.687006 2.687006 5.374012
W 2.687006 0.000000 2.687006
Y 2.687006 -2.687006 0.000000


-16.455549	995963a00
10

Y 0.000000 0.000000 0.000000
Y 2.687006 2.687006 0.000000
D 5.374012 5.374012 0.000000
P 2.687006 5.374012 -2.687006
E 2.687006 8.061017 -5.374012
T 0.000000 5.374012 -5.374012
G 0.000000 2.687006 -2.687006
T 2.687006 2.687006 -5.374012
W 2.687006 0.000000 -2.687006
Y 2.687006 -2.687006 0.000000


-16.455549	bb7b83a00
10

Y 0.000000 0.000000 0.000000
Y 2.687006 2.687006 0.000000
D 5.374012 5.374012 0.000000
P 2.687006 5.374012 -2.687006
E 2.687006 8.061017 -5.374012
T 2.687006 5.374012 -8.061017
G 0.000000 5.374012 -5.374012
T 2.687006 2.687006 -5.374012
W 0.000000 2.687006 -2.687006
Y -2.687006 2.687006 0.000000


-16.455549	22a2a8840
10

Y 0.000000 0.000000 0.000000
Y 2.687006 2.687006 0.000000
D 5.374012 2.687006 2.687006
P 5.374012 0.000000 0.000000
E 5.374012 -2.687006 -2.687006
T 2.687006 -2.687006 -5.374012
G 2.687006 0.000000 -2.687006
T 0.000000 0.000000 -5.374012
W 0.000000 2.687006 -2.687006
Y 0.000000 5.374012 0.000000


-16.455549	aa6592b00
10

Y 0.000000 0.000000 0.000000
Y 2.687006 2.687006 0.000000
D 5.374012 5.374012 0.000000
P 2.687006 5.374012 2.687006
E 2.687006 8.061017 5.374012
T 2.687006 5.374012 8.061017
G 5.374012 5.374012 5.374012
T 2.687006 2.687006 5.374012
W 0.000000 2.687006 2.687006
Y -2.687006 2.687006 0.000000


-16.455549	aa659b200
10

Y 0.000000 0.000000 0.000000
Y 2.687006 2.687006 0.000000
D 5.374012 5.374012 0.000000
P 5.374012 8.061017 2.687006
E 2.687006 8.061017 5.374012
T 2.687006 5.374012 8.061017
G 5.374012 5.374012 5.374012
T 2.687006 2.687006 5.374012
W 0.000000 2.687006 2.687006
Y -2.687006 2.687006 0.000000


-16.455549	aa6329900
10

Y 0.000000 0.000000 0.000000
Y 2.687006 2.687006 0.000000
D 5.374012 5.374012 0.000000
P 5.374012 2.687006 2.687006
E 5.374012 0.000000 5.374012
T 5.374012 2.687006 8.061017
G 5.374012 5.374012 5.374012
T 2.687006 2.687006 5.374012
W 0.000000 2.687006 2.687006
Y -2.687006 2.687006 0.000000


-16.455549	aa63b4900
10

Y 0.000000 0.000000 0.000000
Y 2.687006 2.687006 0.000000
D 5.374012 5.374012 0.000000
P 5.374012 2.687006 2.687006
E 8.061017 2.687006 5.374012
T 5.374012 2.687006 8.061017
G 5.374012 5.374012 5.374012
T 2.687006 2.687006 5.374012
W 0.000000 2.687006 2.687006
Y -2.687006 2.687006 0.000000


-16.455549	aa63b9400
10

Y 0.000000 0.000000 0.000000
Y 2.687006 2.687006 0.000000
D 5.374012 5.374012 0.000000
P 8.061017 5.374012 2.687006
E 8.061017 2.687006 5.374012
T 5.374012 2.687006 8.061017
G 5.374012 5.374012 5.374012
T 2.687006 2.687006 5.374012
W 0.000000 2.687006 2.687006
Y -2.687006 2.687006 0.000000


-16.455549	bb648a300
10

Y 0.000000 0.000000 0.000000
Y 2.687006 2.687006 0.000000
D 5.374012 5.374012 0.000000
P 5.374012 8.061017 -2.687006
E 2.687006 8.061017 -5.374012
T 2.687006 5.374012 -8.061017
G 5.374012 5.374012 -5.374012
T 2.687006 2.687006 -5.374012
W 0.000000 2.687006 -2.687006
Y -2.687006 2.687006 0.000000


-16.455549	bb6483a00
10

Y 0.000000 0.000000 0.000000
Y 2.687006 2.687006 0.000000
D 5.374012 5.374012 0.000000
P 2.687006 5.374012 -2.687006
E 2.687006 8.061017 -5.374012
T 2.687006 5.374012 -8.061017
G 5.374012 5.374012 -5.374012
T 2.687006 2.687006 -5.374012
W 0.000000 2.687006 -2.687006
Y -2.687006 2.687006 0.000000


-16.455549	bb6238800
10

Y 0.000000 0.000000 0.000000
Y 2.687006 2.687006 0.000000
D 5.374012 5.374012 0.000000
P 5.374012 2.687006 -2.687006
E 5.374012 0.000000 -5.374012
T 5.374012 2.687006 -8.061017
G 5.374012 5.374012 -5.374012
T 2.687006 2.687006 -5.374012
W 0.000000 2.687006 -2.687006
Y -2.687006 2.687006 0.000000


-16.455549	bb62a8500
10

Y 0.000000 0.000000 0.000000
Y 2.687006 2.687006 0.000000
D 5.374012 5.374012 0.000000
P 8.061017 5.374012 -2.687006
E 8.061017 2.687006 -5.374012
T 5.374012 2.687006 -8.061017
G 5.374012 5.374012 -5.374012
T 2.687006 2.687006 -5.374012
W 0.000000 2.687006 -2.687006
Y -2.687006 2.687006 0.000000


-16.455549	bb62a5800
10

Y 0.000000 0.000000 0.000000
Y 2.687006 2.687006 0.000000
D 5.374012 5.374012 0.000000
P 5.374012 2.687006 -2.687006
E 8.061017 2.687006 -5.374012
T 5.374012 2.687006 -8.061017
G 5.374012 5.374012 -5.374012
T 2.687006 2.687006 -5.374012
W 0.000000 2.687006 -2.687006
Y -2.687006 2.687006 0.000000


-16.455549	86b810340
10

Y 0.000000 0.000000 0.000000
Y 2.687006 2.687006 0.000000
D 5.374012 2.687006 2.687006
P 5.374012 5.374012 0.000000
E 8.061017 8.061017 0.000000
T 5.374012 10.748023 0.000000
G 5.374012 8.061017 -2.687006
T 2.687006 8.061017 0.000000
W 0.000000 5.374012 0.000000
Y 0.000000 2.687006 -2.687006


-16.455549	86a923340
10

Y 0.000000 0.000000 0.000000
Y 2.687006 2.687006 0.000000
D 5.374012 2.687006 2.687006
P 5.374012 5.374012 0.000000
E 5.374012 8.061017 -2.687006
T 5.374012 10.748023 0.000000
G 5.374012 8.061017 2.687006
T 2.687006 8.061017 0.000000
W 0.000000 5.374012 0.000000
Y 0.000000 2.687006 -2.687006


-16.455549	86a913040
10

Y 0.000000 0.000000 0.000000
Y 2.687006 2.687006 0.000000
D 5.374012 2.687006 2.687006
P 8.061017 5.374012 2.687006
E 8.061017 8.061017 0.000000
T 5.374012 10.748023 0.000000
G 5.374012 8.061017 2.687006
T 2.687006 8.061017 0.000000
W 0.000000 5.374012 0.000000
Y 0.000000 2.687006 -2.687006


-16.455549	86a910340
10

Y 0.000000 0.000000 0.000000
Y 2.687006 2.687006 0.000000
D 5.374012 2.687006 2.687006
P 5.374012 5.374012 0.000000
E 8.061017 8.061017 0.000000
T 5.374012 10.748023 0.000000
G 5.374012 8.061017 2.687006
T 2.687006 8.061017 0.000000
W 0.000000 5.374012 0.000000
Y 0.000000 2.687006 -2.687006


-16.455549	86a732140
10

Y 0.000000 0.000000 0.000000
Y 2.687006 2.687006 0.000000
D 5.374012 2.687006 2.687006
P 2.687006 5.374012 2.687006
E 2.687006 8.061017 5.374012
T 2.687006 10.748023 2.687006
G 5.374012 8.061017 2.687006
T 2.687006 8.061017 0.000000
W 0.000000 5.374012 0.000000
Y 0.000000 2.687006 -2.687006


-16.455549	86a731240
10

Y 0.000000 0.000000 0.000000
Y 2.687006 2.687006 0.000000
D 5.374012 2.687006 2.687006
P 5.374012 5.374012 5.374012
E 2.687006 8.061017 5.374012
T 2.687006 10.748023 2.687006
G 5.374012 8.061017 2.687006
T 2.687006 8.061017 0.000000
W 0.000000 5.374012 0.000000
Y 0.000000 2.687006 -2.687006


-16.455549	a8b7ab200
10

Y 0.000000 0.000000 0.000000
Y 2.687006 2.687006 0.000000
D 5.374012 5.374012 0.000000
P 5.374012 8.061017 2.687006
E 2.687006 8.061017 5.374012
T 0.000000 8.061017 2.687006
G 2.687006 5.374012 2.687006
T 0.000000 5.374012 5.374012
W 0.000000 2.687006 2.687006
Y -2.687006 2.687006 0.000000


-16.455549	a8b791100
10

Y 0.000000 0.000000 0.000000
Y 2.687006 2.687006 0.000000
D 5.374012 5.374012 0.000000
P 2.687006 8.061017 0.000000
E 0.000000 10.748023 0.000000
T 0.000000 8.061017 2.687006
G 2.687006 5.374012 2.687006
T 0.000000 5.374012 5.374012
W 0.000000 2.687006 2.687006
Y -2.687006 2.687006 0.000000


-16.455549	a8b762100
10

Y 0.000000 0.000000 0.000000
Y 2.687006 2.687006 0.000000
D 5.374012 5.374012 0.000000
P 2.687006 8.061017 0.000000
E 2.687006 10.748023 2.687006
T 0.000000 8.061017 2.687006
G 2.687006 5.374012 2.687006
T 0.000000 5.374012 5.374012
W 0.000000 2.687006 2.687006
Y -2.687006 2.687006 0.000000


-16.455549	a8b761200
10

Y 0.000000 0.000000 0.000000
Y 2.687006 2.687006 0.000000
D 5.374012 5.374012 0.000000
P 5.374012 8.061017 2.687006
E 2.687006 10.748023 2.687006
T 0.000000 8.061017 2.687006
G 2.687006 5.374012 2.687006
T 0.000000 5.374012 5.374012
W 0.000000 2.687006 2.687006
Y -2.687006 2.687006 0.000000


-16.455549	b9a7ba300
10

Y 0.000000 0.000000 0.000000
Y 2.687006 2.687006 0.000000
D 5.374012 5.374012 0.000000
P 5.374012 8.061017 -2.687006
E 2.687006 8.061017 -5.374012
T 0.000000 8.061017 -2.687006
G 2.687006 5.374012 -2.687006
T 0.000000 5.374012 -5.374012
W 0.000000 2.687006 -2.687006
Y -2.687006 2.687006 0.000000


-16.455549	b9a781100
10

Y 0.000000 0.000000 0.000000
Y 2.687006 2.687006 0.000000
D 5.374012 5.374012 0.000000
P 2.687006 8.061017 0.000000
E 0.000000 10.748023 0.000000
T 0.000000 8.061017 -2.687006
G 2.687006 5.374012 -2.687006
T 0.000000 5.374012 -5.374012
W 0.000000 2.687006 -2.687006
Y -2.687006 2.687006 0.000000


-16.455549	b9a763100
10

Y 0.000000 0.000000 0.000000
Y 2.687006 2.687006 0.000000
D 5.374012 5.374012 0.000000
P 2.687006 8.061017 0.000000
E 2.687006 10.748023 -2.687006
T 0.000000 8.061017 -2.687006
G 2.687006 5.374012 -2.687006
T 0.000000 5.374012 -5.374012
W 0.000000 2.687006 -2.687006
Y -2.687006 2.687006 0.000000


-16.455549	b9a761300
10

Y 0.000000 0.000000 0.000000
Y 2.687006 2.687006 0.000000
D 5.374012 5.374012 0.000000
P 5.374012 8.061017 -2.687006
E 2.687006 10.748023 -2.687006
T 0.000000 8.061017 -2.687006
G 2.687006 5.374012 -2.687006
T 0.000000 5.374012 -5.374012
W 0.000000 2.687006 -2.687006
Y -2.687006 2.687006 0.000000


-16.455549	865632140
10

Y 0.000000 0.000000 0.000000
Y 2.687006 2.687006 0.000000
D 5.374012 2.687006 2.687006
P 2.687006 5.374012 2.687006
E 2.687006 8.061017 5.374012
T 2.687006 10.748023 2.687006
G 0.000000 8.061017 2.687006
T 2.687006 8.061017 0.000000
W 0.000000 5.374012 0.000000
Y 0.000000 2.687006 -2.687006


-16.455549	a86461200
10

Y 0.000000 0.000000 0.000000
Y 2.687006 2.687006 0.000000
D 5.374012 5.374012 0.000000
P 5.374012 8.061017 2.687006
E 2.687006 10.748023 2.687006
T 0.000000 8.061017 2.687006
G 2.687006 8.061017 5.374012
T 0.000000 5.374012 5.374012
W 0.000000 2.687006 2.687006
Y -2.687006 2.687006 0.000000


-16.455549	8636b0340
10

Y 0.000000 0.000000 0.000000
Y 2.687006 2.687006 0.000000
D 5.374012 2.687006 2.687006
P 5.374012 5.374012 0.000000
E 8.061017 8.061017 0.000000
T 5.374012 8.061017 2.687006
G 2.687006 5.374012 2.687006
T 2.687006 8.061017 0.000000
W 0.000000 5.374012 0.000000
Y 0.000000 2.687006 -2.687006


-16.455549	8636a0240
10

Y 0.000000 0.000000 0.000000
Y 2.687006 2.687006 0.000000
D 5.374012 2.687006 2.687006
P 5.374012 5.374012 5.374012
E 8.061017 8.061017 5.374012
T 5.374012 8.061017 2.687006
G 2.687006 5.374012 2.687006
T 2.687006 8.061017 0.000000
W 0.000000 5.374012 0.000000
Y 0.000000 2.687006 -2.687006


-16.455549	863651240
10

Y 0.000000 0.000000 0.000000
Y 2.687006 2.687006 0.000000
D 5.374012 2.687006 2.687006
P 5.374012 5.374012 5.374012
E 2.687006 8.061017 5.374012
T 5.374012 8.061017 2.687006
G 2.687006 5.374012 2.687006
T 2.687006 8.061017 0.000000
W 0.000000 5.374012 0.000000
Y 0.000000 2.687006 -2.687006


-16.455549	b96561300
10

Y 0.000000 0.000000 0.000000
Y 2.687006 2.687006 0.000000
D 5.374012 5.374012 0.000000
P 5.374012 8.061017 -2.687006
E 2.687006 10.748023 -2.687006
T 0.000000 8.061017 -2.687006
G 2.687006 8.061017 -5.374012
T 0.000000 5.374012 -5.374012
W 0.000000 2.687006 -2.687006
Y -2.687006 2.687006 0.000000


-16.455549	8626a0340
10

Y 0.000000 0.000000 0.000000
Y 2.687006 2.687006 0.000000
D 5.374012 2.687006 2.687006
P 5.374012 5.374012 0.000000
E 8.061017 8.061017 0.000000
T 5.374012 8.061017 -2.687006
G 2.687006 5.374012 -2.687006
T 2.687006 8.061017 0.000000
W 0.000000 5.374012 0.000000
Y 0.000000 2.687006 -2.687006


-16.455549	862615340
10

Y 0.000000 0.000000 0.000000
Y 2.687006 2.687006 0.000000
D 5.374012 2.687006 2.687006
P 5.374012 5.374012 0.000000
E 8.061017 5.374012 -2.687006
T 5.374012 8.061017 -2.687006
G 2.687006 5.374012 -2.687006
T 2.687006 8.061017 0.000000
W 0.000000 5.374012 0.000000
Y 0.000000 2.687006 -2.687006


-16.455549	318ba7740
10

Y 0.000000 0.000000 0.000000
Y 2.687006 2.687006 0.000000
D 5.374012 2.687006 2.687006
P 8.061017 0.000000 2.687006
E 10.748023 -2.687006 2.687006
T 8.061017 -2.687006 0.000000
G 5.374012 -2.687006 2.687006
T 5.374012 -5.374012 0.000000
W 2.687006 -2.687006 0.000000
Y 2.687006 0.000000 -2.687006


-16.455549	318b65740
10

Y 0.000000 0.000000 0.000000
Y 2.687006 2.687006 0.000000
D 5.374012 2.687006 2.687006
P 8.061017 0.000000 2.687006
E 10.748023 0.000000 0.000000
T 8.061017 -2.687006 0.000000
G 5.374012 -2.687006 2.687006
T 5.374012 -5.374012 0.000000
W 2.687006 -2.687006 0.000000
Y 2.687006 0.000000 -2.687006


-16.455549	861913540
10

Y 0.000000 0.000000 0.000000
Y 2.687006 2.687006 0.000000
D 5.374012 2.687006 2.687006
P 8.061017 2.687006 0.000000
E 8.061017 5.374012 -2.687006
T 5.374012 8.061017 -2.687006
G 5.374012 5.374012 0.000000
T 2.687006 8.061017 0.000000
W 0.000000 5.374012 0.000000
Y 0.000000 2.687006 -2.687006


-16.455549	8619a3040
10

Y 0.000000 0.000000 0.000000
Y 2.687006 2.687006 0.000000
D 5.374012 2.687006 2.687006
P 8.061017 5.374012 2.687006
E 8.061017 8.061017 0.000000
T 5.374012 8.061017 -2.687006
G 5.374012 5.374012 0.000000
T 2.687006 8.061017 0.000000
W 0.000000 5.374012 0.000000
Y 0.000000 2.687006 -2.687006


-16.455549	8618b3040
10

Y 0.000000 0.000000 0.000000
Y 2.687006 2.687006 0.000000
D 5.374012 2.687006 2.687006
P 8.061017 5.374012 2.687006
E 8.061017 8.061017 0.000000
T 5.374012 8.061017 2.687006
G 5.374012 5.374012 0.000000
T 2.687006 8.061017 0.000000
W 0.000000 5.374012 0.000000
Y 0.000000 2.687006 -2.687006


-16.455549	8618a2040
10

Y 0.000000 0.000000 0.000000
Y 2.687006 2.687006 0.000000
D 5.374012 2.687006 2.687006
P 8.061017 5.374012 2.687006
E 8.061017 8.061017 5.374012
T 5.374012 8.061017 2.687006
G 5.374012 5.374012 0.000000
T 2.687006 8.061017 0.000000
W 0.000000 5.374012 0.000000
Y 0.000000 2.687006 -2.687006


-16.455549	861852140
10

Y 0.000000 0.000000 0.000000
Y 2.687006 2.687006 0.000000
D 5.374012 2.687006 2.687006
P 2.687006 5.374012 2.687006
E 2.687006 8.061017 5.374012
T 5.374012 8.061017 2.687006
G 5.374012 5.374012 0.000000
T 2.687006 8.061017 0.000000
W 0.000000 5.374012 0.000000
Y 0.000000 2.687006 -2.687006


-16.455549	2b3b38840
10

Y 0.000000 0.000000 0.000000
Y 2.687006 2.687006 0.000000
D 5.374012 2.687006 2.687006
P 5.374012 0.000000 0.000000
E 5.374012 -2.687006 -2.687006
T 5.374012 0.000000 -5.374012
G 2.687006 0.000000 -2.687006
T 2.687006 2.687006 -5.374012
W 0.000000 2.687006 -2.687006
Y 0.000000 5.374012 0.000000


-16.455549	85956bb00
10

Y 0.000000 0.000000 0.000000
Y 2.687006 2.687006 0.000000
D 5.374012 5.374012 0.000000
P 2.687006 5.374012 2.687006
E 0.000000 5.374012 5.374012
T -2.687006 2.687006 5.374012
G 0.000000 2.687006 2.687006
T 0.000000 0.000000 5.374012
W 2.687006 0.000000 2.687006
Y 2.687006 -2.687006 0.000000


-16.455549	2b3ba5840
10

Y 0.000000 0.000000 0.000000
Y 2.687006 2.687006 0.000000
D 5.374012 2.687006 2.687006
P 5.374012 0.000000 0.000000
E 8.061017 0.000000 -2.687006
T 5.374012 0.000000 -5.374012
G 2.687006 0.000000 -2.687006
T 2.687006 2.687006 -5.374012
W 0.000000 2.687006 -2.687006
Y 0.000000 5.374012 0.000000


-16.455549	85659bb00
10

Y 0.000000 0.000000 0.000000
Y 2.687006 2.687006 0.000000
D 5.374012 5.374012 0.000000
P 2.687006 5.374012 2.687006
E 0.000000 5.374012 5.374012
T 0.000000 2.687006 8.061017
G 2.687006 2.687006 5.374012
T 0.000000 0.000000 5.374012
W 2.687006 0.000000 2.687006
Y 2.687006 -2.687006 0.000000


-16.455549	856362140
10

Y 0.000000 0.000000 0.000000
Y 2.687006 2.687006 0.000000
D 5.374012 2.687006 2.687006
P 2.687006 5.374012 2.687006
E 2.687006 8.061017 5.374012
T 0.000000 5.374012 5.374012
G 0.000000 8.061017 2.687006
T -2.687006 5.374012 2.687006
W 0.000000 5.374012 0.000000
Y 0.000000 2.687006 -2.687006


-16.455549	2ba238840
10

Y 0.000000 0.000000 0.000000
Y 2.687006 2.687006 0.000000
D 5.374012 2.687006 2.687006
P 5.374012 0.000000 0.000000
E 5.374012 -2.687006 -2.687006
T 5.374012 0.000000 -5.374012
G 5.374012 2.687006 -2.687006
T 2.687006 2.687006 -5.374012
W 0.000000 2.687006 -2.687006
Y 0.000000 5.374012 0.000000


-16.455549	2ba2a8540
10

Y 0.000000 0.000000 0.000000
Y 2.687006 2.687006 0.000000
D 5.374012 2.687006 2.687006
P 8.061017 2.687006 0.000000
E 8.061017 0.000000 -2.687006
T 5.374012 0.000000 -5.374012
G 5.374012 2.687006 -2.687006
T 2.687006 2.687006 -5.374012
W 0.000000 2.687006 -2.687006
Y 0.000000 5.374012 0.000000


-16.455549	2ba2a5840
10

Y 0.000000 0.000000 0.000000
Y 2.687006 2.687006 0.000000
D 5.374012 2.687006 2.687006
P 5.374012 0.000000 0.000000
E 8.061017 0.000000 -2.687006
T 5.374012 0.000000 -5.374012
G 5.374012 2.687006 -2.687006
T 2.687006 2.687006 -5.374012
W 0.000000 2.687006 -2.687006
Y 0.000000 5.374012 0.000000


-16.455549	2ba9a3540
10

Y 0.000000 0.000000 0.000000
Y 2.687006 2.687006 0.000000
D 5.374012 2.687006 2.687006
P 8.061017 2.687006 0.000000
E 8.061017 5.374012 -2.687006
T 5.374012 5.374012 -5.374012
G 5.374012 2.687006 -2.687006
T 2.687006 2.687006 -5.374012
W 0.000000 2.687006 -2.687006
Y 0.000000 5.374012 0.000000


-16.455549	2ba9a5340
10

Y 0.000000 0.000000 0.000000
Y 2.687006 2.687006 0.000000
D 5.374012 2.687006 2.687006
P 5.374012 5.374012 0.000000
E 8.061017 5.374012 -2.687006
T 5.374012 5.374012 -5.374012
G 5.374012 2.687006 -2.687006
T 2.687006 2.687006 -5.374012
W 0.000000 2.687006 -2.687006
Y 0.000000 5.374012 0.000000


-16.455549	2ba983340
10

Y 0.000000 0.000000 0.000000
Y 2.687006 2.687006 0.000000
D 5.374012 2.687006 2.687006
P 5.374012 5.374012 0.000000
E 5.374012 8.061017 -2.687006
T 5.374012 5.374012 -5.374012
G 5.374012 2.687006 -2.687006
T 2.687006 2.687006 -5.374012
W 0.000000 2.687006 -2.687006
Y 0.000000 5.374012 0.000000


-16.455549	2b8167700
10

Y 0.000000 0.000000 0.000000
Y 2.687006 2.687006 0.000000
D 5.374012 5.374012 0.000000
P 8.061017 2.687006 0.000000
E 10.748023 0.000000 0.000000
T 8.061017 -2.687006 0.000000
G 5.374012 0.000000 0.000000
T 5.374012 -2.687006 -2.687006
W 2.687006 -2.687006 0.000000
Y 2.687006 0.000000 2.687006


-16.455549	2b8198700
10

Y 0.000000 0.000000 0.000000
Y 2.687006 2.687006 0.000000
D 5.374012 5.374012 0.000000
P 8.061017 2.687006 0.000000
E 8.061017 0.000000 -2.687006
T 8.061017 -2.687006 0.000000
G 5.374012 0.000000 0.000000
T 5.374012 -2.687006 -2.687006
W 2.687006 -2.687006 0.000000
Y 2.687006 0.000000 2.687006


-16.455549	2b8197800
10

Y 0.000000 0.000000 0.000000
Y 2.687006 2.687006 0.000000
D 5.374012 5.374012 0.000000
P 5.374012 2.687006 -2.687006
E 8.061017 0.000000 -2.687006
T 8.061017 -2.687006 0.000000
G 5.374012 0.000000 0.000000
T 5.374012 -2.687006 -2.687006
W 2.687006 -2.687006 0.000000
Y 2.687006 0.000000 2.687006


-16.455549	2b8ba5340
10

Y 0.000000 0.000000 0.000000
Y 2.687006 2.687006 0.000000
D 5.374012 2.687006 2.687006
P 5.374012 5.374012 0.000000
E 8.061017 5.374012 -2.687006
T 5.374012 5.374012 -5.374012
G 2.687006 5.374012 -2.687006
T 2.687006 2.687006 -5.374012
W 0.000000 2.687006 -2.687006
Y 0.000000 5.374012 0.000000


-16.455549	2b8b83340
10

Y 0.000000 0.000000 0.000000
Y 2.687006 2.687006 0.000000
D 5.374012 2.687006 2.687006
P 5.374012 5.374012 0.000000
E 5.374012 8.061017 -2.687006
T 5.374012 5.374012 -5.374012
G 2.687006 5.374012 -2.687006
T 2.687006 2.687006 -5.374012
W 0.000000 2.687006 -2.687006
Y 0.000000 5.374012 0.000000


-16.455549	2b7268800
10

Y 0.000000 0.000000 0.000000
Y 2.687006 2.687006 0.000000
D 5.374012 5.374012 0.000000
P 5.374012 2.687006 -2.687006
E 5.374012 0.000000 -5.374012
T 2.687006 -2.687006 -5.374012
G 2.687006 0.000000 -2.687006
T 5.374012 -2.687006 -2.687006
W 2.687006 -2.687006 0.000000
Y 2.687006 0.000000 2.687006


-16.455549	8518a2b40
10

Y 0.000000 0.000000 0.000000
Y 2.687006 2.687006 0.000000
D 5.374012 2.687006 2.687006
P 2.687006 2.687006 5.374012
E 2.687006 5.374012 8.061017
T 0.000000 5.374012 5.374012
G 0.000000 2.687006 2.687006
T -2.687006 5.374012 2.687006
W 0.000000 5.374012 0.000000
Y 0.000000 2.687006 -2.687006


-16.455549	851862140
10

Y 0.000000 0.000000 0.000000
Y 2.687006 2.687006 0.000000
D 5.374012 2.687006 2.687006
P 2.687006 5.374012 2.687006
E 2.687006 8.061017 5.374012
T 0.000000 5.374012 5.374012
G 0.000000 2.687006 2.687006
T -2.687006 5.374012 2.687006
W 0.000000 5.374012 0.000000
Y 0.000000 2.687006 -2.687006


-16.455549	85183bb40
10

Y 0.000000 0.000000 0.000000
Y 2.687006 2.687006 0.000000
D 5.374012 2.687006 2.687006
P 2.687006 2.687006 5.374012
E 0.000000 2.687006 8.061017
T 0.000000 5.374012 5.374012
G 0.000000 2.687006 2.687006
T -2.687006 5.374012 2.687006
W 0.000000 5.374012 0.000000
Y 0.000000 2.687006 -2.687006


-16.455549	2b6367700
10

Y 0.000000 0.000000 0.000000
Y 2.687006 2.687006 0.000000
D 5.374012 5.374012 0.000000
P 8.061017 2.687006 0.000000
E 10.748023 0.000000 0.000000
T 8.061017 -2.687006 0.000000
G 8.061017 0.000000 -2.687006
T 5.374012 -2.687006 -2.687006
W 2.687006 -2.687006 0.000000
Y 2.687006 0.000000 2.687006


-16.455549	94846aa00
10

Y 0.000000 0.000000 0.000000
Y 2.687006 2.687006 0.000000
D 5.374012 5.374012 0.000000
P 2.687006 5.374012 -2.687006
E 0.000000 5.374012 -5.374012
T -2.687006 2.687006 -5.374012
G 0.000000 2.687006 -2.687006
T 0.000000 0.000000 -5.374012
W 2.687006 0.000000 -2.687006
Y 2.687006 -2.687006 0.000000


-16.455549	94648aa00
10

Y 0.000000 0.000000 0.000000
Y 2.687006 2.687006 0.000000
D 5.374012 5.374012 0.000000
P 2.687006 5.374012 -2.687006
E 0.000000 5.374012 -5.374012
T 0.000000 2.687006 -8.061017
G 2.687006 2.687006 -5.374012
T 0.000000 0.000000 -5.374012
W 2.687006 0.000000 -2.687006
Y 2.687006 -2.687006 0.000000


-16.455549	29a9a3340
10

Y 0.000000 0.000000 0.000000
Y 2.687006 2.687006 0.000000
D 5.374012 2.687006 2.687006
P 5.374012 5.374012 0.000000
E 5.374012 8.061017 -2.687006
T 2.687006 8.061017 -5.374012
G 2.687006 5.374012 -2.687006
T 0.000000 5.374012 -5.374012
W 0.000000 2.687006 -2.687006
Y 0.000000 5.374012 0.000000


-16.455549	3a9167700
10

Y 0.000000 0.000000 0.000000
Y 2.687006 2.687006 0.000000
D 5.374012 5.374012 0.000000
P 8.061017 2.687006 0.000000
E 10.748023 0.000000 0.000000
T 8.061017 -2.687006 0.000000
G 5.374012 0.000000 0.000000
T 5.374012 -2.687006 2.687006
W 2.687006 -2.687006 0.000000
Y 2.687006 0.000000 -2.687006


-16.455549	3a9167540
10

Y 0.000000 0.000000 0.000000
Y 2.687006 2.687006 0.000000
D 5.374012 2.687006 2.687006
P 8.061017 2.687006 0.000000
E 10.748023 0.000000 0.000000
T 8.061017 -2.687006 0.000000
G 5.374012 0.000000 0.000000
T 5.374012 -2.687006 2.687006
W 2.687006 -2.687006 0.000000
Y 2.687006 0.000000 -2.687006


-16.455549	3a9165740
10

Y 0.000000 0.000000 0.000000
Y 2.687006 2.687006 0.000000
D 5.374012 2.687006 2.687006
P 8.061017 0.000000 2.687006
E 10.748023 0.000000 0.000000
T 8.061017 -2.687006 0.000000
G 5.374012 0.000000 0.000000
T 5.374012 -2.687006 2.687006
W 2.687006 -2.687006 0.000000
Y 2.687006 0.000000 -2.687006


-16.455549	3a91a7740
10

Y 0.000000 0.000000 0.000000
Y 2.687006 2.687006 0.000000
D 5.374012 2.687006 2.687006
P 8.061017 0.000000 2.687006
E 10.748023 -2.687006 2.687006
T 8.061017 -2.687006 0.000000
G 5.374012 0.000000 0.000000
T 5.374012 -2.687006 2.687006
W 2.687006 -2.687006 0.000000
Y 2.687006 0.000000 -2.687006


-16.455549	3a9189700
10

Y 0.000000 0.000000 0.000000
Y 2.687006 2.687006 0.000000
D 5.374012 5.374012 0.000000
P 8.061017 2.687006 0.000000
E 8.061017 0.000000 2.687006
T 8.061017 -2.687006 0.000000
G 5.374012 0.000000 0.000000
T 5.374012 -2.687006 2.687006
W 2.687006 -2.687006 0.000000
Y 2.687006 0.000000 -2.687006


-16.455549	3a9187900
10

Y 0.000000 0.000000 0.000000
Y 2.687006 2.687006 0.000000
D 5.374012 5.374012 0.000000
P 5.374012 2.687006 2.687006
E 8.061017 0.000000 2.687006
T 8.061017 -2.687006 0.000000
G 5.374012 0.000000 0.000000
T 5.374012 -2.687006 2.687006
W 2.687006 -2.687006 0.000000
Y 2.687006 0.000000 -2.687006


-16.455549	3a8089b40
10

Y 0.000000 0.000000 0.000000
Y 2.687006 2.687006 0.000000
D 5.374012 2.687006 2.687006
P 2.687006 2.687006 5.374012
E 2.687006 0.000000 8.061017
T 2.687006 -2.687006 5.374012
G 5.374012 0.000000 5.374012
T 5.374012 -2.687006 2.687006
W 2.687006 -2.687006 0.000000
Y 2.687006 0.000000 -2.687006


-16.455549	3a738b940
10

Y 0.000000 0.000000 0.000000
Y 2.687006 2.687006 0.000000
D 5.374012 2.687006 2.687006
P 5.374012 0.000000 5.374012
E 2.687006 0.000000 8.061017
T 2.687006 -2.687006 5.374012
G 2.687006 0.000000 2.687006
T 5.374012 -2.687006 2.687006
W 2.687006 -2.687006 0.000000
Y 2.687006 0.000000 -2.687006


-16.455549	3a7389b40
10

Y 0.000000 0.000000 0.000000
Y 2.687006 2.687006 0.000000
D 5.374012 2.687006 2.687006
P 2.687006 2.687006 5.374012
E 2.687006 0.000000 8.061017
T 2.687006 -2.687006 5.374012
G 2.687006 0.000000 2.687006
T 5.374012 -2.687006 2.687006
W 2.687006 -2.687006 0.000000
Y 2.687006 0.000000 -2.687006


-16.455549	3a7369900
10

Y 0.000000 0.000000 0.000000
Y 2.687006 2.687006 0.000000
D 5.374012 5.374012 0.000000
P 5.374012 2.687006 2.687006
E 5.374012 0.000000 5.374012
T 2.687006 -2.687006 5.374012
G 2.687006 0.000000 2.687006
T 5.374012 -2.687006 2.687006
W 2.687006 -2.687006 0.000000
Y 2.687006 0.000000 -2.687006


-16.455549	3a73a9940
10

Y 0.000000 0.000000 0.000000
Y 2.687006 2.687006 0.000000
D 5.374012 2.687006 2.687006
P 5.374012 0.000000 5.374012
E 5.374012 -2.687006 8.061017
T 2.687006 -2.687006 5.374012
G 2.687006 0.000000 2.687006
T 5.374012 -2.687006 2.687006
W 2.687006 -2.687006 0.000000
Y 2.687006 0.000000 -2.687006


-16.455549	3a6267700
10

Y 0.000000 0.000000 0.000000
Y 2.687006 2.687006 0.000000
D 5.374012 5.374012 0.000000
P 8.061017 2.687006 0.000000
E 10.748023 0.000000 0.000000
T 8.061017 -2.687006 0.000000
G 8.061017 0.000000 2.687006
T 5.374012 -2.687006 2.687006
W 2.687006 -2.687006 0.000000
Y 2.687006 0.000000 -2.687006


-16.455549	3a6267540
10

Y 0.000000 0.000000 0.000000
Y 2.687006 2.687006 0.000000
D 5.374012 2.687006 2.687006
P 8.061017 2.687006 0.000000
E 10.748023 0.000000 0.000000
T 8.061017 -2.687006 0.000000
G 8.061017 0.000000 2.687006
T 5.374012 -2.687006 2.687006
W 2.687006 -2.687006 0.000000
Y 2.687006 0.000000 -2.687006


-16.433402	498b81100
10

Y 0.000000 0.000000 0.000000
Y 2.687006 2.687006 0.000000
D 5.374012 5.374012 0.000000
P 2.687006 8.061017 0.000000
E 0.000000 10.748023 0.000000
T 0.000000 8.061017 -2.687006
G -2.687006 8.061017 0.000000
T -2.687006 5.374012 -2.687006
W -2.687006 2.687006 0.000000
Y 0.000000 2.687006 2.687006


-16.433402	498b63100
10

Y 0.000000 0.000000 0.000000
Y 2.687006 2.687006 0.000000
D 5.374012 5.374012 0.000000
P 2.687006 8.061017 0.000000
E 2.687006 10.748023 -2.687006
T 0.000000 8.061017 -2.687006
G -2.687006 8.061017 0.000000
T -2.687006 5.374012 -2.687006
W -2.687006 2.687006 0.000000
Y 0.000000 2.687006 2.687006


-16.433402	49626a300
10

Y 0.000000 0.000000 0.000000
Y 2.687006 2.687006 0.000000
D 5.374012 5.374012 0.000000
P 5.374012 8.061017 -2.687006
E 2.687006 8.061017 -5.374012
T 0.000000 5.374012 -5.374012
G 0.000000 8.061017 -2.687006
T -2.687006 5.374012 -2.687006
W -2.687006 2.687006 0.000000
Y 0.000000 2.687006 2.687006


-16.433402	58a9a1240
10

Y 0.000000 0.000000 0.000000
Y 2.687006 2.687006 0.000000
D 5.374012 2.687006 2.687006
P 5.374012 5.374012 5.374012
E 2.687006 8.061017 5.374012
T 0.000000 8.061017 2.687006
G 0.000000 5.374012 5.374012
T -2.687006 5.374012 2.687006
W -2.687006 2.687006 0.000000
Y 0.000000 2.687006 -2.687006


-16.433402	589a91100
10

Y 0.000000 0.000000 0.000000
Y 2.687006 2.687006 0.000000
D 5.374012 5.374012 0.000000
P 2.687006 8.061017 0.000000
E 0.000000 10.748023 0.000000
T 0.000000 8.061017 2.687006
G -2.687006 8.061017 0.000000
T -2.687006 5.374012 2.687006
W -2.687006 2.687006 0.000000
Y 0.000000 2.687006 -2.687006


-16.433402	589a62100
10

Y 0.000000 0.000000 0.000000
Y 2.687006 2.687006 0.000000
D 5.374012 5.374012 0.000000
P 2.687006 8.061017 0.000000
E 2.687006 10.748023 2.687006
T 0.000000 8.061017 2.687006
G -2.687006 8.061017 0.000000
T -2.687006 5.374012 2.687006
W -2.687006 2.687006 0.000000
Y 0.000000 2.687006 -2.687006


-16.433402	58636b200
10

Y 0.000000 0.000000 0.000000
Y 2.687006 2.687006 0.000000
D 5.374012 5.374012 0.000000
P 5.374012 8.061017 2.687006
E 2.687006 8.061017 5.374012
T 0.000000 5.374012 5.374012
G 0.000000 8.061017 2.687006
T -2.687006 5.374012 2.687006
W -2.687006 2.687006 0.000000
Y 0.000000 2.687006 -2.687006


-16.433402	5836a2b40
10

Y 0.000000 0.000000 0.000000
Y 2.687006 2.687006 0.000000
D 5.374012 2.687006 2.687006
P 2.687006 2.687006 5.374012
E 2.687006 5.374012 8.061017
T 0.000000 5.374012 5.374012
G -2.687006 2.687006 5.374012
T -2.687006 5.374012 2.687006
W -2.687006 2.687006 0.000000
Y 0.000000 2.687006 -2.687006


-16.433402	58363bb40
10

Y 0.000000 0.000000 0.000000
Y 2.687006 2.687006 0.000000
D 5.374012 2.687006 2.687006
P 2.687006 2.687006 5.374012
E 0.000000 2.687006 8.061017
T 0.000000 5.374012 5.374012
G -2.687006 2.687006 5.374012
T -2.687006 5.374012 2.687006
W -2.687006 2.687006 0.000000
Y 0.000000 2.687006 -2.687006


-16.433402	8ab8b7400
10

Y 0.000000 0.000000 0.000000
Y 2.687006 2.687006 0.000000
D 5.374012 5.374012 0.000000
P 8.061017 5.374012 2.687006
E 10.748023 2.687006 2.687006
T 8.061017 2.687006 5.374012
G 8.061017 0.000000 2.687006
T 5.374012 0.000000 5.374012
W 2.687006 0.000000 2.687006
Y 2.687006 -2.687006 0.000000


-16.433402	8ab864400
10

Y 0.000000 0.000000 0.000000
Y 2.687006 2.687006 0.000000
D 5.374012 5.374012 0.000000
P 8.061017 5.374012 2.687006
E 10.748023 5.374012 5.374012
T 8.061017 2.687006 5.374012
G 8.061017 0.000000 2.687006
T 5.374012 0.000000 5.374012
W 2.687006 0.000000 2.687006
Y 2.687006 -2.687006 0.000000


-16.433402	9ba9a7500
10

Y 0.000000 0.000000 0.000000
Y 2.687006 2.687006 0.000000
D 5.374012 5.374012 0.000000
P 8.061017 5.374012 -2.687006
E 10.748023 2.687006 -2.687006
T 8.061017 2.687006 -5.374012
G 8.061017 0.000000 -2.687006
T 5.374012 0.000000 -5.374012
W 2.687006 0.000000 -2.687006
Y 2.687006 -2.687006 0.000000


-16.433402	9ba965500
10

Y 0.000000 0.000000 0.000000
Y 2.687006 2.687006 0.000000
D 5.374012 5.374012 0.000000
P 8.061017 5.374012 -2.687006
E 10.748023 5.374012 -5.374012
T 8.061017 2.687006 -5.374012
G 8.061017 0.000000 -2.687006
T 5.374012 0.000000 -5.374012
W 2.687006 0.000000 -2.687006
Y 2.687006 -2.687006 0.000000


-16.433402	8a8194900
10

Y 0.000000 0.000000 0.000000
Y 2.687006 2.687006 0.000000
D 5.374012 5.374012 0.000000
P 5.374012 2.687006 2.687006
E 8.061017 2.687006 5.374012
T 8.061017 0.000000 8.061017
G 5.374012 2.687006 8.061017
T 5.374012 0.000000 5.374012
W 2.687006 0.000000 2.687006
Y 2.687006 -2.687006 0.000000


-16.433402	9b9185800
10

Y 0.000000 0.000000 0.000000
Y 2.687006 2.687006 0.000000
D 5.374012 5.374012 0.000000
P 5.374012 2.687006 -2.687006
E 8.061017 2.687006 -5.374012
T 8.061017 0.000000 -8.061017
G 5.374012 2.687006 -8.061017
T 5.374012 0.000000 -5.374012
W 2.687006 0.000000 -2.687006
Y 2.687006 -2.687006 0.000000


-16.433402	886512140
10

Y 0.000000 0.000000 0.000000
Y 2.687006 2.687006 0.000000
D 5.374012 2.687006 2.687006
P 2.687006 5.374012 2.687006
E 2.687006 8.061017 5.374012
T 0.000000 10.748023 5.374012
G 2.687006 10.748023 2.687006
T 0.000000 8.061017 2.687006
W 0.000000 5.374012 0.000000
Y 0.000000 2.687006 -2.687006


-16.433402	8836a2240
10

Y 0.000000 0.000000 0.000000
Y 2.687006 2.687006 0.000000
D 5.374012 2.687006 2.687006
P 5.374012 5.374012 5.374012
E 5.374012 8.061017 8.061017
T 2.687006 8.061017 5.374012
G 0.000000 5.374012 5.374012
T 0.000000 8.061017 2.687006
W 0.000000 5.374012 0.000000
Y 0.000000 2.687006 -2.687006


-16.433402	88363b240
10

Y 0.000000 0.000000 0.000000
Y 2.687006 2.687006 0.000000
D 5.374012 2.687006 2.687006
P 5.374012 5.374012 5.374012
E 2.687006 5.374012 8.061017
T 2.687006 8.061017 5.374012
G 0.000000 5.374012 5.374012
T 0.000000 8.061017 2.687006
W 0.000000 5.374012 0.000000
Y 0.000000 2.687006 -2.687006


-16.433402	a8a7b2b00
10

Y 0.000000 0.000000 0.000000
Y 2.687006 2.687006 0.000000
D 5.374012 5.374012 0.000000
P 2.687006 5.374012 2.687006
E 2.687006 8.061017 5.374012
T 0.000000 8.061017 8.061017
G 2.687006 5.374012 8.061017
T 0.000000 5.374012 5.374012
W 0.000000 2.687006 2.687006
Y -2.687006 2.687006 0.000000


-16.433402	b9b7a3a00
10

Y 0.000000 0.000000 0.000000
Y 2.687006 2.687006 0.000000
D 5.374012 5.374012 0.000000
P 2.687006 5.374012 -2.687006
E 2.687006 8.061017 -5.374012
T 0.000000 8.061017 -8.061017
G 2.687006 5.374012 -8.061017
T 0.000000 5.374012 -5.374012
W 0.000000 2.687006 -2.687006
Y -2.687006 2.687006 0.000000


-16.433402	a89a91200
10

Y 0.000000 0.000000 0.000000
Y 2.687006 2.687006 0.000000
D 5.374012 5.374012 0.000000
P 5.374012 8.061017 2.687006
E 2.687006 10.748023 2.687006
T 2.687006 8.061017 5.374012
G 0.000000 8.061017 2.687006
T 0.000000 5.374012 5.374012
W 0.000000 2.687006 2.687006
Y -2.687006 2.687006 0.000000


-16.433402	a89a62200
10

Y 0.000000 0.000000 0.000000
Y 2.687006 2.687006 0.000000
D 5.374012 5.374012 0.000000
P 5.374012 8.061017 2.687006
E 5.374012 10.748023 5.374012
T 2.687006 8.061017 5.374012
G 0.000000 8.061017 2.687006
T 0.000000 5.374012 5.374012
W 0.000000 2.687006 2.687006
Y -2.687006 2.687006 0.000000


-16.433402	b98b81300
10

Y 0.000000 0.000000 0.000000
Y 2.687006 2.687006 0.000000
D 5.374012 5.374012 0.000000
P 5.374012 8.061017 -2.687006
E 2.687006 10.748023 -2.687006
T 2.687006 8.061017 -5.374012
G 0.000000 8.061017 -2.687006
T 0.000000 5.374012 -5.374012
W 0.000000 2.687006 -2.687006
Y -2.687006 2.687006 0.000000


-16.433402	b98b63300
10

Y 0.000000 0.000000 0.000000
Y 2.687006 2.687006 0.000000
D 5.374012 5.374012 0.000000
P 5.374012 8.061017 -2.687006
E 5.374012 10.748023 -5.374012
T 2.687006 8.061017 -5.374012
G 0.000000 8.061017 -2.687006
T 0.000000 5.374012 -5.374012
W 0.000000 2.687006 -2.687006
Y -2.687006 2.687006 0.000000


-16.433402	2ba9a7700
10

Y 0.000000 0.000000 0.000000
Y 2.687006 2.687006 0.000000
D 5.374012 5.374012 0.000000
P 8.061017 2.687006 0.000000
E 10.748023 0.000000 0.000000
T 8.061017 0.000000 -2.687006
G 8.061017 -2.687006 0.000000
T 5.374012 -2.687006 -2.687006
W 2.687006 -2.687006 0.000000
Y 2.687006 0.000000 2.687006


-16.433402	2ba965700
10

Y 0.000000 0.000000 0.000000
Y 2.687006 2.687006 0.000000
D 5.374012 5.374012 0.000000
P 8.061017 2.687006 0.000000
E 10.748023 2.687006 -2.687006
T 8.061017 0.000000 -2.687006
G 8.061017 -2.687006 0.000000
T 5.374012 -2.687006 -2.687006
W 2.687006 -2.687006 0.000000
Y 2.687006 0.000000 2.687006


-16.433402	2b6468500
10

Y 0.000000 0.000000 0.000000
Y 2.687006 2.687006 0.000000
D 5.374012 5.374012 0.000000
P 8.061017 5.374012 -2.687006
E 8.061017 2.687006 -5.374012
T 5.374012 0.000000 -5.374012
G 8.061017 0.000000 -2.687006
T 5.374012 -2.687006 -2.687006
W 2.687006 -2.687006 0.000000
Y 2.687006 0.000000 2.687006


-16.433402	3a3684940
10

Y 0.000000 0.000000 0.000000
Y 2.687006 2.687006 0.000000
D 5.374012 2.687006 2.687006
P 5.374012 0.000000 5.374012
E 8.061017 0.000000 8.061017
T 8.061017 -2.687006 5.374012
G 5.374012 -5.374012 5.374012
T 5.374012 -2.687006 2.687006
W 2.687006 -2.687006 0.000000
Y 2.687006 0.000000 -2.687006


-16.433402	3a3659940
10

Y 0.000000 0.000000 0.000000
Y 2.687006 2.687006 0.000000
D 5.374012 2.687006 2.687006
P 5.374012 0.000000 5.374012
E 5.374012 -2.687006 8.061017
T 8.061017 -2.687006 5.374012
G 5.374012 -5.374012 5.374012
T 5.374012 -2.687006 2.687006
W 2.687006 -2.687006 0.000000
Y 2.687006 0.000000 -2.687006


-16.433402	3a3b87940
10

Y 0.000000 0.000000 0.000000
Y 2.687006 2.687006 0.000000
D 5.374012 2.687006 2.687006
P 5.374012 0.000000 5.374012
E 8.061017 -2.687006 5.374012
T 8.061017 -5.374012 2.687006
G 5.374012 -5.374012 5.374012
T 5.374012 -2.687006 2.687006
W 2.687006 -2.687006 0.000000
Y 2.687006 0.000000 -2.687006


-16.433402	3a1569740
10

Y 0.000000 0.000000 0.000000
Y 2.687006 2.687006 0.000000
D 5.374012 2.687006 2.687006
P 8.061017 0.000000 2.687006
E 8.061017 -2.687006 5.374012
T 5.374012 -5.374012 5.374012
G 8.061017 -5.374012 2.687006
T 5.374012 -2.687006 2.687006
W 2.687006 -2.687006 0.000000
Y 2.687006 0.000000 -2.687006


-16.433402	3a18b7740
10

Y 0.000000 0.000000 0.000000
Y 2.687006 2.687006 0.000000
D 5.374012 2.687006 2.687006
P 8.061017 0.000000 2.687006
E 10.748023 -2.687006 2.687006
T 8.061017 -2.687006 5.374012
G 8.061017 -5.374012 2.687006
T 5.374012 -2.687006 2.687006
W 2.687006 -2.687006 0.000000
Y 2.687006 0.000000 -2.687006


-16.433402	3a1864740
10

Y 0.000000 0.000000 0.000000
Y 2.687006 2.687006 0.000000
D 5.374012 2.687006 2.687006
P 8.061017 0.000000 2.687006
E 10.748023 0.000000 5.374012
T 8.061017 -2.687006 5.374012
G 8.061017 -5.374012 2.687006
T 5.374012 -2.687006 2.687006
W 2.687006 -2.687006 0.000000
Y 2.687006 0.000000 -2.687006


-16.433402	3ab8b7700
10

Y 0.000000 0.000000 0.000000
Y 2.687006 2.687006 0.000000
D 5.374012 5.374012 0.000000
P 8.061017 2.687006 0.000000
E 10.748023 0.000000 0.000000
T 8.061017 0.000000 2.687006
G 8.061017 -2.687006 0.000000
T 5.374012 -2.687006 2.687006
W 2.687006 -2.687006 0.000000
Y 2.687006 0.000000 -2.687006


-16.433402	3ab8b7540
10

Y 0.000000 0.000000 0.000000
Y 2.687006 2.687006 0.000000
D 5.374012 2.687006 2.687006
P 8.061017 2.687006 0.000000
E 10.748023 0.000000 0.000000
T 8.061017 0.000000 2.687006
G 8.061017 -2.687006 0.000000
T 5.374012 -2.687006 2.687006
W 2.687006 -2.687006 0.000000
Y 2.687006 0.000000 -2.687006


-16.433402	3ab864700
10

Y 0.000000 0.000000 0.000000
Y 2.687006 2.687006 0.000000
D 5.374012 5.374012 0.000000
P 8.061017 2.687006 0.000000
E 10.748023 2.687006 2.687006
T 8.061017 0.000000 2.687006
G 8.061017 -2.687006 0.000000
T 5.374012 -2.687006 2.687006
W 2.687006 -2.687006 0.000000
Y 2.687006 0.000000 -2.687006


-16.433402	3aa9a7440
10

Y 0.000000 0.000000 0.000000
Y 2.687006 2.687006 0.000000
D 5.374012 2.687006 2.687006
P 8.061017 2.687006 5.374012
E 10.748023 0.000000 5.374012
T 8.061017 0.000000 2.687006
G 8.061017 -2.687006 5.374012
T 5.374012 -2.687006 2.687006
W 2.687006 -2.687006 0.000000
Y 2.687006 0.000000 -2.687006


-16.433402	3aa7a9440
10

Y 0.000000 0.000000 0.000000
Y 2.687006 2.687006 0.000000
D 5.374012 2.687006 2.687006
P 8.061017 2.687006 5.374012
E 8.061017 0.000000 8.061017
T 5.374012 0.000000 5.374012
G 8.061017 -2.687006 5.374012
T 5.374012 -2.687006 2.687006
W 2.687006 -2.687006 0.000000
Y 2.687006 0.000000 -2.687006


-16.433402	3a9a37940
10

Y 0.000000 0.000000 0.000000
Y 2.687006 2.687006 0.000000
D 5.374012 2.687006 2.687006
P 5.374012 0.000000 5.374012
E 8.061017 -2.687006 5.374012
T 8.061017 0.000000 2.687006
G 5.374012 0.000000 0.000000
T 5.374012 -2.687006 2.687006
W 2.687006 -2.687006 0.000000
Y 2.687006 0.000000 -2.687006


-16.433402	3a7a19740
10

Y 0.000000 0.000000 0.000000
Y 2.687006 2.687006 0.000000
D 5.374012 2.687006 2.687006
P 8.061017 0.000000 2.687006
E 8.061017 -2.687006 5.374012
T 5.374012 0.000000 5.374012
G 2.687006 0.000000 2.687006
T 5.374012 -2.687006 2.687006
W 2.687006 -2.687006 0.000000
Y 2.687006 0.000000 -2.687006


-16.433402	3a6569400
10

Y 0.000000 0.000000 0.000000
Y 2.687006 2.687006 0.000000
D 5.374012 5.374012 0.000000
P 8.061017 5.374012 2.687006
E 8.061017 2.687006 5.374012
T 5.374012 0.000000 5.374012
G 8.061017 0.000000 2.687006
T 5.374012 -2.687006 2.687006
W 2.687006 -2.687006 0.000000
Y 2.687006 0.000000 -2.687006


-16.433402	3a5659b40
10

Y 0.000000 0.000000 0.000000
Y 2.687006 2.687006 0.000000
D 5.374012 2.687006 2.687006
P 2.687006 2.687006 5.374012
E 2.687006 0.000000 8.061017
T 5.374012 0.000000 5.374012
G 2.687006 -2.687006 5.374012
T 5.374012 -2.687006 2.687006
W 2.687006 -2.687006 0.000000
Y 2.687006 0.000000 -2.687006


-16.385614	16b389400
10

Y 0.000000 0.000000 0.000000
Y 2.687006 2.687006 0.000000
D 5.374012 5.374012 0.000000
P 8.061017 5.374012 2.687006
E 8.061017 2.687006 5.374012
T 8.061017 0.000000 2.687006
G 8.061017 2.687006 0.000000
T 5.374012 2.687006 2.687006
W 2.687006 0.000000 2.687006
Y 0.000000 2.687006 2.687006


-16.385614	16b367500
10

Y 0.000000 0.000000 0.000000
Y 2.687006 2.687006 0.000000
D 5.374012 5.374012 0.000000
P 8.061017 5.374012 -2.687006
E 10.748023 2.687006 -2.687006
T 8.061017 0.000000 -2.687006
G 8.061017 2.687006 -5.374012
T 5.374012 2.687006 -2.687006
W 2.687006 0.000000 -2.687006
Y 0.000000 2.687006 -2.687006


-16.385614	16b367400
10

Y 0.000000 0.000000 0.000000
Y 2.687006 2.687006 0.000000
D 5.374012 5.374012 0.000000
P 8.061017 5.374012 2.687006
E 10.748023 2.687006 2.687006
T 8.061017 0.000000 2.687006
G 8.061017 2.687006 0.000000
T 5.374012 2.687006 2.687006
W 2.687006 0.000000 2.687006
Y 0.000000 2.687006 2.687006


-16.385614	16a267500
10

Y 0.000000 0.000000 0.000000
Y 2.687006 2.687006 0.000000
D 5.374012 5.374012 0.000000
P 8.061017 5.374012 -2.687006
E 10.748023 2.687006 -2.687006
T 8.061017 0.000000 -2.687006
G 8.061017 2.687006 0.000000
T 5.374012 2.687006 -2.687006
W 2.687006 0.000000 -2.687006
Y 0.000000 2.687006 -2.687006


-16.385614	16a267400
10

Y 0.000000 0.000000 0.000000
Y 2.687006 2.687006 0.000000
D 5.374012 5.374012 0.000000
P 8.061017 5.374012 2.687006
E 10.748023 2.687006 2.687006
T 8.061017 0.000000 2.687006
G 8.061017 2.687006 5.374012
T 5.374012 2.687006 2.687006
W 2.687006 0.000000 2.687006
Y 0.000000 2.687006 2.687006


-16.385614	16a238740
10

Y 0.000000 0.000000 0.000000
Y 2.687006 2.687006 0.000000
D 5.374012 2.687006 2.687006
P 8.061017 0.000000 2.687006
E 8.061017 -2.687006 0.000000
T 8.061017 0.000000 -2.687006
G 8.061017 2.687006 0.000000
T 5.374012 2.687006 -2.687006
W 2.687006 0.000000 -2.687006
Y 0.000000 2.687006 -2.687006


-16.385614	16a237840
10

Y 0.000000 0.000000 0.000000
Y 2.687006 2.687006 0.000000
D 5.374012 2.687006 2.687006
P 5.374012 0.000000 0.000000
E 8.061017 -2.687006 0.000000
T 8.061017 0.000000 -2.687006
G 8.061017 2.687006 0.000000
T 5.374012 2.687006 -2.687006
W 2.687006 0.000000 -2.687006
Y 0.000000 2.687006 -2.687006


-16.385614	16a2a5740
10

Y 0.000000 0.000000 0.000000
Y 2.687006 2.687006 0.000000
D 5.374012 2.687006 2.687006
P 8.061017 0.000000 2.687006
E 10.748023 0.000000 0.000000
T 8.061017 0.000000 -2.687006
G 8.061017 2.687006 0.000000
T 5.374012 2.687006 -2.687006
W 2.687006 0.000000 -2.687006
Y 0.000000 2.687006 -2.687006


-16.385614	16a298500
10

Y 0.000000 0.000000 0.000000
Y 2.687006 2.687006 0.000000
D 5.374012 5.374012 0.000000
P 8.061017 5.374012 -2.687006
E 8.061017 2.687006 -5.374012
T 8.061017 0.000000 -2.687006
G 8.061017 2.687006 0.000000
T 5.374012 2.687006 -2.687006
W 2.687006 0.000000 -2.687006
Y 0.000000 2.687006 -2.687006


-16.385614	168165040
10

Y 0.000000 0.000000 0.000000
Y 2.687006 2.687006 0.000000
D 5.374012 2.687006 2.687006
P 8.061017 5.374012 2.687006
E 10.748023 5.374012 0.000000
T 8.061017 2.687006 0.000000
G 5.374012 5.374012 0.000000
T 5.374012 2.687006 -2.687006
W 2.687006 0.000000 -2.687006
Y 0.000000 2.687006 -2.687006


-16.385614	163637900
10

Y 0.000000 0.000000 0.000000
Y 2.687006 2.687006 0.000000
D 5.374012 5.374012 0.000000
P 5.374012 2.687006 2.687006
E 8.061017 0.000000 2.687006
T 8.061017 2.687006 0.000000
G 5.374012 0.000000 0.000000
T 5.374012 2.687006 -2.687006
W 2.687006 0.000000 -2.687006
Y 0.000000 2.687006 -2.687006


-16.385614	163615740
10

Y 0.000000 0.000000 0.000000
Y 2.687006 2.687006 0.000000
D 5.374012 2.687006 2.687006
P 8.061017 0.000000 2.687006
E 10.748023 0.000000 0.000000
T 8.061017 2.687006 0.000000
G 5.374012 0.000000 0.000000
T 5.374012 2.687006 -2.687006
W 2.687006 0.000000 -2.687006
Y 0.000000 2.687006 -2.687006


-16.385614	163b38740
10

Y 0.000000 0.000000 0.000000
Y 2.687006 2.687006 0.000000
D 5.374012 2.687006 2.687006
P 8.061017 0.000000 2.687006
E 8.061017 -2.687006 0.000000
T 8.061017 0.000000 -2.687006
G 5.374012 0.000000 0.000000
T 5.374012 2.687006 -2.687006
W 2.687006 0.000000 -2.687006
Y 0.000000 2.687006 -2.687006


-16.385614	163ba7700
10

Y 0.000000 0.000000 0.000000
Y 2.687006 2.687006 0.000000
D 5.374012 5.374012 0.000000
P 8.061017 2.687006 0.000000
E 10.748023 0.000000 0.000000
T 8.061017 0.000000 -2.687006
G 5.374012 0.000000 0.000000
T 5.374012 2.687006 -2.687006
W 2.687006 0.000000 -2.687006
Y 0.000000 2.687006 -2.687006


-16.385614	163ba7540
10

Y 0.000000 0.000000 0.000000
Y 2.687006 2.687006 0.000000
D 5.374012 2.687006 2.687006
P 8.061017 2.687006 0.000000
E 10.748023 0.000000 0.000000
T 8.061017 0.000000 -2.687006
G 5.374012 0.000000 0.000000
T 5.374012 2.687006 -2.687006
W 2.687006 0.000000 -2.687006
Y 0.000000 2.687006 -2.687006


-16.385614	163ba5740
10

Y 0.000000 0.000000 0.000000
Y 2.687006 2.687006 0.000000
D 5.374012 2.687006 2.687006
P 8.061017 0.000000 2.687006
E 10.748023 0.000000 0.000000
T 8.061017 0.000000 -2.687006
G 5.374012 0.000000 0.000000
T 5.374012 2.687006 -2.687006
W 2.687006 0.000000 -2.687006
Y 0.000000 2.687006 -2.687006


-16.385614	163b65700
10

Y 0.000000 0.000000 0.000000
Y 2.687006 2.687006 0.000000
D 5.374012 5.374012 0.000000
P 8.061017 2.687006 0.000000
E 10.748023 2.687006 -2.687006
T 8.061017 0.000000 -2.687006
G 5.374012 0.000000 0.000000
T 5.374012 2.687006 -2.687006
W 2.687006 0.000000 -2.687006
Y 0.000000 2.687006 -2.687006


-16.385614	163b65540
10

Y 0.000000 0.000000 0.000000
Y 2.687006 2.687006 0.000000
D 5.374012 2.687006 2.687006
P 8.061017 2.687006 0.000000
E 10.748023 2.687006 -2.687006
T 8.061017 0.000000 -2.687006
G 5.374012 0.000000 0.000000
T 5.374012 2.687006 -2.687006
W 2.687006 0.000000 -2.687006
Y 0.000000 2.687006 -2.687006


-16.385614	162627800
10

Y 0.000000 0.000000 0.000000
Y 2.687006 2.687006 0.000000
D 5.374012 5.374012 0.000000
P 5.374012 2.687006 -2.687006
E 8.061017 0.000000 -2.687006
T 8.061017 2.687006 0.000000
G 5.374012 0.000000 0.000000
T 5.374012 2.687006 2.687006
W 2.687006 0.000000 2.687006
Y 0.000000 2.687006 2.687006


-16.385614	162ab7700
10

Y 0.000000 0.000000 0.000000
Y 2.687006 2.687006 0.000000
D 5.374012 5.374012 0.000000
P 8.061017 2.687006 0.000000
E 10.748023 0.000000 0.000000
T 8.061017 0.000000 2.687006
G 5.374012 0.000000 0.000000
T 5.374012 2.687006 2.687006
W 2.687006 0.000000 2.687006
Y 0.000000 2.687006 2.687006


-16.385614	162a64700
10

Y 0.000000 0.000000 0.000000
Y 2.687006 2.687006 0.000000
D 5.374012 5.374012 0.000000
P 8.061017 2.687006 0.000000
E 10.748023 2.687006 2.687006
T 8.061017 0.000000 2.687006
G 5.374012 0.000000 0.000000
T 5.374012 2.687006 2.687006
W 2.687006 0.000000 2.687006
Y 0.000000 2.687006 2.687006


-16.385614	79b891300
10

Y 0.000000 0.000000 0.000000
Y 2.687006 2.687006 0.000000
D 5.374012 5.374012 0.000000
P 5.374012 8.061017 -2.687006
E 2.687006 10.748023 -2.687006
T 2.687006 8.061017 0.000000
G 2.687006 5.374012 -2.687006
T 0.000000 5.374012 0.000000
W 0.000000 2.687006 2.687006
Y 2.687006 0.000000 2.687006


-16.385614	79a981200
10

Y 0.000000 0.000000 0.000000
Y 2.687006 2.687006 0.000000
D 5.374012 5.374012 0.000000
P 5.374012 8.061017 2.687006
E 2.687006 10.748023 2.687006
T 2.687006 8.061017 0.000000
G 2.687006 5.374012 2.687006
T 0.000000 5.374012 0.000000
W 0.000000 2.687006 2.687006
Y 2.687006 0.000000 2.687006


-16.385614	79a7ab200
10

Y 0.000000 0.000000 0.000000
Y 2.687006 2.687006 0.000000
D 5.374012 5.374012 0.000000
P 5.374012 8.061017 2.687006
E 2.687006 8.061017 5.374012
T 0.000000 8.061017 2.687006
G 2.687006 5.374012 2.687006
T 0.000000 5.374012 0.000000
W 0.000000 2.687006 2.687006
Y 2.687006 0.000000 2.687006


-16.385614	79a791100
10

Y 0.000000 0.000000 0.000000
Y 2.687006 2.687006 0.000000
D 5.374012 5.374012 0.000000
P 2.687006 8.061017 0.000000
E 0.000000 10.748023 0.000000
T 0.000000 8.061017 2.687006
G 2.687006 5.374012 2.687006
T 0.000000 5.374012 0.000000
W 0.000000 2.687006 2.687006
Y 2.687006 0.000000 2.687006


-16.385614	79a762100
10

Y 0.000000 0.000000 0.000000
Y 2.687006 2.687006 0.000000
D 5.374012 5.374012 0.000000
P 2.687006 8.061017 0.000000
E 2.687006 10.748023 2.687006
T 0.000000 8.061017 2.687006
G 2.687006 5.374012 2.687006
T 0.000000 5.374012 0.000000
W 0.000000 2.687006 2.687006
Y 2.687006 0.000000 2.687006


-16.385614	79a761200
10

Y 0.000000 0.000000 0.000000
Y 2.687006 2.687006 0.000000
D 5.374012 5.374012 0.000000
P 5.374012 8.061017 2.687006
E 2.687006 10.748023 2.687006
T 0.000000 8.061017 2.687006
G 2.687006 5.374012 2.687006
T 0.000000 5.374012 0.000000
W 0.000000 2.687006 2.687006
Y 2.687006 0.000000 2.687006


-16.385614	7965a2b00
10

Y 0.000000 0.000000 0.000000
Y 2.687006 2.687006 0.000000
D 5.374012 5.374012 0.000000
P 2.687006 5.374012 2.687006
E 2.687006 8.061017 5.374012
T 0.000000 8.061017 2.687006
G 2.687006 8.061017 0.000000
T 0.000000 5.374012 0.000000
W 0.000000 2.687006 2.687006
Y 2.687006 0.000000 2.687006


-16.385614	7965ab200
10

Y 0.000000 0.000000 0.000000
Y 2.687006 2.687006 0.000000
D 5.374012 5.374012 0.000000
P 5.374012 8.061017 2.687006
E 2.687006 8.061017 5.374012
T 0.000000 8.061017 2.687006
G 2.687006 8.061017 0.000000
T 0.000000 5.374012 0.000000
W 0.000000 2.687006 2.687006
Y 2.687006 0.000000 2.687006


-16.385614	796561200
10

Y 0.000000 0.000000 0.000000
Y 2.687006 2.687006 0.000000
D 5.374012 5.374012 0.000000
P 5.374012 8.061017 2.687006
E 2.687006 10.748023 2.687006
T 0.000000 8.061017 2.687006
G 2.687006 8.061017 0.000000
T 0.000000 5.374012 0.000000
W 0.000000 2.687006 2.687006
Y 2.687006 0.000000 2.687006


-16.385614	78b8b3340
10

Y 0.000000 0.000000 0.000000
Y 2.687006 2.687006 0.000000
D 5.374012 2.687006 2.687006
P 5.374012 5.374012 0.000000
E 5.374012 8.061017 -2.687006
T 2.687006 8.061017 0.000000
G 2.687006 5.374012 -2.687006
T 0.000000 5.374012 0.000000
W 0.000000 2.687006 -2.687006
Y 2.687006 0.000000 -2.687006


-16.385614	78b891300
10

Y 0.000000 0.000000 0.000000
Y 2.687006 2.687006 0.000000
D 5.374012 5.374012 0.000000
P 5.374012 8.061017 -2.687006
E 2.687006 10.748023 -2.687006
T 2.687006 8.061017 0.000000
G 2.687006 5.374012 -2.687006
T 0.000000 5.374012 0.000000
W 0.000000 2.687006 -2.687006
Y 2.687006 0.000000 -2.687006


-16.385614	78b7ba300
10

Y 0.000000 0.000000 0.000000
Y 2.687006 2.687006 0.000000
D 5.374012 5.374012 0.000000
P 5.374012 8.061017 -2.687006
E 2.687006 8.061017 -5.374012
T 0.000000 8.061017 -2.687006
G 2.687006 5.374012 -2.687006
T 0.000000 5.374012 0.000000
W 0.000000 2.687006 -2.687006
Y 2.687006 0.000000 -2.687006


-16.385614	78b781100
10

Y 0.000000 0.000000 0.000000
Y 2.687006 2.687006 0.000000
D 5.374012 5.374012 0.000000
P 2.687006 8.061017 0.000000
E 0.000000 10.748023 0.000000
T 0.000000 8.061017 -2.687006
G 2.687006 5.374012 -2.687006
T 0.000000 5.374012 0.000000
W 0.000000 2.687006 -2.687006
Y 2.687006 0.000000 -2.687006


-16.385614	78b763100
10

Y 0.000000 0.000000 0.000000
Y 2.687006 2.687006 0.000000
D 5.374012 5.374012 0.000000
P 2.687006 8.061017 0.000000
E 2.687006 10.748023 -2.687006
T 0.000000 8.061017 -2.687006
G 2.687006 5.374012 -2.687006
T 0.000000 5.374012 0.000000
W 0.000000 2.687006 -2.687006
Y 2.687006 0.000000 -2.687006


-16.385614	78b761300
10

Y 0.000000 0.000000 0.000000
Y 2.687006 2.687006 0.000000
D 5.374012 5.374012 0.000000
P 5.374012 8.061017 -2.687006
E 2.687006 10.748023 -2.687006
T 0.000000 8.061017 -2.687006
G 2.687006 5.374012 -2.687006
T 0.000000 5.374012 0.000000
W 0.000000 2.687006 -2.687006
Y 2.687006 0.000000 -2.687006


-16.385614	78a9b3340
10

Y 0.000000 0.000000 0.000000
Y 2.687006 2.687006 0.000000
D 5.374012 2.687006 2.687006
P 5.374012 5.374012 0.000000
E 5.374012 8.061017 -2.687006
T 2.687006 8.061017 0.000000
G 2.687006 5.374012 2.687006
T 0.000000 5.374012 0.000000
W 0.000000 2.687006 -2.687006
Y 2.687006 0.000000 -2.687006


-16.385614	78a981200
10

Y 0.000000 0.000000 0.000000
Y 2.687006 2.687006 0.000000
D 5.374012 5.374012 0.000000
P 5.374012 8.061017 2.687006
E 2.687006 10.748023 2.687006
T 2.687006 8.061017 0.000000
G 2.687006 5.374012 2.687006
T 0.000000 5.374012 0.000000
W 0.000000 2.687006 -2.687006
Y 2.687006 0.000000 -2.687006


-16.385614	786461300
10

Y 0.000000 0.000000 0.000000
Y 2.687006 2.687006 0.000000
D 5.374012 5.374012 0.000000
P 5.374012 8.061017 -2.687006
E 2.687006 10.748023 -2.687006
T 0.000000 8.061017 -2.687006
G 2.687006 8.061017 0.000000
T 0.000000 5.374012 0.000000
W 0.000000 2.687006 -2.687006
Y 2.687006 0.000000 -2.687006


-16.385614	7864b3a00
10

Y 0.000000 0.000000 0.000000
Y 2.687006 2.687006 0.000000
D 5.374012 5.374012 0.000000
P 2.687006 5.374012 -2.687006
E 2.687006 8.061017 -5.374012
T 0.000000 8.061017 -2.687006
G 2.687006 8.061017 0.000000
T 0.000000 5.374012 0.000000
W 0.000000 2.687006 -2.687006
Y 2.687006 0.000000 -2.687006


-16.385614	7864ba300
10

Y 0.000000 0.000000 0.000000
Y 2.687006 2.687006 0.000000
D 5.374012 5.374012 0.000000
P 5.374012 8.061017 -2.687006
E 2.687006 8.061017 -5.374012
T 0.000000 8.061017 -2.687006
G 2.687006 8.061017 0.000000
T 0.000000 5.374012 0.000000
W 0.000000 2.687006 -2.687006
Y 2.687006 0.000000 -2.687006


-16.385614	76a751140
10

Y 0.000000 0.000000 0.000000
Y 2.687006 2.687006 0.000000
D 5.374012 2.687006 2.687006
P 2.687006 5.374012 2.687006
E 0.000000 8.061017 2.687006
T 2.687006 8.061017 0.000000
G 5.374012 5.374012 0.000000
T 2.687006 5.374012 -2.687006
W 0.000000 2.687006 -2.687006
Y 2.687006 0.000000 -2.687006


-16.385614	7695ab200
10

Y 0.000000 0.000000 0.000000
Y 2.687006 2.687006 0.000000
D 5.374012 5.374012 0.000000
P 5.374012 8.061017 2.687006
E 2.687006 8.061017 5.374012
T 0.000000 8.061017 2.687006
G 2.687006 8.061017 0.000000
T 2.687006 5.374012 2.687006
W 0.000000 2.687006 2.687006
Y 2.687006 0.000000 2.687006


-16.385614	769561300
10

Y 0.000000 0.000000 0.000000
Y 2.687006 2.687006 0.000000
D 5.374012 5.374012 0.000000
P 5.374012 8.061017 -2.687006
E 2.687006 10.748023 -2.687006
T 0.000000 8.061017 -2.687006
G 2.687006 8.061017 -5.374012
T 2.687006 5.374012 -2.687006
W 0.000000 2.687006 -2.687006
Y 2.687006 0.000000 -2.687006


-16.385614	769561200
10

Y 0.000000 0.000000 0.000000
Y 2.687006 2.687006 0.000000
D 5.374012 5.374012 0.000000
P 5.374012 8.061017 2.687006
E 2.687006 10.748023 2.687006
T 0.000000 8.061017 2.687006
G 2.687006 8.061017 0.000000
T 2.687006 5.374012 2.687006
W 0.000000 2.687006 2.687006
Y 2.687006 0.000000 2.687006


-16.385614	768461300
10

Y 0.000000 0.000000 0.000000
Y 2.687006 2.687006 0.000000
D 5.374012 5.374012 0.000000
P 5.374012 8.061017 -2.687006
E 2.687006 10.748023 -2.687006
T 0.000000 8.061017 -2.687006
G 2.687006 8.061017 0.000000
T 2.687006 5.374012 -2.687006
W 0.000000 2.687006 -2.687006
Y 2.687006 0.000000 -2.687006


-16.385614	768461200
10

Y 0.000000 0.000000 0.000000
Y 2.687006 2.687006 0.000000
D 5.374012 5.374012 0.000000
P 5.374012 8.061017 2.687006
E 2.687006 10.748023 2.687006
T 0.000000 8.061017 2.687006
G 2.687006 8.061017 5.374012
T 2.687006 5.374012 2.687006
W 0.000000 2.687006 2.687006
Y 2.687006 0.000000 2.687006


-16.385614	7684ba300
10

Y 0.000000 0.000000 0.000000
Y 2.687006 2.687006 0.000000
D 5.374012 5.374012 0.000000
P 5.374012 8.061017 -2.687006
E 2.687006 8.061017 -5.374012
T 0.000000 8.061017 -2.687006
G 2.687006 8.061017 0.000000
T 2.687006 5.374012 -2.687006
W 0.000000 2.687006 -2.687006
Y 2.687006 0.000000 -2.687006


-16.385614	765981100
10

Y 0.000000 0.000000 0.000000
Y 2.687006 2.687006 0.000000
D 5.374012 5.374012 0.000000
P 2.687006 8.061017 0.000000
E 0.000000 10.748023 0.000000
T 0.000000 8.061017 -2.687006
G 0.000000 5.374012 0.000000
T 2.687006 5.374012 -2.687006
W 0.000000 2.687006 -2.687006
Y 2.687006 0.000000 -2.687006


-16.385614	765963100
10

Y 0.000000 0.000000 0.000000
Y 2.687006 2.687006 0.000000
D 5.374012 5.374012 0.000000
P 2.687006 8.061017 0.000000
E 2.687006 10.748023 -2.687006
T 0.000000 8.061017 -2.687006
G 0.000000 5.374012 0.000000
T 2.687006 5.374012 -2.687006
W 0.000000 2.687006 -2.687006
Y 2.687006 0.000000 -2.687006


-16.385614	765651140
10

Y 0.000000 0.000000 0.000000
Y 2.687006 2.687006 0.000000
D 5.374012 2.687006 2.687006
P 2.687006 5.374012 2.687006
E 0.000000 8.061017 2.687006
T 2.687006 8.061017 0.000000
G 0.000000 5.374012 0.000000
T 2.687006 5.374012 -2.687006
W 0.000000 2.687006 -2.687006
Y 2.687006 0.000000 -2.687006


-16.385614	765651b00
10

Y 0.000000 0.000000 0.000000
Y 2.687006 2.687006 0.000000
D 5.374012 5.374012 0.000000
P 2.687006 5.374012 2.687006
E 0.000000 8.061017 2.687006
T 2.687006 8.061017 0.000000
G 0.000000 5.374012 0.000000
T 2.687006 5.374012 -2.687006
W 0.000000 2.687006 -2.687006
Y 2.687006 0.000000 -2.687006


-16.385614	764891100
10

Y 0.000000 0.000000 0.000000
Y 2.687006 2.687006 0.000000
D 5.374012 5.374012 0.000000
P 2.687006 8.061017 0.000000
E 0.000000 10.748023 0.000000
T 0.000000 8.061017 2.687006
G 0.000000 5.374012 0.000000
T 2.687006 5.374012 2.687006
W 0.000000 2.687006 2.687006
Y 2.687006 0.000000 2.687006


-16.385614	764862100
10

Y 0.000000 0.000000 0.000000
Y 2.687006 2.687006 0.000000
D 5.374012 5.374012 0.000000
P 2.687006 8.061017 0.000000
E 2.687006 10.748023 2.687006
T 0.000000 8.061017 2.687006
G 0.000000 5.374012 0.000000
T 2.687006 5.374012 2.687006
W 0.000000 2.687006 2.687006
Y 2.687006 0.000000 2.687006


-16.385614	764641a00
10

Y 0.000000 0.000000 0.000000
Y 2.687006 2.687006 0.000000
D 5.374012 5.374012 0.000000
P 2.687006 5.374012 -2.687006
E 0.000000 8.061017 -2.687006
T 2.687006 8.061017 0.000000
G 0.000000 5.374012 0.000000
T 2.687006 5.374012 2.687006
W 0.000000 2.687006 2.687006
Y 2.687006 0.000000 2.687006


-16.385614	1b9ab7500
10

Y 0.000000 0.000000 0.000000
Y 2.687006 2.687006 0.000000
D 5.374012 5.374012 0.000000
P 8.061017 5.374012 -2.687006
E 10.748023 2.687006 -2.687006
T 8.061017 2.687006 0.000000
G 5.374012 2.687006 -2.687006
T 5.374012 0.000000 0.000000
W 2.687006 0.000000 2.687006
Y 0.000000 2.687006 2.687006


-16.385614	1b8167400
10

Y 0.000000 0.000000 0.000000
Y 2.687006 2.687006 0.000000
D 5.374012 5.374012 0.000000
P 8.061017 5.374012 2.687006
E 10.748023 2.687006 2.687006
T 8.061017 0.000000 2.687006
G 5.374012 2.687006 2.687006
T 5.374012 0.000000 0.000000
W 2.687006 0.000000 2.687006
Y 0.000000 2.687006 2.687006


-16.385614	1b8164700
10

Y 0.000000 0.000000 0.000000
Y 2.687006 2.687006 0.000000
D 5.374012 5.374012 0.000000
P 8.061017 2.687006 0.000000
E 10.748023 2.687006 2.687006
T 8.061017 0.000000 2.687006
G 5.374012 2.687006 2.687006
T 5.374012 0.000000 0.000000
W 2.687006 0.000000 2.687006
Y 0.000000 2.687006 2.687006


-16.385614	1b81b7700
10

Y 0.000000 0.000000 0.000000
Y 2.687006 2.687006 0.000000
D 5.374012 5.374012 0.000000
P 8.061017 2.687006 0.000000
E 10.748023 0.000000 0.000000
T 8.061017 0.000000 2.687006
G 5.374012 2.687006 2.687006
T 5.374012 0.000000 0.000000
W 2.687006 0.000000 2.687006
Y 0.000000 2.687006 2.687006


-16.385614	1b8189400
10

Y 0.000000 0.000000 0.000000
Y 2.687006 2.687006 0.000000
D 5.374012 5.374012 0.000000
P 8.061017 5.374012 2.687006
E 8.061017 2.687006 5.374012
T 8.061017 0.000000 2.687006
G 5.374012 2.687006 2.687006
T 5.374012 0.000000 0.000000
W 2.687006 0.000000 2.687006
Y 0.000000 2.687006 2.687006


-16.385614	1b8ba7400
10

Y 0.000000 0.000000 0.000000
Y 2.687006 2.687006 0.000000
D 5.374012 5.374012 0.000000
P 8.061017 5.374012 2.687006
E 10.748023 2.687006 2.687006
T 8.061017 2.687006 0.000000
G 5.374012 2.687006 2.687006
T 5.374012 0.000000 0.000000
W 2.687006 0.000000 2.687006
Y 0.000000 2.687006 2.687006


-16.385614	1b6389400
10

Y 0.000000 0.000000 0.000000
Y 2.687006 2.687006 0.000000
D 5.374012 5.374012 0.000000
P 8.061017 5.374012 2.687006
E 8.061017 2.687006 5.374012
T 8.061017 0.000000 2.687006
G 8.061017 2.687006 0.000000
T 5.374012 0.000000 0.000000
W 2.687006 0.000000 2.687006
Y 0.000000 2.687006 2.687006


-16.385614	1b6384900
10

Y 0.000000 0.000000 0.000000
Y 2.687006 2.687006 0.000000
D 5.374012 5.374012 0.000000
P 5.374012 2.687006 2.687006
E 8.061017 2.687006 5.374012
T 8.061017 0.000000 2.687006
G 8.061017 2.687006 0.000000
T 5.374012 0.000000 0.000000
W 2.687006 0.000000 2.687006
Y 0.000000 2.687006 2.687006


-16.385614	1b6367400
10

Y 0.000000 0.000000 0.000000
Y 2.687006 2.687006 0.000000
D 5.374012 5.374012 0.000000
P 8.061017 5.374012 2.687006
E 10.748023 2.687006 2.687006
T 8.061017 0.000000 2.687006
G 8.061017 2.687006 0.000000
T 5.374012 0.000000 0.000000
W 2.687006 0.000000 2.687006
Y 0.000000 2.687006 2.687006


-16.385614	1a19a5740
10

Y 0.000000 0.000000 0.000000
Y 2.687006 2.687006 0.000000
D 5.374012 2.687006 2.687006
P 8.061017 0.000000 2.687006
E 10.748023 0.000000 0.000000
T 8.061017 0.000000 -2.687006
G 8.061017 -2.687006 0.000000
T 5.374012 0.000000 0.000000
W 2.687006 0.000000 -2.687006
Y 0.000000 2.687006 -2.687006


-16.385614	1a9167500
10

Y 0.000000 0.000000 0.000000
Y 2.687006 2.687006 0.000000
D 5.374012 5.374012 0.000000
P 8.061017 5.374012 -2.687006
E 10.748023 2.687006 -2.687006
T 8.061017 0.000000 -2.687006
G 5.374012 2.687006 -2.687006
T 5.374012 0.000000 0.000000
W 2.687006 0.000000 -2.687006
Y 0.000000 2.687006 -2.687006


-16.385614	1a9165700
10

Y 0.000000 0.000000 0.000000
Y 2.687006 2.687006 0.000000
D 5.374012 5.374012 0.000000
P 8.061017 2.687006 0.000000
E 10.748023 2.687006 -2.687006
T 8.061017 0.000000 -2.687006
G 5.374012 2.687006 -2.687006
T 5.374012 0.000000 0.000000
W 2.687006 0.000000 -2.687006
Y 0.000000 2.687006 -2.687006


-16.385614	1a9165540
10

Y 0.000000 0.000000 0.000000
Y 2.687006 2.687006 0.000000
D 5.374012 2.687006 2.687006
P 8.061017 2.687006 0.000000
E 10.748023 2.687006 -2.687006
T 8.061017 0.000000 -2.687006
G 5.374012 2.687006 -2.687006
T 5.374012 0.000000 0.000000
W 2.687006 0.000000 -2.687006
Y 0.000000 2.687006 -2.687006


-16.385614	1a91a7700
10

Y 0.000000 0.000000 0.000000
Y 2.687006 2.687006 0.000000
D 5.374012 5.374012 0.000000
P 8.061017 2.687006 0.000000
E 10.748023 0.000000 0.000000
T 8.061017 0.000000 -2.687006
G 5.374012 2.687006 -2.687006
T 5.374012 0.000000 0.000000
W 2.687006 0.000000 -2.687006
Y 0.000000 2.687006 -2.687006


-16.385614	1a91a7540
10

Y 0.000000 0.000000 0.000000
Y 2.687006 2.687006 0.000000
D 5.374012 2.687006 2.687006
P 8.061017 2.687006 0.000000
E 10.748023 0.000000 0.000000
T 8.061017 0.000000 -2.687006
G 5.374012 2.687006 -2.687006
T 5.374012 0.000000 0.000000
W 2.687006 0.000000 -2.687006
Y 0.000000 2.687006 -2.687006


-16.385614	1a9198500
10

Y 0.000000 0.000000 0.000000
Y 2.687006 2.687006 0.000000
D 5.374012 5.374012 0.000000
P 8.061017 5.374012 -2.687006
E 8.061017 2.687006 -5.374012
T 8.061017 0.000000 -2.687006
G 5.374012 2.687006 -2.687006
T 5.374012 0.000000 0.000000
W 2.687006 0.000000 -2.687006
Y 0.000000 2.687006 -2.687006


-16.385614	1a9ab7500
10

Y 0.000000 0.000000 0.000000
Y 2.687006 2.687006 0.000000
D 5.374012 5.374012 0.000000
P 8.061017 5.374012 -2.687006
E 10.748023 2.687006 -2.687006
T 8.061017 2.687006 0.000000
G 5.374012 2.687006 -2.687006
T 5.374012 0.000000 0.000000
W 2.687006 0.000000 -2.687006
Y 0.000000 2.687006 -2.687006


-16.385614	1a9a95340
10

Y 0.000000 0.000000 0.000000
Y 2.687006 2.687006 0.000000
D 5.374012 2.687006 2.687006
P 5.374012 5.374012 0.000000
E 8.061017 5.374012 -2.687006
T 8.061017 2.687006 0.000000
G 5.374012 2.687006 -2.687006
T 5.374012 0.000000 0.000000
W 2.687006 0.000000 -2.687006
Y 0.000000 2.687006 -2.687006


-16.385614	1a8ba7400
10

Y 0.000000 0.000000 0.000000
Y 2.687006 2.687006 0.000000
D 5.374012 5.374012 0.000000
P 8.061017 5.374012 2.687006
E 10.748023 2.687006 2.687006
T 8.061017 2.687006 0.000000
G 5.374012 2.687006 2.687006
T 5.374012 0.000000 0.000000
W 2.687006 0.000000 -2.687006
Y 0.000000 2.687006 -2.687006


-16.385614	1a6267500
10

Y 0.000000 0.000000 0.000000
Y 2.687006 2.687006 0.000000
D 5.374012 5.374012 0.000000
P 8.061017 5.374012 -2.687006
E 10.748023 2.687006 -2.687006
T 8.061017 0.000000 -2.687006
G 8.061017 2.687006 0.000000
T 5.374012 0.000000 0.000000
W 2.687006 0.000000 -2.687006
Y 0.000000 2.687006 -2.687006


-16.385614	1a6238740
10

Y 0.000000 0.000000 0.000000
Y 2.687006 2.687006 0.000000
D 5.374012 2.687006 2.687006
P 8.061017 0.000000 2.687006
E 8.061017 -2.687006 0.000000
T 8.061017 0.000000 -2.687006
G 8.061017 2.687006 0.000000
T 5.374012 0.000000 0.000000
W 2.687006 0.000000 -2.687006
Y 0.000000 2.687006 -2.687006


-16.385614	1a62a5740
10

Y 0.000000 0.000000 0.000000
Y 2.687006 2.687006 0.000000
D 5.374012 2.687006 2.687006
P 8.061017 0.000000 2.687006
E 10.748023 0.000000 0.000000
T 8.061017 0.000000 -2.687006
G 8.061017 2.687006 0.000000
T 5.374012 0.000000 0.000000
W 2.687006 0.000000 -2.687006
Y 0.000000 2.687006 -2.687006


-16.385614	1a6298500
10

Y 0.000000 0.000000 0.000000
Y 2.687006 2.687006 0.000000
D 5.374012 5.374012 0.000000
P 8.061017 5.374012 -2.687006
E 8.061017 2.687006 -5.374012
T 8.061017 0.000000 -2.687006
G 8.061017 2.687006 0.000000
T 5.374012 0.000000 0.000000
W 2.687006 0.000000 -2.687006
Y 0.000000 2.687006 -2.687006


-16.385614	1a6295800
10

Y 0.000000 0.000000 0.000000
Y 2.687006 2.687006 0.000000
D 5.374012 5.374012 0.000000
P 5.374012 2.687006 -2.687006
E 8.061017 2.687006 -5.374012
T 8.061017 0.000000 -2.687006
G 8.061017 2.687006 0.000000
T 5.374012 0.000000 0.000000
W 2.687006 0.000000 -2.687006
Y 0.000000 2.687006 -2.687006


-16.363467	16b815700
10

Y 0.000000 0.000000 0.000000
Y 2.687006 2.687006 0.000000
D 5.374012 5.374012 0.000000
P 8.061017 2.687006 0.000000
E 10.748023 2.687006 -2.687006
T 8.061017 5.374012 -2.687006
G 8.061017 2.687006 -5.374012
T 5.374012 2.687006 -2.687006
W 2.687006 0.000000 -2.687006
Y 0.000000 2.687006 -2.687006


-16.363467	16b815540
10

Y 0.000000 0.000000 0.000000
Y 2.687006 2.687006 0.000000
D 5.374012 2.687006 2.687006
P 8.061017 2.687006 0.000000
E 10.748023 2.687006 -2.687006
T 8.061017 5.374012 -2.687006
G 8.061017 2.687006 -5.374012
T 5.374012 2.687006 -2.687006
W 2.687006 0.000000 -2.687006
Y 0.000000 2.687006 -2.687006


-16.363467	16b8a0540
10

Y 0.000000 0.000000 0.000000
Y 2.687006 2.687006 0.000000
D 5.374012 2.687006 2.687006
P 8.061017 2.687006 0.000000
E 10.748023 5.374012 0.000000
T 8.061017 5.374012 -2.687006
G 8.061017 2.687006 -5.374012
T 5.374012 2.687006 -2.687006
W 2.687006 0.000000 -2.687006
Y 0.000000 2.687006 -2.687006


-16.363467	16b864000
10

Y 0.000000 0.000000 0.000000
Y 2.687006 2.687006 0.000000
D 5.374012 5.374012 0.000000
P 8.061017 8.061017 0.000000
E 10.748023 8.061017 2.687006
T 8.061017 5.374012 2.687006
G 8.061017 2.687006 0.000000
T 5.374012 2.687006 2.687006
W 2.687006 0.000000 2.687006
Y 0.000000 2.687006 2.687006


-16.363467	16b7a3540
10

Y 0.000000 0.000000 0.000000
Y 2.687006 2.687006 0.000000
D 5.374012 2.687006 2.687006
P 8.061017 2.687006 0.000000
E 8.061017 5.374012 -2.687006
T 5.374012 5.374012 -5.374012
G 8.061017 2.687006 -5.374012
T 5.374012 2.687006 -2.687006
W 2.687006 0.000000 -2.687006
Y 0.000000 2.687006 -2.687006


-16.363467	16a914700
10

Y 0.000000 0.000000 0.000000
Y 2.687006 2.687006 0.000000
D 5.374012 5.374012 0.000000
P 8.061017 2.687006 0.000000
E 10.748023 2.687006 2.687006
T 8.061017 5.374012 2.687006
G 8.061017 2.687006 5.374012
T 5.374012 2.687006 2.687006
W 2.687006 0.000000 2.687006
Y 0.000000 2.687006 2.687006


-16.363467	16a965000
10

Y 0.000000 0.000000 0.000000
Y 2.687006 2.687006 0.000000
D 5.374012 5.374012 0.000000
P 8.061017 8.061017 0.000000
E 10.748023 8.061017 -2.687006
T 8.061017 5.374012 -2.687006
G 8.061017 2.687006 0.000000
T 5.374012 2.687006 -2.687006
W 2.687006 0.000000 -2.687006
Y 0.000000 2.687006 -2.687006


-16.363467	169185340
10

Y 0.000000 0.000000 0.000000
Y 2.687006 2.687006 0.000000
D 5.374012 2.687006 2.687006
P 5.374012 5.374012 0.000000
E 8.061017 5.374012 -2.687006
T 8.061017 2.687006 -5.374012
G 5.374012 5.374012 -5.374012
T 5.374012 2.687006 -2.687006
W 2.687006 0.000000 -2.687006
Y 0.000000 2.687006 -2.687006


-16.363467	169a80340
10

Y 0.000000 0.000000 0.000000
Y 2.687006 2.687006 0.000000
D 5.374012 2.687006 2.687006
P 5.374012 5.374012 0.000000
E 8.061017 8.061017 0.000000
T 8.061017 5.374012 -2.687006
G 5.374012 5.374012 -5.374012
T 5.374012 2.687006 -2.687006
W 2.687006 0.000000 -2.687006
Y 0.000000 2.687006 -2.687006


-16.363467	169a73340
10

Y 0.000000 0.000000 0.000000
Y 2.687006 2.687006 0.000000
D 5.374012 2.687006 2.687006
P 5.374012 5.374012 0.000000
E 5.374012 8.061017 -2.687006
T 8.061017 5.374012 -2.687006
G 5.374012 5.374012 -5.374012
T 5.374012 2.687006 -2.687006
W 2.687006 0.000000 -2.687006
Y 0.000000 2.687006 -2.687006


-16.363467	167b18500
10

Y 0.000000 0.000000 0.000000
Y 2.687006 2.687006 0.000000
D 5.374012 5.374012 0.000000
P 8.061017 5.374012 -2.687006
E 8.061017 2.687006 -5.374012
T 5.374012 5.374012 -5.374012
G 2.687006 5.374012 -2.687006
T 5.374012 2.687006 -2.687006
W 2.687006 0.000000 -2.687006
Y 0.000000 2.687006 -2.687006


-16.363467	167b63500
10

Y 0.000000 0.000000 0.000000
Y 2.687006 2.687006 0.000000
D 5.374012 5.374012 0.000000
P 8.061017 5.374012 -2.687006
E 8.061017 8.061017 -5.374012
T 5.374012 5.374012 -5.374012
G 2.687006 5.374012 -2.687006
T 5.374012 2.687006 -2.687006
W 2.687006 0.000000 -2.687006
Y 0.000000 2.687006 -2.687006


-16.363467	167a19400
10

Y 0.000000 0.000000 0.000000
Y 2.687006 2.687006 0.000000
D 5.374012 5.374012 0.000000
P 8.061017 5.374012 2.687006
E 8.061017 2.687006 5.374012
T 5.374012 5.374012 5.374012
G 2.687006 5.374012 2.687006
T 5.374012 2.687006 2.687006
W 2.687006 0.000000 2.687006
Y 0.000000 2.687006 2.687006


-16.363467	167a62400
10

Y 0.000000 0.000000 0.000000
Y 2.687006 2.687006 0.000000
D 5.374012 5.374012 0.000000
P 8.061017 5.374012 2.687006
E 8.061017 8.061017 5.374012
T 5.374012 5.374012 5.374012
G 2.687006 5.374012 2.687006
T 5.374012 2.687006 2.687006
W 2.687006 0.000000 2.687006
Y 0.000000 2.687006 2.687006


-16.363467	166572b00
10

Y 0.000000 0.000000 0.000000
Y 2.687006 2.687006 0.000000
D 5.374012 5.374012 0.000000
P 2.687006 5.374012 2.687006
E 2.687006 8.061017 5.374012
T 5.374012 5.374012 5.374012
G 8.061017 5.374012 2.687006
T 5.374012 2.687006 2.687006
W 2.687006 0.000000 2.687006
Y 0.000000 2.687006 2.687006


-16.363467	166473a00
10

Y 0.000000 0.000000 0.000000
Y 2.687006 2.687006 0.000000
D 5.374012 5.374012 0.000000
P 2.687006 5.374012 -2.687006
E 2.687006 8.061017 -5.374012
T 5.374012 5.374012 -5.374012
G 8.061017 5.374012 -2.687006
T 5.374012 2.687006 -2.687006
W 2.687006 0.000000 -2.687006
Y 0.000000 2.687006 -2.687006


-16.363467	1619a7500
10

Y 0.000000 0.000000 0.000000
Y 2.687006 2.687006 0.000000
D 5.374012 5.374012 0.000000
P 8.061017 5.374012 -2.687006
E 10.748023 2.687006 -2.687006
T 8.061017 2.687006 -5.374012
G 8.061017 0.000000 -2.687006
T 5.374012 2.687006 -2.687006
W 2.687006 0.000000 -2.687006
Y 0.000000 2.687006 -2.687006


-16.363467	161965500
10

Y 0.000000 0.000000 0.000000
Y 2.687006 2.687006 0.000000
D 5.374012 5.374012 0.000000
P 8.061017 5.374012 -2.687006
E 10.748023 5.374012 -5.374012
T 8.061017 2.687006 -5.374012
G 8.061017 0.000000 -2.687006
T 5.374012 2.687006 -2.687006
W 2.687006 0.000000 -2.687006
Y 0.000000 2.687006 -2.687006


-16.363467	1618b7400
10

Y 0.000000 0.000000 0.000000
Y 2.687006 2.687006 0.000000
D 5.374012 5.374012 0.000000
P 8.061017 5.374012 2.687006
E 10.748023 2.687006 2.687006
T 8.061017 2.687006 5.374012
G 8.061017 0.000000 2.687006
T 5.374012 2.687006 2.687006
W 2.687006 0.000000 2.687006
Y 0.000000 2.687006 2.687006


-16.363467	161864400
10

Y 0.000000 0.000000 0.000000
Y 2.687006 2.687006 0.000000
D 5.374012 5.374012 0.000000
P 8.061017 5.374012 2.687006
E 10.748023 5.374012 5.374012
T 8.061017 2.687006 5.374012
G 8.061017 0.000000 2.687006
T 5.374012 2.687006 2.687006
W 2.687006 0.000000 2.687006
Y 0.000000 2.687006 2.687006


-16.363467	1381b8740
10

Y 0.000000 0.000000 0.000000
Y 2.687006 2.687006 0.000000
D 5.374012 2.687006 2.687006
P 8.061017 0.000000 2.687006
E 8.061017 -2.687006 0.000000
T 5.374012 -2.687006 2.687006
G 2.687006 0.000000 2.687006
T 2.687006 -2.687006 0.000000
W 2.687006 0.000000 -2.687006
Y 0.000000 2.687006 -2.687006


-16.363467	1381a9740
10

Y 0.000000 0.000000 0.000000
Y 2.687006 2.687006 0.000000
D 5.374012 2.687006 2.687006
P 8.061017 0.000000 2.687006
E 8.061017 -2.687006 5.374012
T 5.374012 -2.687006 2.687006
G 2.687006 0.000000 2.687006
T 2.687006 -2.687006 0.000000
W 2.687006 0.000000 -2.687006
Y 0.000000 2.687006 -2.687006


-16.363467	136356940
10

Y 0.000000 0.000000 0.000000
Y 2.687006 2.687006 0.000000
D 5.374012 2.687006 2.687006
P 5.374012 0.000000 5.374012
E 2.687006 -2.687006 5.374012
T 5.374012 -2.687006 2.687006
G 5.374012 0.000000 0.000000
T 2.687006 -2.687006 0.000000
W 2.687006 0.000000 -2.687006
Y 0.000000 2.687006 -2.687006


-16.363467	1363a7940
10

Y 0.000000 0.000000 0.000000
Y 2.687006 2.687006 0.000000
D 5.374012 2.687006 2.687006
P 5.374012 0.000000 5.374012
E 8.061017 -2.687006 5.374012
T 5.374012 -2.687006 2.687006
G 5.374012 0.000000 0.000000
T 2.687006 -2.687006 0.000000
W 2.687006 0.000000 -2.687006
Y 0.000000 2.687006 -2.687006


-16.363467	133659640
10

Y 0.000000 0.000000 0.000000
Y 2.687006 2.687006 0.000000
D 5.374012 2.687006 2.687006
P 2.687006 0.000000 2.687006
E 2.687006 -2.687006 5.374012
T 5.374012 -2.687006 2.687006
G 2.687006 -5.374012 2.687006
T 2.687006 -2.687006 0.000000
W 2.687006 0.000000 -2.687006
Y 0.000000 2.687006 -2.687006


-16.363467	797b81100
10

Y 0.000000 0.000000 0.000000
Y 2.687006 2.687006 0.000000
D 5.374012 5.374012 0.000000
P 2.687006 8.061017 0.000000
E 0.000000 10.748023 0.000000
T 0.000000 8.061017 -2.687006
G -2.687006 8.061017 0.000000
T 0.000000 5.374012 0.000000
W 0.000000 2.687006 2.687006
Y 2.687006 0.000000 2.687006


-16.363467	797b63100
10

Y 0.000000 0.000000 0.000000
Y 2.687006 2.687006 0.000000
D 5.374012 5.374012 0.000000
P 2.687006 8.061017 0.000000
E 2.687006 10.748023 -2.687006
T 0.000000 8.061017 -2.687006
G -2.687006 8.061017 0.000000
T 0.000000 5.374012 0.000000
W 0.000000 2.687006 2.687006
Y 2.687006 0.000000 2.687006


-16.363467	79726a100
10

Y 0.000000 0.000000 0.000000
Y 2.687006 2.687006 0.000000
D 5.374012 5.374012 0.000000
P 2.687006 8.061017 0.000000
E 0.000000 8.061017 -2.687006
T -2.687006 5.374012 -2.687006
G -2.687006 8.061017 0.000000
T 0.000000 5.374012 0.000000
W 0.000000 2.687006 2.687006
Y 2.687006 0.000000 2.687006


-16.363467	1318b7840
10

Y 0.000000 0.000000 0.000000
Y 2.687006 2.687006 0.000000
D 5.374012 2.687006 2.687006
P 5.374012 0.000000 0.000000
E 8.061017 -2.687006 0.000000
T 5.374012 -2.687006 2.687006
G 5.374012 -5.374012 0.000000
T 2.687006 -2.687006 0.000000
W 2.687006 0.000000 -2.687006
Y 0.000000 2.687006 -2.687006


-16.363467	7948b1a00
10

Y 0.000000 0.000000 0.000000
Y 2.687006 2.687006 0.000000
D 5.374012 5.374012 0.000000
P 2.687006 5.374012 -2.687006
E 0.000000 8.061017 -2.687006
T -2.687006 8.061017 0.000000
G -2.687006 5.374012 -2.687006
T 0.000000 5.374012 0.000000
W 0.000000 2.687006 2.687006
Y 2.687006 0.000000 2.687006


-16.363467	7946b3a00
10

Y 0.000000 0.000000 0.000000
Y 2.687006 2.687006 0.000000
D 5.374012 5.374012 0.000000
P 2.687006 5.374012 -2.687006
E 2.687006 8.061017 -5.374012
T 0.000000 8.061017 -2.687006
G -2.687006 5.374012 -2.687006
T 0.000000 5.374012 0.000000
W 0.000000 2.687006 2.687006
Y 2.687006 0.000000 2.687006


-16.363467	79462aa00
10

Y 0.000000 0.000000 0.000000
Y 2.687006 2.687006 0.000000
D 5.374012 5.374012 0.000000
P 2.687006 5.374012 -2.687006
E 0.000000 5.374012 -5.374012
T 0.000000 8.061017 -2.687006
G -2.687006 5.374012 -2.687006
T 0.000000 5.374012 0.000000
W 0.000000 2.687006 2.687006
Y 2.687006 0.000000 2.687006


-16.363467	787a91100
10

Y 0.000000 0.000000 0.000000
Y 2.687006 2.687006 0.000000
D 5.374012 5.374012 0.000000
P 2.687006 8.061017 0.000000
E 0.000000 10.748023 0.000000
T 0.000000 8.061017 2.687006
G -2.687006 8.061017 0.000000
T 0.000000 5.374012 0.000000
W 0.000000 2.687006 -2.687006
Y 2.687006 0.000000 -2.687006


-16.363467	787a62100
10

Y 0.000000 0.000000 0.000000
Y 2.687006 2.687006 0.000000
D 5.374012 5.374012 0.000000
P 2.687006 8.061017 0.000000
E 2.687006 10.748023 2.687006
T 0.000000 8.061017 2.687006
G -2.687006 8.061017 0.000000
T 0.000000 5.374012 0.000000
W 0.000000 2.687006 -2.687006
Y 2.687006 0.000000 -2.687006


-16.363467	78736b100
10

Y 0.000000 0.000000 0.000000
Y 2.687006 2.687006 0.000000
D 5.374012 5.374012 0.000000
P 2.687006 8.061017 0.000000
E 0.000000 8.061017 2.687006
T -2.687006 5.374012 2.687006
G -2.687006 8.061017 0.000000
T 0.000000 5.374012 0.000000
W 0.000000 2.687006 -2.687006
Y 2.687006 0.000000 -2.687006


-16.363467	7859a1140
10

Y 0.000000 0.000000 0.000000
Y 2.687006 2.687006 0.000000
D 5.374012 2.687006 2.687006
P 2.687006 5.374012 2.687006
E 0.000000 8.061017 2.687006
T -2.687006 8.061017 0.000000
G -2.687006 5.374012 2.687006
T 0.000000 5.374012 0.000000
W 0.000000 2.687006 -2.687006
Y 2.687006 0.000000 -2.687006


-16.363467	7859a1b00
10

Y 0.000000 0.000000 0.000000
Y 2.687006 2.687006 0.000000
D 5.374012 5.374012 0.000000
P 2.687006 5.374012 2.687006
E 0.000000 8.061017 2.687006
T -2.687006 8.061017 0.000000
G -2.687006 5.374012 2.687006
T 0.000000 5.374012 0.000000
W 0.000000 2.687006 -2.687006
Y 2.687006 0.000000 -2.687006


-16.363467	7856a2140
10

Y 0.000000 0.000000 0.000000
Y 2.687006 2.687006 0.000000
D 5.374012 2.687006 2.687006
P 2.687006 5.374012 2.687006
E 2.687006 8.061017 5.374012
T 0.000000 8.061017 2.687006
G -2.687006 5.374012 2.687006
T 0.000000 5.374012 0.000000
W 0.000000 2.687006 -2.687006
Y 2.687006 0.000000 -2.687006


-16.363467	7856a2b00
10

Y 0.000000 0.000000 0.000000
Y 2.687006 2.687006 0.000000
D 5.374012 5.374012 0.000000
P 2.687006 5.374012 2.687006
E 2.687006 8.061017 5.374012
T 0.000000 8.061017 2.687006
G -2.687006 5.374012 2.687006
T 0.000000 5.374012 0.000000
W 0.000000 2.687006 -2.687006
Y 2.687006 0.000000 -2.687006


-16.363467	78563b140
10

Y 0.000000 0.000000 0.000000
Y 2.687006 2.687006 0.000000
D 5.374012 2.687006 2.687006
P 2.687006 5.374012 2.687006
E 0.000000 5.374012 5.374012
T 0.000000 8.061017 2.687006
G -2.687006 5.374012 2.687006
T 0.000000 5.374012 0.000000
W 0.000000 2.687006 -2.687006
Y 2.687006 0.000000 -2.687006


-16.363467	78563bb00
10

Y 0.000000 0.000000 0.000000
Y 2.687006 2.687006 0.000000
D 5.374012 5.374012 0.000000
P 2.687006 5.374012 2.687006
E 0.000000 5.374012 5.374012
T 0.000000 8.061017 2.687006
G -2.687006 5.374012 2.687006
T 0.000000 5.374012 0.000000
W 0.000000 2.687006 -2.687006
Y 2.687006 0.000000 -2.687006


-16.363467	76b815340
10

Y 0.000000 0.000000 0.000000
Y 2.687006 2.687006 0.000000
D 5.374012 2.687006 2.687006
P 5.374012 5.374012 0.000000
E 8.061017 5.374012 -2.687006
T 5.374012 8.061017 -2.687006
G 5.374012 5.374012 -5.374012
T 2.687006 5.374012 -2.687006
W 0.000000 2.687006 -2.687006
Y 2.687006 0.000000 -2.687006


-16.363467	76b8a0340
10

Y 0.000000 0.000000 0.000000
Y 2.687006 2.687006 0.000000
D 5.374012 2.687006 2.687006
P 5.374012 5.374012 0.000000
E 8.061017 8.061017 0.000000
T 5.374012 8.061017 -2.687006
G 5.374012 5.374012 -5.374012
T 2.687006 5.374012 -2.687006
W 0.000000 2.687006 -2.687006
Y 2.687006 0.000000 -2.687006


-16.363467	76b7a3340
10

Y 0.000000 0.000000 0.000000
Y 2.687006 2.687006 0.000000
D 5.374012 2.687006 2.687006
P 5.374012 5.374012 0.000000
E 5.374012 8.061017 -2.687006
T 2.687006 8.061017 -5.374012
G 5.374012 5.374012 -5.374012
T 2.687006 5.374012 -2.687006
W 0.000000 2.687006 -2.687006
Y 2.687006 0.000000 -2.687006


-16.363467	769a73100
10

Y 0.000000 0.000000 0.000000
Y 2.687006 2.687006 0.000000
D 5.374012 5.374012 0.000000
P 2.687006 8.061017 0.000000
E 2.687006 10.748023 -2.687006
T 5.374012 8.061017 -2.687006
G 2.687006 8.061017 -5.374012
T 2.687006 5.374012 -2.687006
W 0.000000 2.687006 -2.687006
Y 2.687006 0.000000 -2.687006


-16.363467	769a62000
10

Y 0.000000 0.000000 0.000000
Y 2.687006 2.687006 0.000000
D 5.374012 5.374012 0.000000
P 8.061017 8.061017 0.000000
E 8.061017 10.748023 2.687006
T 5.374012 8.061017 2.687006
G 2.687006 8.061017 0.000000
T 2.687006 5.374012 2.687006
W 0.000000 2.687006 2.687006
Y 2.687006 0.000000 2.687006


-16.363467	768b72100
10

Y 0.000000 0.000000 0.000000
Y 2.687006 2.687006 0.000000
D 5.374012 5.374012 0.000000
P 2.687006 8.061017 0.000000
E 2.687006 10.748023 2.687006
T 5.374012 8.061017 2.687006
G 2.687006 8.061017 5.374012
T 2.687006 5.374012 2.687006
W 0.000000 2.687006 2.687006
Y 2.687006 0.000000 2.687006


-16.363467	768b63000
10

Y 0.000000 0.000000 0.000000
Y 2.687006 2.687006 0.000000
D 5.374012 5.374012 0.000000
P 8.061017 8.061017 0.000000
E 8.061017 10.748023 -2.687006
T 5.374012 8.061017 -2.687006
G 2.687006 8.061017 0.000000
T 2.687006 5.374012 -2.687006
W 0.000000 2.687006 -2.687006
Y 2.687006 0.000000 -2.687006


-16.363467	767b81300
10

Y 0.000000 0.000000 0.000000
Y 2.687006 2.687006 0.000000
D 5.374012 5.374012 0.000000
P 5.374012 8.061017 -2.687006
E 2.687006 10.748023 -2.687006
T 2.687006 8.061017 -5.374012
G 0.000000 8.061017 -2.687006
T 2.687006 5.374012 -2.687006
W 0.000000 2.687006 -2.687006
Y 2.687006 0.000000 -2.687006


-16.363467	767b63300
10

Y 0.000000 0.000000 0.000000
Y 2.687006 2.687006 0.000000
D 5.374012 5.374012 0.000000
P 5.374012 8.061017 -2.687006
E 5.374012 10.748023 -5.374012
T 2.687006 8.061017 -5.374012
G 0.000000 8.061017 -2.687006
T 2.687006 5.374012 -2.687006
W 0.000000 2.687006 -2.687006
Y 2.687006 0.000000 -2.687006


-16.363467	767a91200
10

Y 0.000000 0.000000 0.000000
Y 2.687006 2.687006 0.000000
D 5.374012 5.374012 0.000000
P 5.374012 8.061017 2.687006
E 2.687006 10.748023 2.687006
T 2.687006 8.061017 5.374012
G 0.000000 8.061017 2.687006
T 2.687006 5.374012 2.687006
W 0.000000 2.687006 2.687006
Y 2.687006 0.000000 2.687006


-16.363467	767a62200
10

Y 0.000000 0.000000 0.000000
Y 2.687006 2.687006 0.000000
D 5.374012 5.374012 0.000000
P 5.374012 8.061017 2.687006
E 5.374012 10.748023 5.374012
T 2.687006 8.061017 5.374012
G 0.000000 8.061017 2.687006
T 2.687006 5.374012 2.687006
W 0.000000 2.687006 2.687006
Y 2.687006 0.000000 2.687006


-16.363467	766314900
10

Y 0.000000 0.000000 0.000000
Y 2.687006 2.687006 0.000000
D 5.374012 5.374012 0.000000
P 5.374012 2.687006 2.687006
E 8.061017 2.687006 5.374012
T 5.374012 5.374012 5.374012
G 5.374012 8.061017 2.687006
T 2.687006 5.374012 2.687006
W 0.000000 2.687006 2.687006
Y 2.687006 0.000000 2.687006


-16.363467	766215800
10

Y 0.000000 0.000000 0.000000
Y 2.687006 2.687006 0.000000
D 5.374012 5.374012 0.000000
P 5.374012 2.687006 -2.687006
E 8.061017 2.687006 -5.374012
T 5.374012 5.374012 -5.374012
G 5.374012 8.061017 -2.687006
T 2.687006 5.374012 -2.687006
W 0.000000 2.687006 -2.687006
Y 2.687006 0.000000 -2.687006


-16.363467	76197a300
10

Y 0.000000 0.000000 0.000000
Y 2.687006 2.687006 0.000000
D 5.374012 5.374012 0.000000
P 5.374012 8.061017 -2.687006
E 2.687006 8.061017 -5.374012
T 5.374012 5.374012 -5.374012
G 5.374012 2.687006 -2.687006
T 2.687006 5.374012 -2.687006
W 0.000000 2.687006 -2.687006
Y 2.687006 0.000000 -2.687006


-16.363467	761965300
10

Y 0.000000 0.000000 0.000000
Y 2.687006 2.687006 0.000000
D 5.374012 5.374012 0.000000
P 5.374012 8.061017 -2.687006
E 8.061017 8.061017 -5.374012
T 5.374012 5.374012 -5.374012
G 5.374012 2.687006 -2.687006
T 2.687006 5.374012 -2.687006
W 0.000000 2.687006 -2.687006
Y 2.687006 0.000000 -2.687006


-16.363467	76187b200
10

Y 0.000000 0.000000 0.000000
Y 2.687006 2.687006 0.000000
D 5.374012 5.374012 0.000000
P 5.374012 8.061017 2.687006
E 2.687006 8.061017 5.374012
T 5.374012 5.374012 5.374012
G 5.374012 2.687006 2.687006
T 2.687006 5.374012 2.687006
W 0.000000 2.687006 2.687006
Y 2.687006 0.000000 2.687006


-16.363467	761864200
10

Y 0.000000 0.000000 0.000000
Y 2.687006 2.687006 0.000000
D 5.374012 5.374012 0.000000
P 5.374012 8.061017 2.687006
E 8.061017 8.061017 5.374012
T 5.374012 5.374012 5.374012
G 5.374012 2.687006 2.687006
T 2.687006 5.374012 2.687006
W 0.000000 2.687006 2.687006
Y 2.687006 0.000000 2.687006


-16.363467	1b2695800
10

Y 0.000000 0.000000 0.000000
Y 2.687006 2.687006 0.000000
D 5.374012 5.374012 0.000000
P 5.374012 2.687006 -2.687006
E 8.061017 2.687006 -5.374012
T 8.061017 0.000000 -2.687006
G 5.374012 -2.687006 -2.687006
T 5.374012 0.000000 0.000000
W 2.687006 0.000000 2.687006
Y 0.000000 2.687006 2.687006


-16.363467	1b2648800
10

Y 0.000000 0.000000 0.000000
Y 2.687006 2.687006 0.000000
D 5.374012 5.374012 0.000000
P 5.374012 2.687006 -2.687006
E 5.374012 0.000000 -5.374012
T 8.061017 0.000000 -2.687006
G 5.374012 -2.687006 -2.687006
T 5.374012 0.000000 0.000000
W 2.687006 0.000000 2.687006
Y 0.000000 2.687006 2.687006


-16.363467	1b2a97800
10

Y 0.000000 0.000000 0.000000
Y 2.687006 2.687006 0.000000
D 5.374012 5.374012 0.000000
P 5.374012 2.687006 -2.687006
E 8.061017 0.000000 -2.687006
T 8.061017 -2.687006 0.000000
G 5.374012 -2.687006 -2.687006
T 5.374012 0.000000 0.000000
W 2.687006 0.000000 2.687006
Y 0.000000 2.687006 2.687006


-16.363467	1b1468700
10

Y 0.000000 0.000000 0.000000
Y 2.687006 2.687006 0.000000
D 5.374012 5.374012 0.000000
P 8.061017 2.687006 0.000000
E 8.061017 0.000000 -2.687006
T 5.374012 -2.687006 -2.687006
G 8.061017 -2.687006 0.000000
T 5.374012 0.000000 0.000000
W 2.687006 0.000000 2.687006
Y 0.000000 2.687006 2.687006


-16.363467	1b19a7700
10

Y 0.000000 0.000000 0.000000
Y 2.687006 2.687006 0.000000
D 5.374012 5.374012 0.000000
P 8.061017 2.687006 0.000000
E 10.748023 0.000000 0.000000
T 8.061017 0.000000 -2.687006
G 8.061017 -2.687006 0.000000
T 5.374012 0.000000 0.000000
W 2.687006 0.000000 2.687006
Y 0.000000 2.687006 2.687006


-16.363467	1b1965700
10

Y 0.000000 0.000000 0.000000
Y 2.687006 2.687006 0.000000
D 5.374012 5.374012 0.000000
P 8.061017 2.687006 0.000000
E 10.748023 2.687006 -2.687006
T 8.061017 0.000000 -2.687006
G 8.061017 -2.687006 0.000000
T 5.374012 0.000000 0.000000
W 2.687006 0.000000 2.687006
Y 0.000000 2.687006 2.687006


-16.363467	1a3684900
10

Y 0.000000 0.000000 0.000000
Y 2.687006 2.687006 0.000000
D 5.374012 5.374012 0.000000
P 5.374012 2.687006 2.687006
E 8.061017 2.687006 5.374012
T 8.061017 0.000000 2.687006
G 5.374012 -2.687006 2.687006
T 5.374012 0.000000 0.000000
W 2.687006 0.000000 -2.687006
Y 0.000000 2.687006 -2.687006


-16.363467	1a3659900
10

Y 0.000000 0.000000 0.000000
Y 2.687006 2.687006 0.000000
D 5.374012 5.374012 0.000000
P 5.374012 2.687006 2.687006
E 5.374012 0.000000 5.374012
T 8.061017 0.000000 2.687006
G 5.374012 -2.687006 2.687006
T 5.374012 0.000000 0.000000
W 2.687006 0.000000 -2.687006
Y 0.000000 2.687006 -2.687006


-16.363467	1a3b87900
10

Y 0.000000 0.000000 0.000000
Y 2.687006 2.687006 0.000000
D 5.374012 5.374012 0.000000
P 5.374012 2.687006 2.687006
E 8.061017 0.000000 2.687006
T 8.061017 -2.687006 0.000000
G 5.374012 -2.687006 2.687006
T 5.374012 0.000000 0.000000
W 2.687006 0.000000 -2.687006
Y 0.000000 2.687006 -2.687006


-16.363467	1a1569700
10

Y 0.000000 0.000000 0.000000
Y 2.687006 2.687006 0.000000
D 5.374012 5.374012 0.000000
P 8.061017 2.687006 0.000000
E 8.061017 0.000000 2.687006
T 5.374012 -2.687006 2.687006
G 8.061017 -2.687006 0.000000
T 5.374012 0.000000 0.000000
W 2.687006 0.000000 -2.687006
Y 0.000000 2.687006 -2.687006


-16.363467	1a18b7700
10

Y 0.000000 0.000000 0.000000
Y 2.687006 2.687006 0.000000
D 5.374012 5.374012 0.000000
P 8.061017 2.687006 0.000000
E 10.748023 0.000000 0.000000
T 8.061017 0.000000 2.687006
G 8.061017 -2.687006 0.000000
T 5.374012 0.000000 0.000000
W 2.687006 0.000000 -2.687006
Y 0.000000 2.687006 -2.687006


-16.363467	1a18b7540
10

Y 0.000000 0.000000 0.000000
Y 2.687006 2.687006 0.000000
D 5.374012 2.687006 2.687006
P 8.061017 2.687006 0.000000
E 10.748023 0.000000 0.000000
T 8.061017 0.000000 2.687006
G 8.061017 -2.687006 0.000000
T 5.374012 0.000000 0.000000
W 2.687006 0.000000 -2.687006
Y 0.000000 2.687006 -2.687006


-16.363467	1a1864700
10

Y 0.000000 0.000000 0.000000
Y 2.687006 2.687006 0.000000
D 5.374012 5.374012 0.000000
P 8.061017 2.687006 0.000000
E 10.748023 2.687006 2.687006
T 8.061017 0.000000 2.687006
G 8.061017 -2.687006 0.000000
T 5.374012 0.000000 0.000000
W 2.687006 0.000000 -2.687006
Y 0.000000 2.687006 -2.687006


-16.363467	1ab365740
10

Y 0.000000 0.000000 0.000000
Y 2.687006 2.687006 0.000000
D 5.374012 2.687006 2.687006
P 8.061017 0.000000 2.687006
E 10.748023 0.000000 0.000000
T 8.061017 -2.687006 0.000000
G 8.061017 0.000000 -2.687006
T 5.374012 0.000000 0.000000
W 2.687006 0.000000 -2.687006
Y 0.000000 2.687006 -2.687006


-16.363467	1ab3a7740
10

Y 0.000000 0.000000 0.000000
Y 2.687006 2.687006 0.000000
D 5.374012 2.687006 2.687006
P 8.061017 0.000000 2.687006
E 10.748023 -2.687006 2.687006
T 8.061017 -2.687006 0.000000
G 8.061017 0.000000 -2.687006
T 5.374012 0.000000 0.000000
W 2.687006 0.000000 -2.687006
Y 0.000000 2.687006 -2.687006


-16.363467	1aa059640
10

Y 0.000000 0.000000 0.000000
Y 2.687006 2.687006 0.000000
D 5.374012 2.687006 2.687006
P 2.687006 0.000000 2.687006
E 2.687006 -2.687006 5.374012
T 5.374012 -2.687006 2.687006
G 8.061017 0.000000 2.687006
T 5.374012 0.000000 0.000000
W 2.687006 0.000000 -2.687006
Y 0.000000 2.687006 -2.687006


-16.363467	1a63a7440
10

Y 0.000000 0.000000 0.000000
Y 2.687006 2.687006 0.000000
D 5.374012 2.687006 2.687006
P 8.061017 2.687006 5.374012
E 10.748023 0.000000 5.374012
T 8.061017 0.000000 2.687006
G 8.061017 2.687006 0.000000
T 5.374012 0.000000 0.000000
W 2.687006 0.000000 -2.687006
Y 0.000000 2.687006 -2.687006


-16.363467	1a51b8740
10

Y 0.000000 0.000000 0.000000
Y 2.687006 2.687006 0.000000
D 5.374012 2.687006 2.687006
P 8.061017 0.000000 2.687006
E 8.061017 -2.687006 0.000000
T 5.374012 -2.687006 2.687006
G 2.687006 0.000000 2.687006
T 5.374012 0.000000 0.000000
W 2.687006 0.000000 -2.687006
Y 0.000000 2.687006 -2.687006


-16.363467	1a51a9740
10

Y 0.000000 0.000000 0.000000
Y 2.687006 2.687006 0.000000
D 5.374012 2.687006 2.687006
P 8.061017 0.000000 2.687006
E 8.061017 -2.687006 5.374012
T 5.374012 -2.687006 2.687006
G 2.687006 0.000000 2.687006
T 5.374012 0.000000 0.000000
W 2.687006 0.000000 -2.687006
Y 0.000000 2.687006 -2.687006


-16.363467	7bb815800
10

Y 0.000000 0.000000 0.000000
Y 2.687006 2.687006 0.000000
D 5.374012 5.374012 0.000000
P 5.374012 2.687006 -2.687006
E 8.061017 2.687006 -5.374012
T 5.374012 5.374012 -5.374012
G 5.374012 2.687006 -8.061017
T 2.687006 2.687006 -5.374012
W 0.000000 2.687006 -2.687006
Y 2.687006 0.000000 -2.687006


-16.363467	7ba97a300
10

Y 0.000000 0.000000 0.000000
Y 2.687006 2.687006 0.000000
D 5.374012 5.374012 0.000000
P 5.374012 8.061017 -2.687006
E 2.687006 8.061017 -5.374012
T 5.374012 5.374012 -5.374012
G 5.374012 2.687006 -2.687006
T 2.687006 2.687006 -5.374012
W 0.000000 2.687006 -2.687006
Y 2.687006 0.000000 -2.687006


-16.363467	7ba965300
10

Y 0.000000 0.000000 0.000000
Y 2.687006 2.687006 0.000000
D 5.374012 5.374012 0.000000
P 5.374012 8.061017 -2.687006
E 8.061017 8.061017 -5.374012
T 5.374012 5.374012 -5.374012
G 5.374012 2.687006 -2.687006
T 2.687006 2.687006 -5.374012
W 0.000000 2.687006 -2.687006
Y 2.687006 0.000000 -2.687006


-16.363467	7b9a73a00
10

Y 0.000000 0.000000 0.000000
Y 2.687006 2.687006 0.000000
D 5.374012 5.374012 0.000000
P 2.687006 5.374012 -2.687006
E 2.687006 8.061017 -5.374012
T 5.374012 5.374012 -5.374012
G 2.687006 5.374012 -8.061017
T 2.687006 2.687006 -5.374012
W 0.000000 2.687006 -2.687006
Y 2.687006 0.000000 -2.687006


-16.363467	7b8b18500
10

Y 0.000000 0.000000 0.000000
Y 2.687006 2.687006 0.000000
D 5.374012 5.374012 0.000000
P 8.061017 5.374012 -2.687006
E 8.061017 2.687006 -5.374012
T 5.374012 5.374012 -5.374012
G 2.687006 5.374012 -2.687006
T 2.687006 2.687006 -5.374012
W 0.000000 2.687006 -2.687006
Y 2.687006 0.000000 -2.687006


-16.363467	7b8b63500
10

Y 0.000000 0.000000 0.000000
Y 2.687006 2.687006 0.000000
D 5.374012 5.374012 0.000000
P 8.061017 5.374012 -2.687006
E 8.061017 8.061017 -5.374012
T 5.374012 5.374012 -5.374012
G 2.687006 5.374012 -2.687006
T 2.687006 2.687006 -5.374012
W 0.000000 2.687006 -2.687006
Y 2.687006 0.000000 -2.687006


-16.363467	7ab87b200
10

Y 0.000000 0.000000 0.000000
Y 2.687006 2.687006 0.000000
D 5.374012 5.374012 0.000000
P 5.374012 8.061017 2.687006
E 2.687006 8.061017 5.374012
T 5.374012 5.374012 5.374012
G 5.374012 2.687006 2.687006
T 2.687006 2.687006 5.374012
W 0.000000 2.687006 2.687006
Y 2.687006 0.000000 2.687006


-16.363467	7ab864200
10

Y 0.000000 0.000000 0.000000
Y 2.687006 2.687006 0.000000
D 5.374012 5.374012 0.000000
P 5.374012 8.061017 2.687006
E 8.061017 8.061017 5.374012
T 5.374012 5.374012 5.374012
G 5.374012 2.687006 2.687006
T 2.687006 2.687006 5.374012
W 0.000000 2.687006 2.687006
Y 2.687006 0.000000 2.687006


-16.363467	7aa914900
10

Y 0.000000 0.000000 0.000000
Y 2.687006 2.687006 0.000000
D 5.374012 5.374012 0.000000
P 5.374012 2.687006 2.687006
E 8.061017 2.687006 5.374012
T 5.374012 5.374012 5.374012
G 5.374012 2.687006 8.061017
T 2.687006 2.687006 5.374012
W 0.000000 2.687006 2.687006
Y 2.687006 0.000000 2.687006


-16.363467	7a9a19400
10

Y 0.000000 0.000000 0.000000
Y 2.687006 2.687006 0.000000
D 5.374012 5.374012 0.000000
P 8.061017 5.374012 2.687006
E 8.061017 2.687006 5.374012
T 5.374012 5.374012 5.374012
G 2.687006 5.374012 2.687006
T 2.687006 2.687006 5.374012
W 0.000000 2.687006 2.687006
Y 2.687006 0.000000 2.687006


-16.363467	7a9a62400
10

Y 0.000000 0.000000 0.000000
Y 2.687006 2.687006 0.000000
D 5.374012 5.374012 0.000000
P 8.061017 5.374012 2.687006
E 8.061017 8.061017 5.374012
T 5.374012 5.374012 5.374012
G 2.687006 5.374012 2.687006
T 2.687006 2.687006 5.374012
W 0.000000 2.687006 2.687006
Y 2.687006 0.000000 2.687006


-16.363467	7a8b72b00
10

Y 0.000000 0.000000 0.000000
Y 2.687006 2.687006 0.000000
D 5.374012 5.374012 0.000000
P 2.687006 5.374012 2.687006
E 2.687006 8.061017 5.374012
T 5.374012 5.374012 5.374012
G 2.687006 5.374012 8.061017
T 2.687006 2.687006 5.374012
W 0.000000 2.687006 2.687006
Y 2.687006 0.000000 2.687006


-16.363467	19b815800
10

Y 0.000000 0.000000 0.000000
Y 2.687006 2.687006 0.000000
D 5.374012 5.374012 0.000000
P 5.374012 2.687006 -2.687006
E 8.061017 2.687006 -5.374012
T 5.374012 5.374012 -5.374012
G 5.374012 2.687006 -8.061017
T 2.687006 2.687006 -5.374012
W 2.687006 0.000000 -2.687006
Y 0.000000 2.687006 -2.687006


-16.363467	19a97a300
10

Y 0.000000 0.000000 0.000000
Y 2.687006 2.687006 0.000000
D 5.374012 5.374012 0.000000
P 5.374012 8.061017 -2.687006
E 2.687006 8.061017 -5.374012
T 5.374012 5.374012 -5.374012
G 5.374012 2.687006 -2.687006
T 2.687006 2.687006 -5.374012
W 2.687006 0.000000 -2.687006
Y 0.000000 2.687006 -2.687006


-16.363467	19a965300
10

Y 0.000000 0.000000 0.000000
Y 2.687006 2.687006 0.000000
D 5.374012 5.374012 0.000000
P 5.374012 8.061017 -2.687006
E 8.061017 8.061017 -5.374012
T 5.374012 5.374012 -5.374012
G 5.374012 2.687006 -2.687006
T 2.687006 2.687006 -5.374012
W 2.687006 0.000000 -2.687006
Y 0.000000 2.687006 -2.687006


-16.363467	199a73a00
10

Y 0.000000 0.000000 0.000000
Y 2.687006 2.687006 0.000000
D 5.374012 5.374012 0.000000
P 2.687006 5.374012 -2.687006
E 2.687006 8.061017 -5.374012
T 5.374012 5.374012 -5.374012
G 2.687006 5.374012 -8.061017
T 2.687006 2.687006 -5.374012
W 2.687006 0.000000 -2.687006
Y 0.000000 2.687006 -2.687006


-16.363467	198b18500
10

Y 0.000000 0.000000 0.000000
Y 2.687006 2.687006 0.000000
D 5.374012 5.374012 0.000000
P 8.061017 5.374012 -2.687006
E 8.061017 2.687006 -5.374012
T 5.374012 5.374012 -5.374012
G 2.687006 5.374012 -2.687006
T 2.687006 2.687006 -5.374012
W 2.687006 0.000000 -2.687006
Y 0.000000 2.687006 -2.687006


-16.363467	198b63500
10

Y 0.000000 0.000000 0.000000
Y 2.687006 2.687006 0.000000
D 5.374012 5.374012 0.000000
P 8.061017 5.374012 -2.687006
E 8.061017 8.061017 -5.374012
T 5.374012 5.374012 -5.374012
G 2.687006 5.374012 -2.687006
T 2.687006 2.687006 -5.374012
W 2.687006 0.000000 -2.687006
Y 0.000000 2.687006 -2.687006


-16.363467	18b87b200
10

Y 0.000000 0.000000 0.000000
Y 2.687006 2.687006 0.000000
D 5.374012 5.374012 0.000000
P 5.374012 8.061017 2.687006
E 2.687006 8.061017 5.374012
T 5.374012 5.374012 5.374012
G 5.374012 2.687006 2.687006
T 2.687006 2.687006 5.374012
W 2.687006 0.000000 2.687006
Y 0.000000 2.687006 2.687006


-16.363467	18b864200
10

Y 0.000000 0.000000 0.000000
Y 2.687006 2.687006 0.000000
D 5.374012 5.374012 0.000000
P 5.374012 8.061017 2.687006
E 8.061017 8.061017 5.374012
T 5.374012 5.374012 5.374012
G 5.374012 2.687006 2.687006
T 2.687006 2.687006 5.374012
W 2.687006 0.000000 2.687006
Y 0.000000 2.687006 2.687006


-16.363467	18a914900
10

Y 0.000000 0.000000 0.000000
Y 2.687006 2.687006 0.000000
D 5.374012 5.374012 0.000000
P 5.374012 2.687006 2.687006
E 8.061017 2.687006 5.374012
T 5.374012 5.374012 5.374012
G 5.374012 2.687006 8.061017
T 2.687006 2.687006 5.374012
W 2.687006 0.000000 2.687006
Y 0.000000 2.687006 2.687006


-16.363467	189a19400
10

Y 0.000000 0.000000 0.000000
Y 2.687006 2.687006 0.000000
D 5.374012 5.374012 0.000000
P 8.061017 5.374012 2.687006
E 8.061017 2.687006 5.374012
T 5.374012 5.374012 5.374012
G 2.687006 5.374012 2.687006
T 2.687006 2.687006 5.374012
W 2.687006 0.000000 2.687006
Y 0.000000 2.687006 2.687006


-16.363467	189a62400
10

Y 0.000000 0.000000 0.000000
Y 2.687006 2.687006 0.000000
D 5.374012 5.374012 0.000000
P 8.061017 5.374012 2.687006
E 8.061017 8.061017 5.374012
T 5.374012 5.374012 5.374012
G 2.687006 5.374012 2.687006
T 2.687006 2.687006 5.374012
W 2.687006 0.000000 2.687006
Y 0.000000 2.687006 2.687006


-16.363467	188b72b00
10

Y 0.000000 0.000000 0.000000
Y 2.687006 2.687006 0.000000
D 5.374012 5.374012 0.000000
P 2.687006 5.374012 2.687006
E 2.687006 8.061017 5.374012
T 5.374012 5.374012 5.374012
G 2.687006 5.374012 8.061017
T 2.687006 2.687006 5.374012
W 2.687006 0.000000 2.687006
Y 0.000000 2.687006 2.687006


-16.342605	79ba73a00
10

Y 0.000000 0.000000 0.000000
Y 2.687006 2.687006 0.000000
D 5.374012 5.374012 0.000000
P 2.687006 5.374012 -2.687006
E 2.687006 8.061017 -5.374012
T 5.374012 5.374012 -5.374012
G 2.687006 5.374012 -8.061017
T 0.000000 5.374012 -5.374012
W 0.000000 2.687006 -2.687006
Y 2.687006 0.000000 -2.687006


-16.342605	79ab18500
10

Y 0.000000 0.000000 0.000000
Y 2.687006 2.687006 0.000000
D 5.374012 5.374012 0.000000
P 8.061017 5.374012 -2.687006
E 8.061017 2.687006 -5.374012
T 5.374012 5.374012 -5.374012
G 2.687006 5.374012 -2.687006
T 0.000000 5.374012 -5.374012
W 0.000000 2.687006 -2.687006
Y 2.687006 0.000000 -2.687006


-16.342605	79ab63500
10

Y 0.000000 0.000000 0.000000
Y 2.687006 2.687006 0.000000
D 5.374012 5.374012 0.000000
P 8.061017 5.374012 -2.687006
E 8.061017 8.061017 -5.374012
T 5.374012 5.374012 -5.374012
G 2.687006 5.374012 -2.687006
T 0.000000 5.374012 -5.374012
W 0.000000 2.687006 -2.687006
Y 2.687006 0.000000 -2.687006


-16.342605	79891a300
10

Y 0.000000 0.000000 0.000000
Y 2.687006 2.687006 0.000000
D 5.374012 5.374012 0.000000
P 5.374012 8.061017 -2.687006
E 2.687006 8.061017 -5.374012
T 0.000000 10.748023 -5.374012
G 0.000000 8.061017 -2.687006
T 0.000000 5.374012 -5.374012
W 0.000000 2.687006 -2.687006
Y 2.687006 0.000000 -2.687006


-16.342605	7989a1300
10

Y 0.000000 0.000000 0.000000
Y 2.687006 2.687006 0.000000
D 5.374012 5.374012 0.000000
P 5.374012 8.061017 -2.687006
E 2.687006 10.748023 -2.687006
T 0.000000 10.748023 -5.374012
G 0.000000 8.061017 -2.687006
T 0.000000 5.374012 -5.374012
W 0.000000 2.687006 -2.687006
Y 2.687006 0.000000 -2.687006


-16.342605	7967a3100
10

Y 0.000000 0.000000 0.000000
Y 2.687006 2.687006 0.000000
D 5.374012 5.374012 0.000000
P 2.687006 8.061017 0.000000
E 2.687006 10.748023 -2.687006
T 0.000000 10.748023 -5.374012
G 2.687006 8.061017 -5.374012
T 0.000000 5.374012 -5.374012
W 0.000000 2.687006 -2.687006
Y 2.687006 0.000000 -2.687006


-16.342605	78ba19400
10

Y 0.000000 0.000000 0.000000
Y 2.687006 2.687006 0.000000
D 5.374012 5.374012 0.000000
P 8.061017 5.374012 2.687006
E 8.061017 2.687006 5.374012
T 5.374012 5.374012 5.374012
G 2.687006 5.374012 2.687006
T 0.000000 5.374012 5.374012
W 0.000000 2.687006 2.687006
Y 2.687006 0.000000 2.687006


-16.342605	78ba62400
10

Y 0.000000 0.000000 0.000000
Y 2.687006 2.687006 0.000000
D 5.374012 5.374012 0.000000
P 8.061017 5.374012 2.687006
E 8.061017 8.061017 5.374012
T 5.374012 5.374012 5.374012
G 2.687006 5.374012 2.687006
T 0.000000 5.374012 5.374012
W 0.000000 2.687006 2.687006
Y 2.687006 0.000000 2.687006


-16.342605	78ab72b00
10

Y 0.000000 0.000000 0.000000
Y 2.687006 2.687006 0.000000
D 5.374012 5.374012 0.000000
P 2.687006 5.374012 2.687006
E 2.687006 8.061017 5.374012
T 5.374012 5.374012 5.374012
G 2.687006 5.374012 8.061017
T 0.000000 5.374012 5.374012
W 0.000000 2.687006 2.687006
Y 2.687006 0.000000 2.687006


-16.342605	78981b200
10

Y 0.000000 0.000000 0.000000
Y 2.687006 2.687006 0.000000
D 5.374012 5.374012 0.000000
P 5.374012 8.061017 2.687006
E 2.687006 8.061017 5.374012
T 0.000000 10.748023 5.374012
G 0.000000 8.061017 2.687006
T 0.000000 5.374012 5.374012
W 0.000000 2.687006 2.687006
Y 2.687006 0.000000 2.687006


-16.342605	7898b1200
10

Y 0.000000 0.000000 0.000000
Y 2.687006 2.687006 0.000000
D 5.374012 5.374012 0.000000
P 5.374012 8.061017 2.687006
E 2.687006 10.748023 2.687006
T 0.000000 10.748023 5.374012
G 0.000000 8.061017 2.687006
T 0.000000 5.374012 5.374012
W 0.000000 2.687006 2.687006
Y 2.687006 0.000000 2.687006


-16.342605	7867b2100
10

Y 0.000000 0.000000 0.000000
Y 2.687006 2.687006 0.000000
D 5.374012 5.374012 0.000000
P 2.687006 8.061017 0.000000
E 2.687006 10.748023 2.687006
T 0.000000 10.748023 5.374012
G 2.687006 8.061017 5.374012
T 0.000000 5.374012 5.374012
W 0.000000 2.687006 2.687006
Y 2.687006 0.000000 2.687006


-16.342605	116158740
10

Y 0.000000 0.000000 0.000000
Y 2.687006 2.687006 0.000000
D 5.374012 2.687006 2.687006
P 8.061017 0.000000 2.687006
E 8.061017 -2.687006 0.000000
T 10.748023 -2.687006 -2.687006
G 8.061017 0.000000 -2.687006
T 5.374012 -2.687006 -2.687006
W 2.687006 0.000000 -2.687006
Y 0.000000 2.687006 -2.687006


-16.342605	116185740
10

Y 0.000000 0.000000 0.000000
Y 2.687006 2.687006 0.000000
D 5.374012 2.687006 2.687006
P 8.061017 0.000000 2.687006
E 10.748023 0.000000 0.000000
T 10.748023 -2.687006 -2.687006
G 8.061017 0.000000 -2.687006
T 5.374012 -2.687006 -2.687006
W 2.687006 0.000000 -2.687006
Y 0.000000 2.687006 -2.687006


-16.342605	77926a100
10

Y 0.000000 0.000000 0.000000
Y 2.687006 2.687006 0.000000
D 5.374012 5.374012 0.000000
P 2.687006 8.061017 0.000000
E 0.000000 8.061017 -2.687006
T -2.687006 5.374012 -2.687006
G -2.687006 8.061017 0.000000
T -2.687006 5.374012 2.687006
W 0.000000 2.687006 2.687006
Y 2.687006 0.000000 2.687006


-16.342605	1138b7840
10

Y 0.000000 0.000000 0.000000
Y 2.687006 2.687006 0.000000
D 5.374012 2.687006 2.687006
P 5.374012 0.000000 0.000000
E 8.061017 -2.687006 0.000000
T 5.374012 -2.687006 2.687006
G 5.374012 -5.374012 0.000000
T 5.374012 -2.687006 -2.687006
W 2.687006 0.000000 -2.687006
Y 0.000000 2.687006 -2.687006


-16.342605	7798b1100
10

Y 0.000000 0.000000 0.000000
Y 2.687006 2.687006 0.000000
D 5.374012 5.374012 0.000000
P 2.687006 8.061017 0.000000
E 0.000000 10.748023 0.000000
T -2.687006 10.748023 2.687006
G -2.687006 8.061017 0.000000
T -2.687006 5.374012 2.687006
W 0.000000 2.687006 2.687006
Y 2.687006 0.000000 2.687006


-16.342605	7789a1100
10

Y 0.000000 0.000000 0.000000
Y 2.687006 2.687006 0.000000
D 5.374012 5.374012 0.000000
P 2.687006 8.061017 0.000000
E 0.000000 10.748023 0.000000
T -2.687006 10.748023 -2.687006
G -2.687006 8.061017 0.000000
T -2.687006 5.374012 -2.687006
W 0.000000 2.687006 -2.687006
Y 2.687006 0.000000 -2.687006


-16.342605	77836b100
10

Y 0.000000 0.000000 0.000000
Y 2.687006 2.687006 0.000000
D 5.374012 5.374012 0.000000
P 2.687006 8.061017 0.000000
E 0.000000 8.061017 2.687006
T -2.687006 5.374012 2.687006
G -2.687006 8.061017 0.000000
T -2.687006 5.374012 -2.687006
W 0.000000 2.687006 -2.687006
Y 2.687006 0.000000 -2.687006


