1 0 2.3984907402241005
1 1 2.363182558504592
1 2 2.333850591709349
1 3 2.3107315191244204
1 4 2.294019642992518
1 5 2.2838606311077685
1 6 2.2732467210404557
1 7 2.2646005684171975
1 8 2.257737387623094
1 9 2.257478716526238
1 10 2.264193544764201
1 11 2.2778179706425914
1 12 2.2982250491383627
1 13 2.325229883993373
1 14 2.358598346639765
1 15 2.398054923311932
1 16 2.432373906585662
1 17 2.4537473116489656
1 18 2.4722806906721897
1 19 2.487143117174394
1 20 2.50672475284221
1 21 2.532113393336458
1 22 2.548695967752115
1 23 2.567922407001943
1 24 2.589290109552301
1 25 2.5964260502548484
1 26 2.592053767540958
1 27 2.592289376750985
1 28 2.596571536034702
1 29 2.5967065311571687
1 30 2.6025612270119587
1 31 2.6140950588570866
1 32 2.631230083045033
1 33 2.6520891048578417
1 34 2.655990512048779
1 35 2.6601403348369934
1 36 2.647325518589072
1 37 2.6336424480969565
1 38 2.6255360976108664
1 39 2.6230599780970976
1 40 2.6198155684244164
1 41 2.6201379297751637
1 42 2.626228269917589
1 43 2.6280626601509334
1 44 2.61883032640418
1 45 2.6107587903277474
1 46 2.6062276875537496
1 47 2.6032647767743513
1 48 2.606243877825279
1 49 2.6151440605197442
1 50 2.617720780564811
1 51 2.607163452117001
1 52 2.6016386600423544
1 53 2.595120482668795
1 54 2.5730633319778256
1 55 2.5554416002041895
1 56 2.5437941332353904
1 57 2.538207431167273
1 58 2.5387228629663388
1 59 2.5453371517145067
1 60 2.555655338857587
1 61 2.555493679654498
1 62 2.561628282669716
1 63 2.574011761679626
1 64 2.592551465451267
1 65 2.6008928360716137
1 66 2.591653831950439
1 67 2.5797507425026573
1 68 2.5733944507239452
1 69 2.573345107684147
1 70 2.5794159373261754
1 71 2.589404924946982
1 72 2.5914128747173857
1 73 2.589069797466207
1 74 2.577895496817045
1 75 2.5712071437979245
1 76 2.5605847228050633
1 77 2.5442702167713014
1 78 2.534279807752401
1 79 2.5263625485330685
1 80 2.5123566336143424
1 81 2.504787007622052
1 82 2.5031464654387623
1 83 2.4970705986718817
1 84 2.4918967518391533
1 85 2.488910850129839
1 86 2.4892415413100837
1 87 2.487278070660118
1 88 2.489777264430382
1 89 2.4952524099529074
1 90 2.5070412834922164
1 91 2.51275201111581
1 92 2.507947832118442
1 93 2.5069272442007313
1 94 2.5102913643446456
1 95 2.5153265826803786
1 96 2.523589187643045
1 97 2.535944616155794
1 98 2.549925330091713
1 99 2.565129373928434
1 100 2.586347436394375
1 101 2.613614099090198
1 102 2.6467342657118857
1 103 2.6740483110825304
1 104 2.689333811179261
1 105 2.7003440870833617
1 106 2.7096761596811247
1 107 2.7247935398157352
1 108 2.741306879084083
1 109 2.743156948261188
1 110 2.7458056632296133
1 111 2.725321558214284
1 112 2.706597110684485
1 113 2.681316713114613
1 114 2.6530240478817553
1 115 2.6177513173099687
1 116 2.5800450967987487
1 117 2.537490154132517
1 118 2.485963855114219
1 119 2.439537811674547
1 120 2.398522969076229
1 121 2.3632134621204237
1 122 2.33387920494686
1 123 2.310758101615105
1 124 2.294043870006081
1 125 2.2838830194728814
1 126 2.2732443816923182
1 127 2.2645958776705357
1 128 2.2577164845235043
1 129 2.2574551932796187
1 130 2.264166965581085
1 131 2.2777891756979964
1 132 2.2981931689616704
1 133 2.3251962497327052
1 134 2.3585626534052913
1 135 2.398017119045976
1 136 2.4323498710503175
1 137 2.453720005741247
1 138 2.4722507808123733
1 139 2.4871204774952758
1 140 2.506699161234677
1 141 2.532084377216022
1 142 2.5486814450673494
1 143 2.567904541322591
1 144 2.5892836012146208
1 145 2.596416335912852
1 146 2.592051625893603
1 147 2.5922839090872394
1 148 2.596578536065136
1 149 2.596710369276696
1 150 2.6025614383930114
1 151 2.614090970594241
1 152 2.6312229085888905
1 153 2.6520896832491627
1 154 2.655992955314081
1 155 2.6601622165841383
1 156 2.6473330169937745
1 157 2.6336465884464815
1 158 2.625536753187826
1 159 2.623057060428361
1 160 2.6198202661780043
1 161 2.620139227406443
1 162 2.626226565318109
1 163 2.628087909214856
1 164 2.6188645442212217
1 165 2.610788576241598
1 166 2.6062599695778563
1 167 2.603292693629125
1 168 2.6062679353205054
1 169 2.6151642320999278
1 170 2.6177258399303827
1 171 2.6071641657062217
1 172 2.601636310062024
1 173 2.5951257062317232
1 174 2.573074139468838
1 175 2.5554485314224733
1 176 2.5437976694704703
1 177 2.538207203645657
1 178 2.538719394409761
1 179 2.54532972532917
1 180 2.555655967596309
1 181 2.5554897836537633
1 182 2.5616198244874675
1 183 2.573999806111654
1 184 2.592535270925291
1 185 2.6009073306071198
1 186 2.591664099434276
1 187 2.5797721858548566
1 188 2.5734115389762238
1 189 2.5733575366267316
1 190 2.579403809855937
1 191 2.589390448186903
1 192 2.5914175446653043
1 193 2.589070092022927
1 194 2.577909671029214
1 195 2.5712304324513418
1 196 2.5606149842945043
1 197 2.5442963669207517
1 198 2.5343023178636206
1 199 2.5263929512247674
1 200 2.5123823146989226
1 201 2.5048087707445617
1 202 2.5031672202397655
1 203 2.4970873092799017
1 204 2.49191052136679
1 205 2.488920499161611
1 206 2.489257753146545
1 207 2.487289869037172
1 208 2.4897819051462275
1 209 2.4952532044114997
1 210 2.5070380959032046
1 211 2.5127446622316008
1 212 2.5079469125718985
1 213 2.5069220589308823
1 214 2.5103009999347066
1 215 2.515340197668593
1 216 2.5235977784188885
1 217 2.535943713434992
1 218 2.549920034031331
1 219 2.5651349673056574
1 220 2.5863483750775007
1 221 2.6136109922604227
1 222 2.646727210418554
1 223 2.6740696192487508
1 224 2.6893511800581775
1 225 2.700356124529078
1 226 2.7096842827188343
1 227 2.724797881190153
1 228 2.741316980391717
1 229 2.7431622491827845
1 230 2.74583388262069
1 231 2.725347128962619
1 232 2.706619592422343
1 233 2.6813474504380754
1 234 2.6530516016545542
1 235 2.617774022007905
1 236 2.5800619409790455
1 237 2.5375194554009957
1 238 2.4859901214919033
1 239 2.439560892339701
1 240 2.398542826187068
1 241 2.3632300592092514
1 242 2.33389263621097
1 243 2.310767588699756
1 244 2.294049613252631
1 245 2.283885016825588
1 246 2.2732371978509645
1 247 2.2645854818826625
1 248 2.2577172069318867
1 249 2.257452544519362
1 250 2.264161751898444
1 251 2.277780638764522
1 252 2.2981825315107662
1 253 2.3251827178663347
1 254 2.3585463847014547
1 255 2.397998352180494
1 256 2.4323289226483924
1 257 2.4537067888758717
1 258 2.4722356427113423
1 259 2.487121492083877
1 260 2.506698098316995
1 261 2.5320815457552337
1 262 2.5486780612216986
1 263 2.5679000236695355
1 264 2.5892815791137935
1 265 2.5964128071237234
1 266 2.592047530721506
1 267 2.5922785791075404
1 268 2.596576910854424
1 269 2.5967068693201347
1 270 2.6025565931526846
1 271 2.61408608136978
1 272 2.6312167698603153
1 273 2.6520857360767454
1 274 2.6560001392140773
1 275 2.660155343537635
1 276 2.6473149761540777
1 277 2.633627586480721
1 278 2.6255168701793012
1 279 2.6230373120786012
1 280 2.619801646018476
1 281 2.6201206613928267
1 282 2.626207861214705
1 283 2.6280686671879434
1 284 2.618846916362463
1 285 2.610771012020899
1 286 2.6062619133112035
1 287 2.603295151835646
1 288 2.6062706083333587
1 289 2.6151674646754306
1 290 2.6177229107174944
1 291 2.607162192747348
1 292 2.60162070123544
1 293 2.595110906221576
1 294 2.5730760787636577
1 295 2.5554508271667995
1 296 2.5438008752043815
1 297 2.538211452244245
1 298 2.5387244106307554
1 299 2.5453363525241124
1 300 2.555666618398545
1 301 2.5555024042483985
1 302 2.5616342407266193
1 303 2.5740153348883728
1 304 2.5925523748549266
1 305 2.600929866771576
1 306 2.5916888624241805
1 307 2.5797997229583087
1 308 2.5734411318814323
1 309 2.573390038427939
1 310 2.579434640402315
1 311 2.5894390717031843
1 312 2.591449767232833
1 313 2.5891047409825445
1 314 2.577931341717773
1 315 2.5712582385809712
1 316 2.5606270848309114
1 317 2.5443115235861686
1 318 2.534319806619525
1 319 2.526399454730197
1 320 2.5123922326909987
1 321 2.504820957616647
1 322 2.5031662094799967
1 323 2.4970897973468764
1 324 2.491901655589389
1 325 2.488915167745451
1 326 2.4892569546906715
1 327 2.4872928152622538
1 328 2.48977134286157
1 329 2.495246502219683
1 330 2.5070353178018365
1 331 2.5127298374867735
1 332 2.507934134597323
1 333 2.5069134737270042
1 334 2.5103014413094487
1 335 2.5153611975250327
1 336 2.52362296140834
1 337 2.5359660808955575
1 338 2.549946728644893
1 339 2.5651703260497323
1 340 2.586387685352586
1 341 2.6136541980769827
1 342 2.646774557096545
1 343 2.674086638041093
1 344 2.68937173262733
1 345 2.7003683286116087
1 346 2.7097006256589102
1 347 2.7248183622230755
1 348 2.7413331690915377
1 349 2.7431830880766954
1 350 2.74584068965874
1 351 2.725343899893569
1 352 2.7066201456087065
1 353 2.681331277402588
1 354 2.6530395019608024
1 355 2.6177549553893766
1 356 2.5800273251518093
1 357 2.5374722179508975
1 358 2.4859466972709328
1 359 2.4395219328850417
2 0 2.6360749616800345
2 1 2.663222983630582
2 2 2.6864964736176984
2 3 2.699053995218516
2 4 2.7105092017543106
2 5 2.729980938491709
2 6 2.7572941934478727
2 7 2.779315803573068
2 8 2.8010280678628026
2 9 2.806201459173514
2 10 2.772120023349079
2 11 2.7294887202602576
2 12 2.685337180402175
2 13 2.6295679971321575
2 14 2.573570381109091
2 15 2.5158200221918134
2 16 2.4455786554798147
2 17 2.3825764705864283
2 18 2.3274210283339576
2 19 2.280699814224979
2 20 2.2429541938680706
2 21 2.2146547296842294
2 22 2.19617534670455
2 23 2.181016856246742
2 24 2.15490086576674
2 25 2.133400623849656
2 26 2.121872363950243
2 27 2.1204816692402466
2 28 2.1292489026992225
2 29 2.1386628572454387
2 30 2.154882338984639
2 31 2.1781203620973386
2 32 2.2080460056277684
2 33 2.2472914897036156
2 34 2.291779225623804
2 35 2.340806390053126
2 36 2.397925851100194
2 37 2.4625575985812502
2 38 2.531958931030506
2 39 2.597504932496826
2 40 2.6521322397485005
2 41 2.6949995754073117
2 42 2.707404517368854
2 43 2.696407104842097
2 44 2.6873336833069437
2 45 2.6632131831796455
2 46 2.645266972838646
2 47 2.6355864633011397
2 48 2.6251889309561127
2 49 2.6122905669942726
2 50 2.6079345491072177
2 51 2.6061807312623753
2 52 2.5984127408502116
2 53 2.5944423121328253
2 54 2.590503053329969
2 55 2.587124204134504
2 56 2.5859094823164934
2 57 2.5903894073058975
2 58 2.6031340847600997
2 59 2.615118325250675
2 60 2.6322137191482216
2 61 2.637584386715999
2 62 2.6153752231536878
2 63 2.574597535404451
2 64 2.5418519213288944
2 65 2.5174622905818826
2 66 2.501680149839739
2 67 2.4929826171297926
2 68 2.484675614557428
2 69 2.4792482935712683
2 70 2.460402116739854
2 71 2.4331799469828033
2 72 2.4051492374591374
2 73 2.386457224955817
2 74 2.377330072973568
2 75 2.3768338836212184
2 76 2.376102502481603
2 77 2.364887869695507
2 78 2.363677535997212
2 79 2.372487249599268
2 80 2.3912032862536714
2 81 2.419590392566449
2 82 2.457305012108038
2 83 2.4980111670145972
2 84 2.5152929568503666
2 85 2.510110303684686
2 86 2.50791551257572
2 87 2.514513035622239
2 88 2.527491203216797
2 89 2.531578043135668
2 90 2.5439779305450543
2 91 2.5645668349277337
2 92 2.56244251803572
2 93 2.5576135658243304
2 94 2.5545078592580843
2 95 2.5521232378185394
2 96 2.5414057784906046
2 97 2.539247534791233
2 98 2.5456711827545533
2 99 2.5606093231789555
2 100 2.5839107106465056
2 101 2.611334683609937
2 102 2.626579763401962
2 103 2.629938926915769
2 104 2.627340015628875
2 105 2.633361855898212
2 106 2.6383945350203555
2 107 2.634754557058502
2 108 2.625681559213367
2 109 2.6042075739362947
2 110 2.591206418258994
2 111 2.578550384528472
2 112 2.5602608310458486
2 113 2.539977627261917
2 114 2.528173900761188
2 115 2.5249725470557225
2 116 2.530407340177897
2 117 2.544420650273073
2 118 2.5668683192298447
2 119 2.597524540339284
2 120 2.6360942548602515
2 121 2.6632292568007703
2 122 2.6865063673161904
2 123 2.699050913266809
2 124 2.710505078857111
2 125 2.7299766377515846
2 126 2.7572893377580576
2 127 2.7793104101344763
2 128 2.8010174458592045
2 129 2.806212100810284
2 130 2.7721154473241865
2 131 2.7294935557229785
2 132 2.685341442507785
2 133 2.629574848498616
2 134 2.573576174636184
2 135 2.515827061650578
2 136 2.4455846761867166
2 137 2.382581477277824
2 138 2.3274250660849556
2 139 2.2807018069897707
2 140 2.2429540056366064
2 141 2.2146527167113863
2 142 2.1961716874908723
2 143 2.181012214277437
2 144 2.1549130389730675
2 145 2.133410690795489
2 146 2.1218798183390515
2 147 2.1204865487998688
2 148 2.1292514559322724
2 149 2.1386613262741676
2 150 2.1548784883579075
2 151 2.1781127128299125
2 152 2.208036433487055
2 153 2.247279345813956
2 154 2.2917763983921895
2 155 2.34080028929854
2 156 2.397916877045728
2 157 2.462546778300175
2 158 2.531940751273918
2 159 2.597484826897005
2 160 2.6521158942952257
2 161 2.694983474669302
2 162 2.707403268890872
2 163 2.696413733289628
2 164 2.687340571598273
2 165 2.6632286976664705
2 166 2.6452795243071554
2 167 2.6355961492329167
2 168 2.625206412264549
2 169 2.6123050824802108
2 170 2.6079457095161356
2 171 2.6062031585183756
2 172 2.5984432562214135
2 173 2.594469658991614
2 174 2.590542165375575
2 175 2.587159950864303
2 176 2.5859512217450433
2 177 2.590427802098035
2 178 2.6031689624544314
2 179 2.615152578089324
2 180 2.6322451709813453
2 181 2.637613891215158
2 182 2.615417387108945
2 183 2.5746367689620455
2 184 2.5418884663593904
2 185 2.5174954638448264
2 186 2.5017095294656917
2 187 2.493001410294153
2 188 2.484693336724698
2 189 2.479262890697636
2 190 2.460421889071187
2 191 2.4332086416043053
2 192 2.405174086469171
2 193 2.3864781021353814
2 194 2.377346144557684
2 195 2.3768557940361
2 196 2.37612738552144
2 197 2.3649089887061545
2 198 2.363694530023254
2 199 2.372499625430561
2 200 2.3912119848364446
2 201 2.4195946791302547
2 202 2.457304833141654
2 203 2.4980179842090475
2 204 2.515316643370164
2 205 2.5101341519197895
2 206 2.5079348613781813
2 207 2.5145278698499425
2 208 2.527511715745579
2 209 2.531594225104058
2 210 2.5439903030348647
2 211 2.564574938733876
2 212 2.562486755956421
2 213 2.557653638767147
2 214 2.554537994289139
2 215 2.552161961301309
2 216 2.5414404802558686
2 217 2.5392778039014203
2 218 2.545697176785883
2 219 2.560631320704841
2 220 2.5839288593354564
2 221 2.611333075922413
2 222 2.6265811878811514
2 223 2.6299373898492115
2 224 2.6273349375825927
2 225 2.633352915062739
2 226 2.6383925340813987
2 227 2.634751483060374
2 228 2.6257023104371457
2 229 2.6042243056099967
2 230 2.5912193186385712
2 231 2.5785734560265023
2 232 2.5602906601824276
2 233 2.540003957570973
2 234 2.5281964442140175
2 235 2.524991136231237
2 236 2.530421659154121
2 237 2.5444307154768495
2 238 2.56687403536034
2 239 2.597526354646702
2 240 2.636092048269808
2 241 2.6632327319774545
2 242 2.686520545659821
2 243 2.6990722309356374
2 244 2.7105224861567114
2 245 2.729989838485567
2 246 2.7572987054763924
2 247 2.7793417159524547
2 248 2.8010417442423567
2 249 2.806235901588808
2 250 2.7721405042770955
2 251 2.729516989190162
2 252 2.6853608422999558
2 253 2.629603973243299
2 254 2.5736021019830084
2 255 2.5158661175022434
2 256 2.4456209052864106
2 257 2.382614358594159
2 258 2.3274543715923217
2 259 2.280727819464256
2 260 2.242976751646444
2 261 2.214671511740382
2 262 2.1961863203367202
2 263 2.1810353378553393
2 264 2.154937216912648
2 265 2.133430667580376
2 266 2.1218960332527037
2 267 2.120498598687062
2 268 2.129259280562792
2 269 2.1386577338977357
2 270 2.154870529547515
2 271 2.17812038142558
2 272 2.208040453240264
2 273 2.2472796732700413
2 274 2.29179136928215
2 275 2.3408119230490776
2 276 2.397925268050099
2 277 2.4625514515825744
2 278 2.5319403658582282
2 279 2.5974818975047715
2 280 2.6521446166795077
2 281 2.6950179655675783
2 282 2.7074548943991656
2 283 2.6964668156154534
2 284 2.6874092868240678
2 285 2.6632939469787105
2 286 2.645342943898417
2 287 2.6356579052772324
2 288 2.6252679221688835
2 289 2.6123646696756357
2 290 2.608003386091211
2 291 2.6062444104337623
2 292 2.5984691876659576
2 293 2.594493592440608
2 294 2.5905482342423385
2 295 2.5871643159513047
2 296 2.585935557730895
2 297 2.59041092995546
2 298 2.6031507245069005
2 299 2.6151148660937453
2 300 2.6322062547707414
2 301 2.637586930000661
2 302 2.615424915194468
2 303 2.574643287164263
2 304 2.541893687180149
2 305 2.5174998497446417
2 306 2.501713519665668
2 307 2.493000370347747
2 308 2.48471343459615
2 309 2.479282164271386
2 310 2.460444549023725
2 311 2.433212489946035
2 312 2.4051774852428887
2 313 2.3864807643018313
2 314 2.377348873912157
2 315 2.3768752214580906
2 316 2.3761477386532803
2 317 2.364929204943777
2 318 2.363715315608856
2 319 2.372521367737632
2 320 2.3912334537643787
2 321 2.4196165259859694
2 322 2.457327357498524
2 323 2.4980450253538344
2 324 2.5153110197709836
2 325 2.5101415752331757
2 326 2.507944243307603
2 327 2.514538693324006
2 328 2.527506854577192
2 329 2.531590815369104
2 330 2.5439880482920225
2 331 2.5645741784823515
2 332 2.562505455373086
2 333 2.5576746722350947
2 334 2.5545409615683505
2 335 2.552170388021416
2 336 2.5414508376828207
2 337 2.5392904520226858
2 338 2.5457120327064535
2 339 2.5606481173803504
2 340 2.5839478192143646
2 341 2.6113552448781254
2 342 2.626590367159493
2 343 2.6299649455995544
2 344 2.6273648902183124
2 345 2.633385652086926
2 346 2.6384107879549474
2 347 2.6347830303875104
2 348 2.6257051175062203
2 349 2.6042302364133056
2 350 2.591228335156899
2 351 2.5785722677641068
2 352 2.5602779855962052
2 353 2.53999425430995
2 354 2.5281905766587487
2 355 2.5249886951250655
2 356 2.5304224653804304
2 357 2.5444354918481458
2 358 2.566882934939763
2 359 2.5975390461126935
3 0 2.686347555603522
3 1 2.677950514661332
3 2 2.6734089079915018
3 3 2.653578416060459
3 4 2.6380483420998333
3 5 2.6177865099792474
3 6 2.604672611069725
3 7 2.598818844827083
3 8 2.6002755295508257
3 9 2.6019795172855624
3 10 2.6054008022876327
3 11 2.61032519288484
3 12 2.6106654837923955
3 13 2.609471910645764
3 14 2.6148478297071964
3 15 2.6267518847523528
3 16 2.6445566173690267
3 17 2.6648080158914427
3 18 2.682737152809185
3 19 2.6981110898248195
3 20 2.7179912729049227
3 21 2.7391488771804124
3 22 2.7497366484249164
3 23 2.7512275320305677
3 24 2.7217759914246327
3 25 2.688570085571072
3 26 2.6601826596934908
3 27 2.6387524373065654
3 28 2.6244569773270947
3 29 2.617417188197199
3 30 2.6176936596423115
3 31 2.623332446932827
3 32 2.6297656973246952
3 33 2.643299970932408
3 34 2.6511801657170215
3 35 2.656024657682886
3 36 2.6465605259330713
3 37 2.6387950476341304
3 38 2.6378530209356668
3 39 2.643741575979558
3 40 2.6564144951569997
3 41 2.6595846547973605
3 42 2.6518543005384805
3 43 2.643558969762094
3 44 2.625455688699921
3 45 2.6104369688885445
3 46 2.592864659859091
3 47 2.5795631994748636
3 48 2.5726540338106907
3 49 2.5721901974766634
3 50 2.5781751559352126
3 51 2.5905625484848915
3 52 2.6092573353659962
3 53 2.6341197706089443
3 54 2.664969817573032
3 55 2.7015932442985244
3 56 2.7437481888012547
3 57 2.7887248606163744
3 58 2.8354272408402252
3 59 2.8729017975101554
3 60 2.8877051500438666
3 61 2.882005003136103
3 62 2.8760681817847327
3 63 2.8453990603058825
3 64 2.8096106679599724
3 65 2.780615766574414
3 66 2.7586375584249567
3 67 2.7438011695529387
3 68 2.725757312878714
3 69 2.686572511052508
3 70 2.6544856495340605
3 71 2.623969536335994
3 72 2.5915019417302823
3 73 2.5570260955201665
3 74 2.5236395647193133
3 75 2.4973318812457266
3 76 2.4726828012203907
3 77 2.453896087826502
3 78 2.4426540766530462
3 79 2.439063786801639
3 80 2.443160790560269
3 81 2.454904621243118
3 82 2.4741831984539013
3 83 2.5007968194024945
3 84 2.5075471931949522
3 85 2.517943281853106
3 86 2.5297775282497694
3 87 2.549098908000014
3 88 2.5751450870022254
3 89 2.6049260762185646
3 90 2.641719636811615
3 91 2.6798276531850282
3 92 2.6986566350439034
3 93 2.7061614833627625
3 94 2.700950487305181
3 95 2.675532446469822
3 96 2.634776170348862
3 97 2.600431320647477
3 98 2.5727653770575203
3 99 2.5351025355051413
3 100 2.500576598552659
3 101 2.468401590094118
3 102 2.4432934498619656
3 103 2.4254798734606458
3 104 2.4151274973767842
3 105 2.4123359578849843
3 106 2.398848354630686
3 107 2.3817987946130876
3 108 2.372394996991289
3 109 2.370730680725171
3 110 2.3768232147696735
3 111 2.3879547695403467
3 112 2.4038648468849066
3 113 2.4262623937750742
3 114 2.4511726385638952
3 115 2.4832720094805487
3 116 2.5222759525711123
3 117 2.567857982944145
3 118 2.6186671122065817
3 119 2.6593014675206867
3 120 2.686364324531024
3 121 2.677957342879693
3 122 2.67341606739614
3 123 2.653590046929703
3 124 2.638055540206215
3 125 2.617794241505501
3 126 2.604680715071335
3 127 2.5988267942889878
3 128 2.600283819425313
3 129 2.6019803061134645
3 130 2.60540167188361
3 131 2.6103368543614884
3 132 2.6106867295173335
3 133 2.6094923732477513
3 134 2.614868368344866
3 135 2.6267714487212976
3 136 2.6445682219184676
3 137 2.6648192273073623
3 138 2.6827529722899017
3 139 2.698126478174224
3 140 2.7180124217194384
3 141 2.739169165042247
3 142 2.7497425766405943
3 143 2.7512289292601357
3 144 2.7217968086836355
3 145 2.6885872416206253
3 146 2.660199092978803
3 147 2.638768264677334
3 148 2.6244718097305184
3 149 2.6174310189173053
3 150 2.617706360313885
3 151 2.623340689145651
3 152 2.629772316518701
3 153 2.6433052965204493
3 154 2.6511942291278547
3 155 2.6560441504241217
3 156 2.6465734521291897
3 157 2.6388064589620126
3 158 2.63786289140863
3 159 2.6437505973973363
3 160 2.6564215885482017
3 161 2.6596177157979595
3 162 2.6518879196197074
3 163 2.643581491206878
3 164 2.625488995931613
3 165 2.610468539274294
3 166 2.592880005309716
3 167 2.5795771668193903
3 168 2.572665632008917
3 169 2.5721993150621922
3 170 2.5781823905247605
3 171 2.5905676593844342
3 172 2.6092601049887927
3 173 2.634120489268403
3 174 2.6649689220985295
3 175 2.7015900598350107
3 176 2.743742707518606
3 177 2.7887239583482013
3 178 2.835427782390061
3 179 2.8729040125117526
3 180 2.8877152278036085
3 181 2.8820242100414206
3 182 2.8760780513536015
3 183 2.8454100824051376
3 184 2.80961937369734
3 185 2.780622198624951
3 186 2.7586414484479906
3 187 2.7437916342650026
3 188 2.725753594171845
3 189 2.686562059469201
3 190 2.654472645024367
3 191 2.6239614853104682
3 192 2.591493445151569
3 193 2.557023629981001
3 194 2.5236342354701446
3 195 2.497323632721125
3 196 2.4726948715601096
3 197 2.453905925178309
3 198 2.4426611330235213
3 199 2.4390684085659537
3 200 2.443161982138451
3 201 2.454902885639127
3 202 2.474178882523549
3 203 2.5007915530198788
3 204 2.5075429940499063
3 205 2.517952996042205
3 206 2.5297842262322474
3 207 2.549102538972164
3 208 2.5751391070616396
3 209 2.6049174143584146
3 210 2.641708362191187
3 211 2.679816972196344
3 212 2.698643214532043
3 213 2.706153945946825
3 214 2.7009507501742096
3 215 2.675547655378427
3 216 2.6347886585596147
3 217 2.600440865861769
3 218 2.5727716846951916
3 219 2.5351168855654493
3 220 2.5005928882805266
3 221 2.468414738656449
3 222 2.4433033863668108
3 223 2.425486736269606
3 224 2.415131297675047
3 225 2.4123357017222147
3 226 2.398871523852293
3 227 2.3818185706509833
3 228 2.3724115345118664
3 229 2.370743867034482
3 230 2.3768331192030643
3 231 2.3879424750985834
3 232 2.403849044146481
3 233 2.4262595876661104
3 234 2.4511664696557185
3 235 2.4832618991514495
3 236 2.5222621321792174
3 237 2.5678412770125383
3 238 2.6186470102889072
3 239 2.6592785297872283
3 240 2.6863543570451274
3 241 2.6779465772882953
3 242 2.673401909572323
3 243 2.6535823090347237
3 244 2.638052215683582
3 245 2.6177877342456375
3 246 2.6046704496186988
3 247 2.5988133982470605
3 248 2.600266948670268
3 249 2.601968459399083
3 250 2.605386672316107
3 251 2.6103244692330385
3 252 2.6106744350525877
3 253 2.6094767854291865
3 254 2.614849018429375
3 255 2.626748630408667
3 256 2.6445498741890927
3 257 2.66479756119256
3 258 2.6827385841833182
3 259 2.698109210472858
3 260 2.7180082464600464
3 261 2.739161821707581
3 262 2.749746405347797
3 263 2.7512446445155696
3 264 2.7218113806045796
3 265 2.6885951909757813
3 266 2.6602033506102383
3 267 2.6387687936560047
3 268 2.624469029428251
3 269 2.61742454813318
3 270 2.6176961667436287
3 271 2.6233221740694765
3 272 2.6297502384484264
3 273 2.6432799948775147
3 274 2.6511721895112923
3 275 2.6560292287125082
3 276 2.646549796993205
3 277 2.6387792527595835
3 278 2.6378324020222585
3 279 2.6437163472019694
3 280 2.6563841663441328
3 281 2.659584264735498
3 282 2.6518652175042305
3 283 2.6435658749712174
3 284 2.625473077640908
3 285 2.6104488446992113
3 286 2.592858757814023
3 287 2.579552168215432
3 288 2.5726370242707977
3 289 2.5721679701378153
3 290 2.578147567888762
3 291 2.5905294974775517
3 292 2.609219394641878
3 293 2.6340770114760934
3 294 2.6649227920142233
3 295 2.7015418132174185
3 296 2.7436918631785163
3 297 2.7886827429475054
3 298 2.835396621796256
3 299 2.872883627529844
3 300 2.8876957044309295
3 301 2.882029031115571
3 302 2.876094694923184
3 303 2.8454384316590464
3 304 2.809645766618055
3 305 2.780646102214228
3 306 2.7586630586253906
3 307 2.7438242932092343
3 308 2.725786869754582
3 309 2.686590822828572
3 310 2.654498931064121
3 311 2.6239740716665545
3 312 2.591514195885623
3 313 2.5570450201670827
3 314 2.5236538506850734
3 315 2.4973414709607344
3 316 2.4727271052328526
3 317 2.453936421796272
3 318 2.442689737986133
3 319 2.4390953931622725
3 320 2.4431870210594453
3 321 2.4549262934860825
3 322 2.4742002665008904
3 323 2.50082816210085
3 324 2.5075595744461316
3 325 2.517974185814142
3 326 2.5298043719427357
3 327 2.549121324499716
3 328 2.5751532825489196
3 329 2.60493031000377
3 330 2.641720558754314
3 331 2.6798305728588625
3 332 2.698656450799492
3 333 2.706171502332725
3 334 2.7009541699722095
3 335 2.675539525860761
3 336 2.6347802801316598
3 337 2.6004323715922397
3 338 2.5727632426088616
3 339 2.535111764274092
3 340 2.5006022352262756
3 341 2.4684242770107483
3 342 2.443313670914708
3 343 2.4254971957984264
3 344 2.415142221102115
3 345 2.412347680311918
3 346 2.398891683327838
3 347 2.3818398352661405
3 348 2.3724337385529717
3 349 2.3707673288279425
3 350 2.376857231141966
3 351 2.387963701331178
3 352 2.403871364749798
3 353 2.426286945678005
3 354 2.4511948392183394
3 355 2.483291471627108
3 356 2.5222932146258628
3 357 2.567873386614684
3 358 2.618683705273771
3 359 2.65931666505853
4 0 2.5005601062782197
4 1 2.5087623373577927
4 2 2.5096767349109346
4 3 2.5132131144702616
4 4 2.5170194349373056
4 5 2.5051421892165417
4 6 2.5018225801952303
4 7 2.5058327528450515
4 8 2.511235700138389
4 9 2.5111313280334993
4 10 2.508111805353087
4 11 2.508067173450053
4 12 2.5094789346206463
4 13 2.518114482110904
4 14 2.5352036700713807
4 15 2.559125957689959
4 16 2.5805127083522845
4 17 2.6027248760239288
4 18 2.609679361358937
4 19 2.6104979334638396
4 20 2.6083130916962816
4 21 2.6047775693069677
4 22 2.6033862845671276
4 23 2.603256602678578
4 24 2.6096486820919345
4 25 2.622953990008479
4 26 2.6144861077937875
4 27 2.6116092578544787
4 28 2.6020615863215553
4 29 2.576621010973379
4 30 2.5422326560250665
4 31 2.5153370406710143
4 32 2.491146899053919
4 33 2.4696983505416643
4 34 2.456043800549267
4 35 2.450317550450493
4 36 2.4454851371996087
4 37 2.441184579598057
4 38 2.4449751219023392
4 39 2.4568183730776694
4 40 2.4765956370644218
4 41 2.496227312984453
4 42 2.4997797339461787
4 43 2.499150520723464
4 44 2.504505651479569
4 45 2.509072069021651
4 46 2.5156975783122886
4 47 2.5303632569063867
4 48 2.55292576190011
4 49 2.5831717803361243
4 50 2.6208260416819535
4 51 2.660641942243537
4 52 2.6847323966327905
4 53 2.703410760002631
4 54 2.711923040245644
4 55 2.727832484716937
4 56 2.7486041314949192
4 57 2.7630361983387446
4 58 2.7349236774022643
4 59 2.712884009668525
4 60 2.696103542797487
4 61 2.681903075533639
4 62 2.668275193724741
4 63 2.6484043352998716
4 64 2.626168781012569
4 65 2.5983625953792067
4 66 2.578289207881231
4 67 2.563739098945994
4 68 2.5404552349343064
4 69 2.5132860476145775
4 70 2.4701737493092955
4 71 2.4353971234829497
4 72 2.404734568975813
4 73 2.3824504754322917
4 74 2.369209428959814
4 75 2.363597368758585
4 76 2.355634712122951
4 77 2.35669346930164
4 78 2.3667608958628437
4 79 2.3857202370925226
4 80 2.4133557956829295
4 81 2.4493660124649295
4 82 2.4898659898746676
4 83 2.534620215920024
4 84 2.5673711761783653
4 85 2.5859233602412552
4 86 2.5974270809342968
4 87 2.612112986678044
4 88 2.623654812002245
4 89 2.6416004055240214
4 90 2.650643611477413
4 91 2.6492274421892335
4 92 2.645861741339457
4 93 2.6355266294282234
4 94 2.632778667059119
4 95 2.637958157895121
4 96 2.6500706305651396
4 97 2.6663473746025006
4 98 2.661581722292787
4 99 2.661102969685592
4 100 2.667989836785193
4 101 2.6648913875475033
4 102 2.649357526224328
4 103 2.6411762188292784
4 104 2.640418108111457
4 105 2.642057534333028
4 106 2.645390700599567
4 107 2.6456922623179584
4 108 2.6458233550633734
4 109 2.6468336133347887
4 110 2.6459981575627016
4 111 2.6285801985878905
4 112 2.6156215254370045
4 113 2.608619919713042
4 114 2.59758208455492
4 115 2.567953947786682
4 116 2.54008147183088
4 117 2.52010577985284
4 118 2.5082215531262433
4 119 2.500675774487636
4 120 2.5005547029671926
4 121 2.5087616300740323
4 122 2.5096659166030504
4 123 2.5132102158182494
4 124 2.5170342168334288
4 125 2.5051618163883704
4 126 2.501846763162323
4 127 2.5058650867254815
4 128 2.511272154759695
4 129 2.511152284718746
4 130 2.5081241471394264
4 131 2.5080836044853814
4 132 2.5094902259437797
4 133 2.518129493217296
4 134 2.535222998106459
4 135 2.559153068072149
4 136 2.5805441339227952
4 137 2.602745295507123
4 138 2.609707312889707
4 139 2.6105298623268465
4 140 2.6083338434871437
4 141 2.6047797452213874
4 142 2.603392230664353
4 143 2.603274222101454
4 144 2.6096692687991716
4 145 2.622992806408736
4 146 2.6145138642208456
4 147 2.6116406626487993
4 148 2.602090066234269
4 149 2.5766406537672686
4 150 2.5422562795885413
4 151 2.5153642150357207
4 152 2.491183296578631
4 153 2.4697387078106012
4 154 2.456087345054807
4 155 2.4503640019633566
4 156 2.445514206445014
4 157 2.4412170299093834
4 158 2.445010509299465
4 159 2.456856458661957
4 160 2.4766360026651912
4 161 2.4962616588887263
4 162 2.4997856348549585
4 163 2.499158793231823
4 164 2.5045217437930782
4 165 2.50909388198979
4 166 2.515721138710308
4 167 2.530388146721471
4 168 2.5529527597262707
4 169 2.583200106441144
4 170 2.620855782033593
4 171 2.660669189692339
4 172 2.6847478161042035
4 173 2.703399879315187
4 174 2.7119136155785495
4 175 2.7278247101928956
4 176 2.7486011782208055
4 177 2.763034574197732
4 178 2.734930484925911
4 179 2.712892108123017
4 180 2.6960921367202397
4 181 2.6818927546094895
4 182 2.6682748708625788
4 183 2.6484084642145183
4 184 2.6261615811031933
4 185 2.5983654787268757
4 186 2.578292763410238
4 187 2.5637496594868003
4 188 2.54046642442833
4 189 2.513283556491472
4 190 2.470171976862853
4 191 2.4353952088801725
4 192 2.4047333137456826
4 193 2.3824496648868734
4 194 2.3692086154550362
4 195 2.3636106341914265
4 196 2.355647673922265
4 197 2.3567061047247315
4 198 2.36677306790785
4 199 2.385731203207941
4 200 2.4133662980225883
4 201 2.4493758421277843
4 202 2.4898636946118655
4 203 2.534598902658135
4 204 2.567354121301929
4 205 2.585918406149044
4 206 2.597417340452588
4 207 2.61211184215799
4 208 2.623652179740746
4 209 2.6415843284502336
4 210 2.650620260047097
4 211 2.6492146106203966
4 212 2.6458559459179285
4 213 2.635515636698995
4 214 2.6327656718873205
4 215 2.637943322318684
4 216 2.650060510182188
4 217 2.666335898091866
4 218 2.661578421141817
4 219 2.6610976035811915
4 220 2.6679821202212803
4 221 2.66489625731287
4 222 2.6493600190770445
4 223 2.6411763479214545
4 224 2.640415854241183
4 225 2.6420649457276086
4 226 2.6453951803786957
4 227 2.6457105189628134
4 228 2.6458383769057954
4 229 2.646858893241011
4 230 2.6460213723337596
4 231 2.6286136086675183
4 232 2.6156523378166163
4 233 2.608649019637099
4 234 2.5975950421893232
4 235 2.567970039218941
4 236 2.540095400134295
4 237 2.52011702569687
4 238 2.508229963262627
4 239 2.5006636150505517
4 240 2.5005392334251244
4 241 2.5087432220302937
4 242 2.509648267197373
4 243 2.513198697749843
4 244 2.5170387026709737
4 245 2.505162594436122
4 246 2.501843632683585
4 247 2.5058698718433616
4 248 2.5112731793916865
4 249 2.511144081062559
4 250 2.5081256355496313
4 251 2.508081678784645
4 252 2.509500018851934
4 253 2.518135847216998
4 254 2.5352253772933793
4 255 2.559161613458243
4 256 2.5805485273917625
4 257 2.6027528249262883
4 258 2.60972151902842
4 259 2.610540458240049
4 260 2.608342548566812
4 261 2.604777598950437
4 262 2.6033865892951003
4 263 2.603282537694302
4 264 2.6096739109934712
4 265 2.622993441071233
4 266 2.6145167220072847
4 267 2.611639803782332
4 268 2.602109014835374
4 269 2.5766680859965843
4 270 2.542280364294222
4 271 2.515384826802821
4 272 2.4912179575300364
4 273 2.469769099776642
4 274 2.456113280053562
4 275 2.45038566726595
4 276 2.445523976589848
4 277 2.441222252481382
4 278 2.4450110823577917
4 279 2.4568524034649286
4 280 2.476627406895566
4 281 2.496259337887683
4 282 2.4997752283553476
4 283 2.499144103976024
4 284 2.504509774177268
4 285 2.5090899944689373
4 286 2.515712932745503
4 287 2.5303759467486504
4 288 2.5529355764682236
4 289 2.5831788295360294
4 290 2.620830422336666
4 291 2.6606377246707527
4 292 2.684723194717346
4 293 2.70337557832357
4 294 2.71188483266958
4 295 2.727791931380783
4 296 2.7485697372231312
4 297 2.763040041258088
4 298 2.7349487861651274
4 299 2.7129062943978606
4 300 2.696095950800436
4 301 2.6818916723551545
4 302 2.668286141953886
4 303 2.648431810932092
4 304 2.6261808239185087
4 305 2.5983948140455033
4 306 2.5783180100034127
4 307 2.5637861966767157
4 308 2.5404985812189347
4 309 2.513318630645537
4 310 2.470202874109601
4 311 2.4354221695202067
4 312 2.4047684901515924
4 313 2.382479529814615
4 314 2.3692336911418974
4 315 2.363633000267023
4 316 2.355665045455207
4 317 2.356717684266839
4 318 2.3667795305961747
4 319 2.385732889526128
4 320 2.4133628525926265
4 321 2.449367243334615
4 322 2.4898644013677873
4 323 2.5345882619946365
4 324 2.5673539256381783
4 325 2.5859203431016717
4 326 2.5974100691155924
4 327 2.6121146521116114
4 328 2.6236511403863
4 329 2.6415790633296843
4 330 2.6506331650903143
4 331 2.649222493624802
4 332 2.645875706374179
4 333 2.635524820677429
4 334 2.6327714133194338
4 335 2.637945210948536
4 336 2.6500750994371556
4 337 2.6663466279770334
4 338 2.661583328028689
4 339 2.66109865946109
4 340 2.667979918249673
4 341 2.6649069601263085
4 342 2.6493675110387187
4 343 2.6411808280772644
4 344 2.640417234382168
4 345 2.6420639655740117
4 346 2.6453913257937174
4 347 2.6457069757274567
4 348 2.6458317083064484
4 349 2.646848212269148
4 350 2.64602570416229
4 351 2.6286178432428726
4 352 2.6156530666597395
4 353 2.6086622084008004
4 354 2.5976065916815685
4 355 2.567987515555486
4 356 2.540109902164173
4 357 2.520128522919986
4 358 2.508238161758642
4 359 2.500663351923749
5 0 2.63749696004308
5 1 2.6356868316858693
5 2 2.6298507090893826
5 3 2.621008105687342
5 4 2.6099241992117386
5 5 2.5960009368868135
5 6 2.5851652922761494
5 7 2.577479946016437
5 8 2.564705854100731
5 9 2.554265078823554
5 10 2.541756549627095
5 11 2.530452787891278
5 12 2.5171189475215026
5 13 2.507560796847365
5 14 2.5018245747238708
5 15 2.498807983218525
5 16 2.4913739014331506
5 17 2.48223813349766
5 18 2.471157076951497
5 19 2.4639263895072174
5 20 2.460582301350711
5 21 2.4611413742830828
5 22 2.46352843942963
5 23 2.4642926361081856
5 24 2.468891211275516
5 25 2.477301295512121
5 26 2.4894817648041165
5 27 2.5053734985108944
5 28 2.524902310850377
5 29 2.545447018720647
5 30 2.566638880124619
5 31 2.5913142197501644
5 32 2.6193661518619336
5 33 2.6503746971865225
5 34 2.680635141541049
5 35 2.7001104867653987
5 36 2.712795387639904
5 37 2.715188717636839
5 38 2.7052636638972745
5 39 2.698777453663292
5 40 2.6957575531645
5 41 2.696215494142203
5 42 2.7001499212603304
5 43 2.7075443504994783
5 44 2.7183681861697533
5 45 2.7325774450654885
5 46 2.7501151697346033
5 47 2.759483778952837
5 48 2.764706963971545
5 49 2.767037243009189
5 50 2.768643012924079
5 51 2.7706237142527783
5 52 2.7708762496810184
5 53 2.7741429140266893
5 54 2.780412641148151
5 55 2.78966239650703
5 56 2.800625033399132
5 57 2.8029457828706597
5 58 2.8082321485953208
5 59 2.8164663015428117
5 60 2.823724276920298
5 61 2.8337231278102464
5 62 2.836535406385355
5 63 2.8364442310744313
5 64 2.8263956260332685
5 65 2.8134047018408315
5 66 2.803518980864949
5 67 2.7927815186997584
5 68 2.778277651287555
5 69 2.7663488014252087
5 70 2.753471886105167
5 71 2.74104723684542
5 72 2.731870093279564
5 73 2.7259757013873207
5 74 2.7217723349189313
5 75 2.7184887303350402
5 76 2.7153272641773145
5 77 2.703768937903365
5 78 2.692290714555322
5 79 2.6795471972647533
5 80 2.666697149575356
5 81 2.646828426185052
5 82 2.623358327974687
5 83 2.6029423268640945
5 84 2.5856594176229972
5 85 2.5715773309309022
5 86 2.5554665165274697
5 87 2.5417550452134683
5 88 2.5212868412240437
5 89 2.500002062589214
5 90 2.4819992472354597
5 91 2.467355159341989
5 92 2.456134195651812
5 93 2.4483868159695654
5 94 2.4441484032752783
5 95 2.4434387898405547
5 96 2.4462614191876
5 97 2.4526031745902572
5 98 2.4461318629467392
5 99 2.4375978065487733
5 100 2.4327449312711114
5 101 2.4315969730500506
5 102 2.4341592019739307
5 103 2.4404192940547826
5 104 2.4503466411709347
5 105 2.4586436180582587
5 106 2.469837773801056
5 107 2.477147718397201
5 108 2.4833509899495847
5 109 2.49240953567819
5 110 2.4973423565983306
5 111 2.5016118294631355
5 112 2.509705579865376
5 113 2.521584321443784
5 114 2.5371912027077403
5 115 2.556454362157671
5 116 2.579284576834743
5 117 2.603550772505309
5 118 2.626634891606666
5 119 2.6401445786736653
5 120 2.6374976977625493
5 121 2.6356866723417487
5 122 2.629852149522885
5 123 2.6210127310271365
5 124 2.6099279973203013
5 125 2.5959947732816016
5 126 2.5851584549117215
5 127 2.5774779887813466
5 128 2.5646994110375094
5 129 2.554257815613043
5 130 2.5417433013123922
5 131 2.5304447172190407
5 132 2.5171102681882
5 133 2.507551179276492
5 134 2.5018139924428726
5 135 2.4988107400518453
5 136 2.491376115423484
5 137 2.482249898205748
5 138 2.4711685014244504
5 139 2.463937396529556
5 140 2.460592584861221
5 141 2.4611513379293446
5 142 2.463534349640857
5 143 2.4642981906221157
5 144 2.468895820794902
5 145 2.477305279299369
5 146 2.4894852147290214
5 147 2.5053763511995983
5 148 2.5249042720568506
5 149 2.545454336823922
5 150 2.5666454063481443
5 151 2.5913195602184405
5 152 2.6193718332986715
5 153 2.6503979041248904
5 154 2.680658151589616
5 155 2.7001581143221025
5 156 2.7128476121116543
5 157 2.7152532457232783
5 158 2.705328467270257
5 159 2.698842445752943
5 160 2.6958221654268195
5 161 2.6962799109405724
5 162 2.7002138371724667
5 163 2.7076076586617255
5 164 2.718430668740395
5 165 2.7326393396900377
5 166 2.7501766811145827
5 167 2.7595261103006616
5 168 2.7647314391568627
5 169 2.7670431961619273
5 170 2.7686484085680236
5 171 2.7706133496333947
5 172 2.7708661798973426
5 173 2.7741328863609613
5 174 2.780401990595845
5 175 2.7896518789122196
5 176 2.8006021880357928
5 177 2.802922429340186
5 178 2.8082090675440337
5 179 2.8164437565526392
5 180 2.823690618283887
5 181 2.8336896931177558
5 182 2.836486380168654
5 183 2.836395294658171
5 184 2.826364457154004
5 185 2.813373453919075
5 186 2.8034878224209607
5 187 2.792750129040993
5 188 2.7782584212377803
5 189 2.766329261861701
5 190 2.7534601243260495
5 191 2.741036191437309
5 192 2.7318588042882963
5 193 2.725964379058862
5 194 2.7217557289293257
5 195 2.7184723862488833
5 196 2.7153050352274293
5 197 2.7037591191973496
5 198 2.6922815270854334
5 199 2.679525625217692
5 200 2.666676003073076
5 201 2.6467917518343422
5 202 2.623321824413031
5 203 2.6029057414738603
5 204 2.585622931124776
5 205 2.5715412262478474
5 206 2.5554175033850703
5 207 2.5417057446621345
5 208 2.5212499829139055
5 209 2.4999655269477716
5 210 2.4819622369616727
5 211 2.4673177727412594
5 212 2.4560966834960336
5 213 2.448349580215108
5 214 2.444111271838514
5 215 2.4434018793349477
5 216 2.4462248842024237
5 217 2.452566927567285
5 218 2.4460990669184364
5 219 2.4375645060947964
5 220 2.4327113399774065
5 221 2.4315634390600835
5 222 2.4341260096976365
5 223 2.4403861012369026
5 224 2.450314102425155
5 225 2.4586295858727216
5 226 2.4698237528695715
5 227 2.477150330014202
5 228 2.4833581904971505
5 229 2.492416601616447
5 230 2.4973532756102443
5 231 2.5016224804818203
5 232 2.50971618942502
5 233 2.521594687453731
5 234 2.537202104197223
5 235 2.556464349185941
5 236 2.579294386261852
5 237 2.60355375395623
5 238 2.6266366702791744
5 239 2.6401303973308434
5 240 2.6374853383964703
5 241 2.635674389837154
5 242 2.6298567493293166
5 243 2.6210246641335617
5 244 2.6099407947876023
5 245 2.5960208772373274
5 246 2.5851848156220476
5 247 2.5775135129433258
5 248 2.56471538822924
5 249 2.5542742767754687
5 250 2.541755285426892
5 251 2.530477387186182
5 252 2.5171428355647643
5 253 2.5075845263792496
5 254 2.501847496603016
5 255 2.4988429210417165
5 256 2.491408541127345
5 257 2.4822441650795843
5 258 2.471162832051276
5 259 2.463931506721564
5 260 2.460587125826044
5 261 2.4611457041652303
5 262 2.463524404946726
5 263 2.4642883286142534
5 264 2.4688864562618367
5 265 2.4772959273459567
5 266 2.4894755723726636
5 267 2.50536696372536
5 268 2.5248950251841005
5 269 2.545451790979007
5 270 2.5666432517667177
5 271 2.5913175153901897
5 272 2.6193695968653277
5 273 2.6504004329802315
5 274 2.6806603778952787
5 275 2.7001471224412783
5 276 2.7128429571385992
5 277 2.7152209299119905
5 278 2.705295740959297
5 279 2.698809241302789
5 280 2.6957887812156542
5 281 2.696246856312799
5 282 2.700181194811658
5 283 2.707575258819522
5 284 2.7183987547066875
5 285 2.732607171764586
5 286 2.7501445982876547
5 287 2.7594924181225946
5 288 2.7646929156171103
5 289 2.767018166120046
5 290 2.7686235325565214
5 291 2.7706014918319495
5 292 2.7708539212212067
5 293 2.7741208145273606
5 294 2.7803899973669526
5 295 2.7896398130170406
5 296 2.8005929635482985
5 297 2.8029135471007023
5 298 2.8082001137698813
5 299 2.816434329399955
5 300 2.8236928602830744
5 301 2.833692389731501
5 302 2.8364711416501573
5 303 2.83638018912646
5 304 2.8263359500319662
5 305 2.813344827881019
5 306 2.8034590170667313
5 307 2.7927112320260115
5 308 2.7782202854427043
5 309 2.7662909152737183
5 310 2.753447569202715
5 311 2.741023298673467
5 312 2.7318461937768097
5 313 2.7259518136521748
5 314 2.721739276322254
5 315 2.718455717973637
5 316 2.715284013105104
5 317 2.7037402542807034
5 318 2.6922627091715774
5 319 2.679508550597315
5 320 2.666658736272136
5 321 2.646785950540326
5 322 2.6233160474944017
5 323 2.6029000228544894
5 324 2.5856169379209586
5 325 2.571534786969827
5 326 2.5554240034911633
5 327 2.541713066583987
5 328 2.521263009576183
5 329 2.499978888493561
5 330 2.481976033159685
5 331 2.4673320752825916
5 332 2.4561113625632833
5 333 2.4483645397958784
5 334 2.4441268452765477
5 335 2.443417889210572
5 336 2.446240851106617
5 337 2.4525828465414015
5 338 2.4461221715332306
5 339 2.43758824749877
5 340 2.432735440534239
5 341 2.431587509952315
5 342 2.434150011514987
5 343 2.4404101578269497
5 344 2.4503382006246692
5 345 2.4586592228710975
5 346 2.469853695363925
5 347 2.477164395622921
5 348 2.483380402479355
5 349 2.492438628485919
5 350 2.4973755591885176
5 351 2.501644607496149
5 352 2.509738357833024
5 353 2.5216173014357284
5 354 2.5372240396786547
5 355 2.5564862017711976
5 356 2.5793158954653603
5 357 2.603558206558957
5 358 2.626627684142059
5 359 2.6401344994903244
6 0 2.4910730177962765
6 1 2.4982831971321753
6 2 2.5104949096254483
6 3 2.52763275969013
6 4 2.548491543133953
6 5 2.561157397814876
6 6 2.566465224816456
6 7 2.576798607688888
6 8 2.589633710285877
6 9 2.5930828240494694
6 10 2.5963905368089404
6 11 2.5968752245354048
6 12 2.587745048743841
6 13 2.5833602687489585
6 14 2.5837465888826134
6 15 2.58890181174394
6 16 2.589482915683848
6 17 2.5829286876149777
6 18 2.5750375565590544
6 19 2.5705517767847588
6 20 2.571104444686469
6 21 2.576691512031286
6 22 2.5775228233546015
6 23 2.572219264300381
6 24 2.564649410203114
6 25 2.5586239219133287
6 26 2.5554379790094104
6 27 2.5571935823901666
6 28 2.5638802739922366
6 29 2.575457834443333
6 30 2.5918571751058836
6 31 2.6129821539799445
6 32 2.638712751995485
6 33 2.6535728942396126
6 34 2.670245366897095
6 35 2.6894958236689464
6 36 2.6885609561215156
6 37 2.67625098827957
6 38 2.6654843792840253
6 39 2.6594392110516702
6 40 2.6581488498913446
6 41 2.661620471529693
6 42 2.6698350371196073
6 43 2.673254622683185
6 44 2.666905871489805
6 45 2.6654110551282897
6 46 2.6684973150924445
6 47 2.669478269448605
6 48 2.674405126824165
6 49 2.6838679045081206
6 50 2.6880776996319287
6 51 2.6906350907991565
6 52 2.691425533981581
6 53 2.6922390048406375
6 54 2.67902448280131
6 55 2.662640299313615
6 56 2.6509782348102346
6 57 2.644104484144385
6 58 2.633662310543154
6 59 2.627618963025784
6 60 2.6260888517542957
6 61 2.6290802992440874
6 62 2.629216169227574
6 63 2.6229330784020455
6 64 2.6212892354705857
6 65 2.6199533620611573
6 66 2.6231062918557355
6 67 2.631010186396629
6 68 2.6369008507872462
6 69 2.633882913198136
6 70 2.630312984336249
6 71 2.630629064390898
6 72 2.6214294311059327
6 73 2.602599712713818
6 74 2.585297231518666
6 75 2.5698513058612638
6 76 2.558899434858677
6 77 2.5525023852855377
6 78 2.550696868618285
6 79 2.5534934766640736
6 80 2.5608762792482755
6 81 2.572802650953616
6 82 2.580811046907275
6 83 2.589857860095429
6 84 2.6035264864320964
6 85 2.6207275560968752
6 86 2.6410492340790754
6 87 2.6578106339669083
6 88 2.670206527563726
6 89 2.6870291414994893
6 90 2.7081914628455004
6 91 2.733585891052537
6 92 2.753872023338036
6 93 2.7567532351766877
6 94 2.753442337956683
6 95 2.7543650119266263
6 96 2.747170251631015
6 97 2.7318908932178307
6 98 2.720821635852076
6 99 2.707497977793717
6 100 2.6977054523078956
6 101 2.692458468732591
6 102 2.682964067389988
6 103 2.6676403656145413
6 104 2.6509665892826746
6 105 2.63509526248362
6 106 2.6238058952055936
6 107 2.617161404374725
6 108 2.6151990138357286
6 109 2.6089854991509074
6 110 2.599841789290393
6 111 2.5940595714578167
6 112 2.5887760487334073
6 113 2.5798941718173443
6 114 2.553162768263008
6 115 2.5305107160948457
6 116 2.512662120601605
6 117 2.4997264884915666
6 118 2.4917832304322394
6 119 2.4888829212130474
6 120 2.4910442746080803
6 121 2.498253422582393
6 122 2.5104642990048323
6 123 2.5276010058794114
6 124 2.548465118596384
6 125 2.5611408066061787
6 126 2.566447400545108
6 127 2.576779420429908
6 128 2.589625939012566
6 129 2.593086727565495
6 130 2.596392810734753
6 131 2.596889869454209
6 132 2.587758573122577
6 133 2.583372488225003
6 134 2.5837577794102957
6 135 2.588911771387689
6 136 2.5894966682987306
6 137 2.5829415354867216
6 138 2.57503808937409
6 139 2.5705507572169513
6 140 2.5711017757247707
6 141 2.576688077126038
6 142 2.5775296275546227
6 143 2.5722184017945984
6 144 2.564647392174919
6 145 2.5586161727516514
6 146 2.5554285192972537
6 147 2.5571824972679895
6 148 2.5638680047067024
6 149 2.575444105995499
6 150 2.5918417531599345
6 151 2.6129652440328024
6 152 2.638695104622113
6 153 2.6535817892753615
6 154 2.670252853850548
6 155 2.689513489738375
6 156 2.688593068435062
6 157 2.67628995056817
6 158 2.6655223572669975
6 159 2.6594755674376107
6 160 2.6581835971429713
6 161 2.661654083332507
6 162 2.669866966889591
6 163 2.673286541685218
6 164 2.6669364347184943
6 165 2.6654404416954365
6 166 2.668521184740551
6 167 2.6694907697244807
6 168 2.6744162429762133
6 169 2.6838779661587946
6 170 2.688085045036106
6 171 2.690641330409498
6 172 2.691431563469183
6 173 2.692246426605536
6 174 2.6790184866947464
6 175 2.6626327790887334
6 176 2.6509691630521273
6 177 2.644093953845032
6 178 2.63364114117413
6 179 2.6275965654879463
6 180 2.6260649972657775
6 181 2.629055639383713
6 182 2.6291994497360385
6 183 2.6229143662243213
6 184 2.621269215464271
6 185 2.619918680017012
6 186 2.6230697061403494
6 187 2.6309728037047404
6 188 2.636872116233328
6 189 2.6338642299072714
6 190 2.6302933919758322
6 191 2.6306204750078743
6 192 2.6214364813139985
6 193 2.602619260460197
6 194 2.585317161586815
6 195 2.5698701681278924
6 196 2.558916756167126
6 197 2.5525188257095275
6 198 2.550712431025401
6 199 2.5535078546079792
6 200 2.5608891654535584
6 201 2.5728147613401
6 202 2.5808103711226007
6 203 2.589856769254073
6 204 2.603524659796644
6 205 2.620737669797503
6 206 2.64105841184087
6 207 2.657808373867687
6 208 2.6702033994651053
6 209 2.6870250597166905
6 210 2.708186303870689
6 211 2.7335794636760644
6 212 2.753865508425556
6 213 2.7567678385890333
6 214 2.753456591132536
6 215 2.7543788237266935
6 216 2.7471910365888275
6 217 2.731898936868356
6 218 2.7208291224463848
6 219 2.707493357140976
6 220 2.697699969390351
6 221 2.6924522468246233
6 222 2.68296887416804
6 223 2.6676449166711462
6 224 2.6509644412224365
6 225 2.6350921844908695
6 226 2.6238020396098296
6 227 2.6171566555225767
6 228 2.615193077462674
6 229 2.6089963439925916
6 230 2.5998520797469125
6 231 2.59405002092671
6 232 2.588766061686744
6 233 2.579910589018331
6 234 2.5531705628984778
6 235 2.5305178623555764
6 236 2.5126691270570203
6 237 2.499732418382601
6 238 2.491788797002045
6 239 2.4888880114529774
6 240 2.4910483884293795
6 241 2.4982565651775004
6 242 2.5104668777854107
6 243 2.527602831626317
6 244 2.5484849173743536
6 245 2.5611473410770427
6 246 2.566454098106044
6 247 2.5767858860676336
6 248 2.5896176135167295
6 249 2.593081802438048
6 250 2.596387903838065
6 251 2.596900965455509
6 252 2.5877691606269573
6 253 2.583382427543518
6 254 2.5837671714473953
6 255 2.5889204654441054
6 256 2.5895084460930584
6 257 2.582952686906109
6 258 2.5750502912326563
6 259 2.570562637485528
6 260 2.5711134714963375
6 261 2.576699050367484
6 262 2.577541413971429
6 263 2.5722272285986962
6 264 2.564655451035984
6 265 2.5586088069298674
6 266 2.555421148514259
6 267 2.557175182286825
6 268 2.5638603695200985
6 269 2.5754363220306296
6 270 2.591833967540305
6 271 2.6129577042869947
6 272 2.638687670797089
6 273 2.6535774540250308
6 274 2.6702490675588617
6 275 2.689498477640763
6 276 2.688591072827165
6 277 2.6762784395234704
6 278 2.6655104355204102
6 279 2.659463575626717
6 280 2.658171825131429
6 281 2.661642311710691
6 282 2.669855300963471
6 283 2.6732630423431303
6 284 2.666913011348858
6 285 2.665417266547832
6 286 2.6684942766632656
6 287 2.669464975639396
6 288 2.6743903472128197
6 289 2.68385215821195
6 290 2.6880664174422457
6 291 2.6906231775849316
6 292 2.6914110897115493
6 293 2.69224016236018
6 294 2.679016575883215
6 295 2.662631265730064
6 296 2.650968093974701
6 297 2.644093594147157
6 298 2.6336445954783683
6 299 2.6276004815480576
6 300 2.6260696805590373
6 301 2.629060543020422
6 302 2.629207862580746
6 303 2.6229235557172625
6 304 2.6212789577460174
6 305 2.619930756133987
6 306 2.623082772708144
6 307 2.6309862231948675
6 308 2.6368754692876446
6 309 2.6338578998769573
6 310 2.630287474918078
6 311 2.630602294826505
6 312 2.621422545244413
6 313 2.6025935117158996
6 314 2.5853023027594895
6 315 2.5698557392234838
6 316 2.55890342786561
6 317 2.5525064309686094
6 318 2.5507009281283795
6 319 2.5534973213898415
6 320 2.5608793531393816
6 321 2.5728059440706614
6 322 2.5808008099377813
6 323 2.589848009624554
6 324 2.603516848897169
6 325 2.62072019234125
6 326 2.6410423674119223
6 327 2.6577968013484625
6 328 2.670192853824268
6 329 2.6870157202066687
6 330 2.708178006931897
6 331 2.733572711996793
6 332 2.7538713387838367
6 333 2.756749083510124
6 334 2.7534383709315327
6 335 2.7543609731707726
6 336 2.7471769554929537
6 337 2.7318883933473925
6 338 2.7208194880341603
6 339 2.7074868657900124
6 340 2.697694707000309
6 341 2.692448482888876
6 342 2.6829532480063683
6 343 2.6676305105779528
6 344 2.6509329811841464
6 345 2.635061942348064
6 346 2.6237729351364254
6 347 2.617128724755899
6 348 2.6151665867309193
6 349 2.608990268926758
6 350 2.599847279824636
6 351 2.594040848688353
6 352 2.588757991541533
6 353 2.579912201261282
6 354 2.553175504841955
6 355 2.5305241046685913
6 356 2.5126764449885255
6 357 2.4997409891642546
6 358 2.4917983873320693
6 359 2.4888989192232853
7 0 2.4665920200065585
7 1 2.450596173214441
7 2 2.434989889765849
7 3 2.4254469632989784
7 4 2.422546538382652
7 5 2.422864226713712
7 6 2.429948995419677
7 7 2.443740598433476
7 8 2.4641219474019365
7 9 2.4909254376640955
7 10 2.5108977035721267
7 11 2.5333459834598404
7 12 2.562223153007431
7 13 2.597306040958534
7 14 2.6383367263178776
7 15 2.685030369464337
7 16 2.7370835159644527
7 17 2.7821051363530396
7 18 2.810060605103916
7 19 2.830781028857054
7 20 2.854274816429575
7 21 2.879819520092194
7 22 2.873726386037443
7 23 2.8483429792591
7 24 2.8166948264344325
7 25 2.7908742801986106
7 26 2.7613661058374843
7 27 2.7362249181337113
7 28 2.7173448149810215
7 29 2.7048619691982942
7 30 2.6988696090716426
7 31 2.683782958045788
7 32 2.672976596676878
7 33 2.6687588485832245
7 34 2.671162340398307
7 35 2.6801684048541112
7 36 2.693625085263863
7 37 2.7091139357310103
7 38 2.7309680732369794
7 39 2.7544852409413565
7 40 2.7619002764074425
7 41 2.7748625931373696
7 42 2.774279974821424
7 43 2.7690666888125737
7 44 2.7667116638201317
7 45 2.7660392213068907
7 46 2.7619949954356926
7 47 2.7564488567082455
7 48 2.7544613631099004
7 49 2.754562172005864
7 50 2.760433965381771
7 51 2.7686923765535827
7 52 2.7702325804725914
7 53 2.777279613659879
7 54 2.789790359527736
7 55 2.807687624364417
7 56 2.828250473294685
7 57 2.8383349683597325
7 58 2.8532662940606976
7 59 2.873270763667221
7 60 2.8754482352443245
7 61 2.86135288055068
7 62 2.84261950281017
7 63 2.813407431500102
7 64 2.78944905180587
7 65 2.769415460939607
7 66 2.7520934619064814
7 67 2.7404530213536065
7 68 2.73081261511453
7 69 2.725679932620223
7 70 2.7228308670843258
7 71 2.725059588740671
7 72 2.7331071417850645
7 73 2.7442570651700646
7 74 2.747751808463033
7 75 2.754253015252038
7 76 2.766509283915031
7 77 2.7728553492506633
7 78 2.7683940251588846
7 79 2.73882534763647
7 80 2.713537123670628
7 81 2.6940985479308033
7 82 2.6806431364506027
7 83 2.6690020183242997
7 84 2.653917184648149
7 85 2.6451986273958337
7 86 2.6429120571634934
7 87 2.6454001204287345
7 88 2.638648795323408
7 89 2.6345479604918203
7 90 2.6343610075483896
7 91 2.6194590442374444
7 92 2.6105871385219976
7 93 2.6080582908915493
7 94 2.6118924032816695
7 95 2.6169626477285566
7 96 2.628002973116102
7 97 2.645229032763466
7 98 2.6685161965313156
7 99 2.6977002896787208
7 100 2.7282134155364557
7 101 2.744759933266623
7 102 2.732263192638371
7 103 2.7102158765732884
7 104 2.6792440773674566
7 105 2.6543292842193105
7 106 2.626245603050166
7 107 2.602089801678238
7 108 2.581524350888718
7 109 2.5549661414059943
7 110 2.534684688510828
7 111 2.52083723935638
7 112 2.509563227404996
7 113 2.497716647637046
7 114 2.4874535557476065
7 115 2.4838772145960193
7 116 2.4840495771593263
7 117 2.4787120016763184
7 118 2.4722013769691875
7 119 2.469229697255849
7 120 2.4666129967244546
7 121 2.450619803171188
7 122 2.4350009487508384
7 123 2.4254605888612684
7 124 2.422560308680409
7 125 2.4228803368641243
7 126 2.429968286847825
7 127 2.4437620385846213
7 128 2.464145624700312
7 129 2.4909511967001623
7 130 2.5109130976953464
7 131 2.5333636465845277
7 132 2.562243349581799
7 133 2.5973287401487983
7 134 2.638361621999541
7 135 2.685057371402527
7 136 2.737112441890573
7 137 2.7821461938706307
7 138 2.8100990011136955
7 139 2.8308243070795447
7 140 2.8543202279909687
7 141 2.879844374713392
7 142 2.873742393551017
7 143 2.848342394029376
7 144 2.8166966547287973
7 145 2.790878460783823
7 146 2.7613613699358854
7 147 2.7362230370794935
7 148 2.717345042793829
7 149 2.704864681343611
7 150 2.6988748507661735
7 151 2.6838015526566172
7 152 2.672997800307152
7 153 2.668782879323156
7 154 2.6711889584534987
7 155 2.680196941940702
7 156 2.6936595385719793
7 157 2.709150265580252
7 158 2.7310065090639357
7 159 2.7545084087513656
7 160 2.761925566638615
7 161 2.7748896168298427
7 162 2.7742809692637858
7 163 2.769069676828381
7 164 2.7667233936418425
7 165 2.7660382978858973
7 166 2.761985532956583
7 167 2.756426579561367
7 168 2.7544250994819355
7 169 2.75452768464016
7 170 2.760401257908586
7 171 2.76866641670848
7 172 2.7702081499873423
7 173 2.7772571663602776
7 174 2.789769689484549
7 175 2.8076693324571753
7 176 2.8282455739338985
7 177 2.8383348604611354
7 178 2.853267754863971
7 179 2.8732737650150026
7 180 2.8754447118354984
7 181 2.861350809744782
7 182 2.842618095784051
7 183 2.813407802712298
7 184 2.7894505044707993
7 185 2.7694104584862607
7 186 2.752090256432758
7 187 2.7404513936854302
7 188 2.7308179921923417
7 189 2.725686321534937
7 190 2.7228413953312596
7 191 2.7250716516008424
7 192 2.7331203288337793
7 193 2.7442561940058043
7 194 2.7477680228672683
7 195 2.7542703662171877
7 196 2.766527820061104
7 197 2.772864191953672
7 198 2.7683775084752504
7 199 2.738804668949687
7 200 2.7135171995551364
7 201 2.6940796759069294
7 202 2.680625324873978
7 203 2.668986293910128
7 204 2.653901754147582
7 205 2.6451838158454795
7 206 2.6428980459942424
7 207 2.645385171461559
7 208 2.638634519765384
7 209 2.6345452887193415
7 210 2.6343588502213904
7 211 2.6194614451590468
7 212 2.6105896269046087
7 213 2.608061407273681
7 214 2.6118955621504787
7 215 2.6169834910677827
7 216 2.628023639646668
7 217 2.645249756327809
7 218 2.668536327889078
7 219 2.6977202779075715
7 220 2.7282424281529902
7 221 2.7447928543608833
7 222 2.732284285852312
7 223 2.7102305979321164
7 224 2.679258478655575
7 225 2.6543435068588224
7 226 2.626266485644021
7 227 2.602108519401662
7 228 2.581536722046391
7 229 2.5549785104070053
7 230 2.5346966024222994
7 231 2.520848651947023
7 232 2.5095837804210896
7 233 2.497718533527428
7 234 2.487454590941002
7 235 2.483877113371439
7 236 2.4840584325589776
7 237 2.4787200566133887
7 238 2.47222392766031
7 239 2.469251517338398
7 240 2.4666286983078125
7 241 2.4506346352890866
7 242 2.4350109623264724
7 243 2.4254698172303244
7 244 2.4225511735007346
7 245 2.4228699640775444
7 246 2.429956692761586
7 247 2.443749479824985
7 248 2.464132168582955
7 249 2.490936540425841
7 250 2.510900175259397
7 251 2.533349184753169
7 252 2.5622273626290983
7 253 2.59731100369405
7 254 2.6383425470008306
7 255 2.685037119089415
7 256 2.737090875813006
7 257 2.782125233375668
7 258 2.8100667785044964
7 259 2.8307967770647227
7 260 2.8542911880682413
7 261 2.879816039673645
7 262 2.8737152000616955
7 263 2.8483296341163693
7 264 2.816681873818168
7 265 2.7908619396892633
7 266 2.7613444444003816
7 267 2.736203396209819
7 268 2.717323477258097
7 269 2.7048410464354187
7 270 2.6988490573436867
7 271 2.683794154666757
7 272 2.672988235232105
7 273 2.668770543227686
7 274 2.671173932764407
7 275 2.680179815786935
7 276 2.6936472776235685
7 277 2.709135738361405
7 278 2.730988938520506
7 279 2.754486058432117
7 280 2.761909450251395
7 281 2.7748714417748803
7 282 2.7742625483264938
7 283 2.769048822684325
7 284 2.766715132230381
7 285 2.766025351215418
7 286 2.761977492786075
7 287 2.756411959452005
7 288 2.7544042849206947
7 289 2.754504584741927
7 290 2.7603753994989018
7 291 2.7686443034134247
7 292 2.770183420139854
7 293 2.7772298601609404
7 294 2.7897398523536796
7 295 2.807636732916714
7 296 2.828214232435442
7 297 2.838307238954229
7 298 2.8532373241318876
7 299 2.8732409292392136
7 300 2.875438387760953
7 301 2.861341758232217
7 302 2.842632308935323
7 303 2.813418867075245
7 304 2.78945911820995
7 305 2.769427485051328
7 306 2.7521040918003794
7 307 2.740462102159242
7 308 2.7308380734108333
7 309 2.725703671998804
7 310 2.722866220704332
7 311 2.725093465030279
7 312 2.7331391662945124
7 313 2.744269163352918
7 314 2.747793569795048
7 315 2.754292914921477
7 316 2.766547078833231
7 317 2.7728901097367467
7 318 2.768406948740667
7 319 2.7388289454694985
7 320 2.7135387706755574
7 321 2.694098173511852
7 322 2.6806405825482287
7 323 2.669015087232538
7 324 2.653927875106714
7 325 2.6452071398582593
7 326 2.642918365266717
7 327 2.645407479415551
7 328 2.6386538277376266
7 329 2.6345649604198305
7 330 2.6343756535541702
7 331 2.6194856267339466
7 332 2.61061103231635
7 333 2.608079661445619
7 334 2.611910852308607
7 335 2.616998979895889
7 336 2.628035893760264
7 337 2.645258823315642
7 338 2.668542616729553
7 339 2.697723463093152
7 340 2.728257596532543
7 341 2.7448137627372136
7 342 2.732309568816726
7 343 2.710268984706729
7 344 2.679294811605829
7 345 2.6543777620160243
7 346 2.6263101636170925
7 347 2.602143014732477
7 348 2.5815698833914906
7 349 2.555009236645335
7 350 2.534724378307255
7 351 2.5208737935032675
7 352 2.509607617408699
7 353 2.497734218724649
7 354 2.487467391161843
7 355 2.483887103794945
7 356 2.484054086117139
7 357 2.478713279322352
7 358 2.4722188745969884
7 359 2.469243744186679
8 0 2.4637078335021423
8 1 2.4825591329528742
8 2 2.5067672120101188
8 3 2.4982211013004147
8 4 2.4898232856788414
8 5 2.4825433935793604
8 6 2.483766380456829
8 7 2.4828561142747954
8 8 2.480591830888032
8 9 2.4757756280719505
8 10 2.460651838176179
8 11 2.447032934862425
8 12 2.427446462084307
8 13 2.4124488969193396
8 14 2.392014742324103
8 15 2.3807025993892554
8 16 2.378652613758672
8 17 2.3622981129573613
8 18 2.343081046209924
8 19 2.332950650397271
8 20 2.332028923921786
8 21 2.336137770239062
8 22 2.3389861383196417
8 23 2.346417464606082
8 24 2.3630693507312857
8 25 2.388743712480873
8 26 2.4231461290845844
8 27 2.4659015320629365
8 28 2.5165706747845156
8 29 2.5746725296906567
8 30 2.635597604428407
8 31 2.688052937745788
8 32 2.7270284965039404
8 33 2.7462032319005054
8 34 2.7697843457851477
8 35 2.7816034273092143
8 36 2.7836497491269463
8 37 2.7845043138772962
8 38 2.7855315376929166
8 39 2.7937717641858066
8 40 2.7833705112354594
8 41 2.7748171892450295
8 42 2.7682288967486985
8 43 2.7682392455707134
8 44 2.7761251402495195
8 45 2.78796415505115
8 46 2.7889914100674877
8 47 2.7914112069422923
8 48 2.7870971716273907
8 49 2.790633091088069
8 50 2.7889888223033124
8 51 2.791250350862813
8 52 2.8004800547418096
8 53 2.797052783799995
8 54 2.8002825266075337
8 55 2.8111590947902725
8 56 2.8143340349028105
8 57 2.8168507484952534
8 58 2.8198764873712374
8 59 2.81176070596193
8 60 2.771990613083262
8 61 2.736274628922034
8 62 2.7057967481856635
8 63 2.649170667176613
8 64 2.5980647291020125
8 65 2.5540579214730106
8 66 2.5175366552603657
8 67 2.488841125177553
8 68 2.4682541872636667
8 69 2.455985340797738
8 70 2.4521635698000046
8 71 2.4508956741458703
8 72 2.4441162110932377
8 73 2.4409963906210397
8 74 2.445977919391232
8 75 2.4593099035648187
8 76 2.478291047193579
8 77 2.475916905988528
8 78 2.4509369732169146
8 79 2.434145878831363
8 80 2.4257188752791556
8 81 2.4243236229414036
8 82 2.427577844562651
8 83 2.4391368447870745
8 84 2.4588805105054226
8 85 2.486606633409552
8 86 2.5068741135175876
8 87 2.531452328745735
8 88 2.5485714005552937
8 89 2.5679895470639247
8 90 2.5907267198065265
8 91 2.580303538144488
8 92 2.574615978674955
8 93 2.572373877729742
8 94 2.570845701713027
8 95 2.5414803015460423
8 96 2.518526810989177
8 97 2.5032864384462163
8 98 2.495904088021989
8 99 2.4964529263201545
8 100 2.4673139020755523
8 101 2.4280281766388425
8 102 2.3881975265723567
8 103 2.3559742672795956
8 104 2.3316842538440614
8 105 2.3155846516711125
8 106 2.3078517452018086
8 107 2.30857185832334
8 108 2.3177366760314606
8 109 2.329479223238872
8 110 2.3349925734361117
8 111 2.3488959380542265
8 112 2.3710372521845815
8 113 2.3701260089315146
8 114 2.3730754518606254
8 115 2.3842873827730973
8 116 2.3901044347008926
8 117 2.403762215754793
8 118 2.4216840386956364
8 119 2.4386495471150367
8 120 2.463680358634192
8 121 2.4825372497417852
8 122 2.5067476183146207
8 123 2.4982119101415683
8 124 2.4898311247774765
8 125 2.4825538568083805
8 126 2.4837791263314886
8 127 2.482874600525399
8 128 2.480613043062838
8 129 2.475783488141117
8 130 2.460665352518867
8 131 2.4470494474547224
8 132 2.4274693633227953
8 133 2.4124764812831763
8 134 2.3920502074980137
8 135 2.380741458191138
8 136 2.3786949320768014
8 137 2.3623291082499143
8 138 2.3431161644776557
8 139 2.3329898076013067
8 140 2.3320720302826197
8 141 2.3361816298085967
8 142 2.339036852290839
8 143 2.346472484972485
8 144 2.3631278692209468
8 145 2.3888056119713923
8 146 2.423211485505795
8 147 2.465969726254036
8 148 2.516642102021423
8 149 2.5747462920615036
8 150 2.635676994604106
8 151 2.6881353306782034
8 152 2.7271001900540233
8 153 2.7462642880625445
8 154 2.7698323956636064
8 155 2.7816409752664684
8 156 2.783664794568891
8 157 2.784509505648473
8 158 2.785540970885748
8 159 2.793785647461271
8 160 2.7833746846855187
8 161 2.774825892857888
8 162 2.7682317444962967
8 163 2.7682467185393733
8 164 2.776137138520966
8 165 2.7879726735640915
8 166 2.789004570285005
8 167 2.7913970104551216
8 168 2.7870877403718217
8 169 2.7906278828739213
8 170 2.7889753066151055
8 171 2.791242134560553
8 172 2.800485127876692
8 173 2.797050004278894
8 174 2.800284791466855
8 175 2.8111660612556566
8 176 2.814337352290611
8 177 2.8168589725881144
8 178 2.8198759413310523
8 179 2.811751890683901
8 180 2.7719717529776333
8 181 2.7362605968348266
8 182 2.705774454699193
8 183 2.6491382127229786
8 184 2.598036818669025
8 185 2.5540350166679215
8 186 2.517518798048362
8 187 2.4888286721476414
8 188 2.468246926779621
8 189 2.4559834880671088
8 190 2.4521669932564443
8 191 2.450880116840384
8 192 2.4441056391027463
8 193 2.440993215211072
8 194 2.4459805096929736
8 195 2.4593184703696975
8 196 2.4782866483330883
8 197 2.4758881088359055
8 198 2.450912525030605
8 199 2.4341267788849956
8 200 2.425705026898403
8 201 2.424327541271957
8 202 2.427586884101528
8 203 2.4391508703969422
8 204 2.4588988734010577
8 205 2.486629752057661
8 206 2.5069069470362586
8 207 2.5314920446352005
8 208 2.548603134906072
8 209 2.5680252808790565
8 210 2.590752812304239
8 211 2.5803000692660216
8 212 2.574616206070674
8 213 2.572384963885537
8 214 2.5708613386004417
8 215 2.541489207084582
8 216 2.5185399694649684
8 217 2.5033032456303186
8 218 2.4959253619588258
8 219 2.496477843206361
8 220 2.467334967585434
8 221 2.428039546074289
8 222 2.388212686584725
8 223 2.3559934762250805
8 224 2.3317073061496996
8 225 2.3156111936084582
8 226 2.3078815838348894
8 227 2.308605003162251
8 228 2.3177730642886623
8 229 2.329481662140136
8 230 2.334997828521623
8 231 2.348903424313837
8 232 2.371046936001466
8 233 2.370125945102223
8 234 2.3730775123805565
8 235 2.384291554348496
8 236 2.39011373086831
8 237 2.4037732333836788
8 238 2.421677683275988
8 239 2.4386445253865046
8 240 2.4636773787323865
8 241 2.482545927225021
8 242 2.506757473439864
8 243 2.4982066845627124
8 244 2.489814167616015
8 245 2.4825376606081067
8 246 2.483764174088608
8 247 2.482852794634861
8 248 2.480592565243545
8 249 2.4757668636504286
8 250 2.460636589284374
8 251 2.447021278967593
8 252 2.4274296457972477
8 253 2.412449003866945
8 254 2.392031102641881
8 255 2.3807225438382558
8 256 2.3786763973501586
8 257 2.3623180650731106
8 258 2.343104664946639
8 259 2.3329780326061926
8 260 2.332059363931076
8 261 2.3361482020956195
8 262 2.339007582286509
8 263 2.346442393619666
8 264 2.3630971284143376
8 265 2.388774442669045
8 266 2.4231797764876117
8 267 2.465937392592803
8 268 2.516609032631847
8 269 2.5747126044088926
8 270 2.635633625393337
8 271 2.688091671981104
8 272 2.7270625981544865
8 273 2.746232650092766
8 274 2.7698139297954194
8 275 2.7816131125133428
8 276 2.783631726568937
8 277 2.7844875455896485
8 278 2.785509584630862
8 279 2.7937527633324204
8 280 2.7833452334904876
8 281 2.7747940306470027
8 282 2.768200778929738
8 283 2.7682131995075596
8 284 2.7761019778553595
8 285 2.7879443083243713
8 286 2.7889737239714347
8 287 2.7913701314835357
8 288 2.787058666683849
8 289 2.790596751748775
8 290 2.7889454965399607
8 291 2.7912096347297837
8 292 2.800468041977898
8 293 2.7970357612647567
8 294 2.80026721363751
8 295 2.8111457451578272
8 296 2.8143367806596897
8 297 2.8168558000596158
8 298 2.819881267572993
8 299 2.811776603645162
8 300 2.7720016035122654
8 301 2.7362881714884746
8 302 2.7057995297064363
8 303 2.6491653691852313
8 304 2.598061031169245
8 305 2.55405637424267
8 306 2.51753672501967
8 307 2.488843245765078
8 308 2.468257884133639
8 309 2.4559907456996566
8 310 2.4521705070126756
8 311 2.450908909868652
8 312 2.444131032469214
8 313 2.4410257510400752
8 314 2.446008777983876
8 315 2.4593426137493477
8 316 2.478308112865575
8 317 2.475920083743429
8 318 2.4509411099033414
8 319 2.4341510414393204
8 320 2.4257253681901667
8 321 2.4243448012717765
8 322 2.427600092121095
8 323 2.4391600561692712
8 324 2.4589036887083906
8 325 2.4866305042298897
8 326 2.506917763424879
8 327 2.531504819404176
8 328 2.54862230206664
8 329 2.5680403404805543
8 330 2.590768568761374
8 331 2.5803073159057655
8 332 2.5746197423155395
8 333 2.572403015665636
8 334 2.5708746533662175
8 335 2.541521427018025
8 336 2.518568095751491
8 337 2.5033274616194094
8 338 2.4959449919554633
8 339 2.496493028249337
8 340 2.467365178818357
8 341 2.4280792437821055
8 342 2.388248644130273
8 343 2.356025368496265
8 344 2.331734928044093
8 345 2.3156340796392407
8 346 2.30789978057247
8 347 2.3086181523467
8 348 2.317781341286034
8 349 2.3294711012701623
8 350 2.334982615806213
8 351 2.3488838871778603
8 352 2.3710232471625683
8 353 2.3701273526132374
8 354 2.3730749187818816
8 355 2.3842845419053176
8 356 2.390113854902041
8 357 2.4037688010763762
8 358 2.421658945066182
8 359 2.4386211703419165
9 0 2.390094147288845
9 1 2.392761077617299
9 2 2.4053330228811025
9 3 2.42765142623996
9 4 2.434859492200697
9 5 2.423016499593984
9 6 2.4133149611165643
9 7 2.4073243591917644
9 8 2.398037996629318
9 9 2.3983567417522282
9 10 2.40328854836865
9 11 2.4046414690113966
9 12 2.406516558858954
9 13 2.4123999792093946
9 14 2.426187946206479
9 15 2.4404484435288643
9 16 2.453636859253912
9 17 2.4457711315448156
9 18 2.4339211551628566
9 19 2.4315118840478065
9 20 2.438572353325142
9 21 2.4550182030415
9 22 2.4700740422381675
9 23 2.4813033379165157
9 24 2.4815427658082916
9 25 2.467575946673815
9 26 2.4489335227154294
9 27 2.425294854806247
9 28 2.400740791594872
9 29 2.38536717925649
9 30 2.3793560502602524
9 31 2.3731740967412627
9 32 2.376152599238487
9 33 2.3884270507496232
9 34 2.4075894935981745
9 35 2.4329478371449444
9 36 2.466938838471892
9 37 2.5092018285260407
9 38 2.5593138177002714
9 39 2.6115214107779665
9 40 2.670673900244678
9 41 2.729899454658665
9 42 2.7863436058007856
9 43 2.8402438802683823
9 44 2.8695750231000448
9 45 2.8727989208145
9 46 2.872820294092286
9 47 2.8701412367742734
9 48 2.8669361551944212
9 49 2.85633547024798
9 50 2.832663186187374
9 51 2.793545546411219
9 52 2.756548648317688
9 53 2.719043735572831
9 54 2.6807197620367047
9 55 2.650518054183252
9 56 2.6137837588563393
9 57 2.5782114533057885
9 58 2.551311633832374
9 59 2.5295302427588022
9 60 2.509044185722352
9 61 2.4974669159065837
9 62 2.4922455974914195
9 63 2.478687569109503
9 64 2.47368659745888
9 65 2.4760610874673326
9 66 2.473496270984593
9 67 2.4571476628330515
9 68 2.4491406828243956
9 69 2.445473536418939
9 70 2.4507170182184383
9 71 2.462271785973293
9 72 2.4801210701787264
9 73 2.5025968626723207
9 74 2.5229069299090967
9 75 2.551406552092985
9 76 2.5785081426647536
9 77 2.5910159716744783
9 78 2.6063630299889478
9 79 2.629761957726505
9 80 2.6546458539571116
9 81 2.684417475850348
9 82 2.712189412678202
9 83 2.723224196019526
9 84 2.733316186581292
9 85 2.736158681171421
9 86 2.7361021141646287
9 87 2.7280663189767713
9 88 2.7206144807061805
9 89 2.701179076572849
9 90 2.6670001455205457
9 91 2.640634630796802
9 92 2.6223261764748265
9 93 2.6122500538816924
9 94 2.6035619104605807
9 95 2.587855863913476
9 96 2.58076792442646
9 97 2.578715004240203
9 98 2.582491406667001
9 99 2.594961975870201
9 100 2.6139155310647313
9 101 2.61758182988949
9 102 2.6253708213830462
9 103 2.6415971055596326
9 104 2.6607727892509545
9 105 2.652512110167489
9 106 2.6324761368062406
9 107 2.5933772734284815
9 108 2.553353502645022
9 109 2.5214600842594774
9 110 2.4980178838915283
9 111 2.483273347801903
9 112 2.477386493717073
9 113 2.474405891400083
9 114 2.4664174372014087
9 115 2.466324594618963
9 116 2.4597644214551084
9 117 2.4293257622265214
9 118 2.4072377694998526
9 119 2.394809663102514
9 120 2.3901024005333493
9 121 2.3927661078065214
9 122 2.4053345676926488
9 123 2.42765028414159
9 124 2.4348602696929094
9 125 2.4230171162680474
9 126 2.4133172478883163
9 127 2.4073371978070752
9 128 2.3980474253619213
9 129 2.39836386437059
9 130 2.403310624854662
9 131 2.404663880725189
9 132 2.4065533936946997
9 133 2.4124340093073604
9 134 2.4262179932499253
9 135 2.440475946872163
9 136 2.4536790273093656
9 137 2.445794198455968
9 138 2.433941685377548
9 139 2.4315303452514367
9 140 2.4385884126792465
9 141 2.45503266257665
9 142 2.470090935541798
9 143 2.4813184431679467
9 144 2.481547639567705
9 145 2.4675794409183567
9 146 2.4489370360363867
9 147 2.425300786564476
9 148 2.4007450490712046
9 149 2.3853701163798293
9 150 2.379358197262659
9 151 2.3731767527768133
9 152 2.376154199299425
9 153 2.388427846726876
9 154 2.407572328496883
9 155 2.432930065590775
9 156 2.4669210178383603
9 157 2.5091837329907265
9 158 2.5592962443124985
9 159 2.6115085745088606
9 160 2.670661255729181
9 161 2.7299034045632347
9 162 2.7863360468199474
9 163 2.840236328557637
9 164 2.8695727766614056
9 165 2.8727999910250617
9 166 2.8728216302827696
9 167 2.8701306855148654
9 168 2.8669259411159693
9 169 2.856329497552682
9 170 2.83267194116109
9 171 2.79354055982194
9 172 2.7565445348142537
9 173 2.7190435638405015
9 174 2.68072065467151
9 175 2.650520484601806
9 176 2.613789093877439
9 177 2.5782180991691637
9 178 2.55132027140878
9 179 2.5295224812217043
9 180 2.5090381033803406
9 181 2.497462958980959
9 182 2.4922293779922513
9 183 2.4786611866964456
9 184 2.4736623431170353
9 185 2.476021948572375
9 186 2.4734629290077224
9 187 2.4571168785109245
9 188 2.4491158380107616
9 189 2.445451716661173
9 190 2.450697603423627
9 191 2.4622578487028632
9 192 2.4801102636031573
9 193 2.5025958697356443
9 194 2.522908921042624
9 195 2.5514115509863773
9 196 2.578518545499929
9 197 2.591012302577739
9 198 2.6063627615321265
9 199 2.6297649907541687
9 200 2.654655676220056
9 201 2.6844311495712523
9 202 2.7121921107996405
9 203 2.7232203857718655
9 204 2.733304385319195
9 205 2.7361505923879856
9 206 2.736079687871767
9 207 2.7280500807219776
9 208 2.7206020493802687
9 209 2.7011669217220775
9 210 2.6669917542765984
9 211 2.6406304432003895
9 212 2.6223263993789465
9 213 2.612254694192036
9 214 2.6035756444200513
9 215 2.587873589193255
9 216 2.5807897663341515
9 217 2.5787266231773316
9 218 2.582507364419668
9 219 2.5949820805295394
9 220 2.6139246324133687
9 221 2.617587573428658
9 222 2.625381326101118
9 223 2.6416119165950653
9 224 2.6607917731638486
9 225 2.652503819046438
9 226 2.632453016355708
9 227 2.5933450286494164
9 228 2.5533256694253086
9 229 2.52143642750985
9 230 2.49799876944338
9 231 2.483259145246802
9 232 2.4773772315409905
9 233 2.474387772635529
9 234 2.4664079059872797
9 235 2.4663201866092814
9 236 2.459745588156452
9 237 2.429302711344739
9 238 2.4072191765250364
9 239 2.394795698136786
9 240 2.3900773558418367
9 241 2.392746147990519
9 242 2.4053198603729253
9 243 2.4276403592709905
9 244 2.4348395961227944
9 245 2.4229930465738425
9 246 2.413304089085522
9 247 2.4073148051290434
9 248 2.3980299915867698
9 249 2.3983509132782626
9 250 2.4033048662120833
9 251 2.4046703230380686
9 252 2.406568933925598
9 253 2.412453793851661
9 254 2.4262265217652255
9 255 2.4404886605742955
9 256 2.4536621430704253
9 257 2.4457693127404028
9 258 2.433921489959977
9 259 2.4315141831185154
9 260 2.438576772876178
9 261 2.4550254403800995
9 262 2.470074260640053
9 263 2.4813057208604286
9 264 2.481533865286938
9 265 2.4675692927144004
9 266 2.4489089508210595
9 267 2.425286098407002
9 268 2.4007344383670293
9 269 2.3853631995954925
9 270 2.379354986129312
9 271 2.3731622064258056
9 272 2.376143443023281
9 273 2.3884206683704714
9 274 2.4075635149989125
9 275 2.432925102859081
9 276 2.466919140209177
9 277 2.5091848394337717
9 278 2.559300284180752
9 279 2.611522179423259
9 280 2.670677248798695
9 281 2.7299286901447832
9 282 2.7863643124544164
9 283 2.8402482638948654
9 284 2.869578692157491
9 285 2.8728082706052653
9 286 2.8728323598577656
9 287 2.8701468179919414
9 288 2.866944238201753
9 289 2.856341757254035
9 290 2.8326733609200505
9 291 2.7935349700116605
9 292 2.756541046188148
9 293 2.7190294419178236
9 294 2.6807082053705056
9 295 2.6505093559405624
9 296 2.6137683339937574
9 297 2.5781986427080867
9 298 2.551302099011739
9 299 2.5295004887164936
9 300 2.5090175326757
9 301 2.4974432587930906
9 302 2.492220448095288
9 303 2.478653366173129
9 304 2.4736552907359677
9 305 2.4760122390280825
9 306 2.473450316169033
9 307 2.4571051191853197
9 308 2.44911174520239
9 309 2.4454481096866183
9 310 2.45069435338571
9 311 2.4622650250686493
9 312 2.4801177213324848
9 313 2.5026125836661826
9 314 2.522925707021842
9 315 2.5514283689523505
9 316 2.5785101136450397
9 317 2.591018195990092
9 318 2.6063683991148583
9 319 2.6297702066007043
9 320 2.654668983241564
9 321 2.6844433527294935
9 322 2.712208321093962
9 323 2.7232459629859616
9 324 2.7333333428873052
9 325 2.736178665118289
9 326 2.736103845207382
9 327 2.7280840150558814
9 328 2.720635142916148
9 329 2.701207705773388
9 330 2.6670323790649344
9 331 2.6406702105709257
9 332 2.622365076744134
9 333 2.6122923391408355
9 334 2.603590986127302
9 335 2.587887901704011
9 336 2.5808030479135247
9 337 2.578732169883574
9 338 2.582511754793446
9 339 2.5949849443690947
9 340 2.613921876521933
9 341 2.617603421245195
9 342 2.625395294023077
9 343 2.641624017570239
9 344 2.6607963066258593
9 345 2.65249439085318
9 346 2.6324383367500914
9 347 2.5933395054229424
9 348 2.5533180184257684
9 349 2.521426448361939
9 350 2.4979867097012587
9 351 2.483244792463949
9 352 2.477360687743238
9 353 2.474370164673129
9 354 2.4663965290941468
9 355 2.4663065008662532
9 356 2.459734090709049
9 357 2.429297624832262
9 358 2.407211368153521
9 359 2.394784859485272
10 0 2.631256733534661
10 1 2.594738578062766
10 2 2.563202492705237
10 3 2.5368442704633076
10 4 2.509960719762005
10 5 2.4811321615482678
10 6 2.4577409573615956
10 7 2.4399505913909243
10 8 2.427889716506251
10 9 2.4216473899262945
10 10 2.4212708037816215
10 11 2.4267628335592373
10 12 2.438081597284057
10 13 2.438840140975418
10 14 2.430171312692439
10 15 2.4066708684419713
10 16 2.388263082384082
10 17 2.375846931866384
10 18 2.359927186319245
10 19 2.346721919135689
10 20 2.339421172377467
10 21 2.3380823707466507
10 22 2.3427159803894573
10 23 2.353285717465894
10 24 2.3670439280687656
10 25 2.3818014851024243
10 26 2.4019980932421015
10 27 2.4173733514007827
10 28 2.4276321135699157
10 29 2.4431438057223644
10 30 2.4622788187391516
10 31 2.471786562685286
10 32 2.481924379026858
10 33 2.4823556524419623
10 34 2.4871378157607427
10 35 2.488665581182649
10 36 2.48693101640301
10 37 2.490445280896481
10 38 2.499185277398712
10 39 2.513094035154348
10 40 2.5248154033655146
10 41 2.536694601869921
10 42 2.548028591024143
10 43 2.564225275413663
10 44 2.585188897294174
10 45 2.610798261698598
10 46 2.640909738167664
10 47 2.675150255096441
10 48 2.7014986181072715
10 49 2.7289260182859914
10 50 2.7519023883671765
10 51 2.770097969630398
10 52 2.780351226922612
10 53 2.7853034807475576
10 54 2.7880404689237475
10 55 2.795338955526916
10 56 2.8023654256957937
10 57 2.804519313177105
10 58 2.801859783597152
10 59 2.8026623030651243
10 60 2.7924826433089054
10 61 2.761764355607046
10 62 2.735248713184416
10 63 2.7135156021852764
10 64 2.691215363495096
10 65 2.6670136243159384
10 66 2.6401783236072807
10 67 2.598008455215235
10 68 2.5602894339748654
10 69 2.5272322868722177
10 70 2.4990320700810824
10 71 2.475863567293886
10 72 2.4578765668231446
10 73 2.444204617818684
10 74 2.4357944512800866
10 75 2.4329688863107104
10 76 2.435747566715638
10 77 2.4441109761068716
10 78 2.440215581021026
10 79 2.4238044383986876
10 80 2.4048481496768686
10 81 2.3914622818292584
10 82 2.3829379586876613
10 83 2.3761946685362556
10 84 2.37512181003162
10 85 2.3780617796696113
10 86 2.3702480535051427
10 87 2.3649359317513894
10 88 2.3650623079387563
10 89 2.3706260544900055
10 90 2.3815237831595875
10 91 2.396406464840484
10 92 2.4137181920348523
10 93 2.428670412724149
10 94 2.448631527096528
10 95 2.471482865212185
10 96 2.4922621319799596
10 97 2.5112305327207594
10 98 2.5280609216248724
10 99 2.5386662544136827
10 100 2.554450732487188
10 101 2.5753151938861185
10 102 2.601130540482035
10 103 2.631744203129074
10 104 2.666981408198507
10 105 2.7066506059708106
10 106 2.7471289798481022
10 107 2.7520048582320187
10 108 2.7590534504099287
10 109 2.7695096537521047
10 110 2.777469067842808
10 111 2.776868151303543
10 112 2.767289015508963
10 113 2.757909795369955
10 114 2.746327499977293
10 115 2.7273305663107235
10 116 2.7131312898440587
10 117 2.7020538946836465
10 118 2.6857045798521226
10 119 2.665943296481122
10 120 2.6313041284666525
10 121 2.594784529237733
10 122 2.563247033235551
10 123 2.5368871902542307
10 124 2.5100049747549553
10 125 2.481175355621809
10 126 2.457782807291661
10 127 2.439991425121391
10 128 2.4279289107773656
10 129 2.4216849925832302
10 130 2.4213067318049375
10 131 2.426796966641991
10 132 2.438114036556261
10 133 2.4388777285154872
10 134 2.430193840468936
10 135 2.4067137754911134
10 136 2.3883049105091363
10 137 2.3758882462549784
10 138 2.3599537140983435
10 139 2.346748053482132
10 140 2.3394463123631613
10 141 2.338106925963545
10 142 2.342740158889182
10 143 2.353309541456647
10 144 2.367046411497712
10 145 2.381803674237801
10 146 2.4019995627015565
10 147 2.417360477452252
10 148 2.427619119955237
10 149 2.4431306717220944
10 150 2.4622480960996533
10 151 2.471756383270639
10 152 2.4818943321080678
10 153 2.4823202337965293
10 154 2.4871023486833286
10 155 2.4886348568182117
10 156 2.4869006465865913
10 157 2.490416206742963
10 158 2.4991570838244925
10 159 2.5130670025882083
10 160 2.5247958838416014
10 161 2.5366774146433264
10 162 2.5480122722260257
10 163 2.564210148785635
10 164 2.5851745144175333
10 165 2.610784743453743
10 166 2.6408979924451534
10 167 2.6751446446759988
10 168 2.7014944082837666
10 169 2.728922813566055
10 170 2.751889035197144
10 171 2.7700868254872932
10 172 2.780352558137457
10 173 2.7853077450978057
10 174 2.788047003885867
10 175 2.7953471113883612
10 176 2.802388337562636
10 177 2.8045304070699393
10 178 2.8018726745804776
10 179 2.8026945110657935
10 180 2.7924977048167086
10 181 2.7617770815713785
10 182 2.735263982738404
10 183 2.713533436569412
10 184 2.6912208071617614
10 185 2.667021321085475
10 186 2.6401605805088555
10 187 2.597992613393675
10 188 2.560275474445722
10 189 2.527220283317998
10 190 2.4990228966071517
10 191 2.4758568385631956
10 192 2.4578726040198404
10 193 2.4441981328013793
10 194 2.435790515862973
10 195 2.432967558029282
10 196 2.435749481660796
10 197 2.4441155494191356
10 198 2.4401753573301974
10 199 2.423764978198043
10 200 2.4048112305880562
10 201 2.3914279593133196
10 202 2.3829023216811
10 203 2.3761622146572843
10 204 2.375092623680686
10 205 2.378043322020255
10 206 2.3702107482286063
10 207 2.364901913629459
10 208 2.3650313394485933
10 209 2.3705984853325037
10 210 2.3815057995455082
10 211 2.3963924175021947
10 212 2.4136961732554245
10 213 2.4286521340058007
10 214 2.448616566310189
10 215 2.4714568360950464
10 216 2.492239632911314
10 217 2.511214983143478
10 218 2.5280436421752563
10 219 2.538651924017857
10 220 2.5544394304637494
10 221 2.5753070783763814
10 222 2.6011254935339636
10 223 2.6317423374091105
10 224 2.6669822674818238
10 225 2.7066550150049133
10 226 2.7471384370528056
10 227 2.751990405897759
10 228 2.7590418379004915
10 229 2.769513310476366
10 230 2.777482632025857
10 231 2.7768844997523634
10 232 2.767297891022969
10 233 2.7579167091925143
10 234 2.7463244462046594
10 235 2.7273306986933217
10 236 2.7131345459929643
10 237 2.7020475293674044
10 238 2.6857012152184883
10 239 2.6659446608378468
10 240 2.6312936774325117
10 241 2.5947768501919333
10 242 2.5632423866347565
10 243 2.5368858299814967
10 244 2.5099905664354543
10 245 2.4811639585564893
10 246 2.4577739558845533
10 247 2.4399851982407084
10 248 2.4279257293505014
10 249 2.4216851416608356
10 250 2.4213099982058424
10 251 2.426803146915738
10 252 2.438123300266286
10 253 2.4388763831703177
10 254 2.4301993323273994
10 255 2.406705996774092
10 256 2.388299678002908
10 257 2.375885272899756
10 258 2.35995904049328
10 259 2.3467558132590334
10 260 2.3394574162707626
10 261 2.3381206387499662
10 262 2.342756446200506
10 263 2.353327832211025
10 264 2.3670629383876682
10 265 2.38182212289975
10 266 2.402020721365454
10 267 2.417388286855571
10 268 2.427648462861262
10 269 2.4431621899051152
10 270 2.462285230106464
10 271 2.4717952681903945
10 272 2.481925540819735
10 273 2.482350045308134
10 274 2.4871337875746513
10 275 2.4886783597978814
10 276 2.486946187620782
10 277 2.4904625551011876
10 278 2.49920503464104
10 279 2.513116468503794
10 280 2.524853871893918
10 281 2.5367208191238264
10 282 2.548056817783006
10 283 2.564255823572576
10 284 2.5852208326680355
10 285 2.610831164957213
10 286 2.640944310051998
10 287 2.6752035216020618
10 288 2.701553794537024
10 289 2.7289689170739435
10 290 2.751938467510927
10 291 2.770125257124967
10 292 2.780379441399536
10 293 2.7853248668913695
10 294 2.7880646700749474
10 295 2.795365560991691
10 296 2.802392240700779
10 297 2.804539136868614
10 298 2.8018821777185368
10 299 2.802710284057997
10 300 2.7925021915350126
10 301 2.761762270621824
10 302 2.7352490429812786
10 303 2.713518567150072
10 304 2.6912064808978795
10 305 2.6670072117793797
10 306 2.64016352363371
10 307 2.597995546091054
10 308 2.560278539669927
10 309 2.5272236866504225
10 310 2.4990255553815195
10 311 2.4758592077546306
10 312 2.4578748060557327
10 313 2.4441766540453385
10 314 2.435768869352355
10 315 2.432945369391314
10 316 2.4357271793400472
10 317 2.444093037978275
10 318 2.4401752121459857
10 319 2.423756925374377
10 320 2.40480308870741
10 321 2.3914190472077514
10 322 2.3828756071623283
10 323 2.3761348994232514
10 324 2.375064760266711
10 325 2.378037814253198
10 326 2.3701993125267746
10 327 2.3648893171610954
10 328 2.365018033266592
10 329 2.370584617506755
10 330 2.381515631580013
10 331 2.3964007217880625
10 332 2.4137162671031507
10 333 2.428670905602572
10 334 2.448634366930154
10 335 2.471487002219762
10 336 2.4922683392604497
10 337 2.511253255861766
10 338 2.5280568307518902
10 339 2.538663826466892
10 340 2.5544504380133826
10 341 2.575316564220537
10 342 2.601133970674869
10 343 2.6317495395471555
10 344 2.666988552741123
10 345 2.7066598249677223
10 346 2.7471386421090846
10 347 2.7520033131140225
10 348 2.7590531112142163
10 349 2.7695235108422636
10 350 2.777491305532341
10 351 2.7768917899170864
10 352 2.76732689938299
10 353 2.7579274493971995
10 354 2.746345256379612
10 355 2.7273493518040204
10 356 2.713151994277987
10 357 2.7020635318369592
10 358 2.6857015252017375
10 359 2.665931419872769
11 0 2.7282582037549683
11 1 2.7670615198308957
11 2 2.79051289564501
11 3 2.8136949328332905
11 4 2.813490922143882
11 5 2.8070006627091786
11 6 2.7976084928970235
11 7 2.7827007169935567
11 8 2.77228087386908
11 9 2.7664035765627037
11 10 2.765098938423806
11 11 2.768373702389046
11 12 2.77621106966831
11 13 2.7873420942742246
11 14 2.78562900430511
11 15 2.7883249014786253
11 16 2.790976337693973
11 17 2.788206131361853
11 18 2.7893883284831795
11 19 2.788675814057926
11 20 2.7828888169056096
11 21 2.778929180469546
11 22 2.7508587142200582
11 23 2.72564682639788
11 24 2.704412645205756
11 25 2.6872573037817626
11 26 2.6742643282717466
11 27 2.6639425728992956
11 28 2.653769394795253
11 29 2.6435423050321787
11 30 2.622525281880242
11 31 2.6025611889808427
11 32 2.584768253526019
11 33 2.5712166104187317
11 34 2.561977731470839
11 35 2.557101572876391
11 36 2.547491376832486
11 37 2.5368298960567643
11 38 2.5221715088997083
11 39 2.5080356594874678
11 40 2.4982937079909333
11 41 2.493000216569823
11 42 2.4921854125585723
11 43 2.4958540040765276
11 44 2.5039848864113874
11 45 2.516532077265162
11 46 2.533426509551996
11 47 2.5423567819823334
11 48 2.533887760066738
11 49 2.5190582213051873
11 50 2.5081675720660566
11 51 2.501270555159977
11 52 2.4979859414408714
11 53 2.493581556992089
11 54 2.4930772385911824
11 55 2.4941640344745606
11 56 2.4879729416930854
11 57 2.4756805102639303
11 58 2.467909636942032
11 59 2.464705079721572
11 60 2.4660858711125195
11 61 2.4720438185626628
11 62 2.4825443296088525
11 63 2.4975266305867745
11 64 2.516906372295423
11 65 2.523400652387865
11 66 2.524989925283199
11 67 2.517542802560514
11 68 2.513590004648417
11 69 2.513054640305746
11 70 2.5145155236481926
11 71 2.5204560901356667
11 72 2.529727769450124
11 73 2.5299293128252938
11 74 2.5347031605665684
11 75 2.5439334772344955
11 76 2.552907277749372
11 77 2.566238821480401
11 78 2.5838564110169577
11 79 2.6056678191147973
11 80 2.631561903418453
11 81 2.656568816675411
11 82 2.6851609249695847
11 83 2.7069947311569287
11 84 2.7298186560382787
11 85 2.7550123602637524
11 86 2.774933775197407
11 87 2.791110824380952
11 88 2.7902618295266444
11 89 2.7913769733962264
11 90 2.7883800309810787
11 91 2.7823414726945073
11 92 2.7793124704632985
11 93 2.7802946353646614
11 94 2.7719287715685486
11 95 2.740760871281785
11 96 2.712943006766783
11 97 2.6874916579470427
11 98 2.6646178128827427
11 99 2.632989831962179
11 100 2.603648068631471
11 101 2.5785870727686535
11 102 2.5579399210170184
11 103 2.5418211900498937
11 104 2.5303216421254167
11 105 2.523508331678567
11 106 2.5214214538659236
11 107 2.5158986853135046
11 108 2.506933835069512
11 109 2.5027223994147825
11 110 2.5019745007580925
11 111 2.5038051849517586
11 112 2.5105770102179976
11 113 2.5222480101968885
11 114 2.5387470961081484
11 115 2.5599761741683005
11 116 2.585812091606703
11 117 2.616111209542153
11 118 2.6507108332461566
11 119 2.688887196470992
11 120 2.7282807197752765
11 121 2.7670907918545424
11 122 2.7905320564756577
11 123 2.813692925447379
11 124 2.8135000755947566
11 125 2.8069843351162875
11 126 2.7976005333764906
11 127 2.7826946967139397
11 128 2.7722769083194043
11 129 2.766401231731854
11 130 2.765097983090143
11 131 2.7683739212298524
11 132 2.7762126908885048
11 133 2.7873403743448506
11 134 2.785617955358849
11 135 2.788315180264944
11 136 2.7909835634498306
11 137 2.7882150621769446
11 138 2.789398440086845
11 139 2.7886760222237763
11 140 2.7828905122611443
11 141 2.7789262641995167
11 142 2.7508589777233596
11 143 2.725648291824804
11 144 2.7044157101506388
11 145 2.6872614334653924
11 146 2.674269887096966
11 147 2.6639606675251106
11 148 2.6537795827934487
11 149 2.6435403938575535
11 150 2.622507721511557
11 151 2.6025407970141026
11 152 2.5847486140579843
11 153 2.571197755590239
11 154 2.561959816857761
11 155 2.5570843434139796
11 156 2.547477654666743
11 157 2.5368170509685126
11 158 2.5221677258239152
11 159 2.5080321808728887
11 160 2.498290703657838
11 161 2.492997688007761
11 162 2.492183409396725
11 163 2.495852571610476
11 164 2.5039836285453196
11 165 2.5165313367160103
11 166 2.5334259685518346
11 167 2.54236681419518
11 168 2.5339072209894438
11 169 2.519077856254301
11 170 2.508187645321662
11 171 2.5012908629387307
11 172 2.498002843026919
11 173 2.4935979603056797
11 174 2.4931004248030697
11 175 2.494187572839569
11 176 2.4879987787080915
11 177 2.4757064987521464
11 178 2.4679357119227205
11 179 2.464731181887323
11 180 2.4661118235893777
11 181 2.4720692830495508
11 182 2.48256946421475
11 183 2.497551798508349
11 184 2.5169310533498757
11 185 2.52343475614695
11 186 2.525022853516336
11 187 2.5175797517189853
11 188 2.513626346448067
11 189 2.513095642588184
11 190 2.514556136410398
11 191 2.520496206227937
11 192 2.529770481706081
11 193 2.5299716362089786
11 194 2.5347451408283836
11 195 2.5439603259728
11 196 2.552933791775162
11 197 2.566264479750875
11 198 2.583881373208706
11 199 2.6056919007197497
11 200 2.631585434321819
11 201 2.6566002773821977
11 202 2.6851915464884812
11 203 2.7070342895808186
11 204 2.7298572635495386
11 205 2.755046054795855
11 206 2.7749552223495964
11 207 2.7911301839515663
11 208 2.7902805177458574
11 209 2.7913848313278815
11 210 2.788387075681747
11 211 2.782361397073624
11 212 2.779331610101849
11 213 2.7803125820698598
11 214 2.771943442543581
11 215 2.7407664823671025
11 216 2.7129477914306412
11 217 2.687493438174911
11 218 2.6646186941861507
11 219 2.632993311828086
11 220 2.60365076628254
11 221 2.578588347909925
11 222 2.55794029890191
11 223 2.5418200092958365
11 224 2.530319059651599
11 225 2.523504296937845
11 226 2.5214159608286986
11 227 2.5158981324283918
11 228 2.5069325196014973
11 229 2.502719884277982
11 230 2.5019783580860353
11 231 2.503807996432587
11 232 2.510578268071522
11 233 2.5222482898005643
11 234 2.538746385858186
11 235 2.559974061403617
11 236 2.585808956755428
11 237 2.616106924554702
11 238 2.6507056382646823
11 239 2.688876484412508
11 240 2.7282687735764606
11 241 2.7670914090359067
11 242 2.790532737538206
11 243 2.813695821093573
11 244 2.8135026775186294
11 245 2.8069823288624294
11 246 2.797610283236359
11 247 2.782702937577186
11 248 2.7722837242969116
11 249 2.7664063587786933
11 250 2.7651015403875445
11 251 2.7683763542010986
11 252 2.7762132929092873
11 253 2.7873349822505373
11 254 2.785619515144644
11 255 2.7883149140526124
11 256 2.7909968483060137
11 257 2.7882266163685014
11 258 2.7894086183219042
11 259 2.788702257129845
11 260 2.782914997882166
11 261 2.778957507851357
11 262 2.7508930618644483
11 263 2.7256805298181552
11 264 2.7044459144362394
11 265 2.6872898755951984
11 266 2.6742963721027513
11 267 2.6639739870284047
11 268 2.6537931790488063
11 269 2.6435545096920134
11 270 2.6225138807815025
11 271 2.602537656393943
11 272 2.5847434013102726
11 273 2.5711901764547545
11 274 2.5619499768187173
11 275 2.557072122199065
11 276 2.5474712751711777
11 277 2.536808259536026
11 278 2.5221712333964574
11 279 2.508033644148424
11 280 2.4982900572991564
11 281 2.492994816635405
11 282 2.4921776953960837
11 283 2.495844167296335
11 284 2.5039730808962846
11 285 2.5165185370395076
11 286 2.5334113374985394
11 287 2.542354217766242
11 288 2.5339204604261796
11 289 2.519088915901281
11 290 2.508196111810398
11 291 2.5012968758462066
11 292 2.498015253791362
11 293 2.4936087401778333
11 294 2.493123369762005
11 295 2.4942081282247086
11 296 2.488032908258225
11 297 2.475738300754852
11 298 2.4679647521587667
11 299 2.464757911049115
11 300 2.466136261735211
11 301 2.4720914970227383
11 302 2.48258866220266
11 303 2.49756775594148
11 304 2.5169445620632054
11 305 2.5234497716299806
11 306 2.525026303139998
11 307 2.5175939434611005
11 308 2.5136386587138575
11 309 2.513119025996244
11 310 2.5145773030324987
11 311 2.520514952862603
11 312 2.5297962442624873
11 313 2.529995161464741
11 314 2.534766522740711
11 315 2.5439927368830197
11 316 2.552963885097035
11 317 2.5662922901009266
11 318 2.5839065216788266
11 319 2.605714953123749
11 320 2.6316062439730326
11 321 2.656632777318263
11 322 2.6852217182833624
11 323 2.707064306522913
11 324 2.7298849961067138
11 325 2.755067745436811
11 326 2.7749746224213054
11 327 2.791157722280804
11 328 2.790306187923769
11 329 2.791418025105404
11 330 2.788418428991624
11 331 2.7823945373084893
11 332 2.7793630562184766
11 333 2.7803427826107994
11 334 2.771987998335605
11 335 2.7408119259401422
11 336 2.7129923492058157
11 337 2.6875341628314366
11 338 2.664657811678109
11 339 2.63304137973067
11 340 2.603697579407735
11 341 2.578634230852895
11 342 2.557984856245684
11 343 2.54186360819047
11 344 2.5303620309740666
11 345 2.52354625819612
11 346 2.5214563281992306
11 347 2.5159394547634766
11 348 2.5069724914101
11 349 2.502758427585153
11 350 2.502033886157152
11 351 2.503861999550574
11 352 2.5106309814920054
11 353 2.522299067162522
11 354 2.538795669680078
11 355 2.560021956724871
11 356 2.5858551435293746
11 357 2.616151399666504
11 358 2.6507479749087146
11 359 2.6889149065373865
12 0 2.679640869376291
12 1 2.7215361783567844
12 2 2.743327140777041
12 3 2.7380305082202305
12 4 2.7314382708886233
12 5 2.7333254103486175
12 6 2.7436655143630673
12 7 2.7581080552102306
12 8 2.7809286639773885
12 9 2.8095768178258105
12 10 2.8247902169302503
12 11 2.82033466154883
12 12 2.80057686626401
12 13 2.771144061111327
12 14 2.7321526054595258
12 15 2.6951890692709277
12 16 2.665463621173877
12 17 2.6314462610387097
12 18 2.6047076251341306
12 19 2.5655163169990005
12 20 2.529067560052131
12 21 2.49312724341589
12 22 2.464633357941415
12 23 2.4452428410841525
12 24 2.435178836933225
12 25 2.43136927093953
12 26 2.4276885880479875
12 27 2.4261973013171034
12 28 2.4317212474253402
12 29 2.4465722858652703
12 30 2.4647369113939193
12 31 2.4732859723196734
12 32 2.4859230892639053
12 33 2.5073892952304218
12 34 2.5374549144080083
12 35 2.575808746932807
12 36 2.6099328683816974
12 37 2.5938309486685394
12 38 2.581896649390009
12 39 2.5776206905604595
12 40 2.565929421180721
12 41 2.5599771392705195
12 42 2.5581627279246053
12 43 2.5614744600142747
12 44 2.568658057705684
12 45 2.584113788918885
12 46 2.598876658275159
12 47 2.6023852567486663
12 48 2.6144290621959536
12 49 2.634888125285825
12 50 2.6635616573999807
12 51 2.7001796640873486
12 52 2.734651424454831
12 53 2.7671426545109075
12 54 2.793491526938395
12 55 2.8108253805914276
12 56 2.8331462979951656
12 57 2.8546389396157776
12 58 2.8644518734276843
12 59 2.8655412540379803
12 60 2.8578799276917737
12 61 2.852259004654473
12 62 2.836835464787207
12 63 2.8246454023250287
12 64 2.8094678988012425
12 65 2.7899865714725087
12 66 2.7788362830450524
12 67 2.7566028629099635
12 68 2.728312007152127
12 69 2.6988458538348943
12 70 2.658666120405686
12 71 2.6124457381161856
12 72 2.573050456078916
12 73 2.542449566943345
12 74 2.520973378471352
12 75 2.5073050220541595
12 76 2.4984062790104757
12 77 2.4991886262530563
12 78 2.509641880365672
12 79 2.529643892184668
12 80 2.558964182917486
12 81 2.597278458768482
12 82 2.6240472142266196
12 83 2.6394990433741947
12 84 2.630397692553262
12 85 2.6261474306378423
12 86 2.611035076028789
12 87 2.587714381387278
12 88 2.5729097405387313
12 89 2.5667732311067124
12 90 2.5652708191711
12 91 2.5483393660436815
12 92 2.53908558860837
12 93 2.5390223693280567
12 94 2.5126480895724534
12 95 2.488214482798604
12 96 2.454481329853156
12 97 2.425299869421825
12 98 2.405660102353117
12 99 2.395802977189346
12 100 2.3958519825770415
12 101 2.4058066686933457
12 102 2.407798796378578
12 103 2.4182132462000965
12 104 2.438096026932839
12 105 2.467212356190319
12 106 2.501131285997083
12 107 2.5355432404742793
12 108 2.568110093501647
12 109 2.5784801614035047
12 110 2.5830938213030823
12 111 2.561074221015872
12 112 2.54803336723428
12 113 2.544113972528551
12 114 2.549358870532158
12 115 2.558164608652585
12 116 2.570414663574777
12 117 2.5914998849655673
12 118 2.6135161566377265
12 119 2.6423312847221294
12 120 2.6796453291949933
12 121 2.721542369967847
12 122 2.7433227124112403
12 123 2.7380292653387417
12 124 2.7314367541967606
12 125 2.7333245437233824
12 126 2.7436654865911496
12 127 2.758108415748067
12 128 2.7809292270067836
12 129 2.8095655183205257
12 130 2.824769453503887
12 131 2.820332355612876
12 132 2.8005660926008202
12 133 2.7711241452304027
12 134 2.732134678674638
12 135 2.695157953757101
12 136 2.66543329606738
12 137 2.631415963943305
12 138 2.604678709211753
12 139 2.5654916568863184
12 140 2.52903077660861
12 141 2.493094872886216
12 142 2.464602808230808
12 143 2.4452144449496624
12 144 2.4351526688959115
12 145 2.431350588721134
12 146 2.4276723479773583
12 147 2.4261665506089107
12 148 2.431693555109428
12 149 2.446547272901575
12 150 2.4646956499722212
12 151 2.4732338017190245
12 152 2.485873990617965
12 153 2.5073438679165267
12 154 2.537412974199589
12 155 2.5757709327845086
12 156 2.6098918518357372
12 157 2.5937936412968097
12 158 2.5818468904508873
12 159 2.5775748957860047
12 160 2.565891449267394
12 161 2.5599430151657874
12 162 2.558137771410903
12 163 2.5614598280831884
12 164 2.568647458077195
12 165 2.5841075215481593
12 166 2.598878096098563
12 167 2.6023911099796533
12 168 2.6144394272392875
12 169 2.6349024317531664
12 170 2.663580354378807
12 171 2.7002024629398322
12 172 2.734680784152384
12 173 2.7671761321560076
12 174 2.7935185675557967
12 175 2.810856687262714
12 176 2.833165456821055
12 177 2.8546663977914637
12 178 2.864483871357855
12 179 2.8655466082149057
12 180 2.8578896616462592
12 181 2.852262107341357
12 182 2.836845853362886
12 183 2.82466059634733
12 184 2.809475509500188
12 185 2.7899991256436176
12 186 2.77885571785539
12 187 2.7566140617056125
12 188 2.728328854486487
12 189 2.6988368316160516
12 190 2.6586486707554973
12 191 2.612418878272521
12 192 2.5730291130964025
12 193 2.5424337260269656
12 194 2.5209625448417414
12 195 2.5072832901985693
12 196 2.498390268806683
12 197 2.499177874628521
12 198 2.5096368572778895
12 199 2.529643959104272
12 200 2.5589696071172363
12 201 2.597289252114949
12 202 2.6240508337575448
12 203 2.6394891424152163
12 204 2.6303792536738775
12 205 2.626134162860844
12 206 2.6110017168441617
12 207 2.5876859334382374
12 208 2.5728868500236897
12 209 2.5667553665770626
12 210 2.5652669799979555
12 211 2.5483438873003506
12 212 2.5390952851901116
12 213 2.5390377165342857
12 214 2.512646055531533
12 215 2.488210657118386
12 216 2.4544802295538104
12 217 2.425304215095086
12 218 2.4056698051770393
12 219 2.3958179555745116
12 220 2.3958719594342637
12 221 2.405831648383162
12 222 2.4078133804136836
12 223 2.418232884391157
12 224 2.438120698768267
12 225 2.4672414426279645
12 226 2.501151183824347
12 227 2.5355673908262446
12 228 2.568125955242736
12 229 2.578486457523807
12 230 2.583080941827211
12 231 2.56106575557188
12 232 2.548029440817278
12 233 2.544113963042533
12 234 2.5493630975353616
12 235 2.5581750265909418
12 236 2.5704285591569658
12 237 2.591517364862822
12 238 2.6135225406510023
12 239 2.642341172752226
12 240 2.6796582936912494
12 241 2.7215382649778883
12 242 2.743324141277203
12 243 2.738024770878797
12 244 2.7314352259883363
12 245 2.7333253257460397
12 246 2.7436603890231432
12 247 2.758105919217641
12 248 2.7809293714950303
12 249 2.809570019118256
12 250 2.8247843121898857
12 251 2.820330996933161
12 252 2.8005699877119183
12 253 2.7711338959540486
12 254 2.732129678786828
12 255 2.6951671554215544
12 256 2.665444457984677
12 257 2.6314124349478774
12 258 2.6046763684482706
12 259 2.5654842152681407
12 260 2.5290260472004022
12 261 2.49309914273114
12 262 2.4646080317329986
12 263 2.445220632917831
12 264 2.4351601495694637
12 265 2.431366048015758
12 266 2.4276893865533515
12 267 2.4261794579329097
12 268 2.4317069848922896
12 269 2.4465609192148063
12 270 2.4647047339701667
12 271 2.4732486338062407
12 272 2.4858890980950408
12 273 2.507359031472412
12 274 2.5374278030742965
12 275 2.575785448615119
12 276 2.6099175063508975
12 277 2.5938192708804877
12 278 2.5818801195631953
12 279 2.5776074903235053
12 280 2.565914848189406
12 281 2.559965859310903
12 282 2.5581729500301855
12 283 2.561510828170575
12 284 2.5686976445024614
12 285 2.584155686127445
12 286 2.5989083212238517
12 287 2.6024198724241296
12 288 2.614466878968558
12 289 2.6349281940138214
12 290 2.663604464170833
12 291 2.70022521693335
12 292 2.7347009109825775
12 293 2.767194767774033
12 294 2.793532924822602
12 295 2.810869518954211
12 296 2.8331742831321263
12 297 2.8546640247137285
12 298 2.8644737650136207
12 299 2.865549402127349
12 300 2.8578904931167353
12 301 2.8522549949317195
12 302 2.83684543578614
12 303 2.8246583976949178
12 304 2.8094761676760385
12 305 2.789997543606247
12 306 2.778840814071921
12 307 2.756597323097896
12 308 2.7283097734676574
12 309 2.698822980440897
12 310 2.658641548025932
12 311 2.612420784030369
12 312 2.573027986153412
12 313 2.542429886277893
12 314 2.5209555767052216
12 315 2.507268695256012
12 316 2.4983728257241227
12 317 2.499158124648742
12 318 2.50961415446907
12 319 2.529618539139328
12 320 2.5589413338577844
12 321 2.597258284092343
12 322 2.624025512847608
12 323 2.639463644917881
12 324 2.6303538830789237
12 325 2.626105711074577
12 326 2.6109888955413436
12 327 2.5876702238212927
12 328 2.5728667531816662
12 329 2.566731593931738
12 330 2.565262297024688
12 331 2.548343666557442
12 332 2.5390916660706173
12 333 2.5390302416924655
12 334 2.5126476021855653
12 335 2.4882164283831534
12 336 2.4544766163759384
12 337 2.4252969051468094
12 338 2.4056589537974813
12 339 2.39580282201353
12 340 2.3958534926057897
12 341 2.4058096568663454
12 342 2.4078021099595146
12 343 2.418217680232566
12 344 2.4381012690476767
12 345 2.46721883592312
12 346 2.5011281299258274
12 347 2.53554061542168
12 348 2.5681029551716987
12 349 2.5784722424342705
12 350 2.583084414681172
12 351 2.5610655877945017
12 352 2.5480255086678474
12 353 2.544106157643663
12 354 2.5493507825317336
12 355 2.5581660783188847
12 356 2.570416270363938
12 357 2.5915017942726073
12 358 2.6135078150082425
12 359 2.6423228430696337
13 0 2.92756228983453
13 1 2.9284992532935443
13 2 2.9257409664812752
13 3 2.914722835008009
13 4 2.907083254287027
13 5 2.9024231060096826
13 6 2.8926327908072786
13 7 2.858289765784459
13 8 2.8224371645418453
13 9 2.795582147077949
13 10 2.774587089419954
13 11 2.7495172194933994
13 12 2.7340805456948454
13 13 2.7198549801233045
13 14 2.707560985066309
13 15 2.7048514890061255
13 16 2.7117556370735714
13 17 2.728198987608156
13 18 2.745314516635767
13 19 2.760448103189665
13 20 2.775144781994745
13 21 2.7836447535573665
13 22 2.77905695902457
13 23 2.783722296886839
13 24 2.797593365224592
13 25 2.8013392963766783
13 26 2.7958032078144597
13 27 2.7917375222722245
13 28 2.758500420243718
13 29 2.7340233493726718
13 30 2.69594564246784
13 31 2.6479436960268243
13 32 2.578614174390346
13 33 2.5185840964711748
13 34 2.4685513486971677
13 35 2.4291489001710738
13 36 2.389001333525667
13 37 2.35649647353075
13 38 2.335581767251901
13 39 2.326576619925495
13 40 2.32962145775432
13 41 2.344669157205273
13 42 2.369607075686071
13 43 2.386050659056575
13 44 2.414152000356922
13 45 2.4535025788417464
13 46 2.4948054076141988
13 47 2.5389750555198756
13 48 2.590991758835189
13 49 2.6527306818672516
13 50 2.7046260851129285
13 51 2.757732086776164
13 52 2.817243093210879
13 53 2.8820740358298362
13 54 2.919654064325892
13 55 2.9608891135002344
13 56 2.999948879797356
13 57 3.009267230770033
13 58 2.9992811854858705
13 59 2.99522503850564
13 60 2.978583428876191
13 61 2.9434751213468275
13 62 2.914292013654123
13 63 2.8821927431701413
13 64 2.850330300418908
13 65 2.8146826819807695
13 66 2.7883850638747574
13 67 2.767029346519109
13 68 2.7489181378427854
13 69 2.7397803215104957
13 70 2.7372351200702876
13 71 2.734587165558401
13 72 2.734146223992126
13 73 2.742988659608014
13 74 2.754264415890734
13 75 2.7755470494392487
13 76 2.8015129017132474
13 77 2.8264390836597193
13 78 2.8371705989751743
13 79 2.8313384825599854
13 80 2.8127314336223264
13 81 2.801059755602968
13 82 2.791611969235994
13 83 2.783053330272649
13 84 2.7843681498507244
13 85 2.795541326315335
13 86 2.8015679210548057
13 87 2.797258899609851
13 88 2.773488553419917
13 89 2.7575029015248758
13 90 2.7498945475973002
13 91 2.7327808491719954
13 92 2.7185394446752253
13 93 2.6907220623914694
13 94 2.6629708642294436
13 95 2.6448401205539374
13 96 2.6365341675967873
13 97 2.638147677863336
13 98 2.649662330199557
13 99 2.670946103586965
13 100 2.7012311252069257
13 101 2.7018181932417793
13 102 2.6764247855479257
13 103 2.660153948460331
13 104 2.653177722674399
13 105 2.6544139726316778
13 106 2.6469867321150393
13 107 2.638767927626234
13 108 2.6347127741605605
13 109 2.6297416852937143
13 110 2.633579606402968
13 111 2.647622813482716
13 112 2.6661060686584026
13 113 2.6853546026913193
13 114 2.714750629224675
13 115 2.7539599917268958
13 116 2.8025598323365988
13 117 2.847869702559631
13 118 2.8837225272611198
13 119 2.9083847426415708
13 120 2.9275751496880478
13 121 2.92851936694565
13 122 2.9257635287949686
13 123 2.9147600416938886
13 124 2.9071203220492334
13 125 2.9024461312669496
13 126 2.8926421509833276
13 127 2.858274636120066
13 128 2.822420004123576
13 129 2.7955650793686235
13 130 2.774555210771047
13 131 2.7494854551375933
13 132 2.734048618615927
13 133 2.71979487084669
13 134 2.707501828102842
13 135 2.7047933718948833
13 136 2.7116987537315276
13 137 2.7281440752116497
13 138 2.745263110257935
13 139 2.760401371875608
13 140 2.775099235721701
13 141 2.7836063322044424
13 142 2.7790206698177897
13 143 2.783688357304971
13 144 2.7975617276132008
13 145 2.801334845127576
13 146 2.7957870160033087
13 147 2.791727324028044
13 148 2.7584805161307715
13 149 2.734005801214978
13 150 2.695936565104659
13 151 2.647920307579455
13 152 2.578593510362701
13 153 2.5185665311202925
13 154 2.4685365982523715
13 155 2.429137409955021
13 156 2.3889739112444324
13 157 2.356472581072951
13 158 2.335562172894666
13 159 2.3265610533913392
13 160 2.329610465289893
13 161 2.3446620914179856
13 162 2.3695880392545776
13 163 2.386036462823965
13 164 2.414142973660211
13 165 2.4534986750940533
13 166 2.494811492791654
13 167 2.5389679250496697
13 168 2.590989519787937
13 169 2.6527335863689
13 170 2.7046204985555335
13 171 2.7577312127175273
13 172 2.817251850952818
13 173 2.8820873887019984
13 174 2.9196616590510964
13 175 2.9609014084920475
13 176 2.999967768776146
13 177 3.0092721778806735
13 178 2.999294259929061
13 179 2.995229343775501
13 180 2.9785812624169554
13 181 2.9434816672493223
13 182 2.914314636139531
13 183 2.882220482597709
13 184 2.850328294673675
13 185 2.814686289592315
13 186 2.788394341290125
13 187 2.7670263215222035
13 188 2.7489208370889187
13 189 2.7397773941706585
13 190 2.737238126758305
13 191 2.7345764637431906
13 192 2.7341414021402173
13 193 2.7429707816138524
13 194 2.754252580514269
13 195 2.7755408658909952
13 196 2.8014925596400038
13 197 2.8264081400219965
13 198 2.8371459480242764
13 199 2.831318933909697
13 200 2.812703063986403
13 201 2.8010369124043506
13 202 2.7915877447591937
13 203 2.7830348406472365
13 204 2.7843552048513223
13 205 2.7955344342301482
13 206 2.8015574501470324
13 207 2.797224817154252
13 208 2.7734598047295114
13 209 2.757482524114482
13 210 2.749875447969332
13 211 2.732766733767545
13 212 2.7185150083839553
13 213 2.6906934346164624
13 214 2.6629473646215263
13 215 2.6448223373326845
13 216 2.6365210841033098
13 217 2.638139806841374
13 218 2.649660039366531
13 219 2.6709491824552973
13 220 2.7012501609124198
13 221 2.7018410887795077
13 222 2.6764528885842807
13 223 2.6601870137754378
13 224 2.6532163767150534
13 225 2.6544297256119798
13 226 2.647007324499556
13 227 2.6387770482871216
13 228 2.634726619331457
13 229 2.6297396835451057
13 230 2.633582046873608
13 231 2.6476291642657857
13 232 2.666100869311425
13 233 2.685354012732974
13 234 2.7147541092052268
13 235 2.7539676120168224
13 236 2.802570963154983
13 237 2.8478602927689374
13 238 2.883703689632131
13 239 2.908355825897811
13 240 2.9275565280584557
13 241 2.9284904804942973
13 242 2.9257305759911723
13 243 2.9147331921914734
13 244 2.907078264453903
13 245 2.902412489020981
13 246 2.892606059089403
13 247 2.8582541411271305
13 248 2.8223857060091966
13 249 2.7955330775063207
13 250 2.77452995548503
13 251 2.7494624309608566
13 252 2.734028343051363
13 253 2.7197915533596775
13 254 2.7075007632390067
13 255 2.704794343679738
13 256 2.7117017690583065
13 257 2.728148262735262
13 258 2.745254963954109
13 259 2.760385104699519
13 260 2.7750846792603356
13 261 2.7835930749624955
13 262 2.7790089638107145
13 263 2.7836778987520874
13 264 2.7975522272632425
13 265 2.8013308389936262
13 266 2.7957883881795635
13 267 2.7917213282995883
13 268 2.7584805505919783
13 269 2.7340063619142874
13 270 2.695925501645778
13 271 2.647878674657634
13 272 2.5785510277144628
13 273 2.5185231129767844
13 274 2.468492361427181
13 275 2.429092921461684
13 276 2.388923036132997
13 277 2.3564211463536555
13 278 2.3355098668301655
13 279 2.3265082661261443
13 280 2.329557399601773
13 281 2.344609023993396
13 282 2.369540871792761
13 283 2.3859887025909967
13 284 2.414094810248165
13 285 2.4534501079573943
13 286 2.494777145559813
13 287 2.5389276318000826
13 288 2.5909487026173186
13 289 2.65269216582691
13 290 2.7045877196348087
13 291 2.75769735284052
13 292 2.8172227989549627
13 293 2.8820571162911843
13 294 2.9196443665924994
13 295 2.960882913400534
13 296 2.9999564600279314
13 297 3.0092773962648662
13 298 2.9993041039522823
13 299 2.9952441021850444
13 300 2.9785998750800453
13 301 2.943507751728773
13 302 2.9143709191325677
13 303 2.8822751684689334
13 304 2.8503558270146567
13 305 2.814711812678937
13 306 2.788417103185189
13 307 2.7670401980183144
13 308 2.7489320032702924
13 309 2.7397867742798763
13 310 2.7372442560428047
13 311 2.7345729594246637
13 312 2.734134512452734
13 313 2.7429566607917635
13 314 2.7542350152188
13 315 2.775520035457804
13 316 2.801461473109537
13 317 2.8263787374950238
13 318 2.8371126575578067
13 319 2.831301069569995
13 320 2.8126767307858094
13 321 2.8010073839095844
13 322 2.791577168811933
13 323 2.7830206637942867
13 324 2.784337546367863
13 325 2.7955131374775815
13 326 2.8015595315986745
13 327 2.7972298997816796
13 328 2.773461787010637
13 329 2.7574965861696357
13 330 2.749879200335985
13 331 2.732766436192378
13 332 2.7185064414815816
13 333 2.690691305816645
13 334 2.6629410788704804
13 335 2.6448114080212473
13 336 2.6365061160492287
13 337 2.638121136732352
13 338 2.649637057347621
13 339 2.6709224567270287
13 340 2.701234912528723
13 341 2.7018580473303593
13 342 2.67646571948225
13 343 2.660195861641066
13 344 2.6532213263145583
13 345 2.654447133084236
13 346 2.6470204542822042
13 347 2.63878919467207
13 348 2.6347344107089343
13 349 2.6297351791432226
13 350 2.6335728685082893
13 351 2.6476158065494055
13 352 2.6660855662859957
13 353 2.685333899959947
13 354 2.7147295712466057
13 355 2.7539383468218936
13 356 2.802537697029213
13 357 2.8478391193757946
13 358 2.8836805728674384
13 359 2.9083326232500766
14 0 2.7930753456672712
14 1 2.804092730344767
14 2 2.812999501004859
14 3 2.822916305489368
14 4 2.828960966641833
14 5 2.835225900253339
14 6 2.836793931802112
14 7 2.8425311891674774
14 8 2.8437824631155766
14 9 2.853035999813859
14 10 2.8440203850955346
14 11 2.8258437929975373
14 12 2.810940479499018
14 13 2.79201237369116
14 14 2.773457841327674
14 15 2.7620860102903073
14 16 2.7451631680329585
14 17 2.7128198891961244
14 18 2.659846425346698
14 19 2.593187451151673
14 20 2.528534479693988
14 21 2.4720831464227966
14 22 2.4202153750325888
14 23 2.3767909999296766
14 24 2.3431848848776817
14 25 2.3198338593045045
14 26 2.3070572045014877
14 27 2.2951847639129563
14 28 2.2897797023214315
14 29 2.2952314251161248
14 30 2.311461730098743
14 31 2.3382414226016115
14 32 2.371118824409428
14 33 2.412579336444483
14 34 2.4432172604009796
14 35 2.473075096908038
14 36 2.5126956371188873
14 37 2.558867660012849
14 38 2.5872436597766466
14 39 2.614070831229983
14 40 2.6499909568790407
14 41 2.6782293157406563
14 42 2.7065765169746236
14 43 2.742340867397541
14 44 2.7699584639801187
14 45 2.7911318699625483
14 46 2.795154762865259
14 47 2.7739437248212044
14 48 2.7530538927870802
14 49 2.703173745795528
14 50 2.650603750122455
14 51 2.5977490074879714
14 52 2.5539852205419575
14 53 2.511003082137066
14 54 2.475930264720534
14 55 2.450508698890737
14 56 2.435047766638784
14 57 2.426938983756362
14 58 2.4085309962252115
14 59 2.3980316574381413
14 60 2.3878682630994335
14 61 2.3878516192920674
14 62 2.3941267101577908
14 63 2.409567337508179
14 64 2.4350223604123387
14 65 2.460165344482312
14 66 2.4905327313081065
14 67 2.530363703913148
14 68 2.579206683547181
14 69 2.6085234354128537
14 70 2.6229543286066788
14 71 2.6387048650891516
14 72 2.6440959671654922
14 73 2.649112306168825
14 74 2.6529826174167304
14 75 2.649347310087504
14 76 2.6466968467417296
14 77 2.6368467061196164
14 78 2.628936375968531
14 79 2.6159266937599264
14 80 2.610703972320744
14 81 2.615504014170723
14 82 2.61789262759138
14 83 2.62578888271152
14 84 2.626515262721207
14 85 2.617156506986183
14 86 2.612730390067075
14 87 2.6154083396578613
14 88 2.6256890790472327
14 89 2.6297672050076466
14 90 2.630558441953592
14 91 2.6311923724611135
14 92 2.6399811505214212
14 93 2.6418165130015288
14 94 2.6500236233631926
14 95 2.651629914618246
14 96 2.6445843494532353
14 97 2.6319465224081924
14 98 2.6223370266645225
14 99 2.621506023800158
14 100 2.620038042134717
14 101 2.6129416779584402
14 102 2.612701836082655
14 103 2.6221700351387405
14 104 2.637778229698477
14 105 2.6617086862365986
14 106 2.6881169185622604
14 107 2.7145174779303476
14 108 2.720717558144089
14 109 2.713187958741995
14 110 2.708080731952637
14 111 2.7099918448272047
14 112 2.7218018760309355
14 113 2.735301048139998
14 114 2.7489162825441764
14 115 2.764872760898197
14 116 2.779183424784509
14 117 2.801360530750202
14 118 2.7933018150607176
14 119 2.789142940115403
14 120 2.793059353287483
14 121 2.804091938008824
14 122 2.8129952530827818
14 123 2.822918285384973
14 124 2.8289689138428105
14 125 2.8352261720162852
14 126 2.836801834598618
14 127 2.842555832842916
14 128 2.8438073249587403
14 129 2.853057717844909
14 130 2.8440437500955564
14 131 2.825863798929693
14 132 2.810948780470738
14 133 2.7920174116928846
14 134 2.7734685442022804
14 135 2.762097497715123
14 136 2.745187120017887
14 137 2.7128300583011984
14 138 2.6598549864227725
14 139 2.5931985861285893
14 140 2.528542793295817
14 141 2.4720882710626606
14 142 2.4202293542414886
14 143 2.376802166731473
14 144 2.3431935210658605
14 145 2.3198397619444955
14 146 2.307060283167792
14 147 2.2951818661213177
14 148 2.2897737165722707
14 149 2.2952226107472
14 150 2.3114498937319716
14 151 2.3382268364527423
14 152 2.371102622491318
14 153 2.4125608506328695
14 154 2.443211269028587
14 155 2.4730671541915914
14 156 2.5126852131997155
14 157 2.5588459377934307
14 158 2.587224130752532
14 159 2.6140499736487426
14 160 2.649969112034273
14 161 2.6782200947582084
14 162 2.706565630955592
14 163 2.7423122872848134
14 164 2.7699304339911013
14 165 2.791112536141104
14 166 2.7951232867732325
14 167 2.773911039422722
14 168 2.753034257249938
14 169 2.7031744853397197
14 170 2.650607965599533
14 171 2.597752185094054
14 172 2.5539879972024613
14 173 2.510994537379783
14 174 2.47592159726431
14 175 2.4504996503464818
14 176 2.4350385042317346
14 177 2.4269207830776987
14 178 2.4085131339477557
14 179 2.3980122790097536
14 180 2.3878494461366713
14 181 2.3878335319430213
14 182 2.394094290509556
14 183 2.4095356238327312
14 184 2.4349921425385084
14 185 2.4601386225990347
14 186 2.4905075895883932
14 187 2.5303396100070903
14 188 2.579184482084438
14 189 2.608497907531645
14 190 2.622930081818743
14 191 2.63867923029322
14 192 2.6440972220685137
14 193 2.6491155946824243
14 194 2.653006256020854
14 195 2.649374311199373
14 196 2.646731353958229
14 197 2.6368639687434197
14 198 2.6289432810144633
14 199 2.6159323242122148
14 200 2.610712377194232
14 201 2.6155153501013135
14 202 2.6178928968511768
14 203 2.625792641033564
14 204 2.6265093794361074
14 205 2.6171365654186713
14 206 2.612699398697609
14 207 2.6153811484038134
14 208 2.6256435904641977
14 209 2.6297285320034547
14 210 2.6305266420193427
14 211 2.631170903225351
14 212 2.639964712411415
14 213 2.6418062883688864
14 214 2.6500179772839383
14 215 2.651635872955385
14 216 2.644594710274397
14 217 2.631953045935063
14 218 2.6223481724809394
14 219 2.6215033942171884
14 220 2.620040348773933
14 221 2.612948354688541
14 222 2.6127135598958486
14 223 2.6221867596802273
14 224 2.6378024963461773
14 225 2.661738241023357
14 226 2.6881433063724387
14 227 2.7145488060387972
14 228 2.7207408480386257
14 229 2.713216435134573
14 230 2.7080869398220218
14 231 2.7100037526702834
14 232 2.721819861666702
14 233 2.7353101919960707
14 234 2.7489180249368528
14 235 2.764858413355736
14 236 2.7791748274514174
14 237 2.8013466725733522
14 238 2.7932682276230136
14 239 2.789115316489513
14 240 2.793037449237697
14 241 2.8040796946544724
14 242 2.812988818312558
14 243 2.8229044297019947
14 244 2.828958935215355
14 245 2.8352102621332964
14 246 2.836778998224607
14 247 2.8425421878425023
14 248 2.8438044753719156
14 249 2.853060622637047
14 250 2.844021907234409
14 251 2.825847791750606
14 252 2.810932289721331
14 253 2.7920064734312606
14 254 2.773462149367723
14 255 2.762100078769791
14 256 2.745183742235988
14 257 2.7127991106244354
14 258 2.659791956671335
14 259 2.5931472245676734
14 260 2.5284966013603185
14 261 2.472047818897025
14 262 2.4201943955138017
14 263 2.3767730284030693
14 264 2.3431701098366786
14 265 2.319822708356854
14 266 2.3070492492591614
14 267 2.2951606840883922
14 268 2.2897589008265293
14 269 2.295213898966604
14 270 2.3114477116651386
14 271 2.338230773091305
14 272 2.371097299149659
14 273 2.4125610589242683
14 274 2.4432033271324634
14 275 2.4730644743770727
14 276 2.5126879459736156
14 277 2.5588623971290927
14 278 2.587232230395641
14 279 2.614062223685472
14 280 2.64998608266702
14 281 2.678204788196598
14 282 2.7065551659974774
14 283 2.742301828258888
14 284 2.769911829737487
14 285 2.7910957776867695
14 286 2.7950885622736283
14 287 2.7738801663984716
14 288 2.7529922287063466
14 289 2.7031317196728706
14 290 2.650574618301382
14 291 2.5977219635214164
14 292 2.553961121698571
14 293 2.5109739773478874
14 294 2.475904445482048
14 295 2.450486191195489
14 296 2.435028460623755
14 297 2.4269267633631912
14 298 2.408522562695573
14 299 2.3980078550123127
14 300 2.3878480431326325
14 301 2.38783503462584
14 302 2.3941008492897975
14 303 2.4095455740049583
14 304 2.435004683964399
14 305 2.4601456332629725
14 306 2.4905167369553247
14 307 2.530350627728429
14 308 2.5791975621606533
14 309 2.608514240604878
14 310 2.622948143574213
14 311 2.638678795348296
14 312 2.644094571827737
14 313 2.6491142069468405
14 314 2.6529988463795715
14 315 2.649352906718372
14 316 2.646720564849844
14 317 2.6368514286918923
14 318 2.6289370355945447
14 319 2.6159071472413995
14 320 2.6106875540698415
14 321 2.6154909569881215
14 322 2.6178726795010165
14 323 2.6257723243963285
14 324 2.626495363489118
14 325 2.617117609294165
14 326 2.612691545985631
14 327 2.615372908283377
14 328 2.625631623202186
14 329 2.6297248426829958
14 330 2.630532049900834
14 331 2.631190384599083
14 332 2.639982804742296
14 333 2.6418162798114677
14 334 2.6500269215838834
14 335 2.651648099173139
14 336 2.644606274500739
14 337 2.63198544879574
14 338 2.622379804115538
14 339 2.621527396436268
14 340 2.6200630118732984
14 341 2.612954073096474
14 342 2.6127174332338416
14 343 2.622188945308015
14 344 2.637810687877512
14 345 2.6617438556957578
14 346 2.6881570492167195
14 347 2.714560108323287
14 348 2.720751592029382
14 349 2.713225244130007
14 350 2.7080918038074664
14 351 2.710005858745405
14 352 2.7218192337004403
14 353 2.735316360228668
14 354 2.7489169653470737
14 355 2.7648522679011416
14 356 2.779165927779955
14 357 2.8013479335984828
14 358 2.793286314747496
14 359 2.789130323890398
15 0 2.6864958181289462
15 1 2.7461248311749737
15 2 2.7957967627535134
15 3 2.814177534574324
15 4 2.828891673218596
15 5 2.830974414757077
15 6 2.834730614067978
15 7 2.8437915265403344
15 8 2.8510061609873802
15 9 2.853690463523449
15 10 2.8423085225860403
15 11 2.835028557377674
15 12 2.804517312744621
15 13 2.7452715101077376
15 14 2.691271194519263
15 15 2.6428551420916278
15 16 2.600349721299434
15 17 2.5640626229481693
15 18 2.534272523094169
15 19 2.5112192867899825
15 20 2.487445137452801
15 21 2.4660718619517437
15 22 2.4485208454854326
15 23 2.4150735384603363
15 24 2.3751936009796366
15 25 2.342367677397334
15 26 2.316906632024469
15 27 2.299062118999082
15 28 2.2890180959627844
15 29 2.286880780505894
15 30 2.29267216787701
15 31 2.300883527849231
15 32 2.307687615670187
15 33 2.322428245907391
15 34 2.344950626143902
15 35 2.3750269809496904
15 36 2.412365924679126
15 37 2.456624669250476
15 38 2.507424358582977
15 39 2.5643609803290977
15 40 2.6270183650797487
15 41 2.6686277594780137
15 42 2.6891274347365415
15 43 2.705999307330833
15 44 2.7111372662477815
15 45 2.7085955869906524
15 46 2.696014237259581
15 47 2.685823197500061
15 48 2.653574636066395
15 49 2.6249687989533794
15 50 2.6017465159840727
15 51 2.5772734300611697
15 52 2.537634471093897
15 53 2.504834251260704
15 54 2.479509673351312
15 55 2.4618986777825964
15 56 2.452173411110089
15 57 2.450430344366467
15 58 2.453384197300166
15 59 2.4587198086665296
15 60 2.4685913684225524
15 61 2.4759455193950792
15 62 2.4666145080382633
15 63 2.4504184320103124
15 64 2.4417065691660134
15 65 2.440560486887875
15 66 2.446991258694852
15 67 2.459756198464904
15 68 2.4490600656236188
15 69 2.445165491888094
15 70 2.448758686690882
15 71 2.4598060874317795
15 72 2.4739136200563547
15 73 2.474149698724078
15 74 2.481647276560309
15 75 2.495348393511287
15 76 2.507439147764954
15 77 2.5204428952087667
15 78 2.535618797304174
15 79 2.558267041608243
15 80 2.58818455537669
15 81 2.610553553571026
15 82 2.6284241754577655
15 83 2.6333995235810854
15 84 2.6449742617590934
15 85 2.6367501754101865
15 86 2.630819818287812
15 87 2.618679517593948
15 88 2.6139332299442937
15 89 2.6166220878183304
15 90 2.6267223190427753
15 91 2.6278818063537015
15 92 2.617230988675682
15 93 2.6136332725348854
15 94 2.6138191460624323
15 95 2.5996265951150033
15 96 2.58698964296618
15 97 2.5692614382841845
15 98 2.553667753177575
15 99 2.528150915865094
15 100 2.5001786221962363
15 101 2.479408691304566
15 102 2.466028898894185
15 103 2.460164664899559
15 104 2.441333969020426
15 105 2.413696746567406
15 106 2.3831460069769044
15 107 2.3601352693217175
15 108 2.3448933834164367
15 109 2.3375774846833837
15 110 2.338264254684433
15 111 2.346946033966517
15 112 2.3635318767089184
15 113 2.3878527411539956
15 114 2.4146352472682358
15 115 2.44421591525506
15 116 2.480600693398877
15 117 2.5234847719965607
15 118 2.5725301636927065
15 119 2.6273770365301226
15 120 2.6864735079060127
15 121 2.7460872818423754
15 122 2.7957740904244717
15 123 2.814171619386948
15 124 2.828885479298715
15 125 2.830957771962504
15 126 2.8347139512777715
15 127 2.8437794043438407
15 128 2.8509931755620483
15 129 2.853677022329905
15 130 2.8422956468031226
15 131 2.8350198275855325
15 132 2.8044986142628745
15 133 2.7452523639778446
15 134 2.6912518553485754
15 135 2.6428355531501975
15 136 2.6003307806238167
15 137 2.5640444657862096
15 138 2.5342549499354496
15 139 2.5112027952861444
15 140 2.487411443937359
15 141 2.4660389320645253
15 142 2.4484914509894615
15 143 2.4150267103777767
15 144 2.375147393725448
15 145 2.342323106514177
15 146 2.316863232971764
15 147 2.299020382900396
15 148 2.2889785220064427
15 149 2.286842879986999
15 150 2.2926368343682753
15 151 2.3008522214349845
15 152 2.3076592498595483
15 153 2.322402824973722
15 154 2.3449285277741394
15 155 2.375007969175849
15 156 2.4123501302253096
15 157 2.456612454189548
15 158 2.507415505113015
15 159 2.564355682873397
15 160 2.6270167896057854
15 161 2.6686364014937634
15 162 2.689121628782894
15 163 2.705996445911077
15 164 2.7111401287044408
15 165 2.708586199935369
15 166 2.696013203787794
15 167 2.6858261891432567
15 168 2.6535833382515235
15 169 2.62498169935632
15 170 2.6017598840185214
15 171 2.5772740736043027
15 172 2.537620993530058
15 173 2.5048248638602986
15 174 2.4795044836778133
15 175 2.46189773145435
15 176 2.452177089172381
15 177 2.45043879703953
15 178 2.4534002503008314
15 179 2.4587408978865097
15 180 2.4686048227378934
15 181 2.475946977840909
15 182 2.466592057822649
15 183 2.450401640104798
15 184 2.441694489906562
15 185 2.4405538461746903
15 186 2.4469898202497533
15 187 2.4597674499058972
15 188 2.449059412222763
15 189 2.445170125929051
15 190 2.4487690854195425
15 191 2.4598221578284463
15 192 2.4739187891001384
15 193 2.4741609045568818
15 194 2.4816641187666564
15 195 2.4953513160039194
15 196 2.507451178060277
15 197 2.5204594054101266
15 198 2.5356404470248353
15 199 2.558293685116582
15 200 2.588216514294484
15 201 2.6105757788451673
15 202 2.6284201896236072
15 203 2.63340107850346
15 204 2.644966814916493
15 205 2.636729786430878
15 206 2.630791101298105
15 207 2.6186560728135375
15 208 2.6139148335770384
15 209 2.61660868493775
15 210 2.626714318150175
15 211 2.6278500199073735
15 212 2.61720532379511
15 213 2.6136130132071087
15 214 2.6137874786517488
15 215 2.5996031889069418
15 216 2.586957151072596
15 217 2.5692338105391634
15 218 2.5536340366047434
15 219 2.5281109631949636
15 220 2.5001437393017487
15 221 2.4793792795131644
15 222 2.4660044711744695
15 223 2.4601454061013635
15 224 2.4413038594452128
15 225 2.4136565098622835
15 226 2.3831107705645618
15 227 2.360105236208289
15 228 2.3448686667751497
15 229 2.337557885612878
15 230 2.338249881995964
15 231 2.346936575951896
15 232 2.363528027241587
15 233 2.387853967558715
15 234 2.4146551137516843
15 235 2.4442400114222522
15 236 2.480629278350984
15 237 2.5235170553880466
15 238 2.572566001276404
15 239 2.627416832360367
15 240 2.68652012280547
15 241 2.7461508685933596
15 242 2.795816929615868
15 243 2.8141944053785886
15 244 2.828911816847442
15 245 2.8309794817031264
15 246 2.8347387450089294
15 247 2.843816458662592
15 248 2.851023725875891
15 249 2.853687234080153
15 250 2.8423088234679716
15 251 2.8350233093519455
15 252 2.804484239694087
15 253 2.745241358110323
15 254 2.6912442250605975
15 255 2.642830931068058
15 256 2.600329461391728
15 257 2.564046334200277
15 258 2.5342597251809833
15 259 2.5112108250116405
15 260 2.4874035435234743
15 261 2.466034349716324
15 262 2.448476130897685
15 263 2.415029331277152
15 264 2.3751528644155635
15 265 2.3423304401301426
15 266 2.3168735011476085
15 267 2.299032762943815
15 268 2.288992757335611
15 269 2.2868587092336647
15 270 2.2926543784763056
15 271 2.300854900071583
15 272 2.3076636241490096
15 273 2.32240843541735
15 274 2.3449349943937836
15 275 2.375015264314734
15 276 2.4123584142658507
15 277 2.456621462750054
15 278 2.507424641585263
15 279 2.56436480151697
15 280 2.6270258178156007
15 281 2.6686334488580954
15 282 2.6891120106315114
15 283 2.7059877456160892
15 284 2.7111216640515097
15 285 2.708575115299344
15 286 2.696014129967939
15 287 2.6858160661533685
15 288 2.653565371662462
15 289 2.6249629047359395
15 290 2.601724573094239
15 291 2.5772436092819757
15 292 2.537582312120022
15 293 2.5047846603341766
15 294 2.479463117238023
15 295 2.4618557544127087
15 296 2.4521338451196537
15 297 2.450394499311237
15 298 2.4533630142716167
15 299 2.4587022412470825
15 300 2.468565942413773
15 301 2.475922692548525
15 302 2.466585683007507
15 303 2.4503934647982244
15 304 2.441684574065044
15 305 2.4405417812792543
15 306 2.4469769756261344
15 307 2.459773506379417
15 308 2.4490688510289074
15 309 2.4451773303195297
15 310 2.448774191957952
15 311 2.459824951066911
15 312 2.4739247796598405
15 313 2.474164546417255
15 314 2.4816651786788517
15 315 2.4953421611962234
15 316 2.5074491355807913
15 317 2.520443532218666
15 318 2.5356216216572
15 319 2.558273017285359
15 320 2.5881927930316833
15 321 2.6105528138718443
15 322 2.628401914597067
15 323 2.633380058772205
15 324 2.6449480230164277
15 325 2.636702187764078
15 326 2.6307668292684423
15 327 2.618629343752571
15 328 2.613885265264623
15 329 2.6165762771997243
15 330 2.6266789863473776
15 331 2.627837338775996
15 332 2.6171887721922005
15 333 2.6135935571467024
15 334 2.6137772968782675
15 335 2.5996019366693677
15 336 2.586963523539721
15 337 2.569236965525818
15 338 2.553648719784774
15 339 2.5281319531363082
15 340 2.500161022857258
15 341 2.479392527411489
15 342 2.4660142127728615
15 343 2.460151155387921
15 344 2.4413094028341153
15 345 2.413675424331976
15 346 2.3831253073662393
15 347 2.360115803373611
15 348 2.344875796784362
15 349 2.3375607831492546
15 350 2.338248493163407
15 351 2.346931054577473
15 352 2.363517829859418
15 353 2.387839665852186
15 354 2.4146401093542433
15 355 2.4442212589461527
15 356 2.4806064031684927
15 357 2.52349042918066
15 358 2.5725356327483664
15 359 2.627382391648476
16 0 2.4295330831107265
16 1 2.42261104979635
16 2 2.4156146033451673
16 3 2.402709018423927
16 4 2.3815149324191456
16 5 2.368857970150052
16 6 2.364880423650792
16 7 2.3696266347524704
16 8 2.364833768065413
16 9 2.3622037976790287
16 10 2.355617231178805
16 11 2.3481845530508108
16 12 2.3461355580510155
16 13 2.344820786934673
16 14 2.3496623035923054
16 15 2.3511156383251066
16 16 2.34106274470982
16 17 2.3100335112583825
16 18 2.2863194161018066
16 19 2.271315799891737
16 20 2.2652002340022888
16 21 2.26804665634366
16 22 2.250929314192806
16 23 2.2264451429795598
16 24 2.211330783826566
16 25 2.196476509936841
16 26 2.1849501885299802
16 27 2.176526878735152
16 28 2.178305611884396
16 29 2.190260905795289
16 30 2.208379709611855
16 31 2.2301732497221045
16 32 2.261186997319444
16 33 2.3010383337294145
16 34 2.349266746172225
16 35 2.4053536994115263
16 36 2.45882906547658
16 37 2.5194599710176138
16 38 2.582066156913678
16 39 2.633899564375695
16 40 2.686558894425577
16 41 2.7340747971124304
16 42 2.776563126129012
16 43 2.8229639180751986
16 44 2.868914456246404
16 45 2.8796242321323438
16 46 2.870116993843038
16 47 2.8098943587619902
16 48 2.748711727423311
16 49 2.6905294058742064
16 50 2.6392540447077333
16 51 2.59531060042219
16 52 2.558926689198542
16 53 2.5198197753110643
16 54 2.4872779926082154
16 55 2.4632932529123566
16 56 2.4481247895727836
16 57 2.441590070995442
16 58 2.4315761931669044
16 59 2.427188074831317
16 60 2.421664349010144
16 61 2.416470034045035
16 62 2.420049466231429
16 63 2.4228053135229577
16 64 2.4095287736746482
16 65 2.4037221421196158
16 66 2.399547851252675
16 67 2.404214556764869
16 68 2.4176692101551573
16 69 2.4397629213926777
16 70 2.4702566205885867
16 71 2.5088354012160616
16 72 2.535235427107029
16 73 2.555311780814509
16 74 2.5786819001083776
16 75 2.592277887613488
16 76 2.596498084207572
16 77 2.5837093958107364
16 78 2.565178478752273
16 79 2.5329614866419665
16 80 2.5039380189425016
16 81 2.482831180390892
16 82 2.454838343096148
16 83 2.426758266945291
16 84 2.4021721569041103
16 85 2.3773536843004224
16 86 2.3557421110449877
16 87 2.343252967954314
16 88 2.340036526380124
16 89 2.346131427101841
16 90 2.361463674119573
16 91 2.3688403022941484
16 92 2.369179110027763
16 93 2.378341597432462
16 94 2.396223968425664
16 95 2.4226275500335452
16 96 2.4572701166499247
16 97 2.4997988126325117
16 98 2.5301143636679755
16 99 2.532027278881431
16 100 2.5416583948011757
16 101 2.558918313133362
16 102 2.583648608820851
16 103 2.6156300052967025
16 104 2.6545914743439543
16 105 2.6798237625037475
16 106 2.6909774902486823
16 107 2.6620899332890207
16 108 2.633299147314822
16 109 2.6053978615488886
16 110 2.5704498707864234
16 111 2.541129347907658
16 112 2.5188304993206936
16 113 2.495125242617254
16 114 2.4791015800712826
16 115 2.4709149601033293
16 116 2.4635748612418844
16 117 2.4533930198284617
16 118 2.4450565295893694
16 119 2.4356674132531215
16 120 2.4295115119657757
16 121 2.422582769045608
16 122 2.4155983163949637
16 123 2.402699456204834
16 124 2.3815010278902187
16 125 2.3688406619543394
16 126 2.3648595133329193
16 127 2.3696022384436564
16 128 2.3648195199407525
16 129 2.362185844185242
16 130 2.3556087925246194
16 131 2.3481772223654516
16 132 2.346124893160731
16 133 2.344803387724182
16 134 2.349642344761433
16 135 2.3511060695362698
16 136 2.3410634407567756
16 137 2.3100320237544882
16 138 2.2863148122270682
16 139 2.271308075090115
16 140 2.2651894525090035
16 141 2.26803312982304
16 142 2.2509440206314597
16 143 2.2264574301370983
16 144 2.2113402540118496
16 145 2.1964962761361826
16 146 2.1849477877321095
16 147 2.1765217048533794
16 148 2.1782979982307418
16 149 2.190250697204209
16 150 2.208353348711239
16 151 2.2301449046006687
16 152 2.2611569925472828
16 153 2.3010075514126727
16 154 2.3492343688061585
16 155 2.405320441938055
16 156 2.4588107453547097
16 157 2.5194403098155527
16 158 2.582047467218915
16 159 2.633879867676876
16 160 2.6865408145356993
16 161 2.734058414529718
16 162 2.7765462612680265
16 163 2.8229424273594454
16 164 2.8688936349895604
16 165 2.8796201396599024
16 166 2.8701306707786642
16 167 2.8099095861436063
16 168 2.748731563846477
16 169 2.690549483596483
16 170 2.6392743738619364
16 171 2.5953310134490257
16 172 2.5589596031461506
16 173 2.519857123525987
16 174 2.4873156790924
16 175 2.4633308668295455
16 176 2.4481626941891714
16 177 2.4416302771269605
16 178 2.4316027492541488
16 179 2.427214216202006
16 180 2.4216769891429255
16 181 2.416482896295562
16 182 2.4200622610937037
16 183 2.4228204847578225
16 184 2.409544772680034
16 185 2.403729421240221
16 186 2.399555860229052
16 187 2.404222992557308
16 188 2.4176787781053113
16 189 2.4397734016552395
16 190 2.4702681055836995
16 191 2.5088484327861513
16 192 2.5352544404630692
16 193 2.555316099611953
16 194 2.578687252960818
16 195 2.5922728896225267
16 196 2.596497378207831
16 197 2.583696810040874
16 198 2.565154694784186
16 199 2.5329277241215293
16 200 2.503906314585222
16 201 2.482801335797991
16 202 2.454814275161786
16 203 2.4267406911097846
16 204 2.4021566897754316
16 205 2.3773594784422873
16 206 2.3557507111523703
16 207 2.343264522395067
16 208 2.3400510874402825
16 209 2.3461491039264093
16 210 2.361484717740737
16 211 2.3688534249362756
16 212 2.3691955482736744
16 213 2.3783614914910016
16 214 2.3962468937356376
16 215 2.4226541085331568
16 216 2.4572998419321657
16 217 2.499831746797576
16 218 2.530105144239159
16 219 2.532021862108688
16 220 2.541656803109085
16 221 2.5589210185564157
16 222 2.5836555938000605
16 223 2.615641053432588
16 224 2.654605978780246
16 225 2.6798151919949835
16 226 2.6909407155247065
16 227 2.6620435505907913
16 228 2.633256619254156
16 229 2.605356132473403
16 230 2.5703982521265027
16 231 2.54108112630407
16 232 2.518784897727162
16 233 2.4950836909270606
16 234 2.4790647704934896
16 235 2.4708828316259077
16 236 2.463535553574134
16 237 2.4533580622069993
16 238 2.4450119708857816
16 239 2.4356328949276302
16 240 2.429482218203299
16 241 2.422542650590833
16 242 2.4155680877952945
16 243 2.4026766300932265
16 244 2.3814834974316232
16 245 2.368828431604233
16 246 2.3648522697875114
16 247 2.3696003290953995
16 248 2.3648074120955807
16 249 2.3621790814050456
16 250 2.3555931675661204
16 251 2.3481747311583536
16 252 2.3461276905399933
16 253 2.3447927965610256
16 254 2.3496371189693557
16 255 2.3510895716341764
16 256 2.3410365768695827
16 257 2.3099919371916093
16 258 2.2862801340657053
16 259 2.271278936905109
16 260 2.2651663768704307
16 261 2.2680162762137352
16 262 2.2509017924626575
16 263 2.2264202217745415
16 264 2.211308624704047
16 265 2.196468620412927
16 266 2.184921217022394
16 267 2.176500715040576
16 268 2.1782821188900745
16 269 2.1902405299781313
16 270 2.2083509964643446
16 271 2.2301478097020615
16 272 2.261164824696327
16 273 2.301019665983378
16 274 2.3492512303705193
16 275 2.4053416914414565
16 276 2.458840543125691
16 277 2.519474176121049
16 278 2.5820699279549237
16 279 2.6339058635337818
16 280 2.6865623386584994
16 281 2.734075292916993
16 282 2.7765668104361465
16 283 2.8229498905802672
16 284 2.868894363663156
16 285 2.8795907988788714
16 286 2.870065555041718
16 287 2.809839092420382
16 288 2.7486672881397043
16 289 2.6904873770025257
16 290 2.6392145049585056
16 291 2.595274195344549
16 292 2.5588911855540815
16 293 2.519796233270019
16 294 2.4872574713424265
16 295 2.4632761337022338
16 296 2.448111278024308
16 297 2.4415917818588824
16 298 2.4315697568083827
16 299 2.427185194907024
16 300 2.421654344797179
16 301 2.4164636298401523
16 302 2.4200465558183595
16 303 2.4227936933472263
16 304 2.4095205369519936
16 305 2.403719089375127
16 306 2.3995483016831725
16 307 2.404218205436588
16 308 2.4176761950669503
16 309 2.439772969320431
16 310 2.47027001905121
16 311 2.5088523795566036
16 312 2.535250069141541
16 313 2.5553084978586833
16 314 2.5786815756536234
16 315 2.592271609834678
16 316 2.5964895757098936
16 317 2.583678836834777
16 318 2.5651409123252717
16 319 2.532916696007476
16 320 2.5038962767618522
16 321 2.4827927064795525
16 322 2.4547960991896143
16 323 2.4267405507804782
16 324 2.402157423118195
16 325 2.377343996551636
16 326 2.3557359391825052
16 327 2.3432504021942893
16 328 2.3400375486170217
16 329 2.3461360956665676
16 330 2.361472323722609
16 331 2.36885323240645
16 332 2.369195778173325
16 333 2.3783618002473768
16 334 2.39624753709581
16 335 2.4226548017495957
16 336 2.457300415431447
16 337 2.499832048788886
16 338 2.530118083645864
16 339 2.532034262686787
16 340 2.5416690120878207
16 341 2.558931945016331
16 342 2.5836656817612513
16 343 2.615650742406161
16 344 2.654614663076342
16 345 2.6798287037384285
16 346 2.6909684190564604
16 347 2.66207442645156
16 348 2.6332961359439793
16 349 2.605373950322727
16 350 2.5704267161442758
16 351 2.5411084868006637
16 352 2.5188018543041344
16 353 2.495098764969812
16 354 2.4790784807815345
16 355 2.4708947679728808
16 356 2.463553602166434
16 357 2.453374207275296
16 358 2.445037373525343
16 359 2.4356645031892983
17 0 2.5835700102746886
17 1 2.562236527383215
17 2 2.5473988681638087
17 3 2.525858968000669
17 4 2.5049962846860647
17 5 2.4912987971079876
17 6 2.465065207545972
17 7 2.443937656421955
17 8 2.429064757762336
17 9 2.4052194472656403
17 10 2.3885656461924367
17 11 2.371905270198997
17 12 2.355098341680628
17 13 2.3367081217464594
17 14 2.325645312902383
17 15 2.320893075763085
17 16 2.3087753083988476
17 17 2.281196960697147
17 18 2.257359960117339
17 19 2.2412080294484467
17 20 2.2329129137763197
17 21 2.232564393332173
17 22 2.2401666805419005
17 23 2.25563693673098
17 24 2.2788101968154875
17 25 2.3094479774753935
17 26 2.347248574000404
17 27 2.391861542573838
17 28 2.4285903857144797
17 29 2.4582678085493255
17 30 2.494768506795802
17 31 2.5377863611773455
17 32 2.5869844489045586
17 33 2.640281229635251
17 34 2.6700766124453033
17 35 2.6819440727828856
17 36 2.7005273716406775
17 37 2.7251756684154897
17 38 2.744824281652587
17 39 2.748099466022288
17 40 2.741104761212308
17 41 2.735627074991362
17 42 2.7182258570660727
17 43 2.685702870480384
17 44 2.6490861478322207
17 45 2.609459729464452
17 46 2.576365838980171
17 47 2.550069607421373
17 48 2.5307909213686695
17 49 2.513472744407907
17 50 2.4943665709403797
17 51 2.4825641329091095
17 52 2.4741182334709704
17 53 2.471181549902504
17 54 2.4687772684274947
17 55 2.469099949907413
17 56 2.4765685300353426
17 57 2.4911164862397674
17 58 2.5098446201200404
17 59 2.527882583558362
17 60 2.5527067690995584
17 61 2.562000179601283
17 62 2.5551473504042432
17 63 2.5379151170348497
17 64 2.5160505553266357
17 65 2.4982359703265975
17 66 2.4819449976339847
17 67 2.4728234041871495
17 68 2.468622612489328
17 69 2.4681854585120524
17 70 2.4751040518397436
17 71 2.489315193375002
17 72 2.4939512563347126
17 73 2.484199782512493
17 74 2.47902283110829
17 75 2.481666741544181
17 76 2.485786058715916
17 77 2.467542316408065
17 78 2.4430225272643167
17 79 2.41987579481162
17 80 2.3909951550621376
17 81 2.3698613705724108
17 82 2.3566892869478715
17 83 2.3516173349497542
17 84 2.354699420758796
17 85 2.36590253569711
17 86 2.38510804009115
17 87 2.412119990715488
17 88 2.4466713969681577
17 89 2.4884378966319067
17 90 2.5370516245060517
17 91 2.59211212909626
17 92 2.6529969795968786
17 93 2.712545536484988
17 94 2.7601511419789158
17 95 2.780186856819879
17 96 2.797295228474104
17 97 2.801152009704274
17 98 2.8023780539830234
17 99 2.7965308814929872
17 100 2.7827096773036057
17 101 2.768017945485355
17 102 2.74025951454362
17 103 2.703300575138739
17 104 2.6729920265929796
17 105 2.6495708807679557
17 106 2.633228479111288
17 107 2.6238713315544335
17 108 2.6130310360792732
17 109 2.6040136885853515
17 110 2.586942387821821
17 111 2.569368356214373
17 112 2.5592205533462757
17 113 2.556591451132683
17 114 2.5615040757743803
17 115 2.573914278719414
17 116 2.575151543388629
17 117 2.5752445819091156
17 118 2.5822949348844397
17 119 2.58689445896116
17 120 2.583578064026992
17 121 2.562250647699895
17 122 2.5474105573262973
17 123 2.525869198572827
17 124 2.5050031453986965
17 125 2.491302506664477
17 126 2.46507019948526
17 127 2.443939083908584
17 128 2.429063784972623
17 129 2.4052152530158364
17 130 2.3885579105630823
17 131 2.3718972823414353
17 132 2.3551016739402972
17 133 2.3367085931897025
17 134 2.3256432972179697
17 135 2.3208930280282445
17 136 2.3087930656509403
17 137 2.28121576705612
17 138 2.257376394755429
17 139 2.2412216658292192
17 140 2.232923866283536
17 141 2.2325729942451624
17 142 2.240172667541809
17 143 2.255640342159347
17 144 2.2788114148559986
17 145 2.309446987574642
17 146 2.3472456642814024
17 147 2.3918564607486057
17 148 2.4285983064666277
17 149 2.458274013134518
17 150 2.494772909653347
17 151 2.5377897425326505
17 152 2.5869864616303917
17 153 2.6402802916982178
17 154 2.670092250610438
17 155 2.6819587562000584
17 156 2.7005405484039877
17 157 2.725186024174197
17 158 2.744835965431514
17 159 2.7481242727448354
17 160 2.741128563899428
17 161 2.7356518811931627
17 162 2.718237269212179
17 163 2.6857002042876768
17 164 2.6490862622342104
17 165 2.6094592878663625
17 166 2.576365489983616
17 167 2.5500689317523237
17 168 2.5307902411975354
17 169 2.5134720846385545
17 170 2.4943663741755713
17 171 2.482564053741517
17 172 2.4741032727907104
17 173 2.4711669197337955
17 174 2.468749077240042
17 175 2.4690724424301553
17 176 2.476542447490981
17 177 2.4910913993570665
17 178 2.5098264985651624
17 179 2.527865556910162
17 180 2.552691335291749
17 181 2.561973190174145
17 182 2.5551569119664452
17 183 2.5379300950149335
17 184 2.516067345817717
17 185 2.498253804510821
17 186 2.481964776727242
17 187 2.472845245063956
17 188 2.46865016211742
17 189 2.4682149339879564
17 190 2.4751355326507243
17 191 2.4893485617730087
17 192 2.4939885225879306
17 193 2.4842419473446915
17 194 2.4790675746915607
17 195 2.4817141479285802
17 196 2.485813876596963
17 197 2.467542790353854
17 198 2.4430259907823526
17 199 2.419885480963045
17 200 2.391008465165552
17 201 2.3698780381112794
17 202 2.35670931285917
17 203 2.351640763365574
17 204 2.354726413417651
17 205 2.3659324209011006
17 206 2.385141599470173
17 207 2.4121569343783786
17 208 2.4467113614324867
17 209 2.488481365321197
17 210 2.5370975969349012
17 211 2.59216080092114
17 212 2.6530615894999605
17 213 2.7126118989748376
17 214 2.760192133458428
17 215 2.7801800967998735
17 216 2.797291906738081
17 217 2.801135201765491
17 218 2.802367711346791
17 219 2.79651196329654
17 220 2.782697307201256
17 221 2.7680125318433975
17 222 2.740250058185319
17 223 2.70329515447942
17 224 2.67299009596129
17 225 2.649573234819732
17 226 2.6332351148264967
17 227 2.623896660160806
17 228 2.6130607694573116
17 229 2.6040159820575437
17 230 2.5869300109172104
17 231 2.5693601903411585
17 232 2.55921659779741
17 233 2.5565915993833013
17 234 2.5615091462038784
17 235 2.573923815448095
17 236 2.5751626128030494
17 237 2.5752602226358325
17 238 2.5822936858617975
17 239 2.5868970457491556
17 240 2.5835890572351228
17 241 2.5622535871073873
17 242 2.5474175724537678
17 243 2.525865424123237
17 244 2.5050036512722516
17 245 2.4913075577818398
17 246 2.465062936911964
17 247 2.443936651786806
17 248 2.4290535565802926
17 249 2.405209795236165
17 250 2.3885567869690436
17 251 2.3719096396770745
17 252 2.3551020815318515
17 253 2.336713982786455
17 254 2.325653073254918
17 255 2.3209155358293305
17 256 2.308823076816154
17 257 2.2812402900131623
17 258 2.2574056890256866
17 259 2.2412563837955726
17 260 2.2329632502074688
17 261 2.2326166227138433
17 262 2.240220620433221
17 263 2.2556923395714
17 264 2.2788670981621806
17 265 2.309506689061795
17 266 2.3473086645397423
17 267 2.3919222224196774
17 268 2.4286294026135007
17 269 2.458308655791471
17 270 2.4948108819884984
17 271 2.5378305983760057
17 272 2.58703008425711
17 273 2.640308513569719
17 274 2.6700956896848558
17 275 2.6819658063021556
17 276 2.700550819783721
17 277 2.7251898352035204
17 278 2.744824661814139
17 279 2.748102245571069
17 280 2.7411094977518746
17 281 2.735622283480975
17 282 2.7182150141389076
17 283 2.685683964601881
17 284 2.6490801644707473
17 285 2.609456387158371
17 286 2.5763655289136804
17 287 2.5500720150759597
17 288 2.530796441215009
17 289 2.5134672705227645
17 290 2.4943639297901488
17 291 2.4825645027120906
17 292 2.4741025510829764
17 293 2.4711679615335127
17 294 2.468765633827627
17 295 2.4690916807267564
17 296 2.4765637627763213
17 297 2.4911149081032016
17 298 2.5098608556172146
17 299 2.5279018816606684
17 300 2.552728869504356
17 301 2.562017388436765
17 302 2.555180663924741
17 303 2.5379416484505604
17 304 2.5160809479551043
17 305 2.49824635414973
17 306 2.4819586160060805
17 307 2.472840688746837
17 308 2.468655585033273
17 309 2.468221537713868
17 310 2.4751430494384885
17 311 2.4893574611319305
17 312 2.493990084524618
17 313 2.4842339259401807
17 314 2.4790605420522596
17 315 2.481708394547775
17 316 2.4858022407260174
17 317 2.467541969252329
17 318 2.4430257980663397
17 319 2.4198702005179435
17 320 2.3909929747713696
17 321 2.369863080748665
17 322 2.3566950742634356
17 323 2.3516271656985595
17 324 2.354712250200168
17 325 2.3659186083691184
17 326 2.385127788935027
17 327 2.4121428126504814
17 328 2.446697016532322
17 329 2.488466829840843
17 330 2.537082739474187
17 331 2.5921457215493238
17 332 2.6530317544110558
17 333 2.7125824439313955
17 334 2.7601723252167516
17 335 2.780156363126141
17 336 2.797267943647741
17 337 2.8010952981062465
17 338 2.802336708880087
17 339 2.7964831958240683
17 340 2.7826732579814353
17 341 2.767997222054611
17 342 2.7402542257762033
17 343 2.703298391153921
17 344 2.6729924939918264
17 345 2.6495744316398033
17 346 2.633234716899346
17 347 2.6238967411909275
17 348 2.61305943590116
17 349 2.6040127961778663
17 350 2.5869205393522012
17 351 2.5693488732554153
17 352 2.5592047927459274
17 353 2.5565779362905254
17 354 2.561493450763052
17 355 2.5739067680374688
17 356 2.575172392041254
17 357 2.5752683776356338
17 358 2.5822948677653734
17 359 2.586896147490659
18 0 2.5394881228590513
18 1 2.5341716463162856
18 2 2.5344804764302866
18 3 2.540413059666098
18 4 2.5409449899326555
18 5 2.5465402653680482
18 6 2.552367661955178
18 7 2.560047471885271
18 8 2.57322590024416
18 9 2.5847871072685984
18 10 2.599407374141366
18 11 2.615778108311329
18 12 2.6273018521497287
18 13 2.623456780700046
18 14 2.6202576967124904
18 15 2.618648393886917
18 16 2.6202721528104695
18 17 2.6164282701294654
18 18 2.6109902980536837
18 19 2.603492492413588
18 20 2.5976552322633495
18 21 2.5880905039920274
18 22 2.5824256379715433
18 23 2.5713910619864526
18 24 2.5556300121783195
18 25 2.545151144194639
18 26 2.525349181798147
18 27 2.5088474985142164
18 28 2.4912277841087236
18 29 2.474507316619933
18 30 2.45165605126642
18 31 2.4206534247024387
18 32 2.3946713647814497
18 33 2.374591676587886
18 34 2.3605712858576617
18 35 2.35272244441677
18 36 2.35110987611866
18 37 2.355746507919063
18 38 2.3665945573687894
18 39 2.383565818843111
18 40 2.406525338624928
18 41 2.4352970097177975
18 42 2.469669325552081
18 43 2.509401778750573
18 44 2.5470393792553354
18 45 2.5739773949263465
18 46 2.5991436492198243
18 47 2.6115400215533393
18 48 2.6221498183828613
18 49 2.6103009023501045
18 50 2.593612418814059
18 51 2.5826306796886818
18 52 2.577431915247532
18 53 2.578052667488045
18 54 2.584488698476654
18 55 2.5784626524801877
18 56 2.576328506236224
18 57 2.567247635367585
18 58 2.55170202989218
18 59 2.541364385791519
18 60 2.5363019459824
18 61 2.532341622425146
18 62 2.5302080229428907
18 63 2.526216145697991
18 64 2.5164686122096356
18 65 2.5120594545936425
18 66 2.51301767426423
18 67 2.519337540995488
18 68 2.530976788535352
18 69 2.547331724354257
18 70 2.5624949452075705
18 71 2.58290318510807
18 72 2.605382201513046
18 73 2.618312263619479
18 74 2.6140928789617717
18 75 2.613137609407535
18 76 2.6177029674573715
18 77 2.624195191316974
18 78 2.635738571252862
18 79 2.6442991740480113
18 80 2.655024940947955
18 81 2.6711047682076106
18 82 2.6709839947818317
18 83 2.666072178991181
18 84 2.6665539290376303
18 85 2.672426908273451
18 86 2.6831153765345213
18 87 2.6881007767218437
18 88 2.692374883402515
18 89 2.69655637256367
18 90 2.700526002714691
18 91 2.70552684720704
18 92 2.7126695070316766
18 93 2.706849227116295
18 94 2.6940073536808224
18 95 2.6846578238786503
18 96 2.6720201734361844
18 97 2.6630529583623277
18 98 2.6596739455071123
18 99 2.658331550409036
18 100 2.6558969653452076
18 101 2.6423069273219864
18 102 2.6317838293033264
18 103 2.6222356874636032
18 104 2.6127240271092886
18 105 2.6085317204097764
18 106 2.6096855693700207
18 107 2.6161778643141296
18 108 2.6279668943519283
18 109 2.6363497977191006
18 110 2.634855766505114
18 111 2.63794663625583
18 112 2.6322004471835636
18 113 2.6274325471028126
18 114 2.6189240959202658
18 115 2.60330255327327
18 116 2.5893415278343666
18 117 2.5715161043079275
18 118 2.5590168524879093
18 119 2.550418591840275
18 120 2.5395163946556
18 121 2.534202675131301
18 122 2.5345149615800366
18 123 2.540450563172281
18 124 2.5409888133346326
18 125 2.5465872974828496
18 126 2.5524022180416948
18 127 2.560085675079262
18 128 2.573267677048548
18 129 2.5848352178949194
18 130 2.5994582344920287
18 131 2.6158318577759445
18 132 2.627332325647954
18 133 2.62349054823
18 134 2.6202821140047474
18 135 2.6186651840443274
18 136 2.620292580108425
18 137 2.6164365569933135
18 138 2.6110033766887044
18 139 2.603508586245656
18 140 2.5976490689121463
18 141 2.588087402892847
18 142 2.582417018466705
18 143 2.5713690361654913
18 144 2.5556117177819235
18 145 2.545136250053404
18 146 2.525323376780128
18 147 2.508825161498889
18 148 2.491213153508986
18 149 2.4744976200435818
18 150 2.4516370544650417
18 151 2.4206402592543173
18 152 2.3946623653150936
18 153 2.374586757024825
18 154 2.3605707248811836
18 155 2.352726355639983
18 156 2.3511180853607874
18 157 2.3557591705571417
18 158 2.366611230662432
18 159 2.3835862448937495
18 160 2.4065497302053007
18 161 2.4353253314948575
18 162 2.469701208521294
18 163 2.509437020352333
18 164 2.547060857424164
18 165 2.5739867197706445
18 166 2.599151549701048
18 167 2.6115365312546146
18 168 2.622151749444993
18 169 2.6102628064193314
18 170 2.593577649732256
18 171 2.5825994303095654
18 172 2.5774039761924805
18 173 2.5780284334818404
18 174 2.584467822635209
18 175 2.578431656365192
18 176 2.576300452305226
18 177 2.5672374808646907
18 178 2.5516957424150437
18 179 2.5413616692802536
18 180 2.5363027007104924
18 181 2.532346826284914
18 182 2.5302166729297215
18 183 2.526216251619485
18 184 2.5164714478699635
18 185 2.5120657892936054
18 186 2.51302749327293
18 187 2.5193501156710867
18 188 2.5309922044306994
18 189 2.5473516367205833
18 190 2.5625174416961363
18 191 2.5829286816124024
18 192 2.605400726570956
18 193 2.6183245266567563
18 194 2.6140916454860523
18 195 2.6131385907876763
18 196 2.617706604644426
18 197 2.624204098125733
18 198 2.635749466319705
18 199 2.644300339490031
18 200 2.655028527538658
18 201 2.6711101808011617
18 202 2.6709735758036532
18 203 2.6660637754213696
18 204 2.666548014729817
18 205 2.67242301426438
18 206 2.6831190160029688
18 207 2.6881146330849237
18 208 2.692376384329855
18 209 2.6965597990270855
18 210 2.7005382217095866
18 211 2.705541051230031
18 212 2.712674034514432
18 213 2.706845708591522
18 214 2.6940049439870983
18 215 2.6846721144982575
18 216 2.672027742598012
18 217 2.6630621239620886
18 218 2.659684055088105
18 219 2.6583396555433243
18 220 2.6558953167490933
18 221 2.6423101089589016
18 222 2.6317730217794457
18 223 2.6222208778291796
18 224 2.6127101314131096
18 225 2.608518454295326
18 226 2.6096723882903317
18 227 2.6161653857725726
18 228 2.6279552232996566
18 229 2.6363403166207653
18 230 2.634849532846502
18 231 2.637940971919005
18 232 2.632181836632832
18 233 2.6274141988417674
18 234 2.6189456258092534
18 235 2.603324351594139
18 236 2.5893725862638552
18 237 2.5715471899157154
18 238 2.5590479911393795
18 239 2.5504379920276734
18 240 2.539535282292073
18 241 2.5342213790366235
18 242 2.5345331845723007
18 243 2.5404682769132907
18 244 2.541012870993945
18 245 2.5466107319967564
18 246 2.55242203110889
18 247 2.5601049348736833
18 248 2.57328590974526
18 249 2.584861055759935
18 250 2.5994739441545165
18 251 2.615846565220864
18 252 2.627349529466097
18 253 2.6235067603188345
18 254 2.620307453383296
18 255 2.6186854678036156
18 256 2.6203117265047564
18 257 2.616448681988642
18 258 2.6110075144531466
18 259 2.603511783151672
18 260 2.5976571889846776
18 261 2.5880938889606324
18 262 2.5824236286273967
18 263 2.5713695189379457
18 264 2.555610737772306
18 265 2.5451336613308237
18 266 2.525323807911191
18 267 2.508823848360123
18 268 2.4912198385944757
18 269 2.47449780311263
18 270 2.4516463261457315
18 271 2.4206633336242613
18 272 2.3946837436956736
18 273 2.374606281016283
18 274 2.3605881345594653
18 275 2.352741693640185
18 276 2.351131148036
18 277 2.3557698911443974
18 278 2.366619767168924
18 279 2.3835926333797834
18 280 2.4065535209890436
18 281 2.435326733799322
18 282 2.4697004731598815
18 283 2.509434395601066
18 284 2.547049747273807
18 285 2.5739689819302005
18 286 2.5991475096161225
18 287 2.6115264930371573
18 288 2.622145693980697
18 289 2.610261888712874
18 290 2.5935747155576396
18 291 2.582593892251788
18 292 2.57739577660901
18 293 2.578017438067759
18 294 2.584454792721446
18 295 2.5784272672004658
18 296 2.576293809741107
18 297 2.5672702160448577
18 298 2.551725558244963
18 299 2.541388853599399
18 300 2.5363264656629028
18 301 2.532357552945248
18 302 2.5302248119199864
18 303 2.5262352146853138
18 304 2.5164882312601713
18 305 2.5120794865628264
18 306 2.513038448850144
18 307 2.519358459406596
18 308 2.5309982350251943
18 309 2.547345827767713
18 310 2.562508830947237
18 311 2.582917293121017
18 312 2.605395748621447
18 313 2.6183270865573762
18 314 2.6140854423144715
18 315 2.613129564847135
18 316 2.6176947810563407
18 317 2.6241982195682887
18 318 2.6357409841029322
18 319 2.6442981295707
18 320 2.65502330779901
18 321 2.6711021596371216
18 322 2.670978743938333
18 323 2.6660660271265852
18 324 2.6665473034715927
18 325 2.672419431843747
18 326 2.683125304888719
18 327 2.688131380803653
18 328 2.692385322580482
18 329 2.6965654240508137
18 330 2.700552699594667
18 331 2.7055522733717896
18 332 2.7126912945215347
18 333 2.706871913889797
18 334 2.6940280679785817
18 335 2.68469265372575
18 336 2.6720554314856053
18 337 2.6630865963628274
18 338 2.6597055562747896
18 339 2.6583532136249777
18 340 2.655916627031639
18 341 2.6423402143976396
18 342 2.6318027584036336
18 343 2.6222435635908807
18 344 2.612729504014732
18 345 2.608534306137755
18 346 2.6096853731935927
18 347 2.616174513021722
18 348 2.6279608211124548
18 349 2.6363548718699135
18 350 2.634871341475077
18 351 2.6379586923089513
18 352 2.6322018044579356
18 353 2.627430589197633
18 354 2.618965655244255
18 355 2.6033412074564137
18 356 2.5893988140328372
18 357 2.5715702771977873
18 358 2.5590677768107595
18 359 2.55045718550561
19 0 2.680233037791568
19 1 2.6868791138630725
19 2 2.6832650302756886
19 3 2.6690939482722897
19 4 2.6601708217620463
19 5 2.6540874717189435
19 6 2.651594676632796
19 7 2.655389801823377
19 8 2.659713852869293
19 9 2.6692813393265555
19 10 2.685010750753499
19 11 2.7066543673357355
19 12 2.718015026400266
19 13 2.7352822302586195
19 14 2.750906935944479
19 15 2.7480017507307184
19 16 2.749844298777958
19 17 2.7581445644535543
19 18 2.7557397486282977
19 19 2.757743255762933
19 20 2.766294228769524
19 21 2.781329771040997
19 22 2.783170329023225
19 23 2.782491608916151
19 24 2.7882096058644885
19 25 2.799449808156218
19 26 2.8141062270263495
19 27 2.825648129871728
19 28 2.8319428916203466
19 29 2.831413167288448
19 30 2.8244271222014246
19 31 2.8155193292767318
19 32 2.813067743562972
19 33 2.8112775470226286
19 34 2.8003542459992565
19 35 2.79255242406589
19 36 2.7848406537371933
19 37 2.7739955535025222
19 38 2.7469549288731496
19 39 2.7167133221646935
19 40 2.6927047980721355
19 41 2.664725354446253
19 42 2.638373694479202
19 43 2.6181878668945324
19 44 2.596139417182213
19 45 2.575081526215427
19 46 2.560247517062439
19 47 2.5517500723596984
19 48 2.544238409215706
19 49 2.521789871541275
19 50 2.5051129689103
19 51 2.4947370296492406
19 52 2.4907440403286416
19 53 2.4931664472080226
19 54 2.5019840246515663
19 55 2.507531884248699
19 56 2.51150351932022
19 57 2.5219336647286665
19 58 2.538738673038274
19 59 2.561788282193815
19 60 2.5909091579367205
19 61 2.6091781678790795
19 62 2.6253790038013354
19 63 2.6398864282886847
19 64 2.6603443574632273
19 65 2.686610785902468
19 66 2.718509624708717
19 67 2.737095241083
19 68 2.755430659095496
19 69 2.774084870422951
19 70 2.7810353952372298
19 71 2.7821503334268094
19 72 2.780319951147761
19 73 2.773610638159843
19 74 2.752229294743976
19 75 2.725614744439716
19 76 2.7056677523865393
19 77 2.692542429023253
19 78 2.6829663060163957
19 79 2.677290057853484
19 80 2.670507727749515
19 81 2.6582655785142846
19 82 2.6524453239197814
19 83 2.6443754453779684
19 84 2.643462397567605
19 85 2.649581577398636
19 86 2.6551184180504865
19 87 2.6566664433871
19 88 2.6619137038854017
19 89 2.672966165808088
19 90 2.686252245476635
19 91 2.7067752805311427
19 92 2.7238040097363982
19 93 2.742713431489284
19 94 2.7506792250533376
19 95 2.740926049756369
19 96 2.733594759086519
19 97 2.733460136088997
19 98 2.7271138305052545
19 99 2.7185672025006413
19 100 2.7170335634312024
19 101 2.711747475045088
19 102 2.7045009681219105
19 103 2.688045487884095
19 104 2.666064743189914
19 105 2.6509682067716938
19 106 2.630034589903719
19 107 2.608983556984734
19 108 2.59492107469778
19 109 2.5879656620260554
19 110 2.5881762746425254
19 111 2.59555126593019
19 112 2.5952054896639862
19 113 2.5984299380140152
19 114 2.6087751128897536
19 115 2.626153919814741
19 116 2.6494891380914414
19 117 2.6661213773850165
19 118 2.670704148508578
19 119 2.673797380275173
19 120 2.6802164821495436
19 121 2.686859625934742
19 122 2.6832432595119506
19 123 2.669077246750623
19 124 2.6601513870034714
19 125 2.65407820100767
19 126 2.6515827900833204
19 127 2.6553751449294474
19 128 2.6596987456024013
19 129 2.6692631286296455
19 130 2.684989548860156
19 131 2.7066406856930727
19 132 2.7179979741618325
19 133 2.7352629906552695
19 134 2.7509043149895285
19 135 2.7479957950746114
19 136 2.7498357356216836
19 137 2.7581331998140852
19 138 2.755735414639804
19 139 2.757736301788613
19 140 2.7662848964626616
19 141 2.7813180195906093
19 142 2.7831528166647974
19 143 2.782471891153269
19 144 2.788187820207358
19 145 2.7994216880064733
19 146 2.8140759106756685
19 147 2.8256250498194833
19 148 2.831930856123831
19 149 2.8314032217648366
19 150 2.824418942675119
19 151 2.815509129458447
19 152 2.813055298864675
19 153 2.8112671769919975
19 154 2.8003418323680926
19 155 2.7925512133052726
19 156 2.7848375226300313
19 157 2.7739932416870166
19 158 2.7469490841205677
19 159 2.7167060009546287
19 160 2.69269626393847
19 161 2.664705641789734
19 162 2.6383524287120066
19 163 2.6181650927752824
19 164 2.596109549172002
19 165 2.575049734530221
19 166 2.5602138558142578
19 167 2.551715099293255
19 168 2.54420300036001
19 169 2.5217547953481274
19 170 2.5050760455647074
19 171 2.4946987817944817
19 172 2.490704922367221
19 173 2.493126115141828
19 174 2.5019429678190908
19 175 2.5075003314695183
19 176 2.5114715665445884
19 177 2.5219006058027627
19 178 2.5387051833232444
19 179 2.561754498650937
19 180 2.5908751391451172
19 181 2.609158673154422
19 182 2.6253446081247707
19 183 2.6398518503757495
19 184 2.660309812515661
19 185 2.6865761780682655
19 186 2.7184746352055127
19 187 2.7370776520887716
19 188 2.7554129165498717
19 189 2.774069660630357
19 190 2.7810119956518893
19 191 2.7821298295850596
19 192 2.780316187676667
19 193 2.773612352344028
19 194 2.7522425307708813
19 195 2.7256279717780947
19 196 2.705681169015779
19 197 2.6925559713394005
19 198 2.68299372960965
19 199 2.677317760214919
19 200 2.67053454041994
19 201 2.6582932313148113
19 202 2.6524626223562544
19 203 2.6443936830819372
19 204 2.6434811921065444
19 205 2.649596918631071
19 206 2.6551300058355243
19 207 2.656678717798729
19 208 2.6619311599770756
19 209 2.672984589506247
19 210 2.686271873288979
19 211 2.706795675686134
19 212 2.723813665307656
19 213 2.742736069167587
19 214 2.7506935448056162
19 215 2.7409419427328445
19 216 2.733612177570004
19 217 2.7334791041486093
19 218 2.727109077046641
19 219 2.718563693632704
19 220 2.71703148534668
19 221 2.71173694654979
19 222 2.7044943528794287
19 223 2.688048503181396
19 224 2.6660697323473657
19 225 2.6509748386202543
19 226 2.6300287607050006
19 227 2.608979263197381
19 228 2.5949186279463436
19 229 2.5879648370214006
19 230 2.5881773151503213
19 231 2.5955544396640198
19 232 2.5951987677958708
19 233 2.5984252551745075
19 234 2.6087723317035696
19 235 2.6261535609024746
19 236 2.64948905315014
19 237 2.666116667126869
19 238 2.670701761145801
19 239 2.673796664805818
19 240 2.680223452195628
19 241 2.6868688641717995
19 242 2.6832313073268694
19 243 2.6690694252503837
19 244 2.6601460682678852
19 245 2.654079787505513
19 246 2.6515871755833165
19 247 2.6553818627207466
19 248 2.659714959295902
19 249 2.669281958650452
19 250 2.6850113717730024
19 251 2.706666801610039
19 252 2.718027049632136
19 253 2.735294556073462
19 254 2.750929207324175
19 255 2.74800739263558
19 256 2.749850217515332
19 257 2.7581506289554047
19 258 2.75574450825823
19 259 2.757748148852705
19 260 2.7662994190111525
19 261 2.7813350246087554
19 262 2.7831501876623075
19 263 2.78247182120589
19 264 2.7881900083722377
19 265 2.7994242562263745
19 266 2.814081071611604
19 267 2.8256223635887854
19 268 2.831919952332036
19 269 2.831391798460197
19 270 2.8244004403623952
19 271 2.8154931355837185
19 272 2.8130420900302533
19 273 2.8112482009553137
19 274 2.8003252411772492
19 275 2.7925412251065214
19 276 2.7848302315489586
19 277 2.7739963378115395
19 278 2.7469320825308485
19 279 2.716691683270249
19 280 2.692684275259819
19 281 2.6646988285024262
19 282 2.6383485103615016
19 283 2.618163546005028
19 284 2.5960852965488876
19 285 2.575028293050995
19 286 2.5601951305677164
19 287 2.551699233121868
19 288 2.544175105815652
19 289 2.521716891567227
19 290 2.505040855344529
19 291 2.4946663794611896
19 292 2.490674916613706
19 293 2.493098593494196
19 294 2.5019181099210175
19 295 2.5074806702023533
19 296 2.5114541980035994
19 297 2.5218859317704236
19 298 2.5386926411421245
19 299 2.561744014213791
19 300 2.5908669537793387
19 301 2.609145623802819
19 302 2.6253290350127663
19 303 2.639838229449308
19 304 2.6602980022600535
19 305 2.6865666563084476
19 306 2.718467567827616
19 307 2.737069324980967
19 308 2.7554065393037868
19 309 2.7740594703297363
19 310 2.781006002055937
19 311 2.7821317618256773
19 312 2.780329300329807
19 313 2.7736271175889793
19 314 2.7522447000890287
19 315 2.725632060327643
19 316 2.7056868771294362
19 317 2.692563463444779
19 318 2.6830052814247245
19 319 2.6773305947235078
19 320 2.670520284653283
19 321 2.6582803387876166
19 322 2.6524611574882715
19 323 2.6443934705704897
19 324 2.643482534889821
19 325 2.649595090724569
19 326 2.655113652036956
19 327 2.6566639173426405
19 328 2.6619207407004484
19 329 2.6729621475574636
19 330 2.686250563197108
19 331 2.7067755298811855
19 332 2.723804646846909
19 333 2.7427147154063136
19 334 2.750676601538703
19 335 2.7409204800987728
19 336 2.7335913243607957
19 337 2.733458812486284
19 338 2.727091949160295
19 339 2.7185475216322046
19 340 2.7170159707137325
19 341 2.711726656985687
19 342 2.704484619134675
19 343 2.688042158544471
19 344 2.6660632737671754
19 345 2.650968750888729
19 346 2.630010881792465
19 347 2.6089618810266892
19 348 2.5949013620927377
19 349 2.58794780764019
19 350 2.588160560737224
19 351 2.5955379379497456
19 352 2.5951864185038014
19 353 2.598412851483297
19 354 2.608760269151661
19 355 2.626141379474914
19 356 2.6494609762062007
19 357 2.666103532655605
19 358 2.6706885203063413
19 359 2.673767551534277
