-2.000000	705a26a10
10

Q 0.000000 0.000000 0.000000
Y 2.687006 2.687006 0.000000
Q 0.000000 5.374012 0.000000
F -2.687006 5.374012 -2.687006
W -5.374012 2.687006 -2.687006
K -5.374012 5.374012 0.000000
N -8.061017 5.374012 -2.687006
F -5.374012 5.374012 -5.374012
Q -2.687006 8.061017 -5.374012
T 0.000000 5.374012 -5.374012


-2.000000	705a26a00
10

Q 0.000000 0.000000 0.000000
Y 2.687006 2.687006 0.000000
Q 5.374012 5.374012 0.000000
F 2.687006 5.374012 -2.687006
W 0.000000 2.687006 -2.687006
K 0.000000 5.374012 0.000000
N -2.687006 5.374012 -2.687006
F 0.000000 5.374012 -5.374012
Q 2.687006 8.061017 -5.374012
T 5.374012 5.374012 -5.374012


-2.000000	16b480440
10

Q 0.000000 0.000000 0.000000
Y 2.687006 2.687006 0.000000
Q 5.374012 2.687006 2.687006
F 8.061017 2.687006 5.374012
W 10.748023 5.374012 5.374012
K 10.748023 2.687006 2.687006
N 13.435029 2.687006 5.374012
F 10.748023 2.687006 8.061017
Q 8.061017 0.000000 8.061017
T 5.374012 2.687006 8.061017


-2.000000	705a26aa0
10

Q 0.000000 0.000000 0.000000
Y 2.687006 2.687006 0.000000
Q 0.000000 2.687006 -2.687006
F -2.687006 2.687006 -5.374012
W -5.374012 0.000000 -5.374012
K -5.374012 2.687006 -2.687006
N -8.061017 2.687006 -5.374012
F -5.374012 2.687006 -8.061017
Q -2.687006 5.374012 -8.061017
T 0.000000 2.687006 -8.061017


-2.000000	16b480410
10

Q 0.000000 0.000000 0.000000
Y 2.687006 2.687006 0.000000
Q 0.000000 5.374012 0.000000
F 2.687006 5.374012 2.687006
W 5.374012 8.061017 2.687006
K 5.374012 5.374012 0.000000
N 8.061017 5.374012 2.687006
F 5.374012 5.374012 5.374012
Q 2.687006 2.687006 5.374012
T 0.000000 5.374012 5.374012


-2.000000	16b480400
10

Q 0.000000 0.000000 0.000000
Y 2.687006 2.687006 0.000000
Q 5.374012 5.374012 0.000000
F 8.061017 5.374012 2.687006
W 10.748023 8.061017 2.687006
K 10.748023 5.374012 0.000000
N 13.435029 5.374012 2.687006
F 10.748023 5.374012 5.374012
Q 8.061017 2.687006 5.374012
T 5.374012 5.374012 5.374012


-2.000000	705a26810
10

Q 0.000000 0.000000 0.000000
Y 2.687006 2.687006 0.000000
Q 0.000000 5.374012 0.000000
F 0.000000 2.687006 -2.687006
W -2.687006 0.000000 -2.687006
K -2.687006 2.687006 0.000000
N -5.374012 2.687006 -2.687006
F -2.687006 2.687006 -5.374012
Q 0.000000 5.374012 -5.374012
T 2.687006 2.687006 -5.374012


-2.000000	16b480240
10

Q 0.000000 0.000000 0.000000
Y 2.687006 2.687006 0.000000
Q 5.374012 2.687006 2.687006
F 5.374012 5.374012 5.374012
W 8.061017 8.061017 5.374012
K 8.061017 5.374012 2.687006
N 10.748023 5.374012 5.374012
F 8.061017 5.374012 8.061017
Q 5.374012 2.687006 8.061017
T 2.687006 5.374012 8.061017


-2.000000	705a268a0
10

Q 0.000000 0.000000 0.000000
Y 2.687006 2.687006 0.000000
Q 0.000000 2.687006 -2.687006
F 0.000000 0.000000 -5.374012
W -2.687006 -2.687006 -5.374012
K -2.687006 0.000000 -2.687006
N -5.374012 0.000000 -5.374012
F -2.687006 0.000000 -8.061017
Q 0.000000 2.687006 -8.061017
T 2.687006 0.000000 -8.061017


-2.000000	16b480210
10

Q 0.000000 0.000000 0.000000
Y 2.687006 2.687006 0.000000
Q 0.000000 5.374012 0.000000
F 0.000000 8.061017 2.687006
W 2.687006 10.748023 2.687006
K 2.687006 8.061017 0.000000
N 5.374012 8.061017 2.687006
F 2.687006 8.061017 5.374012
Q 0.000000 5.374012 5.374012
T -2.687006 8.061017 5.374012


-2.000000	16b480200
10

Q 0.000000 0.000000 0.000000
Y 2.687006 2.687006 0.000000
Q 5.374012 5.374012 0.000000
F 5.374012 8.061017 2.687006
W 8.061017 10.748023 2.687006
K 8.061017 8.061017 0.000000
N 10.748023 8.061017 2.687006
F 8.061017 8.061017 5.374012
Q 5.374012 5.374012 5.374012
T 2.687006 8.061017 5.374012


-2.000000	16b4802a0
10

Q 0.000000 0.000000 0.000000
Y 2.687006 2.687006 0.000000
Q 0.000000 2.687006 -2.687006
F 0.000000 5.374012 0.000000
W 2.687006 8.061017 0.000000
K 2.687006 5.374012 -2.687006
N 5.374012 5.374012 0.000000
F 2.687006 5.374012 2.687006
Q 0.000000 2.687006 2.687006
T -2.687006 5.374012 2.687006


-2.000000	16b480140
10

Q 0.000000 0.000000 0.000000
Y 2.687006 2.687006 0.000000
Q 5.374012 2.687006 2.687006
F 2.687006 5.374012 2.687006
W 5.374012 8.061017 2.687006
K 5.374012 5.374012 0.000000
N 8.061017 5.374012 2.687006
F 5.374012 5.374012 5.374012
Q 2.687006 2.687006 5.374012
T 0.000000 5.374012 5.374012


-2.000000	16b480110
10

Q 0.000000 0.000000 0.000000
Y 2.687006 2.687006 0.000000
Q 0.000000 5.374012 0.000000
F -2.687006 8.061017 0.000000
W 0.000000 10.748023 0.000000
K 0.000000 8.061017 -2.687006
N 2.687006 8.061017 0.000000
F 0.000000 8.061017 2.687006
Q -2.687006 5.374012 2.687006
T -5.374012 8.061017 2.687006


-2.000000	16b480100
10

Q 0.000000 0.000000 0.000000
Y 2.687006 2.687006 0.000000
Q 5.374012 5.374012 0.000000
F 2.687006 8.061017 0.000000
W 5.374012 10.748023 0.000000
K 5.374012 8.061017 -2.687006
N 8.061017 8.061017 0.000000
F 5.374012 8.061017 2.687006
Q 2.687006 5.374012 2.687006
T 0.000000 8.061017 2.687006


-2.000000	705a26740
10

Q 0.000000 0.000000 0.000000
Y 2.687006 2.687006 0.000000
Q 5.374012 2.687006 2.687006
F 8.061017 0.000000 2.687006
W 5.374012 -2.687006 2.687006
K 5.374012 0.000000 5.374012
N 2.687006 0.000000 2.687006
F 5.374012 0.000000 0.000000
Q 8.061017 2.687006 0.000000
T 10.748023 0.000000 0.000000


-2.000000	16b4801a0
10

Q 0.000000 0.000000 0.000000
Y 2.687006 2.687006 0.000000
Q 0.000000 2.687006 -2.687006
F -2.687006 5.374012 -2.687006
W 0.000000 8.061017 -2.687006
K 0.000000 5.374012 -5.374012
N 2.687006 5.374012 -2.687006
F 0.000000 5.374012 0.000000
Q -2.687006 2.687006 0.000000
T -5.374012 5.374012 0.000000


-2.000000	16b480040
10

Q 0.000000 0.000000 0.000000
Y 2.687006 2.687006 0.000000
Q 5.374012 2.687006 2.687006
F 8.061017 5.374012 2.687006
W 10.748023 8.061017 2.687006
K 10.748023 5.374012 0.000000
N 13.435029 5.374012 2.687006
F 10.748023 5.374012 5.374012
Q 8.061017 2.687006 5.374012
T 5.374012 5.374012 5.374012


-2.000000	705a266a0
10

Q 0.000000 0.000000 0.000000
Y 2.687006 2.687006 0.000000
Q 0.000000 2.687006 -2.687006
F -2.687006 0.000000 -2.687006
W -5.374012 -2.687006 -2.687006
K -5.374012 0.000000 0.000000
N -8.061017 0.000000 -2.687006
F -5.374012 0.000000 -5.374012
Q -2.687006 2.687006 -5.374012
T 0.000000 0.000000 -5.374012


-2.000000	16b480010
10

Q 0.000000 0.000000 0.000000
Y 2.687006 2.687006 0.000000
Q 0.000000 5.374012 0.000000
F 2.687006 8.061017 0.000000
W 5.374012 10.748023 0.000000
K 5.374012 8.061017 -2.687006
N 8.061017 8.061017 0.000000
F 5.374012 8.061017 2.687006
Q 2.687006 5.374012 2.687006
T 0.000000 8.061017 2.687006


-2.000000	16b480000
10

Q 0.000000 0.000000 0.000000
Y 2.687006 2.687006 0.000000
Q 5.374012 5.374012 0.000000
F 8.061017 8.061017 0.000000
W 10.748023 10.748023 0.000000
K 10.748023 8.061017 -2.687006
N 13.435029 8.061017 0.000000
F 10.748023 8.061017 2.687006
Q 8.061017 5.374012 2.687006
T 5.374012 8.061017 2.687006


-2.000000	705a26610
10

Q 0.000000 0.000000 0.000000
Y 2.687006 2.687006 0.000000
Q 0.000000 5.374012 0.000000
F -2.687006 2.687006 0.000000
W -5.374012 0.000000 0.000000
K -5.374012 2.687006 2.687006
N -8.061017 2.687006 0.000000
F -5.374012 2.687006 -2.687006
Q -2.687006 5.374012 -2.687006
T 0.000000 2.687006 -2.687006


-2.000000	16b480900
10

Q 0.000000 0.000000 0.000000
Y 2.687006 2.687006 0.000000
Q 5.374012 5.374012 0.000000
F 5.374012 2.687006 2.687006
W 8.061017 5.374012 2.687006
K 8.061017 2.687006 0.000000
N 10.748023 2.687006 2.687006
F 8.061017 2.687006 5.374012
Q 5.374012 0.000000 5.374012
T 2.687006 2.687006 5.374012


-2.000000	705a26310
10

Q 0.000000 0.000000 0.000000
Y 2.687006 2.687006 0.000000
Q 0.000000 5.374012 0.000000
F 0.000000 8.061017 -2.687006
W -2.687006 5.374012 -2.687006
K -2.687006 8.061017 0.000000
N -5.374012 8.061017 -2.687006
F -2.687006 8.061017 -5.374012
Q 0.000000 10.748023 -5.374012
T 2.687006 8.061017 -5.374012


-2.000000	705a26300
10

Q 0.000000 0.000000 0.000000
Y 2.687006 2.687006 0.000000
Q 5.374012 5.374012 0.000000
F 5.374012 8.061017 -2.687006
W 2.687006 5.374012 -2.687006
K 2.687006 8.061017 0.000000
N 0.000000 8.061017 -2.687006
F 2.687006 8.061017 -5.374012
Q 5.374012 10.748023 -5.374012
T 8.061017 8.061017 -5.374012


-2.000000	16b480940
10

Q 0.000000 0.000000 0.000000
Y 2.687006 2.687006 0.000000
Q 5.374012 2.687006 2.687006
F 5.374012 0.000000 5.374012
W 8.061017 2.687006 5.374012
K 8.061017 0.000000 2.687006
N 10.748023 0.000000 5.374012
F 8.061017 0.000000 8.061017
Q 5.374012 -2.687006 8.061017
T 2.687006 0.000000 8.061017


-2.000000	705a263a0
10

Q 0.000000 0.000000 0.000000
Y 2.687006 2.687006 0.000000
Q 0.000000 2.687006 -2.687006
F 0.000000 5.374012 -5.374012
W -2.687006 2.687006 -5.374012
K -2.687006 5.374012 -2.687006
N -5.374012 5.374012 -5.374012
F -2.687006 5.374012 -8.061017
Q 0.000000 8.061017 -8.061017
T 2.687006 5.374012 -8.061017


-2.000000	705a26240
10

Q 0.000000 0.000000 0.000000
Y 2.687006 2.687006 0.000000
Q 5.374012 2.687006 2.687006
F 5.374012 5.374012 5.374012
W 2.687006 2.687006 5.374012
K 2.687006 5.374012 8.061017
N 0.000000 5.374012 5.374012
F 2.687006 5.374012 2.687006
Q 5.374012 8.061017 2.687006
T 8.061017 5.374012 2.687006


-2.000000	16b4808a0
10

Q 0.000000 0.000000 0.000000
Y 2.687006 2.687006 0.000000
Q 0.000000 2.687006 -2.687006
F 0.000000 0.000000 -5.374012
W 2.687006 2.687006 -5.374012
K 2.687006 0.000000 -8.061017
N 5.374012 0.000000 -5.374012
F 2.687006 0.000000 -2.687006
Q 0.000000 -2.687006 -2.687006
T -2.687006 0.000000 -2.687006


-2.000000	705a26210
10

Q 0.000000 0.000000 0.000000
Y 2.687006 2.687006 0.000000
Q 0.000000 5.374012 0.000000
F 0.000000 8.061017 2.687006
W -2.687006 5.374012 2.687006
K -2.687006 8.061017 5.374012
N -5.374012 8.061017 2.687006
F -2.687006 8.061017 0.000000
Q 0.000000 10.748023 0.000000
T 2.687006 8.061017 0.000000


-2.000000	705a26200
10

Q 0.000000 0.000000 0.000000
Y 2.687006 2.687006 0.000000
Q 5.374012 5.374012 0.000000
F 5.374012 8.061017 2.687006
W 2.687006 5.374012 2.687006
K 2.687006 8.061017 5.374012
N 0.000000 8.061017 2.687006
F 2.687006 8.061017 0.000000
Q 5.374012 10.748023 0.000000
T 8.061017 8.061017 0.000000


-2.000000	16b480840
10

Q 0.000000 0.000000 0.000000
Y 2.687006 2.687006 0.000000
Q 5.374012 2.687006 2.687006
F 5.374012 0.000000 0.000000
W 8.061017 2.687006 0.000000
K 8.061017 0.000000 -2.687006
N 10.748023 0.000000 0.000000
F 8.061017 0.000000 2.687006
Q 5.374012 -2.687006 2.687006
T 2.687006 0.000000 2.687006


-2.000000	705a262a0
10

Q 0.000000 0.000000 0.000000
Y 2.687006 2.687006 0.000000
Q 0.000000 2.687006 -2.687006
F 0.000000 5.374012 0.000000
W -2.687006 2.687006 0.000000
K -2.687006 5.374012 2.687006
N -5.374012 5.374012 0.000000
F -2.687006 5.374012 -2.687006
Q 0.000000 8.061017 -2.687006
T 2.687006 5.374012 -2.687006


-2.000000	16b480700
10

Q 0.000000 0.000000 0.000000
Y 2.687006 2.687006 0.000000
Q 5.374012 5.374012 0.000000
F 8.061017 2.687006 0.000000
W 10.748023 5.374012 0.000000
K 10.748023 2.687006 -2.687006
N 13.435029 2.687006 0.000000
F 10.748023 2.687006 2.687006
Q 8.061017 0.000000 2.687006
T 5.374012 2.687006 2.687006


-2.000000	705a26140
10

Q 0.000000 0.000000 0.000000
Y 2.687006 2.687006 0.000000
Q 5.374012 2.687006 2.687006
F 2.687006 5.374012 2.687006
W 0.000000 2.687006 2.687006
K 0.000000 5.374012 5.374012
N -2.687006 5.374012 2.687006
F 0.000000 5.374012 0.000000
Q 2.687006 8.061017 0.000000
T 5.374012 5.374012 0.000000


-2.000000	705a26110
10

Q 0.000000 0.000000 0.000000
Y 2.687006 2.687006 0.000000
Q 0.000000 5.374012 0.000000
F -2.687006 8.061017 0.000000
W -5.374012 5.374012 0.000000
K -5.374012 8.061017 2.687006
N -8.061017 8.061017 0.000000
F -5.374012 8.061017 -2.687006
Q -2.687006 10.748023 -2.687006
T 0.000000 8.061017 -2.687006


-2.000000	705a26100
10

Q 0.000000 0.000000 0.000000
Y 2.687006 2.687006 0.000000
Q 5.374012 5.374012 0.000000
F 2.687006 8.061017 0.000000
W 0.000000 5.374012 0.000000
K 0.000000 8.061017 2.687006
N -2.687006 8.061017 0.000000
F 0.000000 8.061017 -2.687006
Q 2.687006 10.748023 -2.687006
T 5.374012 8.061017 -2.687006


-2.000000	16b480740
10

Q 0.000000 0.000000 0.000000
Y 2.687006 2.687006 0.000000
Q 5.374012 2.687006 2.687006
F 8.061017 0.000000 2.687006
W 10.748023 2.687006 2.687006
K 10.748023 0.000000 0.000000
N 13.435029 0.000000 2.687006
F 10.748023 0.000000 5.374012
Q 8.061017 -2.687006 5.374012
T 5.374012 0.000000 5.374012


-2.000000	705a261a0
10

Q 0.000000 0.000000 0.000000
Y 2.687006 2.687006 0.000000
Q 0.000000 2.687006 -2.687006
F -2.687006 5.374012 -2.687006
W -5.374012 2.687006 -2.687006
K -5.374012 5.374012 0.000000
N -8.061017 5.374012 -2.687006
F -5.374012 5.374012 -5.374012
Q -2.687006 8.061017 -5.374012
T 0.000000 5.374012 -5.374012


-2.000000	705a24910
10

Q 0.000000 0.000000 0.000000
Y 2.687006 2.687006 0.000000
Q 0.000000 5.374012 0.000000
F 0.000000 2.687006 2.687006
W 2.687006 2.687006 5.374012
K 2.687006 5.374012 8.061017
N 0.000000 5.374012 5.374012
F 2.687006 5.374012 2.687006
Q 5.374012 8.061017 2.687006
T 8.061017 5.374012 2.687006


-2.000000	705a24900
10

Q 0.000000 0.000000 0.000000
Y 2.687006 2.687006 0.000000
Q 5.374012 5.374012 0.000000
F 5.374012 2.687006 2.687006
W 8.061017 2.687006 5.374012
K 8.061017 5.374012 8.061017
N 5.374012 5.374012 5.374012
F 8.061017 5.374012 2.687006
Q 10.748023 8.061017 2.687006
T 13.435029 5.374012 2.687006


-2.000000	16b48a310
10

Q 0.000000 0.000000 0.000000
Y 2.687006 2.687006 0.000000
Q 0.000000 5.374012 0.000000
F 0.000000 8.061017 -2.687006
W -2.687006 8.061017 -5.374012
K -2.687006 5.374012 -8.061017
N 0.000000 5.374012 -5.374012
F -2.687006 5.374012 -2.687006
Q -5.374012 2.687006 -2.687006
T -8.061017 5.374012 -2.687006


-2.000000	16b48a300
10

Q 0.000000 0.000000 0.000000
Y 2.687006 2.687006 0.000000
Q 5.374012 5.374012 0.000000
F 5.374012 8.061017 -2.687006
W 2.687006 8.061017 -5.374012
K 2.687006 5.374012 -8.061017
N 5.374012 5.374012 -5.374012
F 2.687006 5.374012 -2.687006
Q 0.000000 2.687006 -2.687006
T -2.687006 5.374012 -2.687006


-2.000000	705a24940
10

Q 0.000000 0.000000 0.000000
Y 2.687006 2.687006 0.000000
Q 5.374012 2.687006 2.687006
F 5.374012 0.000000 5.374012
W 8.061017 0.000000 8.061017
K 8.061017 2.687006 10.748023
N 5.374012 2.687006 8.061017
F 8.061017 2.687006 5.374012
Q 10.748023 5.374012 5.374012
T 13.435029 2.687006 5.374012


-2.000000	16b48a3a0
10

Q 0.000000 0.000000 0.000000
Y 2.687006 2.687006 0.000000
Q 0.000000 2.687006 -2.687006
F 0.000000 5.374012 -5.374012
W -2.687006 5.374012 -8.061017
K -2.687006 2.687006 -10.748023
N 0.000000 2.687006 -8.061017
F -2.687006 2.687006 -5.374012
Q -5.374012 0.000000 -5.374012
T -8.061017 2.687006 -5.374012


-2.000000	705a24700
10

Q 0.000000 0.000000 0.000000
Y 2.687006 2.687006 0.000000
Q 5.374012 5.374012 0.000000
F 8.061017 2.687006 0.000000
W 10.748023 2.687006 2.687006
K 10.748023 5.374012 5.374012
N 8.061017 5.374012 2.687006
F 10.748023 5.374012 0.000000
Q 13.435029 8.061017 0.000000
T 16.122035 5.374012 0.000000


-2.000000	16b48a110
10

Q 0.000000 0.000000 0.000000
Y 2.687006 2.687006 0.000000
Q 0.000000 5.374012 0.000000
F -2.687006 8.061017 0.000000
W -5.374012 8.061017 -2.687006
K -5.374012 5.374012 -5.374012
N -2.687006 5.374012 -2.687006
F -5.374012 5.374012 0.000000
Q -8.061017 2.687006 0.000000
T -10.748023 5.374012 0.000000


-2.000000	16b48a100
10

Q 0.000000 0.000000 0.000000
Y 2.687006 2.687006 0.000000
Q 5.374012 5.374012 0.000000
F 2.687006 8.061017 0.000000
W 0.000000 8.061017 -2.687006
K 0.000000 5.374012 -5.374012
N 2.687006 5.374012 -2.687006
F 0.000000 5.374012 0.000000
Q -2.687006 2.687006 0.000000
T -5.374012 5.374012 0.000000


-2.000000	705a24740
10

Q 0.000000 0.000000 0.000000
Y 2.687006 2.687006 0.000000
Q 5.374012 2.687006 2.687006
F 8.061017 0.000000 2.687006
W 10.748023 0.000000 5.374012
K 10.748023 2.687006 8.061017
N 8.061017 2.687006 5.374012
F 10.748023 2.687006 2.687006
Q 13.435029 5.374012 2.687006
T 16.122035 2.687006 2.687006


-2.000000	16b48a1a0
10

Q 0.000000 0.000000 0.000000
Y 2.687006 2.687006 0.000000
Q 0.000000 2.687006 -2.687006
F -2.687006 5.374012 -2.687006
W -5.374012 5.374012 -5.374012
K -5.374012 2.687006 -8.061017
N -2.687006 2.687006 -5.374012
F -5.374012 2.687006 -2.687006
Q -8.061017 0.000000 -2.687006
T -10.748023 2.687006 -2.687006


-2.000000	705a245a0
10

Q 0.000000 0.000000 0.000000
Y 2.687006 2.687006 0.000000
Q 0.000000 2.687006 -2.687006
F 2.687006 2.687006 -5.374012
W 5.374012 2.687006 -2.687006
K 5.374012 5.374012 0.000000
N 2.687006 5.374012 -2.687006
F 5.374012 5.374012 -5.374012
Q 8.061017 8.061017 -5.374012
T 10.748023 5.374012 -5.374012


-2.000000	16b48ab10
10

Q 0.000000 0.000000 0.000000
Y 2.687006 2.687006 0.000000
Q 0.000000 5.374012 0.000000
F -2.687006 5.374012 2.687006
W -5.374012 5.374012 0.000000
K -5.374012 2.687006 -2.687006
N -2.687006 2.687006 0.000000
F -5.374012 2.687006 2.687006
Q -8.061017 0.000000 2.687006
T -10.748023 2.687006 2.687006


-2.000000	705a24540
10

Q 0.000000 0.000000 0.000000
Y 2.687006 2.687006 0.000000
Q 5.374012 2.687006 2.687006
F 8.061017 2.687006 0.000000
W 10.748023 2.687006 2.687006
K 10.748023 5.374012 5.374012
N 8.061017 5.374012 2.687006
F 10.748023 5.374012 0.000000
Q 13.435029 8.061017 0.000000
T 16.122035 5.374012 0.000000


-2.000000	16b48aba0
10

Q 0.000000 0.000000 0.000000
Y 2.687006 2.687006 0.000000
Q 0.000000 2.687006 -2.687006
F -2.687006 2.687006 0.000000
W -5.374012 2.687006 -2.687006
K -5.374012 0.000000 -5.374012
N -2.687006 0.000000 -2.687006
F -5.374012 0.000000 0.000000
Q -8.061017 -2.687006 0.000000
T -10.748023 0.000000 0.000000


-2.000000	705a24510
10

Q 0.000000 0.000000 0.000000
Y 2.687006 2.687006 0.000000
Q 0.000000 5.374012 0.000000
F 2.687006 5.374012 -2.687006
W 5.374012 5.374012 0.000000
K 5.374012 8.061017 2.687006
N 2.687006 8.061017 0.000000
F 5.374012 8.061017 -2.687006
Q 8.061017 10.748023 -2.687006
T 10.748023 8.061017 -2.687006


-2.000000	705a24500
10

Q 0.000000 0.000000 0.000000
Y 2.687006 2.687006 0.000000
Q 5.374012 5.374012 0.000000
F 8.061017 5.374012 -2.687006
W 10.748023 5.374012 0.000000
K 10.748023 8.061017 2.687006
N 8.061017 8.061017 0.000000
F 10.748023 8.061017 -2.687006
Q 13.435029 10.748023 -2.687006
T 16.122035 8.061017 -2.687006


-2.000000	16b48aa10
10

Q 0.000000 0.000000 0.000000
Y 2.687006 2.687006 0.000000
Q 0.000000 5.374012 0.000000
F -2.687006 5.374012 -2.687006
W -5.374012 5.374012 -5.374012
K -5.374012 2.687006 -8.061017
N -2.687006 2.687006 -5.374012
F -5.374012 2.687006 -2.687006
Q -8.061017 0.000000 -2.687006
T -10.748023 2.687006 -2.687006


-2.000000	16b48aa00
10

Q 0.000000 0.000000 0.000000
Y 2.687006 2.687006 0.000000
Q 5.374012 5.374012 0.000000
F 2.687006 5.374012 -2.687006
W 0.000000 5.374012 -5.374012
K 0.000000 2.687006 -8.061017
N 2.687006 2.687006 -5.374012
F 0.000000 2.687006 -2.687006
Q -2.687006 0.000000 -2.687006
T -5.374012 2.687006 -2.687006


-2.000000	705a24440
10

Q 0.000000 0.000000 0.000000
Y 2.687006 2.687006 0.000000
Q 5.374012 2.687006 2.687006
F 8.061017 2.687006 5.374012
W 10.748023 2.687006 8.061017
K 10.748023 5.374012 10.748023
N 8.061017 5.374012 8.061017
F 10.748023 5.374012 5.374012
Q 13.435029 8.061017 5.374012
T 16.122035 5.374012 5.374012


-2.000000	16b48aaa0
10

Q 0.000000 0.000000 0.000000
Y 2.687006 2.687006 0.000000
Q 0.000000 2.687006 -2.687006
F -2.687006 2.687006 -5.374012
W -5.374012 2.687006 -8.061017
K -5.374012 0.000000 -10.748023
N -2.687006 0.000000 -8.061017
F -5.374012 0.000000 -5.374012
Q -8.061017 -2.687006 -5.374012
T -10.748023 0.000000 -5.374012


-2.000000	705a24410
10

Q 0.000000 0.000000 0.000000
Y 2.687006 2.687006 0.000000
Q 0.000000 5.374012 0.000000
F 2.687006 5.374012 2.687006
W 5.374012 5.374012 5.374012
K 5.374012 8.061017 8.061017
N 2.687006 8.061017 5.374012
F 5.374012 8.061017 2.687006
Q 8.061017 10.748023 2.687006
T 10.748023 8.061017 2.687006


-2.000000	705a24400
10

Q 0.000000 0.000000 0.000000
Y 2.687006 2.687006 0.000000
Q 5.374012 5.374012 0.000000
F 8.061017 5.374012 2.687006
W 10.748023 5.374012 5.374012
K 10.748023 8.061017 8.061017
N 8.061017 8.061017 5.374012
F 10.748023 8.061017 2.687006
Q 13.435029 10.748023 2.687006
T 16.122035 8.061017 2.687006


-2.000000	705a24340
10

Q 0.000000 0.000000 0.000000
Y 2.687006 2.687006 0.000000
Q 5.374012 2.687006 2.687006
F 5.374012 5.374012 0.000000
W 8.061017 5.374012 2.687006
K 8.061017 8.061017 5.374012
N 5.374012 8.061017 2.687006
F 8.061017 8.061017 0.000000
Q 10.748023 10.748023 0.000000
T 13.435029 8.061017 0.000000


-2.000000	705a24310
10

Q 0.000000 0.000000 0.000000
Y 2.687006 2.687006 0.000000
Q 0.000000 5.374012 0.000000
F 0.000000 8.061017 -2.687006
W 2.687006 8.061017 0.000000
K 2.687006 10.748023 2.687006
N 0.000000 10.748023 0.000000
F 2.687006 10.748023 -2.687006
Q 5.374012 13.435029 -2.687006
T 8.061017 10.748023 -2.687006


-2.000000	705a24300
10

Q 0.000000 0.000000 0.000000
Y 2.687006 2.687006 0.000000
Q 5.374012 5.374012 0.000000
F 5.374012 8.061017 -2.687006
W 8.061017 8.061017 0.000000
K 8.061017 10.748023 2.687006
N 5.374012 10.748023 0.000000
F 8.061017 10.748023 -2.687006
Q 10.748023 13.435029 -2.687006
T 13.435029 10.748023 -2.687006


-2.000000	16b48a940
10

Q 0.000000 0.000000 0.000000
Y 2.687006 2.687006 0.000000
Q 5.374012 2.687006 2.687006
F 5.374012 0.000000 5.374012
W 2.687006 0.000000 2.687006
K 2.687006 -2.687006 0.000000
N 5.374012 -2.687006 2.687006
F 2.687006 -2.687006 5.374012
Q 0.000000 -5.374012 5.374012
T -2.687006 -2.687006 5.374012


-2.000000	705a243a0
10

Q 0.000000 0.000000 0.000000
Y 2.687006 2.687006 0.000000
Q 0.000000 2.687006 -2.687006
F 0.000000 5.374012 -5.374012
W 2.687006 5.374012 -2.687006
K 2.687006 8.061017 0.000000
N 0.000000 8.061017 -2.687006
F 2.687006 8.061017 -5.374012
Q 5.374012 10.748023 -5.374012
T 8.061017 8.061017 -5.374012


-2.000000	16b48a810
10

Q 0.000000 0.000000 0.000000
Y 2.687006 2.687006 0.000000
Q 0.000000 5.374012 0.000000
F 0.000000 2.687006 -2.687006
W -2.687006 2.687006 -5.374012
K -2.687006 0.000000 -8.061017
N 0.000000 0.000000 -5.374012
F -2.687006 0.000000 -2.687006
Q -5.374012 -2.687006 -2.687006
T -8.061017 0.000000 -2.687006


-2.000000	16b48a800
10

Q 0.000000 0.000000 0.000000
Y 2.687006 2.687006 0.000000
Q 5.374012 5.374012 0.000000
F 5.374012 2.687006 -2.687006
W 2.687006 2.687006 -5.374012
K 2.687006 0.000000 -8.061017
N 5.374012 0.000000 -5.374012
F 2.687006 0.000000 -2.687006
Q 0.000000 -2.687006 -2.687006
T -2.687006 0.000000 -2.687006


-2.000000	705a24240
10

Q 0.000000 0.000000 0.000000
Y 2.687006 2.687006 0.000000
Q 5.374012 2.687006 2.687006
F 5.374012 5.374012 5.374012
W 8.061017 5.374012 8.061017
K 8.061017 8.061017 10.748023
N 5.374012 8.061017 8.061017
F 8.061017 8.061017 5.374012
Q 10.748023 10.748023 5.374012
T 13.435029 8.061017 5.374012


-2.000000	16b48a8a0
10

Q 0.000000 0.000000 0.000000
Y 2.687006 2.687006 0.000000
Q 0.000000 2.687006 -2.687006
F 0.000000 0.000000 -5.374012
W -2.687006 0.000000 -8.061017
K -2.687006 -2.687006 -10.748023
N 0.000000 -2.687006 -8.061017
F -2.687006 -2.687006 -5.374012
Q -5.374012 -5.374012 -5.374012
T -8.061017 -2.687006 -5.374012


-2.000000	705a24210
10

Q 0.000000 0.000000 0.000000
Y 2.687006 2.687006 0.000000
Q 0.000000 5.374012 0.000000
F 0.000000 8.061017 2.687006
W 2.687006 8.061017 5.374012
K 2.687006 10.748023 8.061017
N 0.000000 10.748023 5.374012
F 2.687006 10.748023 2.687006
Q 5.374012 13.435029 2.687006
T 8.061017 10.748023 2.687006


-2.000000	705a24200
10

Q 0.000000 0.000000 0.000000
Y 2.687006 2.687006 0.000000
Q 5.374012 5.374012 0.000000
F 5.374012 8.061017 2.687006
W 8.061017 8.061017 5.374012
K 8.061017 10.748023 8.061017
N 5.374012 10.748023 5.374012
F 8.061017 10.748023 2.687006
Q 10.748023 13.435029 2.687006
T 13.435029 10.748023 2.687006


-2.000000	16b48a840
10

Q 0.000000 0.000000 0.000000
Y 2.687006 2.687006 0.000000
Q 5.374012 2.687006 2.687006
F 5.374012 0.000000 0.000000
W 2.687006 0.000000 -2.687006
K 2.687006 -2.687006 -5.374012
N 5.374012 -2.687006 -2.687006
F 2.687006 -2.687006 0.000000
Q 0.000000 -5.374012 0.000000
T -2.687006 -2.687006 0.000000


-2.000000	705a242a0
10

Q 0.000000 0.000000 0.000000
Y 2.687006 2.687006 0.000000
Q 0.000000 2.687006 -2.687006
F 0.000000 5.374012 0.000000
W 2.687006 5.374012 2.687006
K 2.687006 8.061017 5.374012
N 0.000000 8.061017 2.687006
F 2.687006 8.061017 0.000000
Q 5.374012 10.748023 0.000000
T 8.061017 8.061017 0.000000


-2.000000	705a24140
10

Q 0.000000 0.000000 0.000000
Y 2.687006 2.687006 0.000000
Q 5.374012 2.687006 2.687006
F 2.687006 5.374012 2.687006
W 5.374012 5.374012 5.374012
K 5.374012 8.061017 8.061017
N 2.687006 8.061017 5.374012
F 5.374012 8.061017 2.687006
Q 8.061017 10.748023 2.687006
T 10.748023 8.061017 2.687006


-2.000000	16b48a7a0
10

Q 0.000000 0.000000 0.000000
Y 2.687006 2.687006 0.000000
Q 0.000000 2.687006 -2.687006
F 2.687006 0.000000 -2.687006
W 0.000000 0.000000 -5.374012
K 0.000000 -2.687006 -8.061017
N 2.687006 -2.687006 -5.374012
F 0.000000 -2.687006 -2.687006
Q -2.687006 -5.374012 -2.687006
T -5.374012 -2.687006 -2.687006


-2.000000	705a24110
10

Q 0.000000 0.000000 0.000000
Y 2.687006 2.687006 0.000000
Q 0.000000 5.374012 0.000000
F -2.687006 8.061017 0.000000
W 0.000000 8.061017 2.687006
K 0.000000 10.748023 5.374012
N -2.687006 10.748023 2.687006
F 0.000000 10.748023 0.000000
Q 2.687006 13.435029 0.000000
T 5.374012 10.748023 0.000000


-2.000000	705a24100
10

Q 0.000000 0.000000 0.000000
Y 2.687006 2.687006 0.000000
Q 5.374012 5.374012 0.000000
F 2.687006 8.061017 0.000000
W 5.374012 8.061017 2.687006
K 5.374012 10.748023 5.374012
N 2.687006 10.748023 2.687006
F 5.374012 10.748023 0.000000
Q 8.061017 13.435029 0.000000
T 10.748023 10.748023 0.000000


-2.000000	16b48a740
10

Q 0.000000 0.000000 0.000000
Y 2.687006 2.687006 0.000000
Q 5.374012 2.687006 2.687006
F 8.061017 0.000000 2.687006
W 5.374012 0.000000 0.000000
K 5.374012 -2.687006 -2.687006
N 8.061017 -2.687006 0.000000
F 5.374012 -2.687006 2.687006
Q 2.687006 -5.374012 2.687006
T 0.000000 -2.687006 2.687006


-2.000000	705a241a0
10

Q 0.000000 0.000000 0.000000
Y 2.687006 2.687006 0.000000
Q 0.000000 2.687006 -2.687006
F -2.687006 5.374012 -2.687006
W 0.000000 5.374012 0.000000
K 0.000000 8.061017 2.687006
N -2.687006 8.061017 0.000000
F 0.000000 8.061017 -2.687006
Q 2.687006 10.748023 -2.687006
T 5.374012 8.061017 -2.687006


-2.000000	705a24040
10

Q 0.000000 0.000000 0.000000
Y 2.687006 2.687006 0.000000
Q 5.374012 2.687006 2.687006
F 8.061017 5.374012 2.687006
W 10.748023 5.374012 5.374012
K 10.748023 8.061017 8.061017
N 8.061017 8.061017 5.374012
F 10.748023 8.061017 2.687006
Q 13.435029 10.748023 2.687006
T 16.122035 8.061017 2.687006


-2.000000	16b48a6a0
10

Q 0.000000 0.000000 0.000000
Y 2.687006 2.687006 0.000000
Q 0.000000 2.687006 -2.687006
F -2.687006 0.000000 -2.687006
W -5.374012 0.000000 -5.374012
K -5.374012 -2.687006 -8.061017
N -2.687006 -2.687006 -5.374012
F -5.374012 -2.687006 -2.687006
Q -8.061017 -5.374012 -2.687006
T -10.748023 -2.687006 -2.687006


-2.000000	705a24010
10

Q 0.000000 0.000000 0.000000
Y 2.687006 2.687006 0.000000
Q 0.000000 5.374012 0.000000
F 2.687006 8.061017 0.000000
W 5.374012 8.061017 2.687006
K 5.374012 10.748023 5.374012
N 2.687006 10.748023 2.687006
F 5.374012 10.748023 0.000000
Q 8.061017 13.435029 0.000000
T 10.748023 10.748023 0.000000


-2.000000	705a24000
10

Q 0.000000 0.000000 0.000000
Y 2.687006 2.687006 0.000000
Q 5.374012 5.374012 0.000000
F 8.061017 8.061017 0.000000
W 10.748023 8.061017 2.687006
K 10.748023 10.748023 5.374012
N 8.061017 10.748023 2.687006
F 10.748023 10.748023 0.000000
Q 13.435029 13.435029 0.000000
T 16.122035 10.748023 0.000000


-2.000000	705a240a0
10

Q 0.000000 0.000000 0.000000
Y 2.687006 2.687006 0.000000
Q 0.000000 2.687006 -2.687006
F 2.687006 5.374012 -2.687006
W 5.374012 5.374012 0.000000
K 5.374012 8.061017 2.687006
N 2.687006 8.061017 0.000000
F 5.374012 8.061017 -2.687006
Q 8.061017 10.748023 -2.687006
T 10.748023 8.061017 -2.687006


-2.000000	16b48a610
10

Q 0.000000 0.000000 0.000000
Y 2.687006 2.687006 0.000000
Q 0.000000 5.374012 0.000000
F -2.687006 2.687006 0.000000
W -5.374012 2.687006 -2.687006
K -5.374012 0.000000 -5.374012
N -2.687006 0.000000 -2.687006
F -5.374012 0.000000 0.000000
Q -8.061017 -2.687006 0.000000
T -10.748023 0.000000 0.000000


-2.000000	705a24b40
10

Q 0.000000 0.000000 0.000000
Y 2.687006 2.687006 0.000000
Q 5.374012 2.687006 2.687006
F 2.687006 2.687006 5.374012
W 5.374012 2.687006 8.061017
K 5.374012 5.374012 10.748023
N 2.687006 5.374012 8.061017
F 5.374012 5.374012 5.374012
Q 8.061017 8.061017 5.374012
T 10.748023 5.374012 5.374012


-2.000000	16b48a5a0
10

Q 0.000000 0.000000 0.000000
Y 2.687006 2.687006 0.000000
Q 0.000000 2.687006 -2.687006
F 2.687006 2.687006 -5.374012
W 0.000000 2.687006 -8.061017
K 0.000000 0.000000 -10.748023
N 2.687006 0.000000 -8.061017
F 0.000000 0.000000 -5.374012
Q -2.687006 -2.687006 -5.374012
T -5.374012 0.000000 -5.374012


-2.000000	705a24b10
10

Q 0.000000 0.000000 0.000000
Y 2.687006 2.687006 0.000000
Q 0.000000 5.374012 0.000000
F -2.687006 5.374012 2.687006
W 0.000000 5.374012 5.374012
K 0.000000 8.061017 8.061017
N -2.687006 8.061017 5.374012
F 0.000000 8.061017 2.687006
Q 2.687006 10.748023 2.687006
T 5.374012 8.061017 2.687006


-2.000000	705a24b00
10

Q 0.000000 0.000000 0.000000
Y 2.687006 2.687006 0.000000
Q 5.374012 5.374012 0.000000
F 2.687006 5.374012 2.687006
W 5.374012 5.374012 5.374012
K 5.374012 8.061017 8.061017
N 2.687006 8.061017 5.374012
F 5.374012 8.061017 2.687006
Q 8.061017 10.748023 2.687006
T 10.748023 8.061017 2.687006


-2.000000	705a24ba0
10

Q 0.000000 0.000000 0.000000
Y 2.687006 2.687006 0.000000
Q 0.000000 2.687006 -2.687006
F -2.687006 2.687006 0.000000
W 0.000000 2.687006 2.687006
K 0.000000 5.374012 5.374012
N -2.687006 5.374012 2.687006
F 0.000000 5.374012 0.000000
Q 2.687006 8.061017 0.000000
T 5.374012 5.374012 0.000000


-2.000000	16b48a510
10

Q 0.000000 0.000000 0.000000
Y 2.687006 2.687006 0.000000
Q 0.000000 5.374012 0.000000
F 2.687006 5.374012 -2.687006
W 0.000000 5.374012 -5.374012
K 0.000000 2.687006 -8.061017
N 2.687006 2.687006 -5.374012
F 0.000000 2.687006 -2.687006
Q -2.687006 0.000000 -2.687006
T -5.374012 2.687006 -2.687006


-2.000000	16b48a500
10

Q 0.000000 0.000000 0.000000
Y 2.687006 2.687006 0.000000
Q 5.374012 5.374012 0.000000
F 8.061017 5.374012 -2.687006
W 5.374012 5.374012 -5.374012
K 5.374012 2.687006 -8.061017
N 8.061017 2.687006 -5.374012
F 5.374012 2.687006 -2.687006
Q 2.687006 0.000000 -2.687006
T 0.000000 2.687006 -2.687006


-2.000000	16b485a10
10

Q 0.000000 0.000000 0.000000
Y 2.687006 2.687006 0.000000
Q 0.000000 5.374012 0.000000
F -2.687006 5.374012 -2.687006
W 0.000000 5.374012 -5.374012
K 0.000000 2.687006 -8.061017
N 2.687006 2.687006 -5.374012
F 0.000000 2.687006 -2.687006
Q -2.687006 0.000000 -2.687006
T -5.374012 2.687006 -2.687006


-2.000000	16b485a00
10

Q 0.000000 0.000000 0.000000
Y 2.687006 2.687006 0.000000
Q 5.374012 5.374012 0.000000
F 2.687006 5.374012 -2.687006
W 5.374012 5.374012 -5.374012
K 5.374012 2.687006 -8.061017
N 8.061017 2.687006 -5.374012
F 5.374012 2.687006 -2.687006
Q 2.687006 0.000000 -2.687006
T 0.000000 2.687006 -2.687006


-2.000000	705a2b440
10

Q 0.000000 0.000000 0.000000
Y 2.687006 2.687006 0.000000
Q 5.374012 2.687006 2.687006
F 8.061017 2.687006 5.374012
W 5.374012 2.687006 8.061017
K 5.374012 5.374012 10.748023
N 2.687006 5.374012 8.061017
F 5.374012 5.374012 5.374012
Q 8.061017 8.061017 5.374012
T 10.748023 5.374012 5.374012


-2.000000	16b485aa0
10

Q 0.000000 0.000000 0.000000
Y 2.687006 2.687006 0.000000
Q 0.000000 2.687006 -2.687006
F -2.687006 2.687006 -5.374012
W 0.000000 2.687006 -8.061017
K 0.000000 0.000000 -10.748023
N 2.687006 0.000000 -8.061017
F 0.000000 0.000000 -5.374012
Q -2.687006 -2.687006 -5.374012
T -5.374012 0.000000 -5.374012


-2.000000	705a2b410
10

Q 0.000000 0.000000 0.000000
Y 2.687006 2.687006 0.000000
Q 0.000000 5.374012 0.000000
F 2.687006 5.374012 2.687006
W 0.000000 5.374012 5.374012
K 0.000000 8.061017 8.061017
N -2.687006 8.061017 5.374012
F 0.000000 8.061017 2.687006
Q 2.687006 10.748023 2.687006
T 5.374012 8.061017 2.687006


-2.000000	705a2b400
10

Q 0.000000 0.000000 0.000000
Y 2.687006 2.687006 0.000000
Q 5.374012 5.374012 0.000000
F 8.061017 5.374012 2.687006
W 5.374012 5.374012 5.374012
K 5.374012 8.061017 8.061017
N 2.687006 8.061017 5.374012
F 5.374012 8.061017 2.687006
Q 8.061017 10.748023 2.687006
T 10.748023 8.061017 2.687006


-2.000000	16b485900
10

Q 0.000000 0.000000 0.000000
Y 2.687006 2.687006 0.000000
Q 5.374012 5.374012 0.000000
F 5.374012 2.687006 2.687006
W 8.061017 2.687006 0.000000
K 8.061017 0.000000 -2.687006
N 10.748023 0.000000 0.000000
F 8.061017 0.000000 2.687006
Q 5.374012 -2.687006 2.687006
T 2.687006 0.000000 2.687006


-2.000000	705a2b340
10

Q 0.000000 0.000000 0.000000
Y 2.687006 2.687006 0.000000
Q 5.374012 2.687006 2.687006
F 5.374012 5.374012 0.000000
W 2.687006 5.374012 2.687006
K 2.687006 8.061017 5.374012
N 0.000000 8.061017 2.687006
F 2.687006 8.061017 0.000000
Q 5.374012 10.748023 0.000000
T 8.061017 8.061017 0.000000


-2.000000	705a2b310
10

Q 0.000000 0.000000 0.000000
Y 2.687006 2.687006 0.000000
Q 0.000000 5.374012 0.000000
F 0.000000 8.061017 -2.687006
W -2.687006 8.061017 0.000000
K -2.687006 10.748023 2.687006
N -5.374012 10.748023 0.000000
F -2.687006 10.748023 -2.687006
Q 0.000000 13.435029 -2.687006
T 2.687006 10.748023 -2.687006


-2.000000	705a2b300
10

Q 0.000000 0.000000 0.000000
Y 2.687006 2.687006 0.000000
Q 5.374012 5.374012 0.000000
F 5.374012 8.061017 -2.687006
W 2.687006 8.061017 0.000000
K 2.687006 10.748023 2.687006
N 0.000000 10.748023 0.000000
F 2.687006 10.748023 -2.687006
Q 5.374012 13.435029 -2.687006
T 8.061017 10.748023 -2.687006


-2.000000	16b485940
10

Q 0.000000 0.000000 0.000000
Y 2.687006 2.687006 0.000000
Q 5.374012 2.687006 2.687006
F 5.374012 0.000000 5.374012
W 8.061017 0.000000 2.687006
K 8.061017 -2.687006 0.000000
N 10.748023 -2.687006 2.687006
F 8.061017 -2.687006 5.374012
Q 5.374012 -5.374012 5.374012
T 2.687006 -2.687006 5.374012


-2.000000	705a2b3a0
10

Q 0.000000 0.000000 0.000000
Y 2.687006 2.687006 0.000000
Q 0.000000 2.687006 -2.687006
F 0.000000 5.374012 -5.374012
W -2.687006 5.374012 -2.687006
K -2.687006 8.061017 0.000000
N -5.374012 8.061017 -2.687006
F -2.687006 8.061017 -5.374012
Q 0.000000 10.748023 -5.374012
T 2.687006 8.061017 -5.374012


-2.000000	16b485810
10

Q 0.000000 0.000000 0.000000
Y 2.687006 2.687006 0.000000
Q 0.000000 5.374012 0.000000
F 0.000000 2.687006 -2.687006
W 2.687006 2.687006 -5.374012
K 2.687006 0.000000 -8.061017
N 5.374012 0.000000 -5.374012
F 2.687006 0.000000 -2.687006
Q 0.000000 -2.687006 -2.687006
T -2.687006 0.000000 -2.687006


-2.000000	16b485800
10

Q 0.000000 0.000000 0.000000
Y 2.687006 2.687006 0.000000
Q 5.374012 5.374012 0.000000
F 5.374012 2.687006 -2.687006
W 8.061017 2.687006 -5.374012
K 8.061017 0.000000 -8.061017
N 10.748023 0.000000 -5.374012
F 8.061017 0.000000 -2.687006
Q 5.374012 -2.687006 -2.687006
T 2.687006 0.000000 -2.687006


-2.000000	705a2b240
10

Q 0.000000 0.000000 0.000000
Y 2.687006 2.687006 0.000000
Q 5.374012 2.687006 2.687006
F 5.374012 5.374012 5.374012
W 2.687006 5.374012 8.061017
K 2.687006 8.061017 10.748023
N 0.000000 8.061017 8.061017
F 2.687006 8.061017 5.374012
Q 5.374012 10.748023 5.374012
T 8.061017 8.061017 5.374012


-2.000000	16b4858a0
10

Q 0.000000 0.000000 0.000000
Y 2.687006 2.687006 0.000000
Q 0.000000 2.687006 -2.687006
F 0.000000 0.000000 -5.374012
W 2.687006 0.000000 -8.061017
K 2.687006 -2.687006 -10.748023
N 5.374012 -2.687006 -8.061017
F 2.687006 -2.687006 -5.374012
Q 0.000000 -5.374012 -5.374012
T -2.687006 -2.687006 -5.374012


-2.000000	705a2b210
10

Q 0.000000 0.000000 0.000000
Y 2.687006 2.687006 0.000000
Q 0.000000 5.374012 0.000000
F 0.000000 8.061017 2.687006
W -2.687006 8.061017 5.374012
K -2.687006 10.748023 8.061017
N -5.374012 10.748023 5.374012
F -2.687006 10.748023 2.687006
Q 0.000000 13.435029 2.687006
T 2.687006 10.748023 2.687006


-2.000000	705a2b200
10

Q 0.000000 0.000000 0.000000
Y 2.687006 2.687006 0.000000
Q 5.374012 5.374012 0.000000
F 5.374012 8.061017 2.687006
W 2.687006 8.061017 5.374012
K 2.687006 10.748023 8.061017
N 0.000000 10.748023 5.374012
F 2.687006 10.748023 2.687006
Q 5.374012 13.435029 2.687006
T 8.061017 10.748023 2.687006


-2.000000	16b485840
10

Q 0.000000 0.000000 0.000000
Y 2.687006 2.687006 0.000000
Q 5.374012 2.687006 2.687006
F 5.374012 0.000000 0.000000
W 8.061017 0.000000 -2.687006
K 8.061017 -2.687006 -5.374012
N 10.748023 -2.687006 -2.687006
F 8.061017 -2.687006 0.000000
Q 5.374012 -5.374012 0.000000
T 2.687006 -2.687006 0.000000


-2.000000	705a2b2a0
10

Q 0.000000 0.000000 0.000000
Y 2.687006 2.687006 0.000000
Q 0.000000 2.687006 -2.687006
F 0.000000 5.374012 0.000000
W -2.687006 5.374012 2.687006
K -2.687006 8.061017 5.374012
N -5.374012 8.061017 2.687006
F -2.687006 8.061017 0.000000
Q 0.000000 10.748023 0.000000
T 2.687006 8.061017 0.000000


-2.000000	16b485700
10

Q 0.000000 0.000000 0.000000
Y 2.687006 2.687006 0.000000
Q 5.374012 5.374012 0.000000
F 8.061017 2.687006 0.000000
W 10.748023 2.687006 -2.687006
K 10.748023 0.000000 -5.374012
N 13.435029 0.000000 -2.687006
F 10.748023 0.000000 0.000000
Q 8.061017 -2.687006 0.000000
T 5.374012 0.000000 0.000000


-2.000000	705a2b140
10

Q 0.000000 0.000000 0.000000
Y 2.687006 2.687006 0.000000
Q 5.374012 2.687006 2.687006
F 2.687006 5.374012 2.687006
W 0.000000 5.374012 5.374012
K 0.000000 8.061017 8.061017
N -2.687006 8.061017 5.374012
F 0.000000 8.061017 2.687006
Q 2.687006 10.748023 2.687006
T 5.374012 8.061017 2.687006


-2.000000	16b4857a0
10

Q 0.000000 0.000000 0.000000
Y 2.687006 2.687006 0.000000
Q 0.000000 2.687006 -2.687006
F 2.687006 0.000000 -2.687006
W 5.374012 0.000000 -5.374012
K 5.374012 -2.687006 -8.061017
N 8.061017 -2.687006 -5.374012
F 5.374012 -2.687006 -2.687006
Q 2.687006 -5.374012 -2.687006
T 0.000000 -2.687006 -2.687006


-2.000000	705a2b110
10

Q 0.000000 0.000000 0.000000
Y 2.687006 2.687006 0.000000
Q 0.000000 5.374012 0.000000
F -2.687006 8.061017 0.000000
W -5.374012 8.061017 2.687006
K -5.374012 10.748023 5.374012
N -8.061017 10.748023 2.687006
F -5.374012 10.748023 0.000000
Q -2.687006 13.435029 0.000000
T 0.000000 10.748023 0.000000


-2.000000	705a2b100
10

Q 0.000000 0.000000 0.000000
Y 2.687006 2.687006 0.000000
Q 5.374012 5.374012 0.000000
F 2.687006 8.061017 0.000000
W 0.000000 8.061017 2.687006
K 0.000000 10.748023 5.374012
N -2.687006 10.748023 2.687006
F 0.000000 10.748023 0.000000
Q 2.687006 13.435029 0.000000
T 5.374012 10.748023 0.000000


-2.000000	16b485740
10

Q 0.000000 0.000000 0.000000
Y 2.687006 2.687006 0.000000
Q 5.374012 2.687006 2.687006
F 8.061017 0.000000 2.687006
W 10.748023 0.000000 0.000000
K 10.748023 -2.687006 -2.687006
N 13.435029 -2.687006 0.000000
F 10.748023 -2.687006 2.687006
Q 8.061017 -5.374012 2.687006
T 5.374012 -2.687006 2.687006


-2.000000	705a2b1a0
10

Q 0.000000 0.000000 0.000000
Y 2.687006 2.687006 0.000000
Q 0.000000 2.687006 -2.687006
F -2.687006 5.374012 -2.687006
W -5.374012 5.374012 0.000000
K -5.374012 8.061017 2.687006
N -8.061017 8.061017 0.000000
F -5.374012 8.061017 -2.687006
Q -2.687006 10.748023 -2.687006
T 0.000000 8.061017 -2.687006


-2.000000	705a2b040
10

Q 0.000000 0.000000 0.000000
Y 2.687006 2.687006 0.000000
Q 5.374012 2.687006 2.687006
F 8.061017 5.374012 2.687006
W 5.374012 5.374012 5.374012
K 5.374012 8.061017 8.061017
N 2.687006 8.061017 5.374012
F 5.374012 8.061017 2.687006
Q 8.061017 10.748023 2.687006
T 10.748023 8.061017 2.687006


-2.000000	16b4856a0
10

Q 0.000000 0.000000 0.000000
Y 2.687006 2.687006 0.000000
Q 0.000000 2.687006 -2.687006
F -2.687006 0.000000 -2.687006
W 0.000000 0.000000 -5.374012
K 0.000000 -2.687006 -8.061017
N 2.687006 -2.687006 -5.374012
F 0.000000 -2.687006 -2.687006
Q -2.687006 -5.374012 -2.687006
T -5.374012 -2.687006 -2.687006


-2.000000	705a2b010
10

Q 0.000000 0.000000 0.000000
Y 2.687006 2.687006 0.000000
Q 0.000000 5.374012 0.000000
F 2.687006 8.061017 0.000000
W 0.000000 8.061017 2.687006
K 0.000000 10.748023 5.374012
N -2.687006 10.748023 2.687006
F 0.000000 10.748023 0.000000
Q 2.687006 13.435029 0.000000
T 5.374012 10.748023 0.000000


-2.000000	705a2b000
10

Q 0.000000 0.000000 0.000000
Y 2.687006 2.687006 0.000000
Q 5.374012 5.374012 0.000000
F 8.061017 8.061017 0.000000
W 5.374012 8.061017 2.687006
K 5.374012 10.748023 5.374012
N 2.687006 10.748023 2.687006
F 5.374012 10.748023 0.000000
Q 8.061017 13.435029 0.000000
T 10.748023 10.748023 0.000000


-2.000000	16b485640
10

Q 0.000000 0.000000 0.000000
Y 2.687006 2.687006 0.000000
Q 5.374012 2.687006 2.687006
F 2.687006 0.000000 2.687006
W 5.374012 0.000000 0.000000
K 5.374012 -2.687006 -2.687006
N 8.061017 -2.687006 0.000000
F 5.374012 -2.687006 2.687006
Q 2.687006 -5.374012 2.687006
T 0.000000 -2.687006 2.687006


-2.000000	705a2b0a0
10

Q 0.000000 0.000000 0.000000
Y 2.687006 2.687006 0.000000
Q 0.000000 2.687006 -2.687006
F 2.687006 5.374012 -2.687006
W 0.000000 5.374012 0.000000
K 0.000000 8.061017 2.687006
N -2.687006 8.061017 0.000000
F 0.000000 8.061017 -2.687006
Q 2.687006 10.748023 -2.687006
T 5.374012 8.061017 -2.687006


-2.000000	705a2bb40
10

Q 0.000000 0.000000 0.000000
Y 2.687006 2.687006 0.000000
Q 5.374012 2.687006 2.687006
F 2.687006 2.687006 5.374012
W 0.000000 2.687006 8.061017
K 0.000000 5.374012 10.748023
N -2.687006 5.374012 8.061017
F 0.000000 5.374012 5.374012
Q 2.687006 8.061017 5.374012
T 5.374012 5.374012 5.374012


-2.000000	16b4855a0
10

Q 0.000000 0.000000 0.000000
Y 2.687006 2.687006 0.000000
Q 0.000000 2.687006 -2.687006
F 2.687006 2.687006 -5.374012
W 5.374012 2.687006 -8.061017
K 5.374012 0.000000 -10.748023
N 8.061017 0.000000 -8.061017
F 5.374012 0.000000 -5.374012
Q 2.687006 -2.687006 -5.374012
T 0.000000 0.000000 -5.374012


-2.000000	705a2bb10
10

Q 0.000000 0.000000 0.000000
Y 2.687006 2.687006 0.000000
Q 0.000000 5.374012 0.000000
F -2.687006 5.374012 2.687006
W -5.374012 5.374012 5.374012
K -5.374012 8.061017 8.061017
N -8.061017 8.061017 5.374012
F -5.374012 8.061017 2.687006
Q -2.687006 10.748023 2.687006
T 0.000000 8.061017 2.687006


-2.000000	705a2bb00
10

Q 0.000000 0.000000 0.000000
Y 2.687006 2.687006 0.000000
Q 5.374012 5.374012 0.000000
F 2.687006 5.374012 2.687006
W 0.000000 5.374012 5.374012
K 0.000000 8.061017 8.061017
N -2.687006 8.061017 5.374012
F 0.000000 8.061017 2.687006
Q 2.687006 10.748023 2.687006
T 5.374012 8.061017 2.687006


-2.000000	16b485540
10

Q 0.000000 0.000000 0.000000
Y 2.687006 2.687006 0.000000
Q 5.374012 2.687006 2.687006
F 8.061017 2.687006 0.000000
W 10.748023 2.687006 -2.687006
K 10.748023 0.000000 -5.374012
N 13.435029 0.000000 -2.687006
F 10.748023 0.000000 0.000000
Q 8.061017 -2.687006 0.000000
T 5.374012 0.000000 0.000000


-2.000000	705a2bba0
10

Q 0.000000 0.000000 0.000000
Y 2.687006 2.687006 0.000000
Q 0.000000 2.687006 -2.687006
F -2.687006 2.687006 0.000000
W -5.374012 2.687006 2.687006
K -5.374012 5.374012 5.374012
N -8.061017 5.374012 2.687006
F -5.374012 5.374012 0.000000
Q -2.687006 8.061017 0.000000
T 0.000000 5.374012 0.000000


-2.000000	16b485510
10

Q 0.000000 0.000000 0.000000
Y 2.687006 2.687006 0.000000
Q 0.000000 5.374012 0.000000
F 2.687006 5.374012 -2.687006
W 5.374012 5.374012 -5.374012
K 5.374012 2.687006 -8.061017
N 8.061017 2.687006 -5.374012
F 5.374012 2.687006 -2.687006
Q 2.687006 0.000000 -2.687006
T 0.000000 2.687006 -2.687006


-2.000000	16b485500
10

Q 0.000000 0.000000 0.000000
Y 2.687006 2.687006 0.000000
Q 5.374012 5.374012 0.000000
F 8.061017 5.374012 -2.687006
W 10.748023 5.374012 -5.374012
K 10.748023 2.687006 -8.061017
N 13.435029 2.687006 -5.374012
F 10.748023 2.687006 -2.687006
Q 8.061017 0.000000 -2.687006
T 5.374012 2.687006 -2.687006


-2.000000	705a2ba10
10

Q 0.000000 0.000000 0.000000
Y 2.687006 2.687006 0.000000
Q 0.000000 5.374012 0.000000
F -2.687006 5.374012 -2.687006
W -5.374012 5.374012 0.000000
K -5.374012 8.061017 2.687006
N -8.061017 8.061017 0.000000
F -5.374012 8.061017 -2.687006
Q -2.687006 10.748023 -2.687006
T 0.000000 8.061017 -2.687006


-2.000000	705a2ba00
10

Q 0.000000 0.000000 0.000000
Y 2.687006 2.687006 0.000000
Q 5.374012 5.374012 0.000000
F 2.687006 5.374012 -2.687006
W 0.000000 5.374012 0.000000
K 0.000000 8.061017 2.687006
N -2.687006 8.061017 0.000000
F 0.000000 8.061017 -2.687006
Q 2.687006 10.748023 -2.687006
T 5.374012 8.061017 -2.687006


-2.000000	16b485440
10

Q 0.000000 0.000000 0.000000
Y 2.687006 2.687006 0.000000
Q 5.374012 2.687006 2.687006
F 8.061017 2.687006 5.374012
W 10.748023 2.687006 2.687006
K 10.748023 0.000000 0.000000
N 13.435029 0.000000 2.687006
F 10.748023 0.000000 5.374012
Q 8.061017 -2.687006 5.374012
T 5.374012 0.000000 5.374012


-2.000000	705a2baa0
10

Q 0.000000 0.000000 0.000000
Y 2.687006 2.687006 0.000000
Q 0.000000 2.687006 -2.687006
F -2.687006 2.687006 -5.374012
W -5.374012 2.687006 -2.687006
K -5.374012 5.374012 0.000000
N -8.061017 5.374012 -2.687006
F -5.374012 5.374012 -5.374012
Q -2.687006 8.061017 -5.374012
T 0.000000 5.374012 -5.374012


-2.000000	16b485410
10

Q 0.000000 0.000000 0.000000
Y 2.687006 2.687006 0.000000
Q 0.000000 5.374012 0.000000
F 2.687006 5.374012 2.687006
W 5.374012 5.374012 0.000000
K 5.374012 2.687006 -2.687006
N 8.061017 2.687006 0.000000
F 5.374012 2.687006 2.687006
Q 2.687006 0.000000 2.687006
T 0.000000 2.687006 2.687006


-2.000000	16b485400
10

Q 0.000000 0.000000 0.000000
Y 2.687006 2.687006 0.000000
Q 5.374012 5.374012 0.000000
F 8.061017 5.374012 2.687006
W 10.748023 5.374012 0.000000
K 10.748023 2.687006 -2.687006
N 13.435029 2.687006 0.000000
F 10.748023 2.687006 2.687006
Q 8.061017 0.000000 2.687006
T 5.374012 2.687006 2.687006


-2.000000	705a2b910
10

Q 0.000000 0.000000 0.000000
Y 2.687006 2.687006 0.000000
Q 0.000000 5.374012 0.000000
F 0.000000 2.687006 2.687006
W -2.687006 2.687006 5.374012
K -2.687006 5.374012 8.061017
N -5.374012 5.374012 5.374012
F -2.687006 5.374012 2.687006
Q 0.000000 8.061017 2.687006
T 2.687006 5.374012 2.687006


-2.000000	705a2b900
10

Q 0.000000 0.000000 0.000000
Y 2.687006 2.687006 0.000000
Q 5.374012 5.374012 0.000000
F 5.374012 2.687006 2.687006
W 2.687006 2.687006 5.374012
K 2.687006 5.374012 8.061017
N 0.000000 5.374012 5.374012
F 2.687006 5.374012 2.687006
Q 5.374012 8.061017 2.687006
T 8.061017 5.374012 2.687006


-2.000000	16b485310
10

Q 0.000000 0.000000 0.000000
Y 2.687006 2.687006 0.000000
Q 0.000000 5.374012 0.000000
F 0.000000 8.061017 -2.687006
W 2.687006 8.061017 -5.374012
K 2.687006 5.374012 -8.061017
N 5.374012 5.374012 -5.374012
F 2.687006 5.374012 -2.687006
Q 0.000000 2.687006 -2.687006
T -2.687006 5.374012 -2.687006


-2.000000	16b485300
10

Q 0.000000 0.000000 0.000000
Y 2.687006 2.687006 0.000000
Q 5.374012 5.374012 0.000000
F 5.374012 8.061017 -2.687006
W 8.061017 8.061017 -5.374012
K 8.061017 5.374012 -8.061017
N 10.748023 5.374012 -5.374012
F 8.061017 5.374012 -2.687006
Q 5.374012 2.687006 -2.687006
T 2.687006 5.374012 -2.687006


-2.000000	705a2b940
10

Q 0.000000 0.000000 0.000000
Y 2.687006 2.687006 0.000000
Q 5.374012 2.687006 2.687006
F 5.374012 0.000000 5.374012
W 2.687006 0.000000 8.061017
K 2.687006 2.687006 10.748023
N 0.000000 2.687006 8.061017
F 2.687006 2.687006 5.374012
Q 5.374012 5.374012 5.374012
T 8.061017 2.687006 5.374012


-2.000000	16b4853a0
10

Q 0.000000 0.000000 0.000000
Y 2.687006 2.687006 0.000000
Q 0.000000 2.687006 -2.687006
F 0.000000 5.374012 -5.374012
W 2.687006 5.374012 -8.061017
K 2.687006 2.687006 -10.748023
N 5.374012 2.687006 -8.061017
F 2.687006 2.687006 -5.374012
Q 0.000000 0.000000 -5.374012
T -2.687006 2.687006 -5.374012


-2.000000	705a2b810
10

Q 0.000000 0.000000 0.000000
Y 2.687006 2.687006 0.000000
Q 0.000000 5.374012 0.000000
F 0.000000 2.687006 -2.687006
W -2.687006 2.687006 0.000000
K -2.687006 5.374012 2.687006
N -5.374012 5.374012 0.000000
F -2.687006 5.374012 -2.687006
Q 0.000000 8.061017 -2.687006
T 2.687006 5.374012 -2.687006


-2.000000	16b485240
10

Q 0.000000 0.000000 0.000000
Y 2.687006 2.687006 0.000000
Q 5.374012 2.687006 2.687006
F 5.374012 5.374012 5.374012
W 8.061017 5.374012 2.687006
K 8.061017 2.687006 0.000000
N 10.748023 2.687006 2.687006
F 8.061017 2.687006 5.374012
Q 5.374012 0.000000 5.374012
T 2.687006 2.687006 5.374012


-2.000000	705a2b8a0
10

Q 0.000000 0.000000 0.000000
Y 2.687006 2.687006 0.000000
Q 0.000000 2.687006 -2.687006
F 0.000000 0.000000 -5.374012
W -2.687006 0.000000 -2.687006
K -2.687006 2.687006 0.000000
N -5.374012 2.687006 -2.687006
F -2.687006 2.687006 -5.374012
Q 0.000000 5.374012 -5.374012
T 2.687006 2.687006 -5.374012


-2.000000	16b485210
10

Q 0.000000 0.000000 0.000000
Y 2.687006 2.687006 0.000000
Q 0.000000 5.374012 0.000000
F 0.000000 8.061017 2.687006
W 2.687006 8.061017 0.000000
K 2.687006 5.374012 -2.687006
N 5.374012 5.374012 0.000000
F 2.687006 5.374012 2.687006
Q 0.000000 2.687006 2.687006
T -2.687006 5.374012 2.687006


-2.000000	16b485200
10

Q 0.000000 0.000000 0.000000
Y 2.687006 2.687006 0.000000
Q 5.374012 5.374012 0.000000
F 5.374012 8.061017 2.687006
W 8.061017 8.061017 0.000000
K 8.061017 5.374012 -2.687006
N 10.748023 5.374012 0.000000
F 8.061017 5.374012 2.687006
Q 5.374012 2.687006 2.687006
T 2.687006 5.374012 2.687006


-2.000000	b49258040
10

Q 0.000000 0.000000 0.000000
Y 2.687006 2.687006 0.000000
Q 5.374012 2.687006 2.687006
F 8.061017 5.374012 2.687006
W 8.061017 2.687006 0.000000
K 10.748023 2.687006 -2.687006
N 10.748023 5.374012 0.000000
F 10.748023 2.687006 2.687006
Q 13.435029 2.687006 5.374012
T 10.748023 2.687006 8.061017


-2.000000	5a38b26a0
10

Q 0.000000 0.000000 0.000000
Y 2.687006 2.687006 0.000000
Q 0.000000 2.687006 -2.687006
F -2.687006 0.000000 -2.687006
W -2.687006 2.687006 0.000000
K -5.374012 2.687006 2.687006
N -5.374012 0.000000 0.000000
F -5.374012 2.687006 -2.687006
Q -8.061017 2.687006 -5.374012
T -5.374012 2.687006 -8.061017


-2.000000	b49258010
10

Q 0.000000 0.000000 0.000000
Y 2.687006 2.687006 0.000000
Q 0.000000 5.374012 0.000000
F 2.687006 8.061017 0.000000
W 2.687006 5.374012 -2.687006
K 5.374012 5.374012 -5.374012
N 5.374012 8.061017 -2.687006
F 5.374012 5.374012 0.000000
Q 8.061017 5.374012 2.687006
T 5.374012 5.374012 5.374012


-2.000000	b49258000
10

Q 0.000000 0.000000 0.000000
Y 2.687006 2.687006 0.000000
Q 5.374012 5.374012 0.000000
F 8.061017 8.061017 0.000000
W 8.061017 5.374012 -2.687006
K 10.748023 5.374012 -5.374012
N 10.748023 8.061017 -2.687006
F 10.748023 5.374012 0.000000
Q 13.435029 5.374012 2.687006
T 10.748023 5.374012 5.374012


-2.000000	5a38b2640
10

Q 0.000000 0.000000 0.000000
Y 2.687006 2.687006 0.000000
Q 5.374012 2.687006 2.687006
F 2.687006 0.000000 2.687006
W 2.687006 2.687006 5.374012
K 0.000000 2.687006 8.061017
N 0.000000 0.000000 5.374012
F 0.000000 2.687006 2.687006
Q -2.687006 2.687006 0.000000
T 0.000000 2.687006 -2.687006


-2.000000	b492580a0
10

Q 0.000000 0.000000 0.000000
Y 2.687006 2.687006 0.000000
Q 0.000000 2.687006 -2.687006
F 2.687006 5.374012 -2.687006
W 2.687006 2.687006 -5.374012
K 5.374012 2.687006 -8.061017
N 5.374012 5.374012 -5.374012
F 5.374012 2.687006 -2.687006
Q 8.061017 2.687006 0.000000
T 5.374012 2.687006 2.687006


-2.000000	5a38b2610
10

Q 0.000000 0.000000 0.000000
Y 2.687006 2.687006 0.000000
Q 0.000000 5.374012 0.000000
F -2.687006 2.687006 0.000000
W -2.687006 5.374012 2.687006
K -5.374012 5.374012 5.374012
N -5.374012 2.687006 2.687006
F -5.374012 5.374012 0.000000
Q -8.061017 5.374012 -2.687006
T -5.374012 5.374012 -5.374012


-2.000000	b49258a00
10

Q 0.000000 0.000000 0.000000
Y 2.687006 2.687006 0.000000
Q 5.374012 5.374012 0.000000
F 2.687006 5.374012 -2.687006
W 2.687006 2.687006 -5.374012
K 5.374012 2.687006 -8.061017
N 5.374012 5.374012 -5.374012
F 5.374012 2.687006 -2.687006
Q 8.061017 2.687006 0.000000
T 5.374012 2.687006 2.687006


-2.000000	5a38b2440
10

Q 0.000000 0.000000 0.000000
Y 2.687006 2.687006 0.000000
Q 5.374012 2.687006 2.687006
F 8.061017 2.687006 5.374012
W 8.061017 5.374012 8.061017
K 5.374012 5.374012 10.748023
N 5.374012 2.687006 8.061017
F 5.374012 5.374012 5.374012
Q 2.687006 5.374012 2.687006
T 5.374012 5.374012 0.000000


-2.000000	5a38b2410
10

Q 0.000000 0.000000 0.000000
Y 2.687006 2.687006 0.000000
Q 0.000000 5.374012 0.000000
F 2.687006 5.374012 2.687006
W 2.687006 8.061017 5.374012
K 0.000000 8.061017 8.061017
N 0.000000 5.374012 5.374012
F 0.000000 8.061017 2.687006
Q -2.687006 8.061017 0.000000
T 0.000000 8.061017 -2.687006


-2.000000	5a38b2400
10

Q 0.000000 0.000000 0.000000
Y 2.687006 2.687006 0.000000
Q 5.374012 5.374012 0.000000
F 8.061017 5.374012 2.687006
W 8.061017 8.061017 5.374012
K 5.374012 8.061017 8.061017
N 5.374012 5.374012 5.374012
F 5.374012 8.061017 2.687006
Q 2.687006 8.061017 0.000000
T 5.374012 8.061017 -2.687006


-2.000000	b49258900
10

Q 0.000000 0.000000 0.000000
Y 2.687006 2.687006 0.000000
Q 5.374012 5.374012 0.000000
F 5.374012 2.687006 2.687006
W 5.374012 0.000000 0.000000
K 8.061017 0.000000 -2.687006
N 8.061017 2.687006 0.000000
F 8.061017 0.000000 2.687006
Q 10.748023 0.000000 5.374012
T 8.061017 0.000000 8.061017


-2.000000	5a38b2340
10

Q 0.000000 0.000000 0.000000
Y 2.687006 2.687006 0.000000
Q 5.374012 2.687006 2.687006
F 5.374012 5.374012 0.000000
W 5.374012 8.061017 2.687006
K 2.687006 8.061017 5.374012
N 2.687006 5.374012 2.687006
F 2.687006 8.061017 0.000000
Q 0.000000 8.061017 -2.687006
T 2.687006 8.061017 -5.374012


-2.000000	5a38b2310
10

Q 0.000000 0.000000 0.000000
Y 2.687006 2.687006 0.000000
Q 0.000000 5.374012 0.000000
F 0.000000 8.061017 -2.687006
W 0.000000 10.748023 0.000000
K -2.687006 10.748023 2.687006
N -2.687006 8.061017 0.000000
F -2.687006 10.748023 -2.687006
Q -5.374012 10.748023 -5.374012
T -2.687006 10.748023 -8.061017


-2.000000	5a38b2300
10

Q 0.000000 0.000000 0.000000
Y 2.687006 2.687006 0.000000
Q 5.374012 5.374012 0.000000
F 5.374012 8.061017 -2.687006
W 5.374012 10.748023 0.000000
K 2.687006 10.748023 2.687006
N 2.687006 8.061017 0.000000
F 2.687006 10.748023 -2.687006
Q 0.000000 10.748023 -5.374012
T 2.687006 10.748023 -8.061017


-2.000000	b49258940
10

Q 0.000000 0.000000 0.000000
Y 2.687006 2.687006 0.000000
Q 5.374012 2.687006 2.687006
F 5.374012 0.000000 5.374012
W 5.374012 -2.687006 2.687006
K 8.061017 -2.687006 0.000000
N 8.061017 0.000000 2.687006
F 8.061017 -2.687006 5.374012
Q 10.748023 -2.687006 8.061017
T 8.061017 -2.687006 10.748023


-2.000000	5a38b23a0
10

Q 0.000000 0.000000 0.000000
Y 2.687006 2.687006 0.000000
Q 0.000000 2.687006 -2.687006
F 0.000000 5.374012 -5.374012
W 0.000000 8.061017 -2.687006
K -2.687006 8.061017 0.000000
N -2.687006 5.374012 -2.687006
F -2.687006 8.061017 -5.374012
Q -5.374012 8.061017 -8.061017
T -2.687006 8.061017 -10.748023


-2.000000	b49258810
10

Q 0.000000 0.000000 0.000000
Y 2.687006 2.687006 0.000000
Q 0.000000 5.374012 0.000000
F 0.000000 2.687006 -2.687006
W 0.000000 0.000000 -5.374012
K 2.687006 0.000000 -8.061017
N 2.687006 2.687006 -5.374012
F 2.687006 0.000000 -2.687006
Q 5.374012 0.000000 0.000000
T 2.687006 0.000000 2.687006


-2.000000	b49258800
10

Q 0.000000 0.000000 0.000000
Y 2.687006 2.687006 0.000000
Q 5.374012 5.374012 0.000000
F 5.374012 2.687006 -2.687006
W 5.374012 0.000000 -5.374012
K 8.061017 0.000000 -8.061017
N 8.061017 2.687006 -5.374012
F 8.061017 0.000000 -2.687006
Q 10.748023 0.000000 0.000000
T 8.061017 0.000000 2.687006


-2.000000	5a38b2240
10

Q 0.000000 0.000000 0.000000
Y 2.687006 2.687006 0.000000
Q 5.374012 2.687006 2.687006
F 5.374012 5.374012 5.374012
W 5.374012 8.061017 8.061017
K 2.687006 8.061017 10.748023
N 2.687006 5.374012 8.061017
F 2.687006 8.061017 5.374012
Q 0.000000 8.061017 2.687006
T 2.687006 8.061017 0.000000


-2.000000	b492588a0
10

Q 0.000000 0.000000 0.000000
Y 2.687006 2.687006 0.000000
Q 0.000000 2.687006 -2.687006
F 0.000000 0.000000 -5.374012
W 0.000000 -2.687006 -8.061017
K 2.687006 -2.687006 -10.748023
N 2.687006 0.000000 -8.061017
F 2.687006 -2.687006 -5.374012
Q 5.374012 -2.687006 -2.687006
T 2.687006 -2.687006 0.000000


-2.000000	5a38b2210
10

Q 0.000000 0.000000 0.000000
Y 2.687006 2.687006 0.000000
Q 0.000000 5.374012 0.000000
F 0.000000 8.061017 2.687006
W 0.000000 10.748023 5.374012
K -2.687006 10.748023 8.061017
N -2.687006 8.061017 5.374012
F -2.687006 10.748023 2.687006
Q -5.374012 10.748023 0.000000
T -2.687006 10.748023 -2.687006


-2.000000	5a38b2200
10

Q 0.000000 0.000000 0.000000
Y 2.687006 2.687006 0.000000
Q 5.374012 5.374012 0.000000
F 5.374012 8.061017 2.687006
W 5.374012 10.748023 5.374012
K 2.687006 10.748023 8.061017
N 2.687006 8.061017 5.374012
F 2.687006 10.748023 2.687006
Q 0.000000 10.748023 0.000000
T 2.687006 10.748023 -2.687006


-2.000000	b49258840
10

Q 0.000000 0.000000 0.000000
Y 2.687006 2.687006 0.000000
Q 5.374012 2.687006 2.687006
F 5.374012 0.000000 0.000000
W 5.374012 -2.687006 -2.687006
K 8.061017 -2.687006 -5.374012
N 8.061017 0.000000 -2.687006
F 8.061017 -2.687006 0.000000
Q 10.748023 -2.687006 2.687006
T 8.061017 -2.687006 5.374012


-2.000000	5a38b22a0
10

Q 0.000000 0.000000 0.000000
Y 2.687006 2.687006 0.000000
Q 0.000000 2.687006 -2.687006
F 0.000000 5.374012 0.000000
W 0.000000 8.061017 2.687006
K -2.687006 8.061017 5.374012
N -2.687006 5.374012 2.687006
F -2.687006 8.061017 0.000000
Q -5.374012 8.061017 -2.687006
T -2.687006 8.061017 -5.374012


-2.000000	b49258700
10

Q 0.000000 0.000000 0.000000
Y 2.687006 2.687006 0.000000
Q 5.374012 5.374012 0.000000
F 8.061017 2.687006 0.000000
W 8.061017 0.000000 -2.687006
K 10.748023 0.000000 -5.374012
N 10.748023 2.687006 -2.687006
F 10.748023 0.000000 0.000000
Q 13.435029 0.000000 2.687006
T 10.748023 0.000000 5.374012


-2.000000	5a38b2140
10

Q 0.000000 0.000000 0.000000
Y 2.687006 2.687006 0.000000
Q 5.374012 2.687006 2.687006
F 2.687006 5.374012 2.687006
W 2.687006 8.061017 5.374012
K 0.000000 8.061017 8.061017
N 0.000000 5.374012 5.374012
F 0.000000 8.061017 2.687006
Q -2.687006 8.061017 0.000000
T 0.000000 8.061017 -2.687006


-2.000000	b492587a0
10

Q 0.000000 0.000000 0.000000
Y 2.687006 2.687006 0.000000
Q 0.000000 2.687006 -2.687006
F 2.687006 0.000000 -2.687006
W 2.687006 -2.687006 -5.374012
K 5.374012 -2.687006 -8.061017
N 5.374012 0.000000 -5.374012
F 5.374012 -2.687006 -2.687006
Q 8.061017 -2.687006 0.000000
T 5.374012 -2.687006 2.687006


-2.000000	5a38b2110
10

Q 0.000000 0.000000 0.000000
Y 2.687006 2.687006 0.000000
Q 0.000000 5.374012 0.000000
F -2.687006 8.061017 0.000000
W -2.687006 10.748023 2.687006
K -5.374012 10.748023 5.374012
N -5.374012 8.061017 2.687006
F -5.374012 10.748023 0.000000
Q -8.061017 10.748023 -2.687006
T -5.374012 10.748023 -5.374012


-2.000000	5a38b2100
10

Q 0.000000 0.000000 0.000000
Y 2.687006 2.687006 0.000000
Q 5.374012 5.374012 0.000000
F 2.687006 8.061017 0.000000
W 2.687006 10.748023 2.687006
K 0.000000 10.748023 5.374012
N 0.000000 8.061017 2.687006
F 0.000000 10.748023 0.000000
Q -2.687006 10.748023 -2.687006
T 0.000000 10.748023 -5.374012


-2.000000	b49258740
10

Q 0.000000 0.000000 0.000000
Y 2.687006 2.687006 0.000000
Q 5.374012 2.687006 2.687006
F 8.061017 0.000000 2.687006
W 8.061017 -2.687006 0.000000
K 10.748023 -2.687006 -2.687006
N 10.748023 0.000000 0.000000
F 10.748023 -2.687006 2.687006
Q 13.435029 -2.687006 5.374012
T 10.748023 -2.687006 8.061017


-2.000000	5a38b21a0
10

Q 0.000000 0.000000 0.000000
Y 2.687006 2.687006 0.000000
Q 0.000000 2.687006 -2.687006
F -2.687006 5.374012 -2.687006
W -2.687006 8.061017 0.000000
K -5.374012 8.061017 2.687006
N -5.374012 5.374012 0.000000
F -5.374012 8.061017 -2.687006
Q -8.061017 8.061017 -5.374012
T -5.374012 8.061017 -8.061017


-2.000000	5a38b2040
10

Q 0.000000 0.000000 0.000000
Y 2.687006 2.687006 0.000000
Q 5.374012 2.687006 2.687006
F 8.061017 5.374012 2.687006
W 8.061017 8.061017 5.374012
K 5.374012 8.061017 8.061017
N 5.374012 5.374012 5.374012
F 5.374012 8.061017 2.687006
Q 2.687006 8.061017 0.000000
T 5.374012 8.061017 -2.687006


-2.000000	b492586a0
10

Q 0.000000 0.000000 0.000000
Y 2.687006 2.687006 0.000000
Q 0.000000 2.687006 -2.687006
F -2.687006 0.000000 -2.687006
W -2.687006 -2.687006 -5.374012
K 0.000000 -2.687006 -8.061017
N 0.000000 0.000000 -5.374012
F 0.000000 -2.687006 -2.687006
Q 2.687006 -2.687006 0.000000
T 0.000000 -2.687006 2.687006


-2.000000	5a38b2010
10

Q 0.000000 0.000000 0.000000
Y 2.687006 2.687006 0.000000
Q 0.000000 5.374012 0.000000
F 2.687006 8.061017 0.000000
W 2.687006 10.748023 2.687006
K 0.000000 10.748023 5.374012
N 0.000000 8.061017 2.687006
F 0.000000 10.748023 0.000000
Q -2.687006 10.748023 -2.687006
T 0.000000 10.748023 -5.374012


-2.000000	5a38b2000
10

Q 0.000000 0.000000 0.000000
Y 2.687006 2.687006 0.000000
Q 5.374012 5.374012 0.000000
F 8.061017 8.061017 0.000000
W 8.061017 10.748023 2.687006
K 5.374012 10.748023 5.374012
N 5.374012 8.061017 2.687006
F 5.374012 10.748023 0.000000
Q 2.687006 10.748023 -2.687006
T 5.374012 10.748023 -5.374012


-2.000000	b49258640
10

Q 0.000000 0.000000 0.000000
Y 2.687006 2.687006 0.000000
Q 5.374012 2.687006 2.687006
F 2.687006 0.000000 2.687006
W 2.687006 -2.687006 0.000000
K 5.374012 -2.687006 -2.687006
N 5.374012 0.000000 0.000000
F 5.374012 -2.687006 2.687006
Q 8.061017 -2.687006 5.374012
T 5.374012 -2.687006 8.061017


-2.000000	5a38b20a0
10

Q 0.000000 0.000000 0.000000
Y 2.687006 2.687006 0.000000
Q 0.000000 2.687006 -2.687006
F 2.687006 5.374012 -2.687006
W 2.687006 8.061017 0.000000
K 0.000000 8.061017 2.687006
N 0.000000 5.374012 0.000000
F 0.000000 8.061017 -2.687006
Q -2.687006 8.061017 -5.374012
T 0.000000 8.061017 -8.061017


-2.000000	5a38b2b40
10

Q 0.000000 0.000000 0.000000
Y 2.687006 2.687006 0.000000
Q 5.374012 2.687006 2.687006
F 2.687006 2.687006 5.374012
W 2.687006 5.374012 8.061017
K 0.000000 5.374012 10.748023
N 0.000000 2.687006 8.061017
F 0.000000 5.374012 5.374012
Q -2.687006 5.374012 2.687006
T 0.000000 5.374012 0.000000


-2.000000	b492585a0
10

Q 0.000000 0.000000 0.000000
Y 2.687006 2.687006 0.000000
Q 0.000000 2.687006 -2.687006
F 2.687006 2.687006 -5.374012
W 2.687006 0.000000 -8.061017
K 5.374012 0.000000 -10.748023
N 5.374012 2.687006 -8.061017
F 5.374012 0.000000 -5.374012
Q 8.061017 0.000000 -2.687006
T 5.374012 0.000000 0.000000


-2.000000	5a38b2b10
10

Q 0.000000 0.000000 0.000000
Y 2.687006 2.687006 0.000000
Q 0.000000 5.374012 0.000000
F -2.687006 5.374012 2.687006
W -2.687006 8.061017 5.374012
K -5.374012 8.061017 8.061017
N -5.374012 5.374012 5.374012
F -5.374012 8.061017 2.687006
Q -8.061017 8.061017 0.000000
T -5.374012 8.061017 -2.687006


-2.000000	5a38b2b00
10

Q 0.000000 0.000000 0.000000
Y 2.687006 2.687006 0.000000
Q 5.374012 5.374012 0.000000
F 2.687006 5.374012 2.687006
W 2.687006 8.061017 5.374012
K 0.000000 8.061017 8.061017
N 0.000000 5.374012 5.374012
F 0.000000 8.061017 2.687006
Q -2.687006 8.061017 0.000000
T 0.000000 8.061017 -2.687006


-2.000000	b49258540
10

Q 0.000000 0.000000 0.000000
Y 2.687006 2.687006 0.000000
Q 5.374012 2.687006 2.687006
F 8.061017 2.687006 0.000000
W 8.061017 0.000000 -2.687006
K 10.748023 0.000000 -5.374012
N 10.748023 2.687006 -2.687006
F 10.748023 0.000000 0.000000
Q 13.435029 0.000000 2.687006
T 10.748023 0.000000 5.374012


-2.000000	5a38b2ba0
10

Q 0.000000 0.000000 0.000000
Y 2.687006 2.687006 0.000000
Q 0.000000 2.687006 -2.687006
F -2.687006 2.687006 0.000000
W -2.687006 5.374012 2.687006
K -5.374012 5.374012 5.374012
N -5.374012 2.687006 2.687006
F -5.374012 5.374012 0.000000
Q -8.061017 5.374012 -2.687006
T -5.374012 5.374012 -5.374012


-2.000000	b49258510
10

Q 0.000000 0.000000 0.000000
Y 2.687006 2.687006 0.000000
Q 0.000000 5.374012 0.000000
F 2.687006 5.374012 -2.687006
W 2.687006 2.687006 -5.374012
K 5.374012 2.687006 -8.061017
N 5.374012 5.374012 -5.374012
F 5.374012 2.687006 -2.687006
Q 8.061017 2.687006 0.000000
T 5.374012 2.687006 2.687006


-2.000000	b49258500
10

Q 0.000000 0.000000 0.000000
Y 2.687006 2.687006 0.000000
Q 5.374012 5.374012 0.000000
F 8.061017 5.374012 -2.687006
W 8.061017 2.687006 -5.374012
K 10.748023 2.687006 -8.061017
N 10.748023 5.374012 -5.374012
F 10.748023 2.687006 -2.687006
Q 13.435029 2.687006 0.000000
T 10.748023 2.687006 2.687006


-2.000000	5a38b2a10
10

Q 0.000000 0.000000 0.000000
Y 2.687006 2.687006 0.000000
Q 0.000000 5.374012 0.000000
F -2.687006 5.374012 -2.687006
W -2.687006 8.061017 0.000000
K -5.374012 8.061017 2.687006
N -5.374012 5.374012 0.000000
F -5.374012 8.061017 -2.687006
Q -8.061017 8.061017 -5.374012
T -5.374012 8.061017 -8.061017


-2.000000	5a38b2a00
10

Q 0.000000 0.000000 0.000000
Y 2.687006 2.687006 0.000000
Q 5.374012 5.374012 0.000000
F 2.687006 5.374012 -2.687006
W 2.687006 8.061017 0.000000
K 0.000000 8.061017 2.687006
N 0.000000 5.374012 0.000000
F 0.000000 8.061017 -2.687006
Q -2.687006 8.061017 -5.374012
T 0.000000 8.061017 -8.061017


-2.000000	b49258440
10

Q 0.000000 0.000000 0.000000
Y 2.687006 2.687006 0.000000
Q 5.374012 2.687006 2.687006
F 8.061017 2.687006 5.374012
W 8.061017 0.000000 2.687006
K 10.748023 0.000000 0.000000
N 10.748023 2.687006 2.687006
F 10.748023 0.000000 5.374012
Q 13.435029 0.000000 8.061017
T 10.748023 0.000000 10.748023


-2.000000	5a38b2aa0
10

Q 0.000000 0.000000 0.000000
Y 2.687006 2.687006 0.000000
Q 0.000000 2.687006 -2.687006
F -2.687006 2.687006 -5.374012
W -2.687006 5.374012 -2.687006
K -5.374012 5.374012 0.000000
N -5.374012 2.687006 -2.687006
F -5.374012 5.374012 -5.374012
Q -8.061017 5.374012 -8.061017
T -5.374012 5.374012 -10.748023


-2.000000	b49258400
10

Q 0.000000 0.000000 0.000000
Y 2.687006 2.687006 0.000000
Q 5.374012 5.374012 0.000000
F 8.061017 5.374012 2.687006
W 8.061017 2.687006 0.000000
K 10.748023 2.687006 -2.687006
N 10.748023 5.374012 0.000000
F 10.748023 2.687006 2.687006
Q 13.435029 2.687006 5.374012
T 10.748023 2.687006 8.061017


-2.000000	5a38b2910
10

Q 0.000000 0.000000 0.000000
Y 2.687006 2.687006 0.000000
Q 0.000000 5.374012 0.000000
F 0.000000 2.687006 2.687006
W 0.000000 5.374012 5.374012
K -2.687006 5.374012 8.061017
N -2.687006 2.687006 5.374012
F -2.687006 5.374012 2.687006
Q -5.374012 5.374012 0.000000
T -2.687006 5.374012 -2.687006


-2.000000	5a38b2900
10

Q 0.000000 0.000000 0.000000
Y 2.687006 2.687006 0.000000
Q 5.374012 5.374012 0.000000
F 5.374012 2.687006 2.687006
W 5.374012 5.374012 5.374012
K 2.687006 5.374012 8.061017
N 2.687006 2.687006 5.374012
F 2.687006 5.374012 2.687006
Q 0.000000 5.374012 0.000000
T 2.687006 5.374012 -2.687006


-2.000000	b49258340
10

Q 0.000000 0.000000 0.000000
Y 2.687006 2.687006 0.000000
Q 5.374012 2.687006 2.687006
F 5.374012 5.374012 0.000000
W 5.374012 2.687006 -2.687006
K 8.061017 2.687006 -5.374012
N 8.061017 5.374012 -2.687006
F 8.061017 2.687006 0.000000
Q 10.748023 2.687006 2.687006
T 8.061017 2.687006 5.374012


-2.000000	b49258310
10

Q 0.000000 0.000000 0.000000
Y 2.687006 2.687006 0.000000
Q 0.000000 5.374012 0.000000
F 0.000000 8.061017 -2.687006
W 0.000000 5.374012 -5.374012
K 2.687006 5.374012 -8.061017
N 2.687006 8.061017 -5.374012
F 2.687006 5.374012 -2.687006
Q 5.374012 5.374012 0.000000
T 2.687006 5.374012 2.687006


-2.000000	b49258300
10

Q 0.000000 0.000000 0.000000
Y 2.687006 2.687006 0.000000
Q 5.374012 5.374012 0.000000
F 5.374012 8.061017 -2.687006
W 5.374012 5.374012 -5.374012
K 8.061017 5.374012 -8.061017
N 8.061017 8.061017 -5.374012
F 8.061017 5.374012 -2.687006
Q 10.748023 5.374012 0.000000
T 8.061017 5.374012 2.687006


-2.000000	b49253810
10

Q 0.000000 0.000000 0.000000
Y 2.687006 2.687006 0.000000
Q 0.000000 5.374012 0.000000
F 0.000000 2.687006 -2.687006
W 0.000000 5.374012 -5.374012
K 2.687006 5.374012 -8.061017
N 2.687006 8.061017 -5.374012
F 2.687006 5.374012 -2.687006
Q 5.374012 5.374012 0.000000
T 2.687006 5.374012 2.687006


-2.000000	b49253800
10

Q 0.000000 0.000000 0.000000
Y 2.687006 2.687006 0.000000
Q 5.374012 5.374012 0.000000
F 5.374012 2.687006 -2.687006
W 5.374012 5.374012 -5.374012
K 8.061017 5.374012 -8.061017
N 8.061017 8.061017 -5.374012
F 8.061017 5.374012 -2.687006
Q 10.748023 5.374012 0.000000
T 8.061017 5.374012 2.687006


-2.000000	5a38b9210
10

Q 0.000000 0.000000 0.000000
Y 2.687006 2.687006 0.000000
Q 0.000000 5.374012 0.000000
F 0.000000 8.061017 2.687006
W 0.000000 5.374012 5.374012
K -2.687006 5.374012 8.061017
N -2.687006 2.687006 5.374012
F -2.687006 5.374012 2.687006
Q -5.374012 5.374012 0.000000
T -2.687006 5.374012 -2.687006


-2.000000	5a38b9200
10

Q 0.000000 0.000000 0.000000
Y 2.687006 2.687006 0.000000
Q 5.374012 5.374012 0.000000
F 5.374012 8.061017 2.687006
W 5.374012 5.374012 5.374012
K 2.687006 5.374012 8.061017
N 2.687006 2.687006 5.374012
F 2.687006 5.374012 2.687006
Q 0.000000 5.374012 0.000000
T 2.687006 5.374012 -2.687006


-2.000000	b49253840
10

Q 0.000000 0.000000 0.000000
Y 2.687006 2.687006 0.000000
Q 5.374012 2.687006 2.687006
F 5.374012 0.000000 0.000000
W 5.374012 2.687006 -2.687006
K 8.061017 2.687006 -5.374012
N 8.061017 5.374012 -2.687006
F 8.061017 2.687006 0.000000
Q 10.748023 2.687006 2.687006
T 8.061017 2.687006 5.374012


-2.000000	5a38b92a0
10

Q 0.000000 0.000000 0.000000
Y 2.687006 2.687006 0.000000
Q 0.000000 2.687006 -2.687006
F 0.000000 5.374012 0.000000
W 0.000000 2.687006 2.687006
K -2.687006 2.687006 5.374012
N -2.687006 0.000000 2.687006
F -2.687006 2.687006 0.000000
Q -5.374012 2.687006 -2.687006
T -2.687006 2.687006 -5.374012


-2.000000	b49253700
10

Q 0.000000 0.000000 0.000000
Y 2.687006 2.687006 0.000000
Q 5.374012 5.374012 0.000000
F 8.061017 2.687006 0.000000
W 8.061017 5.374012 -2.687006
K 10.748023 5.374012 -5.374012
N 10.748023 8.061017 -2.687006
F 10.748023 5.374012 0.000000
Q 13.435029 5.374012 2.687006
T 10.748023 5.374012 5.374012


-2.000000	5a38b9140
10

Q 0.000000 0.000000 0.000000
Y 2.687006 2.687006 0.000000
Q 5.374012 2.687006 2.687006
F 2.687006 5.374012 2.687006
W 2.687006 2.687006 5.374012
K 0.000000 2.687006 8.061017
N 0.000000 0.000000 5.374012
F 0.000000 2.687006 2.687006
Q -2.687006 2.687006 0.000000
T 0.000000 2.687006 -2.687006


-2.000000	b492537a0
10

Q 0.000000 0.000000 0.000000
Y 2.687006 2.687006 0.000000
Q 0.000000 2.687006 -2.687006
F 2.687006 0.000000 -2.687006
W 2.687006 2.687006 -5.374012
K 5.374012 2.687006 -8.061017
N 5.374012 5.374012 -5.374012
F 5.374012 2.687006 -2.687006
Q 8.061017 2.687006 0.000000
T 5.374012 2.687006 2.687006


-2.000000	5a38b9110
10

Q 0.000000 0.000000 0.000000
Y 2.687006 2.687006 0.000000
Q 0.000000 5.374012 0.000000
F -2.687006 8.061017 0.000000
W -2.687006 5.374012 2.687006
K -5.374012 5.374012 5.374012
N -5.374012 2.687006 2.687006
F -5.374012 5.374012 0.000000
Q -8.061017 5.374012 -2.687006
T -5.374012 5.374012 -5.374012


-2.000000	5a38b9100
10

Q 0.000000 0.000000 0.000000
Y 2.687006 2.687006 0.000000
Q 5.374012 5.374012 0.000000
F 2.687006 8.061017 0.000000
W 2.687006 5.374012 2.687006
K 0.000000 5.374012 5.374012
N 0.000000 2.687006 2.687006
F 0.000000 5.374012 0.000000
Q -2.687006 5.374012 -2.687006
T 0.000000 5.374012 -5.374012


-2.000000	b49253740
10

Q 0.000000 0.000000 0.000000
Y 2.687006 2.687006 0.000000
Q 5.374012 2.687006 2.687006
F 8.061017 0.000000 2.687006
W 8.061017 2.687006 0.000000
K 10.748023 2.687006 -2.687006
N 10.748023 5.374012 0.000000
F 10.748023 2.687006 2.687006
Q 13.435029 2.687006 5.374012
T 10.748023 2.687006 8.061017


-2.000000	5a38b91a0
10

Q 0.000000 0.000000 0.000000
Y 2.687006 2.687006 0.000000
Q 0.000000 2.687006 -2.687006
F -2.687006 5.374012 -2.687006
W -2.687006 2.687006 0.000000
K -5.374012 2.687006 2.687006
N -5.374012 0.000000 0.000000
F -5.374012 2.687006 -2.687006
Q -8.061017 2.687006 -5.374012
T -5.374012 2.687006 -8.061017


-2.000000	b492535a0
10

Q 0.000000 0.000000 0.000000
Y 2.687006 2.687006 0.000000
Q 0.000000 2.687006 -2.687006
F 2.687006 2.687006 -5.374012
W 2.687006 5.374012 -8.061017
K 5.374012 5.374012 -10.748023
N 5.374012 8.061017 -8.061017
F 5.374012 5.374012 -5.374012
Q 8.061017 5.374012 -2.687006
T 5.374012 5.374012 0.000000


-2.000000	5a38b9b10
10

Q 0.000000 0.000000 0.000000
Y 2.687006 2.687006 0.000000
Q 0.000000 5.374012 0.000000
F -2.687006 5.374012 2.687006
W -2.687006 2.687006 5.374012
K -5.374012 2.687006 8.061017
N -5.374012 0.000000 5.374012
F -5.374012 2.687006 2.687006
Q -8.061017 2.687006 0.000000
T -5.374012 2.687006 -2.687006


-2.000000	5a38b9b00
10

Q 0.000000 0.000000 0.000000
Y 2.687006 2.687006 0.000000
Q 5.374012 5.374012 0.000000
F 2.687006 5.374012 2.687006
W 2.687006 2.687006 5.374012
K 0.000000 2.687006 8.061017
N 0.000000 0.000000 5.374012
F 0.000000 2.687006 2.687006
Q -2.687006 2.687006 0.000000
T 0.000000 2.687006 -2.687006


-2.000000	b49253540
10

Q 0.000000 0.000000 0.000000
Y 2.687006 2.687006 0.000000
Q 5.374012 2.687006 2.687006
F 8.061017 2.687006 0.000000
W 8.061017 5.374012 -2.687006
K 10.748023 5.374012 -5.374012
N 10.748023 8.061017 -2.687006
F 10.748023 5.374012 0.000000
Q 13.435029 5.374012 2.687006
T 10.748023 5.374012 5.374012


-2.000000	5a38b9ba0
10

Q 0.000000 0.000000 0.000000
Y 2.687006 2.687006 0.000000
Q 0.000000 2.687006 -2.687006
F -2.687006 2.687006 0.000000
W -2.687006 0.000000 2.687006
K -5.374012 0.000000 5.374012
N -5.374012 -2.687006 2.687006
F -5.374012 0.000000 0.000000
Q -8.061017 0.000000 -2.687006
T -5.374012 0.000000 -5.374012


-2.000000	b49253510
10

Q 0.000000 0.000000 0.000000
Y 2.687006 2.687006 0.000000
Q 0.000000 5.374012 0.000000
F 2.687006 5.374012 -2.687006
W 2.687006 8.061017 -5.374012
K 5.374012 8.061017 -8.061017
N 5.374012 10.748023 -5.374012
F 5.374012 8.061017 -2.687006
Q 8.061017 8.061017 0.000000
T 5.374012 8.061017 2.687006


-2.000000	b49253500
10

Q 0.000000 0.000000 0.000000
Y 2.687006 2.687006 0.000000
Q 5.374012 5.374012 0.000000
F 8.061017 5.374012 -2.687006
W 8.061017 8.061017 -5.374012
K 10.748023 8.061017 -8.061017
N 10.748023 10.748023 -5.374012
F 10.748023 8.061017 -2.687006
Q 13.435029 8.061017 0.000000
T 10.748023 8.061017 2.687006


-2.000000	5a38b9a10
10

Q 0.000000 0.000000 0.000000
Y 2.687006 2.687006 0.000000
Q 0.000000 5.374012 0.000000
F -2.687006 5.374012 -2.687006
W -2.687006 2.687006 0.000000
K -5.374012 2.687006 2.687006
N -5.374012 0.000000 0.000000
F -5.374012 2.687006 -2.687006
Q -8.061017 2.687006 -5.374012
T -5.374012 2.687006 -8.061017


-2.000000	b49253440
10

Q 0.000000 0.000000 0.000000
Y 2.687006 2.687006 0.000000
Q 5.374012 2.687006 2.687006
F 8.061017 2.687006 5.374012
W 8.061017 5.374012 2.687006
K 10.748023 5.374012 0.000000
N 10.748023 8.061017 2.687006
F 10.748023 5.374012 5.374012
Q 13.435029 5.374012 8.061017
T 10.748023 5.374012 10.748023


-2.000000	5a38b9aa0
10

Q 0.000000 0.000000 0.000000
Y 2.687006 2.687006 0.000000
Q 0.000000 2.687006 -2.687006
F -2.687006 2.687006 -5.374012
W -2.687006 0.000000 -2.687006
K -5.374012 0.000000 0.000000
N -5.374012 -2.687006 -2.687006
F -5.374012 0.000000 -5.374012
Q -8.061017 0.000000 -8.061017
T -5.374012 0.000000 -10.748023


-2.000000	b49253410
10

Q 0.000000 0.000000 0.000000
Y 2.687006 2.687006 0.000000
Q 0.000000 5.374012 0.000000
F 2.687006 5.374012 2.687006
W 2.687006 8.061017 0.000000
K 5.374012 8.061017 -2.687006
N 5.374012 10.748023 0.000000
F 5.374012 8.061017 2.687006
Q 8.061017 8.061017 5.374012
T 5.374012 8.061017 8.061017


-2.000000	b49253400
10

Q 0.000000 0.000000 0.000000
Y 2.687006 2.687006 0.000000
Q 5.374012 5.374012 0.000000
F 8.061017 5.374012 2.687006
W 8.061017 8.061017 0.000000
K 10.748023 8.061017 -2.687006
N 10.748023 10.748023 0.000000
F 10.748023 8.061017 2.687006
Q 13.435029 8.061017 5.374012
T 10.748023 8.061017 8.061017


-2.000000	5a38b9910
10

Q 0.000000 0.000000 0.000000
Y 2.687006 2.687006 0.000000
Q 0.000000 5.374012 0.000000
F 0.000000 2.687006 2.687006
W 0.000000 0.000000 5.374012
K -2.687006 0.000000 8.061017
N -2.687006 -2.687006 5.374012
F -2.687006 0.000000 2.687006
Q -5.374012 0.000000 0.000000
T -2.687006 0.000000 -2.687006


-2.000000	b49253340
10

Q 0.000000 0.000000 0.000000
Y 2.687006 2.687006 0.000000
Q 5.374012 2.687006 2.687006
F 5.374012 5.374012 0.000000
W 5.374012 8.061017 -2.687006
K 8.061017 8.061017 -5.374012
N 8.061017 10.748023 -2.687006
F 8.061017 8.061017 0.000000
Q 10.748023 8.061017 2.687006
T 8.061017 8.061017 5.374012


-2.000000	b49253310
10

Q 0.000000 0.000000 0.000000
Y 2.687006 2.687006 0.000000
Q 0.000000 5.374012 0.000000
F 0.000000 8.061017 -2.687006
W 0.000000 10.748023 -5.374012
K 2.687006 10.748023 -8.061017
N 2.687006 13.435029 -5.374012
F 2.687006 10.748023 -2.687006
Q 5.374012 10.748023 0.000000
T 2.687006 10.748023 2.687006


-2.000000	b49253300
10

Q 0.000000 0.000000 0.000000
Y 2.687006 2.687006 0.000000
Q 5.374012 5.374012 0.000000
F 5.374012 8.061017 -2.687006
W 5.374012 10.748023 -5.374012
K 8.061017 10.748023 -8.061017
N 8.061017 13.435029 -5.374012
F 8.061017 10.748023 -2.687006
Q 10.748023 10.748023 0.000000
T 8.061017 10.748023 2.687006


-2.000000	5a38b9940
10

Q 0.000000 0.000000 0.000000
Y 2.687006 2.687006 0.000000
Q 5.374012 2.687006 2.687006
F 5.374012 0.000000 5.374012
W 5.374012 -2.687006 8.061017
K 2.687006 -2.687006 10.748023
N 2.687006 -5.374012 8.061017
F 2.687006 -2.687006 5.374012
Q 0.000000 -2.687006 2.687006
T 2.687006 -2.687006 0.000000


-2.000000	b492533a0
10

Q 0.000000 0.000000 0.000000
Y 2.687006 2.687006 0.000000
Q 0.000000 2.687006 -2.687006
F 0.000000 5.374012 -5.374012
W 0.000000 8.061017 -8.061017
K 2.687006 8.061017 -10.748023
N 2.687006 10.748023 -8.061017
F 2.687006 8.061017 -5.374012
Q 5.374012 8.061017 -2.687006
T 2.687006 8.061017 0.000000


-2.000000	5a38b9800
10

Q 0.000000 0.000000 0.000000
Y 2.687006 2.687006 0.000000
Q 5.374012 5.374012 0.000000
F 5.374012 2.687006 -2.687006
W 5.374012 0.000000 0.000000
K 2.687006 0.000000 2.687006
N 2.687006 -2.687006 0.000000
F 2.687006 0.000000 -2.687006
Q 0.000000 0.000000 -5.374012
T 2.687006 0.000000 -8.061017


-2.000000	b49253240
10

Q 0.000000 0.000000 0.000000
Y 2.687006 2.687006 0.000000
Q 5.374012 2.687006 2.687006
F 5.374012 5.374012 5.374012
W 5.374012 8.061017 2.687006
K 8.061017 8.061017 0.000000
N 8.061017 10.748023 2.687006
F 8.061017 8.061017 5.374012
Q 10.748023 8.061017 8.061017
T 8.061017 8.061017 10.748023


-2.000000	5a38b98a0
10

Q 0.000000 0.000000 0.000000
Y 2.687006 2.687006 0.000000
Q 0.000000 2.687006 -2.687006
F 0.000000 0.000000 -5.374012
W 0.000000 -2.687006 -2.687006
K -2.687006 -2.687006 0.000000
N -2.687006 -5.374012 -2.687006
F -2.687006 -2.687006 -5.374012
Q -5.374012 -2.687006 -8.061017
T -2.687006 -2.687006 -10.748023


-2.000000	b49253210
10

Q 0.000000 0.000000 0.000000
Y 2.687006 2.687006 0.000000
Q 0.000000 5.374012 0.000000
F 0.000000 8.061017 2.687006
W 0.000000 10.748023 0.000000
K 2.687006 10.748023 -2.687006
N 2.687006 13.435029 0.000000
F 2.687006 10.748023 2.687006
Q 5.374012 10.748023 5.374012
T 2.687006 10.748023 8.061017


-2.000000	b49253200
10

Q 0.000000 0.000000 0.000000
Y 2.687006 2.687006 0.000000
Q 5.374012 5.374012 0.000000
F 5.374012 8.061017 2.687006
W 5.374012 10.748023 0.000000
K 8.061017 10.748023 -2.687006
N 8.061017 13.435029 0.000000
F 8.061017 10.748023 2.687006
Q 10.748023 10.748023 5.374012
T 8.061017 10.748023 8.061017


-2.000000	5a38b9840
10

Q 0.000000 0.000000 0.000000
Y 2.687006 2.687006 0.000000
Q 5.374012 2.687006 2.687006
F 5.374012 0.000000 0.000000
W 5.374012 -2.687006 2.687006
K 2.687006 -2.687006 5.374012
N 2.687006 -5.374012 2.687006
F 2.687006 -2.687006 0.000000
Q 0.000000 -2.687006 -2.687006
T 2.687006 -2.687006 -5.374012


-2.000000	b492532a0
10

Q 0.000000 0.000000 0.000000
Y 2.687006 2.687006 0.000000
Q 0.000000 2.687006 -2.687006
F 0.000000 5.374012 0.000000
W 0.000000 8.061017 -2.687006
K 2.687006 8.061017 -5.374012
N 2.687006 10.748023 -2.687006
F 2.687006 8.061017 0.000000
Q 5.374012 8.061017 2.687006
T 2.687006 8.061017 5.374012


-2.000000	5a38b9700
10

Q 0.000000 0.000000 0.000000
Y 2.687006 2.687006 0.000000
Q 5.374012 5.374012 0.000000
F 8.061017 2.687006 0.000000
W 8.061017 0.000000 2.687006
K 5.374012 0.000000 5.374012
N 5.374012 -2.687006 2.687006
F 5.374012 0.000000 0.000000
Q 2.687006 0.000000 -2.687006
T 5.374012 0.000000 -5.374012


-2.000000	b49253140
10

Q 0.000000 0.000000 0.000000
Y 2.687006 2.687006 0.000000
Q 5.374012 2.687006 2.687006
F 2.687006 5.374012 2.687006
W 2.687006 8.061017 0.000000
K 5.374012 8.061017 -2.687006
N 5.374012 10.748023 0.000000
F 5.374012 8.061017 2.687006
Q 8.061017 8.061017 5.374012
T 5.374012 8.061017 8.061017


-2.000000	5a38b97a0
10

Q 0.000000 0.000000 0.000000
Y 2.687006 2.687006 0.000000
Q 0.000000 2.687006 -2.687006
F 2.687006 0.000000 -2.687006
W 2.687006 -2.687006 0.000000
K 0.000000 -2.687006 2.687006
N 0.000000 -5.374012 0.000000
F 0.000000 -2.687006 -2.687006
Q -2.687006 -2.687006 -5.374012
T 0.000000 -2.687006 -8.061017


-2.000000	b49253110
10

Q 0.000000 0.000000 0.000000
Y 2.687006 2.687006 0.000000
Q 0.000000 5.374012 0.000000
F -2.687006 8.061017 0.000000
W -2.687006 10.748023 -2.687006
K 0.000000 10.748023 -5.374012
N 0.000000 13.435029 -2.687006
F 0.000000 10.748023 0.000000
Q 2.687006 10.748023 2.687006
T 0.000000 10.748023 5.374012


-2.000000	b49253100
10

Q 0.000000 0.000000 0.000000
Y 2.687006 2.687006 0.000000
Q 5.374012 5.374012 0.000000
F 2.687006 8.061017 0.000000
W 2.687006 10.748023 -2.687006
K 5.374012 10.748023 -5.374012
N 5.374012 13.435029 -2.687006
F 5.374012 10.748023 0.000000
Q 8.061017 10.748023 2.687006
T 5.374012 10.748023 5.374012


-2.000000	5a38b9740
10

Q 0.000000 0.000000 0.000000
Y 2.687006 2.687006 0.000000
Q 5.374012 2.687006 2.687006
F 8.061017 0.000000 2.687006
W 8.061017 -2.687006 5.374012
K 5.374012 -2.687006 8.061017
N 5.374012 -5.374012 5.374012
F 5.374012 -2.687006 2.687006
Q 2.687006 -2.687006 0.000000
T 5.374012 -2.687006 -2.687006


-2.000000	b492531a0
10

Q 0.000000 0.000000 0.000000
Y 2.687006 2.687006 0.000000
Q 0.000000 2.687006 -2.687006
F -2.687006 5.374012 -2.687006
W -2.687006 8.061017 -5.374012
K 0.000000 8.061017 -8.061017
N 0.000000 10.748023 -5.374012
F 0.000000 8.061017 -2.687006
Q 2.687006 8.061017 0.000000
T 0.000000 8.061017 2.687006


-2.000000	b49253040
10

Q 0.000000 0.000000 0.000000
Y 2.687006 2.687006 0.000000
Q 5.374012 2.687006 2.687006
F 8.061017 5.374012 2.687006
W 8.061017 8.061017 0.000000
K 10.748023 8.061017 -2.687006
N 10.748023 10.748023 0.000000
F 10.748023 8.061017 2.687006
Q 13.435029 8.061017 5.374012
T 10.748023 8.061017 8.061017


-2.000000	5a38b96a0
10

Q 0.000000 0.000000 0.000000
Y 2.687006 2.687006 0.000000
Q 0.000000 2.687006 -2.687006
F -2.687006 0.000000 -2.687006
W -2.687006 -2.687006 0.000000
K -5.374012 -2.687006 2.687006
N -5.374012 -5.374012 0.000000
F -5.374012 -2.687006 -2.687006
Q -8.061017 -2.687006 -5.374012
T -5.374012 -2.687006 -8.061017


-2.000000	b49253010
10

Q 0.000000 0.000000 0.000000
Y 2.687006 2.687006 0.000000
Q 0.000000 5.374012 0.000000
F 2.687006 8.061017 0.000000
W 2.687006 10.748023 -2.687006
K 5.374012 10.748023 -5.374012
N 5.374012 13.435029 -2.687006
F 5.374012 10.748023 0.000000
Q 8.061017 10.748023 2.687006
T 5.374012 10.748023 5.374012


-2.000000	b49253000
10

Q 0.000000 0.000000 0.000000
Y 2.687006 2.687006 0.000000
Q 5.374012 5.374012 0.000000
F 8.061017 8.061017 0.000000
W 8.061017 10.748023 -2.687006
K 10.748023 10.748023 -5.374012
N 10.748023 13.435029 -2.687006
F 10.748023 10.748023 0.000000
Q 13.435029 10.748023 2.687006
T 10.748023 10.748023 5.374012


-2.000000	5a38b9640
10

Q 0.000000 0.000000 0.000000
Y 2.687006 2.687006 0.000000
Q 5.374012 2.687006 2.687006
F 2.687006 0.000000 2.687006
W 2.687006 -2.687006 5.374012
K 0.000000 -2.687006 8.061017
N 0.000000 -5.374012 5.374012
F 0.000000 -2.687006 2.687006
Q -2.687006 -2.687006 0.000000
T 0.000000 -2.687006 -2.687006


-2.000000	b492530a0
10

Q 0.000000 0.000000 0.000000
Y 2.687006 2.687006 0.000000
Q 0.000000 2.687006 -2.687006
F 2.687006 5.374012 -2.687006
W 2.687006 8.061017 -5.374012
K 5.374012 8.061017 -8.061017
N 5.374012 10.748023 -5.374012
F 5.374012 8.061017 -2.687006
Q 8.061017 8.061017 0.000000
T 5.374012 8.061017 2.687006


-2.000000	5a38b9610
10

Q 0.000000 0.000000 0.000000
Y 2.687006 2.687006 0.000000
Q 0.000000 5.374012 0.000000
F -2.687006 2.687006 0.000000
W -2.687006 0.000000 2.687006
K -5.374012 0.000000 5.374012
N -5.374012 -2.687006 2.687006
F -5.374012 0.000000 0.000000
Q -8.061017 0.000000 -2.687006
T -5.374012 0.000000 -5.374012


-2.000000	b49253b40
10

Q 0.000000 0.000000 0.000000
Y 2.687006 2.687006 0.000000
Q 5.374012 2.687006 2.687006
F 2.687006 2.687006 5.374012
W 2.687006 5.374012 2.687006
K 5.374012 5.374012 0.000000
N 5.374012 8.061017 2.687006
F 5.374012 5.374012 5.374012
Q 8.061017 5.374012 8.061017
T 5.374012 5.374012 10.748023


-2.000000	b49253b10
10

Q 0.000000 0.000000 0.000000
Y 2.687006 2.687006 0.000000
Q 0.000000 5.374012 0.000000
F -2.687006 5.374012 2.687006
W -2.687006 8.061017 0.000000
K 0.000000 8.061017 -2.687006
N 0.000000 10.748023 0.000000
F 0.000000 8.061017 2.687006
Q 2.687006 8.061017 5.374012
T 0.000000 8.061017 8.061017


-2.000000	b49253b00
10

Q 0.000000 0.000000 0.000000
Y 2.687006 2.687006 0.000000
Q 5.374012 5.374012 0.000000
F 2.687006 5.374012 2.687006
W 2.687006 8.061017 0.000000
K 5.374012 8.061017 -2.687006
N 5.374012 10.748023 0.000000
F 5.374012 8.061017 2.687006
Q 8.061017 8.061017 5.374012
T 5.374012 8.061017 8.061017


-2.000000	5a38b9540
10

Q 0.000000 0.000000 0.000000
Y 2.687006 2.687006 0.000000
Q 5.374012 2.687006 2.687006
F 8.061017 2.687006 0.000000
W 8.061017 0.000000 2.687006
K 5.374012 0.000000 5.374012
N 5.374012 -2.687006 2.687006
F 5.374012 0.000000 0.000000
Q 2.687006 0.000000 -2.687006
T 5.374012 0.000000 -5.374012


-2.000000	b49253ba0
10

Q 0.000000 0.000000 0.000000
Y 2.687006 2.687006 0.000000
Q 0.000000 2.687006 -2.687006
F -2.687006 2.687006 0.000000
W -2.687006 5.374012 -2.687006
K 0.000000 5.374012 -5.374012
N 0.000000 8.061017 -2.687006
F 0.000000 5.374012 0.000000
Q 2.687006 5.374012 2.687006
T 0.000000 5.374012 5.374012


-2.000000	5a38b9500
10

Q 0.000000 0.000000 0.000000
Y 2.687006 2.687006 0.000000
Q 5.374012 5.374012 0.000000
F 8.061017 5.374012 -2.687006
W 8.061017 2.687006 0.000000
K 5.374012 2.687006 2.687006
N 5.374012 0.000000 0.000000
F 5.374012 2.687006 -2.687006
Q 2.687006 2.687006 -5.374012
T 5.374012 2.687006 -8.061017


-2.000000	b49253a10
10

Q 0.000000 0.000000 0.000000
Y 2.687006 2.687006 0.000000
Q 0.000000 5.374012 0.000000
F -2.687006 5.374012 -2.687006
W -2.687006 8.061017 -5.374012
K 0.000000 8.061017 -8.061017
N 0.000000 10.748023 -5.374012
F 0.000000 8.061017 -2.687006
Q 2.687006 8.061017 0.000000
T 0.000000 8.061017 2.687006


-2.000000	b49253a00
10

Q 0.000000 0.000000 0.000000
Y 2.687006 2.687006 0.000000
Q 5.374012 5.374012 0.000000
F 2.687006 5.374012 -2.687006
W 2.687006 8.061017 -5.374012
K 5.374012 8.061017 -8.061017
N 5.374012 10.748023 -5.374012
F 5.374012 8.061017 -2.687006
Q 8.061017 8.061017 0.000000
T 5.374012 8.061017 2.687006


-2.000000	5a38b9440
10

Q 0.000000 0.000000 0.000000
Y 2.687006 2.687006 0.000000
Q 5.374012 2.687006 2.687006
F 8.061017 2.687006 5.374012
W 8.061017 0.000000 8.061017
K 5.374012 0.000000 10.748023
N 5.374012 -2.687006 8.061017
F 5.374012 0.000000 5.374012
Q 2.687006 0.000000 2.687006
T 5.374012 0.000000 0.000000


-2.000000	b49253aa0
10

Q 0.000000 0.000000 0.000000
Y 2.687006 2.687006 0.000000
Q 0.000000 2.687006 -2.687006
F -2.687006 2.687006 -5.374012
W -2.687006 5.374012 -8.061017
K 0.000000 5.374012 -10.748023
N 0.000000 8.061017 -8.061017
F 0.000000 5.374012 -5.374012
Q 2.687006 5.374012 -2.687006
T 0.000000 5.374012 0.000000


-2.000000	5a38b9410
10

Q 0.000000 0.000000 0.000000
Y 2.687006 2.687006 0.000000
Q 0.000000 5.374012 0.000000
F 2.687006 5.374012 2.687006
W 2.687006 2.687006 5.374012
K 0.000000 2.687006 8.061017
N 0.000000 0.000000 5.374012
F 0.000000 2.687006 2.687006
Q -2.687006 2.687006 0.000000
T 0.000000 2.687006 -2.687006


-2.000000	5a38b7040
10

Q 0.000000 0.000000 0.000000
Y 2.687006 2.687006 0.000000
Q 5.374012 2.687006 2.687006
F 8.061017 5.374012 2.687006
W 10.748023 2.687006 2.687006
K 8.061017 2.687006 5.374012
N 8.061017 0.000000 2.687006
F 8.061017 2.687006 0.000000
Q 5.374012 2.687006 -2.687006
T 8.061017 2.687006 -5.374012


-2.000000	b492516a0
10

Q 0.000000 0.000000 0.000000
Y 2.687006 2.687006 0.000000
Q 0.000000 2.687006 -2.687006
F -2.687006 0.000000 -2.687006
W -5.374012 2.687006 -2.687006
K -2.687006 2.687006 -5.374012
N -2.687006 5.374012 -2.687006
F -2.687006 2.687006 0.000000
Q 0.000000 2.687006 2.687006
T -2.687006 2.687006 5.374012


-2.000000	5a38b7000
10

Q 0.000000 0.000000 0.000000
Y 2.687006 2.687006 0.000000
Q 5.374012 5.374012 0.000000
F 8.061017 8.061017 0.000000
W 10.748023 5.374012 0.000000
K 8.061017 5.374012 2.687006
N 8.061017 2.687006 0.000000
F 8.061017 5.374012 -2.687006
Q 5.374012 5.374012 -5.374012
T 8.061017 5.374012 -8.061017


-2.000000	b49251610
10

Q 0.000000 0.000000 0.000000
Y 2.687006 2.687006 0.000000
Q 0.000000 5.374012 0.000000
F -2.687006 2.687006 0.000000
W -5.374012 5.374012 0.000000
K -2.687006 5.374012 -2.687006
N -2.687006 8.061017 0.000000
F -2.687006 5.374012 2.687006
Q 0.000000 5.374012 5.374012
T -2.687006 5.374012 8.061017


-2.000000	b492515a0
10

Q 0.000000 0.000000 0.000000
Y 2.687006 2.687006 0.000000
Q 0.000000 2.687006 -2.687006
F 2.687006 2.687006 -5.374012
W 0.000000 5.374012 -5.374012
K 2.687006 5.374012 -8.061017
N 2.687006 8.061017 -5.374012
F 2.687006 5.374012 -2.687006
Q 5.374012 5.374012 0.000000
T 2.687006 5.374012 2.687006


-2.000000	5a38b7b10
10

Q 0.000000 0.000000 0.000000
Y 2.687006 2.687006 0.000000
Q 0.000000 5.374012 0.000000
F -2.687006 5.374012 2.687006
W 0.000000 2.687006 2.687006
K -2.687006 2.687006 5.374012
N -2.687006 0.000000 2.687006
F -2.687006 2.687006 0.000000
Q -5.374012 2.687006 -2.687006
T -2.687006 2.687006 -5.374012


-2.000000	b49251540
10

Q 0.000000 0.000000 0.000000
Y 2.687006 2.687006 0.000000
Q 5.374012 2.687006 2.687006
F 8.061017 2.687006 0.000000
W 5.374012 5.374012 0.000000
K 8.061017 5.374012 -2.687006
N 8.061017 8.061017 0.000000
F 8.061017 5.374012 2.687006
Q 10.748023 5.374012 5.374012
T 8.061017 5.374012 8.061017


-2.000000	b49251510
10

Q 0.000000 0.000000 0.000000
Y 2.687006 2.687006 0.000000
Q 0.000000 5.374012 0.000000
F 2.687006 5.374012 -2.687006
W 0.000000 8.061017 -2.687006
K 2.687006 8.061017 -5.374012
N 2.687006 10.748023 -2.687006
F 2.687006 8.061017 0.000000
Q 5.374012 8.061017 2.687006
T 2.687006 8.061017 5.374012


-2.000000	b49251500
10

Q 0.000000 0.000000 0.000000
Y 2.687006 2.687006 0.000000
Q 5.374012 5.374012 0.000000
F 8.061017 5.374012 -2.687006
W 5.374012 8.061017 -2.687006
K 8.061017 8.061017 -5.374012
N 8.061017 10.748023 -2.687006
F 8.061017 8.061017 0.000000
Q 10.748023 8.061017 2.687006
T 8.061017 8.061017 5.374012


-2.000000	5a38b7a10
10

Q 0.000000 0.000000 0.000000
Y 2.687006 2.687006 0.000000
Q 0.000000 5.374012 0.000000
F -2.687006 5.374012 -2.687006
W 0.000000 2.687006 -2.687006
K -2.687006 2.687006 0.000000
N -2.687006 0.000000 -2.687006
F -2.687006 2.687006 -5.374012
Q -5.374012 2.687006 -8.061017
T -2.687006 2.687006 -10.748023


-2.000000	b49251440
10

Q 0.000000 0.000000 0.000000
Y 2.687006 2.687006 0.000000
Q 5.374012 2.687006 2.687006
F 8.061017 2.687006 5.374012
W 5.374012 5.374012 5.374012
K 8.061017 5.374012 2.687006
N 8.061017 8.061017 5.374012
F 8.061017 5.374012 8.061017
Q 10.748023 5.374012 10.748023
T 8.061017 5.374012 13.435029


-2.000000	5a38b7aa0
10

Q 0.000000 0.000000 0.000000
Y 2.687006 2.687006 0.000000
Q 0.000000 2.687006 -2.687006
F -2.687006 2.687006 -5.374012
W 0.000000 0.000000 -5.374012
K -2.687006 0.000000 -2.687006
N -2.687006 -2.687006 -5.374012
F -2.687006 0.000000 -8.061017
Q -5.374012 0.000000 -10.748023
T -2.687006 0.000000 -13.435029


-2.000000	b49251410
10

Q 0.000000 0.000000 0.000000
Y 2.687006 2.687006 0.000000
Q 0.000000 5.374012 0.000000
F 2.687006 5.374012 2.687006
W 0.000000 8.061017 2.687006
K 2.687006 8.061017 0.000000
N 2.687006 10.748023 2.687006
F 2.687006 8.061017 5.374012
Q 5.374012 8.061017 8.061017
T 2.687006 8.061017 10.748023


-2.000000	b49251400
10

Q 0.000000 0.000000 0.000000
Y 2.687006 2.687006 0.000000
Q 5.374012 5.374012 0.000000
F 8.061017 5.374012 2.687006
W 5.374012 8.061017 2.687006
K 8.061017 8.061017 0.000000
N 8.061017 10.748023 2.687006
F 8.061017 8.061017 5.374012
Q 10.748023 8.061017 8.061017
T 8.061017 8.061017 10.748023


-2.000000	5a38b7900
10

Q 0.000000 0.000000 0.000000
Y 2.687006 2.687006 0.000000
Q 5.374012 5.374012 0.000000
F 5.374012 2.687006 2.687006
W 8.061017 0.000000 2.687006
K 5.374012 0.000000 5.374012
N 5.374012 -2.687006 2.687006
F 5.374012 0.000000 0.000000
Q 2.687006 0.000000 -2.687006
T 5.374012 0.000000 -5.374012


-2.000000	b49251340
10

Q 0.000000 0.000000 0.000000
Y 2.687006 2.687006 0.000000
Q 5.374012 2.687006 2.687006
F 5.374012 5.374012 0.000000
W 2.687006 8.061017 0.000000
K 5.374012 8.061017 -2.687006
N 5.374012 10.748023 0.000000
F 5.374012 8.061017 2.687006
Q 8.061017 8.061017 5.374012
T 5.374012 8.061017 8.061017


-2.000000	b49251310
10

Q 0.000000 0.000000 0.000000
Y 2.687006 2.687006 0.000000
Q 0.000000 5.374012 0.000000
F 0.000000 8.061017 -2.687006
W -2.687006 10.748023 -2.687006
K 0.000000 10.748023 -5.374012
N 0.000000 13.435029 -2.687006
F 0.000000 10.748023 0.000000
Q 2.687006 10.748023 2.687006
T 0.000000 10.748023 5.374012


-2.000000	b49251300
10

Q 0.000000 0.000000 0.000000
Y 2.687006 2.687006 0.000000
Q 5.374012 5.374012 0.000000
F 5.374012 8.061017 -2.687006
W 2.687006 10.748023 -2.687006
K 5.374012 10.748023 -5.374012
N 5.374012 13.435029 -2.687006
F 5.374012 10.748023 0.000000
Q 8.061017 10.748023 2.687006
T 5.374012 10.748023 5.374012


-2.000000	5a38b7940
10

Q 0.000000 0.000000 0.000000
Y 2.687006 2.687006 0.000000
Q 5.374012 2.687006 2.687006
F 5.374012 0.000000 5.374012
W 8.061017 -2.687006 5.374012
K 5.374012 -2.687006 8.061017
N 5.374012 -5.374012 5.374012
F 5.374012 -2.687006 2.687006
Q 2.687006 -2.687006 0.000000
T 5.374012 -2.687006 -2.687006


-2.000000	b492513a0
10

Q 0.000000 0.000000 0.000000
Y 2.687006 2.687006 0.000000
Q 0.000000 2.687006 -2.687006
F 0.000000 5.374012 -5.374012
W -2.687006 8.061017 -5.374012
K 0.000000 8.061017 -8.061017
N 0.000000 10.748023 -5.374012
F 0.000000 8.061017 -2.687006
Q 2.687006 8.061017 0.000000
T 0.000000 8.061017 2.687006


-2.000000	5a38b7800
10

Q 0.000000 0.000000 0.000000
Y 2.687006 2.687006 0.000000
Q 5.374012 5.374012 0.000000
F 5.374012 2.687006 -2.687006
W 8.061017 0.000000 -2.687006
K 5.374012 0.000000 0.000000
N 5.374012 -2.687006 -2.687006
F 5.374012 0.000000 -5.374012
Q 2.687006 0.000000 -8.061017
T 5.374012 0.000000 -10.748023


-2.000000	b49251240
10

Q 0.000000 0.000000 0.000000
Y 2.687006 2.687006 0.000000
Q 5.374012 2.687006 2.687006
F 5.374012 5.374012 5.374012
W 2.687006 8.061017 5.374012
K 5.374012 8.061017 2.687006
N 5.374012 10.748023 5.374012
F 5.374012 8.061017 8.061017
Q 8.061017 8.061017 10.748023
T 5.374012 8.061017 13.435029


-2.000000	5a38b78a0
10

Q 0.000000 0.000000 0.000000
Y 2.687006 2.687006 0.000000
Q 0.000000 2.687006 -2.687006
F 0.000000 0.000000 -5.374012
W 2.687006 -2.687006 -5.374012
K 0.000000 -2.687006 -2.687006
N 0.000000 -5.374012 -5.374012
F 0.000000 -2.687006 -8.061017
Q -2.687006 -2.687006 -10.748023
T 0.000000 -2.687006 -13.435029


-2.000000	b49251210
10

Q 0.000000 0.000000 0.000000
Y 2.687006 2.687006 0.000000
Q 0.000000 5.374012 0.000000
F 0.000000 8.061017 2.687006
W -2.687006 10.748023 2.687006
K 0.000000 10.748023 0.000000
N 0.000000 13.435029 2.687006
F 0.000000 10.748023 5.374012
Q 2.687006 10.748023 8.061017
T 0.000000 10.748023 10.748023


-2.000000	b49251200
10

Q 0.000000 0.000000 0.000000
Y 2.687006 2.687006 0.000000
Q 5.374012 5.374012 0.000000
F 5.374012 8.061017 2.687006
W 2.687006 10.748023 2.687006
K 5.374012 10.748023 0.000000
N 5.374012 13.435029 2.687006
F 5.374012 10.748023 5.374012
Q 8.061017 10.748023 8.061017
T 5.374012 10.748023 10.748023


-2.000000	5a38b7840
10

Q 0.000000 0.000000 0.000000
Y 2.687006 2.687006 0.000000
Q 5.374012 2.687006 2.687006
F 5.374012 0.000000 0.000000
W 8.061017 -2.687006 0.000000
K 5.374012 -2.687006 2.687006
N 5.374012 -5.374012 0.000000
F 5.374012 -2.687006 -2.687006
Q 2.687006 -2.687006 -5.374012
T 5.374012 -2.687006 -8.061017


-2.000000	b492512a0
10

Q 0.000000 0.000000 0.000000
Y 2.687006 2.687006 0.000000
Q 0.000000 2.687006 -2.687006
F 0.000000 5.374012 0.000000
W -2.687006 8.061017 0.000000
K 0.000000 8.061017 -2.687006
N 0.000000 10.748023 0.000000
F 0.000000 8.061017 2.687006
Q 2.687006 8.061017 5.374012
T 0.000000 8.061017 8.061017


-2.000000	5a38b7700
10

Q 0.000000 0.000000 0.000000
Y 2.687006 2.687006 0.000000
Q 5.374012 5.374012 0.000000
F 8.061017 2.687006 0.000000
W 10.748023 0.000000 0.000000
K 8.061017 0.000000 2.687006
N 8.061017 -2.687006 0.000000
F 8.061017 0.000000 -2.687006
Q 5.374012 0.000000 -5.374012
T 8.061017 0.000000 -8.061017


-2.000000	b49251140
10

Q 0.000000 0.000000 0.000000
Y 2.687006 2.687006 0.000000
Q 5.374012 2.687006 2.687006
F 2.687006 5.374012 2.687006
W 0.000000 8.061017 2.687006
K 2.687006 8.061017 0.000000
N 2.687006 10.748023 2.687006
F 2.687006 8.061017 5.374012
Q 5.374012 8.061017 8.061017
T 2.687006 8.061017 10.748023


-2.000000	5a38b77a0
10

Q 0.000000 0.000000 0.000000
Y 2.687006 2.687006 0.000000
Q 0.000000 2.687006 -2.687006
F 2.687006 0.000000 -2.687006
W 5.374012 -2.687006 -2.687006
K 2.687006 -2.687006 0.000000
N 2.687006 -5.374012 -2.687006
F 2.687006 -2.687006 -5.374012
Q 0.000000 -2.687006 -8.061017
T 2.687006 -2.687006 -10.748023


-2.000000	b49251110
10

Q 0.000000 0.000000 0.000000
Y 2.687006 2.687006 0.000000
Q 0.000000 5.374012 0.000000
F -2.687006 8.061017 0.000000
W -5.374012 10.748023 0.000000
K -2.687006 10.748023 -2.687006
N -2.687006 13.435029 0.000000
F -2.687006 10.748023 2.687006
Q 0.000000 10.748023 5.374012
T -2.687006 10.748023 8.061017


-2.000000	b49251100
10

Q 0.000000 0.000000 0.000000
Y 2.687006 2.687006 0.000000
Q 5.374012 5.374012 0.000000
F 2.687006 8.061017 0.000000
W 0.000000 10.748023 0.000000
K 2.687006 10.748023 -2.687006
N 2.687006 13.435029 0.000000
F 2.687006 10.748023 2.687006
Q 5.374012 10.748023 5.374012
T 2.687006 10.748023 8.061017


-2.000000	5a38b7740
10

Q 0.000000 0.000000 0.000000
Y 2.687006 2.687006 0.000000
Q 5.374012 2.687006 2.687006
F 8.061017 0.000000 2.687006
W 10.748023 -2.687006 2.687006
K 8.061017 -2.687006 5.374012
N 8.061017 -5.374012 2.687006
F 8.061017 -2.687006 0.000000
Q 5.374012 -2.687006 -2.687006
T 8.061017 -2.687006 -5.374012


-2.000000	b492511a0
10

Q 0.000000 0.000000 0.000000
Y 2.687006 2.687006 0.000000
Q 0.000000 2.687006 -2.687006
F -2.687006 5.374012 -2.687006
W -5.374012 8.061017 -2.687006
K -2.687006 8.061017 -5.374012
N -2.687006 10.748023 -2.687006
F -2.687006 8.061017 0.000000
Q 0.000000 8.061017 2.687006
T -2.687006 8.061017 5.374012


-2.000000	b49251040
10

Q 0.000000 0.000000 0.000000
Y 2.687006 2.687006 0.000000
Q 5.374012 2.687006 2.687006
F 8.061017 5.374012 2.687006
W 5.374012 8.061017 2.687006
K 8.061017 8.061017 0.000000
N 8.061017 10.748023 2.687006
F 8.061017 8.061017 5.374012
Q 10.748023 8.061017 8.061017
T 8.061017 8.061017 10.748023


-2.000000	5a38b76a0
10

Q 0.000000 0.000000 0.000000
Y 2.687006 2.687006 0.000000
Q 0.000000 2.687006 -2.687006
F -2.687006 0.000000 -2.687006
W 0.000000 -2.687006 -2.687006
K -2.687006 -2.687006 0.000000
N -2.687006 -5.374012 -2.687006
F -2.687006 -2.687006 -5.374012
Q -5.374012 -2.687006 -8.061017
T -2.687006 -2.687006 -10.748023


-2.000000	b49251010
10

Q 0.000000 0.000000 0.000000
Y 2.687006 2.687006 0.000000
Q 0.000000 5.374012 0.000000
F 2.687006 8.061017 0.000000
W 0.000000 10.748023 0.000000
K 2.687006 10.748023 -2.687006
N 2.687006 13.435029 0.000000
F 2.687006 10.748023 2.687006
Q 5.374012 10.748023 5.374012
T 2.687006 10.748023 8.061017


-2.000000	b49251000
10

Q 0.000000 0.000000 0.000000
Y 2.687006 2.687006 0.000000
Q 5.374012 5.374012 0.000000
F 8.061017 8.061017 0.000000
W 5.374012 10.748023 0.000000
K 8.061017 10.748023 -2.687006
N 8.061017 13.435029 0.000000
F 8.061017 10.748023 2.687006
Q 10.748023 10.748023 5.374012
T 8.061017 10.748023 8.061017


-2.000000	5a38b7640
10

Q 0.000000 0.000000 0.000000
Y 2.687006 2.687006 0.000000
Q 5.374012 2.687006 2.687006
F 2.687006 0.000000 2.687006
W 5.374012 -2.687006 2.687006
K 2.687006 -2.687006 5.374012
N 2.687006 -5.374012 2.687006
F 2.687006 -2.687006 0.000000
Q 0.000000 -2.687006 -2.687006
T 2.687006 -2.687006 -5.374012


-2.000000	b492510a0
10

Q 0.000000 0.000000 0.000000
Y 2.687006 2.687006 0.000000
Q 0.000000 2.687006 -2.687006
F 2.687006 5.374012 -2.687006
W 0.000000 8.061017 -2.687006
K 2.687006 8.061017 -5.374012
N 2.687006 10.748023 -2.687006
F 2.687006 8.061017 0.000000
Q 5.374012 8.061017 2.687006
T 2.687006 8.061017 5.374012


-2.000000	b49251b40
10

Q 0.000000 0.000000 0.000000
Y 2.687006 2.687006 0.000000
Q 5.374012 2.687006 2.687006
F 2.687006 2.687006 5.374012
W 0.000000 5.374012 5.374012
K 2.687006 5.374012 2.687006
N 2.687006 8.061017 5.374012
F 2.687006 5.374012 8.061017
Q 5.374012 5.374012 10.748023
T 2.687006 5.374012 13.435029


-2.000000	5a38b75a0
10

Q 0.000000 0.000000 0.000000
Y 2.687006 2.687006 0.000000
Q 0.000000 2.687006 -2.687006
F 2.687006 2.687006 -5.374012
W 5.374012 0.000000 -5.374012
K 2.687006 0.000000 -2.687006
N 2.687006 -2.687006 -5.374012
F 2.687006 0.000000 -8.061017
Q 0.000000 0.000000 -10.748023
T 2.687006 0.000000 -13.435029


-2.000000	b49251b10
10

Q 0.000000 0.000000 0.000000
Y 2.687006 2.687006 0.000000
Q 0.000000 5.374012 0.000000
F -2.687006 5.374012 2.687006
W -5.374012 8.061017 2.687006
K -2.687006 8.061017 0.000000
N -2.687006 10.748023 2.687006
F -2.687006 8.061017 5.374012
Q 0.000000 8.061017 8.061017
T -2.687006 8.061017 10.748023


-2.000000	b49251b00
10

Q 0.000000 0.000000 0.000000
Y 2.687006 2.687006 0.000000
Q 5.374012 5.374012 0.000000
F 2.687006 5.374012 2.687006
W 0.000000 8.061017 2.687006
K 2.687006 8.061017 0.000000
N 2.687006 10.748023 2.687006
F 2.687006 8.061017 5.374012
Q 5.374012 8.061017 8.061017
T 2.687006 8.061017 10.748023


-2.000000	5a38b7540
10

Q 0.000000 0.000000 0.000000
Y 2.687006 2.687006 0.000000
Q 5.374012 2.687006 2.687006
F 8.061017 2.687006 0.000000
W 10.748023 0.000000 0.000000
K 8.061017 0.000000 2.687006
N 8.061017 -2.687006 0.000000
F 8.061017 0.000000 -2.687006
Q 5.374012 0.000000 -5.374012
T 8.061017 0.000000 -8.061017


-2.000000	b49251ba0
10

Q 0.000000 0.000000 0.000000
Y 2.687006 2.687006 0.000000
Q 0.000000 2.687006 -2.687006
F -2.687006 2.687006 0.000000
W -5.374012 5.374012 0.000000
K -2.687006 5.374012 -2.687006
N -2.687006 8.061017 0.000000
F -2.687006 5.374012 2.687006
Q 0.000000 5.374012 5.374012
T -2.687006 5.374012 8.061017


-2.000000	5a38b7500
10

Q 0.000000 0.000000 0.000000
Y 2.687006 2.687006 0.000000
Q 5.374012 5.374012 0.000000
F 8.061017 5.374012 -2.687006
W 10.748023 2.687006 -2.687006
K 8.061017 2.687006 0.000000
N 8.061017 0.000000 -2.687006
F 8.061017 2.687006 -5.374012
Q 5.374012 2.687006 -8.061017
T 8.061017 2.687006 -10.748023


-2.000000	b49251a10
10

Q 0.000000 0.000000 0.000000
Y 2.687006 2.687006 0.000000
Q 0.000000 5.374012 0.000000
F -2.687006 5.374012 -2.687006
W -5.374012 8.061017 -2.687006
K -2.687006 8.061017 -5.374012
N -2.687006 10.748023 -2.687006
F -2.687006 8.061017 0.000000
Q 0.000000 8.061017 2.687006
T -2.687006 8.061017 5.374012


-2.000000	b49251a00
10

Q 0.000000 0.000000 0.000000
Y 2.687006 2.687006 0.000000
Q 5.374012 5.374012 0.000000
F 2.687006 5.374012 -2.687006
W 0.000000 8.061017 -2.687006
K 2.687006 8.061017 -5.374012
N 2.687006 10.748023 -2.687006
F 2.687006 8.061017 0.000000
Q 5.374012 8.061017 2.687006
T 2.687006 8.061017 5.374012


-2.000000	5a38b7440
10

Q 0.000000 0.000000 0.000000
Y 2.687006 2.687006 0.000000
Q 5.374012 2.687006 2.687006
F 8.061017 2.687006 5.374012
W 10.748023 0.000000 5.374012
K 8.061017 0.000000 8.061017
N 8.061017 -2.687006 5.374012
F 8.061017 0.000000 2.687006
Q 5.374012 0.000000 0.000000
T 8.061017 0.000000 -2.687006


-2.000000	b49251aa0
10

Q 0.000000 0.000000 0.000000
Y 2.687006 2.687006 0.000000
Q 0.000000 2.687006 -2.687006
F -2.687006 2.687006 -5.374012
W -5.374012 5.374012 -5.374012
K -2.687006 5.374012 -8.061017
N -2.687006 8.061017 -5.374012
F -2.687006 5.374012 -2.687006
Q 0.000000 5.374012 0.000000
T -2.687006 5.374012 2.687006


-2.000000	5a38b7400
10

Q 0.000000 0.000000 0.000000
Y 2.687006 2.687006 0.000000
Q 5.374012 5.374012 0.000000
F 8.061017 5.374012 2.687006
W 10.748023 2.687006 2.687006
K 8.061017 2.687006 5.374012
N 8.061017 0.000000 2.687006
F 8.061017 2.687006 0.000000
Q 5.374012 2.687006 -2.687006
T 8.061017 2.687006 -5.374012


-2.000000	b49237040
10

Q 0.000000 0.000000 0.000000
Y 2.687006 2.687006 0.000000
Q 5.374012 2.687006 2.687006
F 8.061017 5.374012 2.687006
W 10.748023 2.687006 2.687006
K 10.748023 5.374012 0.000000
N 10.748023 8.061017 2.687006
F 10.748023 5.374012 5.374012
Q 13.435029 5.374012 8.061017
T 10.748023 5.374012 10.748023


-2.000000	5a38916a0
10

Q 0.000000 0.000000 0.000000
Y 2.687006 2.687006 0.000000
Q 0.000000 2.687006 -2.687006
F -2.687006 0.000000 -2.687006
W -5.374012 2.687006 -2.687006
K -5.374012 0.000000 0.000000
N -5.374012 -2.687006 -2.687006
F -5.374012 0.000000 -5.374012
Q -8.061017 0.000000 -8.061017
T -5.374012 0.000000 -10.748023


-2.000000	b49237010
10

Q 0.000000 0.000000 0.000000
Y 2.687006 2.687006 0.000000
Q 0.000000 5.374012 0.000000
F 2.687006 8.061017 0.000000
W 5.374012 5.374012 0.000000
K 5.374012 8.061017 -2.687006
N 5.374012 10.748023 0.000000
F 5.374012 8.061017 2.687006
Q 8.061017 8.061017 5.374012
T 5.374012 8.061017 8.061017


-2.000000	b49237000
10

Q 0.000000 0.000000 0.000000
Y 2.687006 2.687006 0.000000
Q 5.374012 5.374012 0.000000
F 8.061017 8.061017 0.000000
W 10.748023 5.374012 0.000000
K 10.748023 8.061017 -2.687006
N 10.748023 10.748023 0.000000
F 10.748023 8.061017 2.687006
Q 13.435029 8.061017 5.374012
T 10.748023 8.061017 8.061017


-2.000000	b492370a0
10

Q 0.000000 0.000000 0.000000
Y 2.687006 2.687006 0.000000
Q 0.000000 2.687006 -2.687006
F 2.687006 5.374012 -2.687006
W 5.374012 2.687006 -2.687006
K 5.374012 5.374012 -5.374012
N 5.374012 8.061017 -2.687006
F 5.374012 5.374012 0.000000
Q 8.061017 5.374012 2.687006
T 5.374012 5.374012 5.374012


-2.000000	5a3891610
10

Q 0.000000 0.000000 0.000000
Y 2.687006 2.687006 0.000000
Q 0.000000 5.374012 0.000000
F -2.687006 2.687006 0.000000
W -5.374012 5.374012 0.000000
K -5.374012 2.687006 2.687006
N -5.374012 0.000000 0.000000
F -5.374012 2.687006 -2.687006
Q -8.061017 2.687006 -5.374012
T -5.374012 2.687006 -8.061017


-2.000000	b49237900
10

Q 0.000000 0.000000 0.000000
Y 2.687006 2.687006 0.000000
Q 5.374012 5.374012 0.000000
F 5.374012 2.687006 2.687006
W 8.061017 0.000000 2.687006
K 8.061017 2.687006 0.000000
N 8.061017 5.374012 2.687006
F 8.061017 2.687006 5.374012
Q 10.748023 2.687006 8.061017
T 8.061017 2.687006 10.748023


-2.000000	5a3891310
10

Q 0.000000 0.000000 0.000000
Y 2.687006 2.687006 0.000000
Q 0.000000 5.374012 0.000000
F 0.000000 8.061017 -2.687006
W -2.687006 10.748023 -2.687006
K -2.687006 8.061017 0.000000
N -2.687006 5.374012 -2.687006
F -2.687006 8.061017 -5.374012
Q -5.374012 8.061017 -8.061017
T -2.687006 8.061017 -10.748023


-2.000000	5a3891300
10

Q 0.000000 0.000000 0.000000
Y 2.687006 2.687006 0.000000
Q 5.374012 5.374012 0.000000
F 5.374012 8.061017 -2.687006
W 2.687006 10.748023 -2.687006
K 2.687006 8.061017 0.000000
N 2.687006 5.374012 -2.687006
F 2.687006 8.061017 -5.374012
Q 0.000000 8.061017 -8.061017
T 2.687006 8.061017 -10.748023


-2.000000	b49237940
10

Q 0.000000 0.000000 0.000000
Y 2.687006 2.687006 0.000000
Q 5.374012 2.687006 2.687006
F 5.374012 0.000000 5.374012
W 8.061017 -2.687006 5.374012
K 8.061017 0.000000 2.687006
N 8.061017 2.687006 5.374012
F 8.061017 0.000000 8.061017
Q 10.748023 0.000000 10.748023
T 8.061017 0.000000 13.435029


-2.000000	5a38913a0
10

Q 0.000000 0.000000 0.000000
Y 2.687006 2.687006 0.000000
Q 0.000000 2.687006 -2.687006
F 0.000000 5.374012 -5.374012
W -2.687006 8.061017 -5.374012
K -2.687006 5.374012 -2.687006
N -2.687006 2.687006 -5.374012
F -2.687006 5.374012 -8.061017
Q -5.374012 5.374012 -10.748023
T -2.687006 5.374012 -13.435029


-2.000000	b49237800
10

Q 0.000000 0.000000 0.000000
Y 2.687006 2.687006 0.000000
Q 5.374012 5.374012 0.000000
F 5.374012 2.687006 -2.687006
W 8.061017 0.000000 -2.687006
K 8.061017 2.687006 -5.374012
N 8.061017 5.374012 -2.687006
F 8.061017 2.687006 0.000000
Q 10.748023 2.687006 2.687006
T 8.061017 2.687006 5.374012


-2.000000	5a3891240
10

Q 0.000000 0.000000 0.000000
Y 2.687006 2.687006 0.000000
Q 5.374012 2.687006 2.687006
F 5.374012 5.374012 5.374012
W 2.687006 8.061017 5.374012
K 2.687006 5.374012 8.061017
N 2.687006 2.687006 5.374012
F 2.687006 5.374012 2.687006
Q 0.000000 5.374012 0.000000
T 2.687006 5.374012 -2.687006


-2.000000	b492378a0
10

Q 0.000000 0.000000 0.000000
Y 2.687006 2.687006 0.000000
Q 0.000000 2.687006 -2.687006
F 0.000000 0.000000 -5.374012
W 2.687006 -2.687006 -5.374012
K 2.687006 0.000000 -8.061017
N 2.687006 2.687006 -5.374012
F 2.687006 0.000000 -2.687006
Q 5.374012 0.000000 0.000000
T 2.687006 0.000000 2.687006


-2.000000	5a3891210
10

Q 0.000000 0.000000 0.000000
Y 2.687006 2.687006 0.000000
Q 0.000000 5.374012 0.000000
F 0.000000 8.061017 2.687006
W -2.687006 10.748023 2.687006
K -2.687006 8.061017 5.374012
N -2.687006 5.374012 2.687006
F -2.687006 8.061017 0.000000
Q -5.374012 8.061017 -2.687006
T -2.687006 8.061017 -5.374012


-2.000000	5a3891200
10

Q 0.000000 0.000000 0.000000
Y 2.687006 2.687006 0.000000
Q 5.374012 5.374012 0.000000
F 5.374012 8.061017 2.687006
W 2.687006 10.748023 2.687006
K 2.687006 8.061017 5.374012
N 2.687006 5.374012 2.687006
F 2.687006 8.061017 0.000000
Q 0.000000 8.061017 -2.687006
T 2.687006 8.061017 -5.374012


-2.000000	b49237840
10

Q 0.000000 0.000000 0.000000
Y 2.687006 2.687006 0.000000
Q 5.374012 2.687006 2.687006
F 5.374012 0.000000 0.000000
W 8.061017 -2.687006 0.000000
K 8.061017 0.000000 -2.687006
N 8.061017 2.687006 0.000000
F 8.061017 0.000000 2.687006
Q 10.748023 0.000000 5.374012
T 8.061017 0.000000 8.061017


-2.000000	5a38912a0
10

Q 0.000000 0.000000 0.000000
Y 2.687006 2.687006 0.000000
Q 0.000000 2.687006 -2.687006
F 0.000000 5.374012 0.000000
W -2.687006 8.061017 0.000000
K -2.687006 5.374012 2.687006
N -2.687006 2.687006 0.000000
F -2.687006 5.374012 -2.687006
Q -5.374012 5.374012 -5.374012
T -2.687006 5.374012 -8.061017


-2.000000	b49237700
10

Q 0.000000 0.000000 0.000000
Y 2.687006 2.687006 0.000000
Q 5.374012 5.374012 0.000000
F 8.061017 2.687006 0.000000
W 10.748023 0.000000 0.000000
K 10.748023 2.687006 -2.687006
N 10.748023 5.374012 0.000000
F 10.748023 2.687006 2.687006
Q 13.435029 2.687006 5.374012
T 10.748023 2.687006 8.061017


-2.000000	5a3891140
10

Q 0.000000 0.000000 0.000000
Y 2.687006 2.687006 0.000000
Q 5.374012 2.687006 2.687006
F 2.687006 5.374012 2.687006
W 0.000000 8.061017 2.687006
K 0.000000 5.374012 5.374012
N 0.000000 2.687006 2.687006
F 0.000000 5.374012 0.000000
Q -2.687006 5.374012 -2.687006
T 0.000000 5.374012 -5.374012


-2.000000	b492377a0
10

Q 0.000000 0.000000 0.000000
Y 2.687006 2.687006 0.000000
Q 0.000000 2.687006 -2.687006
F 2.687006 0.000000 -2.687006
W 5.374012 -2.687006 -2.687006
K 5.374012 0.000000 -5.374012
N 5.374012 2.687006 -2.687006
F 5.374012 0.000000 0.000000
Q 8.061017 0.000000 2.687006
T 5.374012 0.000000 5.374012


-2.000000	5a3891110
10

Q 0.000000 0.000000 0.000000
Y 2.687006 2.687006 0.000000
Q 0.000000 5.374012 0.000000
F -2.687006 8.061017 0.000000
W -5.374012 10.748023 0.000000
K -5.374012 8.061017 2.687006
N -5.374012 5.374012 0.000000
F -5.374012 8.061017 -2.687006
Q -8.061017 8.061017 -5.374012
T -5.374012 8.061017 -8.061017


-2.000000	5a3891100
10

Q 0.000000 0.000000 0.000000
Y 2.687006 2.687006 0.000000
Q 5.374012 5.374012 0.000000
F 2.687006 8.061017 0.000000
W 0.000000 10.748023 0.000000
K 0.000000 8.061017 2.687006
N 0.000000 5.374012 0.000000
F 0.000000 8.061017 -2.687006
Q -2.687006 8.061017 -5.374012
T 0.000000 8.061017 -8.061017


-2.000000	b49237740
10

Q 0.000000 0.000000 0.000000
Y 2.687006 2.687006 0.000000
Q 5.374012 2.687006 2.687006
F 8.061017 0.000000 2.687006
W 10.748023 -2.687006 2.687006
K 10.748023 0.000000 0.000000
N 10.748023 2.687006 2.687006
F 10.748023 0.000000 5.374012
Q 13.435029 0.000000 8.061017
T 10.748023 0.000000 10.748023


-2.000000	5a38911a0
10

Q 0.000000 0.000000 0.000000
Y 2.687006 2.687006 0.000000
Q 0.000000 2.687006 -2.687006
F -2.687006 5.374012 -2.687006
W -5.374012 8.061017 -2.687006
K -5.374012 5.374012 0.000000
N -5.374012 2.687006 -2.687006
F -5.374012 5.374012 -5.374012
Q -8.061017 5.374012 -8.061017
T -5.374012 5.374012 -10.748023


-2.000000	5a3891b40
10

Q 0.000000 0.000000 0.000000
Y 2.687006 2.687006 0.000000
Q 5.374012 2.687006 2.687006
F 2.687006 2.687006 5.374012
W 0.000000 5.374012 5.374012
K 0.000000 2.687006 8.061017
N 0.000000 0.000000 5.374012
F 0.000000 2.687006 2.687006
Q -2.687006 2.687006 0.000000
T 0.000000 2.687006 -2.687006


-2.000000	b492375a0
10

Q 0.000000 0.000000 0.000000
Y 2.687006 2.687006 0.000000
Q 0.000000 2.687006 -2.687006
F 2.687006 2.687006 -5.374012
W 5.374012 0.000000 -5.374012
K 5.374012 2.687006 -8.061017
N 5.374012 5.374012 -5.374012
F 5.374012 2.687006 -2.687006
Q 8.061017 2.687006 0.000000
T 5.374012 2.687006 2.687006


-2.000000	5a3891b10
10

Q 0.000000 0.000000 0.000000
Y 2.687006 2.687006 0.000000
Q 0.000000 5.374012 0.000000
F -2.687006 5.374012 2.687006
W -5.374012 8.061017 2.687006
K -5.374012 5.374012 5.374012
N -5.374012 2.687006 2.687006
F -5.374012 5.374012 0.000000
Q -8.061017 5.374012 -2.687006
T -5.374012 5.374012 -5.374012


-2.000000	5a3891b00
10

Q 0.000000 0.000000 0.000000
Y 2.687006 2.687006 0.000000
Q 5.374012 5.374012 0.000000
F 2.687006 5.374012 2.687006
W 0.000000 8.061017 2.687006
K 0.000000 5.374012 5.374012
N 0.000000 2.687006 2.687006
F 0.000000 5.374012 0.000000
Q -2.687006 5.374012 -2.687006
T 0.000000 5.374012 -5.374012


-2.000000	b49237540
10

Q 0.000000 0.000000 0.000000
Y 2.687006 2.687006 0.000000
Q 5.374012 2.687006 2.687006
F 8.061017 2.687006 0.000000
W 10.748023 0.000000 0.000000
K 10.748023 2.687006 -2.687006
N 10.748023 5.374012 0.000000
F 10.748023 2.687006 2.687006
Q 13.435029 2.687006 5.374012
T 10.748023 2.687006 8.061017


-2.000000	5a3891ba0
10

Q 0.000000 0.000000 0.000000
Y 2.687006 2.687006 0.000000
Q 0.000000 2.687006 -2.687006
F -2.687006 2.687006 0.000000
W -5.374012 5.374012 0.000000
K -5.374012 2.687006 2.687006
N -5.374012 0.000000 0.000000
F -5.374012 2.687006 -2.687006
Q -8.061017 2.687006 -5.374012
T -5.374012 2.687006 -8.061017


-2.000000	b49237510
10

Q 0.000000 0.000000 0.000000
Y 2.687006 2.687006 0.000000
Q 0.000000 5.374012 0.000000
F 2.687006 5.374012 -2.687006
W 5.374012 2.687006 -2.687006
K 5.374012 5.374012 -5.374012
N 5.374012 8.061017 -2.687006
F 5.374012 5.374012 0.000000
Q 8.061017 5.374012 2.687006
T 5.374012 5.374012 5.374012


-2.000000	b49237500
10

Q 0.000000 0.000000 0.000000
Y 2.687006 2.687006 0.000000
Q 5.374012 5.374012 0.000000
F 8.061017 5.374012 -2.687006
W 10.748023 2.687006 -2.687006
K 10.748023 5.374012 -5.374012
N 10.748023 8.061017 -2.687006
F 10.748023 5.374012 0.000000
Q 13.435029 5.374012 2.687006
T 10.748023 5.374012 5.374012


-2.000000	5a3891a10
10

Q 0.000000 0.000000 0.000000
Y 2.687006 2.687006 0.000000
Q 0.000000 5.374012 0.000000
F -2.687006 5.374012 -2.687006
W -5.374012 8.061017 -2.687006
K -5.374012 5.374012 0.000000
N -5.374012 2.687006 -2.687006
F -5.374012 5.374012 -5.374012
Q -8.061017 5.374012 -8.061017
T -5.374012 5.374012 -10.748023


-2.000000	5a3891a00
10

Q 0.000000 0.000000 0.000000
Y 2.687006 2.687006 0.000000
Q 5.374012 5.374012 0.000000
F 2.687006 5.374012 -2.687006
W 0.000000 8.061017 -2.687006
K 0.000000 5.374012 0.000000
N 0.000000 2.687006 -2.687006
F 0.000000 5.374012 -5.374012
Q -2.687006 5.374012 -8.061017
T 0.000000 5.374012 -10.748023


-2.000000	b49237440
10

Q 0.000000 0.000000 0.000000
Y 2.687006 2.687006 0.000000
Q 5.374012 2.687006 2.687006
F 8.061017 2.687006 5.374012
W 10.748023 0.000000 5.374012
K 10.748023 2.687006 2.687006
N 10.748023 5.374012 5.374012
F 10.748023 2.687006 8.061017
Q 13.435029 2.687006 10.748023
T 10.748023 2.687006 13.435029


-2.000000	5a3891aa0
10

Q 0.000000 0.000000 0.000000
Y 2.687006 2.687006 0.000000
Q 0.000000 2.687006 -2.687006
F -2.687006 2.687006 -5.374012
W -5.374012 5.374012 -5.374012
K -5.374012 2.687006 -2.687006
N -5.374012 0.000000 -5.374012
F -5.374012 2.687006 -8.061017
Q -8.061017 2.687006 -10.748023
T -5.374012 2.687006 -13.435029


-2.000000	b49237410
10

Q 0.000000 0.000000 0.000000
Y 2.687006 2.687006 0.000000
Q 0.000000 5.374012 0.000000
F 2.687006 5.374012 2.687006
W 5.374012 2.687006 2.687006
K 5.374012 5.374012 0.000000
N 5.374012 8.061017 2.687006
F 5.374012 5.374012 5.374012
Q 8.061017 5.374012 8.061017
T 5.374012 5.374012 10.748023


-2.000000	b49237400
10

Q 0.000000 0.000000 0.000000
Y 2.687006 2.687006 0.000000
Q 5.374012 5.374012 0.000000
F 8.061017 5.374012 2.687006
W 10.748023 2.687006 2.687006
K 10.748023 5.374012 0.000000
N 10.748023 8.061017 2.687006
F 10.748023 5.374012 5.374012
Q 13.435029 5.374012 8.061017
T 10.748023 5.374012 10.748023


-2.000000	5a3891910
10

Q 0.000000 0.000000 0.000000
Y 2.687006 2.687006 0.000000
Q 0.000000 5.374012 0.000000
F 0.000000 2.687006 2.687006
W -2.687006 5.374012 2.687006
K -2.687006 2.687006 5.374012
N -2.687006 0.000000 2.687006
F -2.687006 2.687006 0.000000
Q -5.374012 2.687006 -2.687006
T -2.687006 2.687006 -5.374012


-2.000000	b49237340
10

Q 0.000000 0.000000 0.000000
Y 2.687006 2.687006 0.000000
Q 5.374012 2.687006 2.687006
F 5.374012 5.374012 0.000000
W 8.061017 2.687006 0.000000
K 8.061017 5.374012 -2.687006
N 8.061017 8.061017 0.000000
F 8.061017 5.374012 2.687006
Q 10.748023 5.374012 5.374012
T 8.061017 5.374012 8.061017


-2.000000	b49237310
10

Q 0.000000 0.000000 0.000000
Y 2.687006 2.687006 0.000000
Q 0.000000 5.374012 0.000000
F 0.000000 8.061017 -2.687006
W 2.687006 5.374012 -2.687006
K 2.687006 8.061017 -5.374012
N 2.687006 10.748023 -2.687006
F 2.687006 8.061017 0.000000
Q 5.374012 8.061017 2.687006
T 2.687006 8.061017 5.374012


-2.000000	b49237300
10

Q 0.000000 0.000000 0.000000
Y 2.687006 2.687006 0.000000
Q 5.374012 5.374012 0.000000
F 5.374012 8.061017 -2.687006
W 8.061017 5.374012 -2.687006
K 8.061017 8.061017 -5.374012
N 8.061017 10.748023 -2.687006
F 8.061017 8.061017 0.000000
Q 10.748023 8.061017 2.687006
T 8.061017 8.061017 5.374012


-2.000000	b492373a0
10

Q 0.000000 0.000000 0.000000
Y 2.687006 2.687006 0.000000
Q 0.000000 2.687006 -2.687006
F 0.000000 5.374012 -5.374012
W 2.687006 2.687006 -5.374012
K 2.687006 5.374012 -8.061017
N 2.687006 8.061017 -5.374012
F 2.687006 5.374012 -2.687006
Q 5.374012 5.374012 0.000000
T 2.687006 5.374012 2.687006


-2.000000	5a3891810
10

Q 0.000000 0.000000 0.000000
Y 2.687006 2.687006 0.000000
Q 0.000000 5.374012 0.000000
F 0.000000 2.687006 -2.687006
W -2.687006 5.374012 -2.687006
K -2.687006 2.687006 0.000000
N -2.687006 0.000000 -2.687006
F -2.687006 2.687006 -5.374012
Q -5.374012 2.687006 -8.061017
T -2.687006 2.687006 -10.748023


-2.000000	b49237240
10

Q 0.000000 0.000000 0.000000
Y 2.687006 2.687006 0.000000
Q 5.374012 2.687006 2.687006
F 5.374012 5.374012 5.374012
W 8.061017 2.687006 5.374012
K 8.061017 5.374012 2.687006
N 8.061017 8.061017 5.374012
F 8.061017 5.374012 8.061017
Q 10.748023 5.374012 10.748023
T 8.061017 5.374012 13.435029


-2.000000	5a38918a0
10

Q 0.000000 0.000000 0.000000
Y 2.687006 2.687006 0.000000
Q 0.000000 2.687006 -2.687006
F 0.000000 0.000000 -5.374012
W -2.687006 2.687006 -5.374012
K -2.687006 0.000000 -2.687006
N -2.687006 -2.687006 -5.374012
F -2.687006 0.000000 -8.061017
Q -5.374012 0.000000 -10.748023
T -2.687006 0.000000 -13.435029


-2.000000	b49237210
10

Q 0.000000 0.000000 0.000000
Y 2.687006 2.687006 0.000000
Q 0.000000 5.374012 0.000000
F 0.000000 8.061017 2.687006
W 2.687006 5.374012 2.687006
K 2.687006 8.061017 0.000000
N 2.687006 10.748023 2.687006
F 2.687006 8.061017 5.374012
Q 5.374012 8.061017 8.061017
T 2.687006 8.061017 10.748023


-2.000000	b49237200
10

Q 0.000000 0.000000 0.000000
Y 2.687006 2.687006 0.000000
Q 5.374012 5.374012 0.000000
F 5.374012 8.061017 2.687006
W 8.061017 5.374012 2.687006
K 8.061017 8.061017 0.000000
N 8.061017 10.748023 2.687006
F 8.061017 8.061017 5.374012
Q 10.748023 8.061017 8.061017
T 8.061017 8.061017 10.748023


-2.000000	816b03810
10

Q 0.000000 0.000000 0.000000
Y 2.687006 2.687006 0.000000
Q 0.000000 5.374012 0.000000
F 0.000000 2.687006 -2.687006
W 0.000000 5.374012 -5.374012
K 2.687006 8.061017 -5.374012
N 0.000000 8.061017 -2.687006
F -2.687006 5.374012 -2.687006
Q -5.374012 8.061017 -2.687006
T -5.374012 5.374012 -5.374012


-2.000000	b49236b40
10

Q 0.000000 0.000000 0.000000
Y 2.687006 2.687006 0.000000
Q 5.374012 2.687006 2.687006
F 2.687006 2.687006 5.374012
W 0.000000 0.000000 5.374012
K 0.000000 2.687006 2.687006
N 0.000000 5.374012 5.374012
F 0.000000 2.687006 8.061017
Q 2.687006 2.687006 10.748023
T 0.000000 2.687006 13.435029


-2.000000	5a38905a0
10

Q 0.000000 0.000000 0.000000
Y 2.687006 2.687006 0.000000
Q 0.000000 2.687006 -2.687006
F 2.687006 2.687006 -5.374012
W 5.374012 5.374012 -5.374012
K 5.374012 2.687006 -2.687006
N 5.374012 0.000000 -5.374012
F 5.374012 2.687006 -8.061017
Q 2.687006 2.687006 -10.748023
T 5.374012 2.687006 -13.435029


-2.000000	816b03800
10

Q 0.000000 0.000000 0.000000
Y 2.687006 2.687006 0.000000
Q 5.374012 5.374012 0.000000
F 5.374012 2.687006 -2.687006
W 5.374012 5.374012 -5.374012
K 8.061017 8.061017 -5.374012
N 5.374012 8.061017 -2.687006
F 2.687006 5.374012 -2.687006
Q 0.000000 8.061017 -2.687006
T 0.000000 5.374012 -5.374012


-2.000000	05a347040
10

Q 0.000000 0.000000 0.000000
Y 2.687006 2.687006 0.000000
Q 5.374012 2.687006 2.687006
F 8.061017 5.374012 2.687006
W 10.748023 2.687006 2.687006
K 13.435029 2.687006 5.374012
N 13.435029 5.374012 2.687006
F 10.748023 5.374012 0.000000
Q 13.435029 5.374012 -2.687006
T 16.122035 8.061017 -2.687006


-2.000000	6b49a16a0
10

Q 0.000000 0.000000 0.000000
Y 2.687006 2.687006 0.000000
Q 0.000000 2.687006 -2.687006
F -2.687006 0.000000 -2.687006
W -5.374012 2.687006 -2.687006
K -8.061017 2.687006 -5.374012
N -8.061017 0.000000 -2.687006
F -5.374012 0.000000 0.000000
Q -8.061017 0.000000 2.687006
T -10.748023 -2.687006 2.687006


-2.000000	a38125a10
10

Q 0.000000 0.000000 0.000000
Y 2.687006 2.687006 0.000000
Q 0.000000 5.374012 0.000000
F -2.687006 5.374012 -2.687006
W 0.000000 5.374012 -5.374012
K 0.000000 8.061017 -2.687006
N -2.687006 10.748023 -2.687006
F -2.687006 8.061017 -5.374012
Q -2.687006 10.748023 -8.061017
T -5.374012 10.748023 -10.748023


-2.000000	a38125a00
10

Q 0.000000 0.000000 0.000000
Y 2.687006 2.687006 0.000000
Q 5.374012 5.374012 0.000000
F 2.687006 5.374012 -2.687006
W 5.374012 5.374012 -5.374012
K 5.374012 8.061017 -2.687006
N 2.687006 10.748023 -2.687006
F 2.687006 8.061017 -5.374012
Q 2.687006 10.748023 -8.061017
T 0.000000 10.748023 -10.748023


-2.000000	b49236b10
10

Q 0.000000 0.000000 0.000000
Y 2.687006 2.687006 0.000000
Q 0.000000 5.374012 0.000000
F -2.687006 5.374012 2.687006
W -5.374012 2.687006 2.687006
K -5.374012 5.374012 0.000000
N -5.374012 8.061017 2.687006
F -5.374012 5.374012 5.374012
Q -2.687006 5.374012 8.061017
T -5.374012 5.374012 10.748023


-2.000000	270569240
10

Q 0.000000 0.000000 0.000000
Y 2.687006 2.687006 0.000000
Q 5.374012 2.687006 2.687006
F 5.374012 5.374012 5.374012
W 5.374012 2.687006 8.061017
K 2.687006 0.000000 8.061017
N 5.374012 0.000000 5.374012
F 8.061017 2.687006 5.374012
Q 10.748023 0.000000 5.374012
T 10.748023 2.687006 8.061017


-2.000000	816b038a0
10

Q 0.000000 0.000000 0.000000
Y 2.687006 2.687006 0.000000
Q 0.000000 2.687006 -2.687006
F 0.000000 0.000000 -5.374012
W 0.000000 2.687006 -8.061017
K 2.687006 5.374012 -8.061017
N 0.000000 5.374012 -5.374012
F -2.687006 2.687006 -5.374012
Q -5.374012 5.374012 -5.374012
T -5.374012 2.687006 -8.061017


-2.000000	b49236b00
10

Q 0.000000 0.000000 0.000000
Y 2.687006 2.687006 0.000000
Q 5.374012 5.374012 0.000000
F 2.687006 5.374012 2.687006
W 0.000000 2.687006 2.687006
K 0.000000 5.374012 0.000000
N 0.000000 8.061017 2.687006
F 0.000000 5.374012 5.374012
Q 2.687006 5.374012 8.061017
T 0.000000 5.374012 10.748023


-2.000000	05a347010
10

Q 0.000000 0.000000 0.000000
Y 2.687006 2.687006 0.000000
Q 0.000000 5.374012 0.000000
F 2.687006 8.061017 0.000000
W 5.374012 5.374012 0.000000
K 8.061017 5.374012 2.687006
N 8.061017 8.061017 0.000000
F 5.374012 8.061017 -2.687006
Q 8.061017 8.061017 -5.374012
T 10.748023 10.748023 -5.374012


-2.000000	05a347000
10

Q 0.000000 0.000000 0.000000
Y 2.687006 2.687006 0.000000
Q 5.374012 5.374012 0.000000
F 8.061017 8.061017 0.000000
W 10.748023 5.374012 0.000000
K 13.435029 5.374012 2.687006
N 13.435029 8.061017 0.000000
F 10.748023 8.061017 -2.687006
Q 13.435029 8.061017 -5.374012
T 16.122035 10.748023 -5.374012


-2.000000	49278b440
10

Q 0.000000 0.000000 0.000000
Y 2.687006 2.687006 0.000000
Q 5.374012 2.687006 2.687006
F 8.061017 2.687006 5.374012
W 5.374012 2.687006 8.061017
K 5.374012 0.000000 5.374012
N 8.061017 -2.687006 5.374012
F 8.061017 0.000000 8.061017
Q 8.061017 -2.687006 10.748023
T 10.748023 -2.687006 13.435029


-2.000000	a38125aa0
10

Q 0.000000 0.000000 0.000000
Y 2.687006 2.687006 0.000000
Q 0.000000 2.687006 -2.687006
F -2.687006 2.687006 -5.374012
W 0.000000 2.687006 -8.061017
K 0.000000 5.374012 -5.374012
N -2.687006 8.061017 -5.374012
F -2.687006 5.374012 -8.061017
Q -2.687006 8.061017 -10.748023
T -5.374012 8.061017 -13.435029


-2.000000	270569210
10

Q 0.000000 0.000000 0.000000
Y 2.687006 2.687006 0.000000
Q 0.000000 5.374012 0.000000
F 0.000000 8.061017 2.687006
W 0.000000 5.374012 5.374012
K -2.687006 2.687006 5.374012
N 0.000000 2.687006 2.687006
F 2.687006 5.374012 2.687006
Q 5.374012 2.687006 2.687006
T 5.374012 5.374012 5.374012


-2.000000	5a3890540
10

Q 0.000000 0.000000 0.000000
Y 2.687006 2.687006 0.000000
Q 5.374012 2.687006 2.687006
F 8.061017 2.687006 0.000000
W 10.748023 5.374012 0.000000
K 10.748023 2.687006 2.687006
N 10.748023 0.000000 0.000000
F 10.748023 2.687006 -2.687006
Q 8.061017 2.687006 -5.374012
T 10.748023 2.687006 -8.061017


-2.000000	b49236ba0
10

Q 0.000000 0.000000 0.000000
Y 2.687006 2.687006 0.000000
Q 0.000000 2.687006 -2.687006
F -2.687006 2.687006 0.000000
W -5.374012 0.000000 0.000000
K -5.374012 2.687006 -2.687006
N -5.374012 5.374012 0.000000
F -5.374012 2.687006 2.687006
Q -2.687006 2.687006 5.374012
T -5.374012 2.687006 8.061017


-2.000000	270569200
10

Q 0.000000 0.000000 0.000000
Y 2.687006 2.687006 0.000000
Q 5.374012 5.374012 0.000000
F 5.374012 8.061017 2.687006
W 5.374012 5.374012 5.374012
K 2.687006 2.687006 5.374012
N 5.374012 2.687006 2.687006
F 8.061017 5.374012 2.687006
Q 10.748023 2.687006 2.687006
T 10.748023 5.374012 5.374012


-2.000000	6b49a1640
10

Q 0.000000 0.000000 0.000000
Y 2.687006 2.687006 0.000000
Q 5.374012 2.687006 2.687006
F 2.687006 0.000000 2.687006
W 0.000000 2.687006 2.687006
K -2.687006 2.687006 0.000000
N -2.687006 0.000000 2.687006
F 0.000000 0.000000 5.374012
Q -2.687006 0.000000 8.061017
T -5.374012 -2.687006 8.061017


-2.000000	05a3470a0
10

Q 0.000000 0.000000 0.000000
Y 2.687006 2.687006 0.000000
Q 0.000000 2.687006 -2.687006
F 2.687006 5.374012 -2.687006
W 5.374012 2.687006 -2.687006
K 8.061017 2.687006 0.000000
N 8.061017 5.374012 -2.687006
F 5.374012 5.374012 -5.374012
Q 8.061017 5.374012 -8.061017
T 10.748023 8.061017 -8.061017


-2.000000	49278b410
10

Q 0.000000 0.000000 0.000000
Y 2.687006 2.687006 0.000000
Q 0.000000 5.374012 0.000000
F 2.687006 5.374012 2.687006
W 0.000000 5.374012 5.374012
K 0.000000 2.687006 2.687006
N 2.687006 0.000000 2.687006
F 2.687006 2.687006 5.374012
Q 2.687006 0.000000 8.061017
T 5.374012 0.000000 10.748023


-2.000000	49278b400
10

Q 0.000000 0.000000 0.000000
Y 2.687006 2.687006 0.000000
Q 5.374012 5.374012 0.000000
F 8.061017 5.374012 2.687006
W 5.374012 5.374012 5.374012
K 5.374012 2.687006 2.687006
N 8.061017 0.000000 2.687006
F 8.061017 2.687006 5.374012
Q 8.061017 0.000000 8.061017
T 10.748023 0.000000 10.748023


-2.000000	5a3890510
10

Q 0.000000 0.000000 0.000000
Y 2.687006 2.687006 0.000000
Q 0.000000 5.374012 0.000000
F 2.687006 5.374012 -2.687006
W 5.374012 8.061017 -2.687006
K 5.374012 5.374012 0.000000
N 5.374012 2.687006 -2.687006
F 5.374012 5.374012 -5.374012
Q 2.687006 5.374012 -8.061017
T 5.374012 5.374012 -10.748023


-2.000000	5a3890500
10

Q 0.000000 0.000000 0.000000
Y 2.687006 2.687006 0.000000
Q 5.374012 5.374012 0.000000
F 8.061017 5.374012 -2.687006
W 10.748023 8.061017 -2.687006
K 10.748023 5.374012 0.000000
N 10.748023 2.687006 -2.687006
F 10.748023 5.374012 -5.374012
Q 8.061017 5.374012 -8.061017
T 10.748023 5.374012 -10.748023


-2.000000	6b49a1610
10

Q 0.000000 0.000000 0.000000
Y 2.687006 2.687006 0.000000
Q 0.000000 5.374012 0.000000
F -2.687006 2.687006 0.000000
W -5.374012 5.374012 0.000000
K -8.061017 5.374012 -2.687006
N -8.061017 2.687006 0.000000
F -5.374012 2.687006 2.687006
Q -8.061017 2.687006 5.374012
T -10.748023 0.000000 5.374012


-2.000000	b49236a10
10

Q 0.000000 0.000000 0.000000
Y 2.687006 2.687006 0.000000
Q 0.000000 5.374012 0.000000
F -2.687006 5.374012 -2.687006
W -5.374012 2.687006 -2.687006
K -5.374012 5.374012 -5.374012
N -5.374012 8.061017 -2.687006
F -5.374012 5.374012 0.000000
Q -2.687006 5.374012 2.687006
T -5.374012 5.374012 5.374012


-2.000000	b49236a00
10

Q 0.000000 0.000000 0.000000
Y 2.687006 2.687006 0.000000
Q 5.374012 5.374012 0.000000
F 2.687006 5.374012 -2.687006
W 0.000000 2.687006 -2.687006
K 0.000000 5.374012 -5.374012
N 0.000000 8.061017 -2.687006
F 0.000000 5.374012 0.000000
Q 2.687006 5.374012 2.687006
T 0.000000 5.374012 5.374012


-2.000000	5a3890440
10

Q 0.000000 0.000000 0.000000
Y 2.687006 2.687006 0.000000
Q 5.374012 2.687006 2.687006
F 8.061017 2.687006 5.374012
W 10.748023 5.374012 5.374012
K 10.748023 2.687006 8.061017
N 10.748023 0.000000 5.374012
F 10.748023 2.687006 2.687006
Q 8.061017 2.687006 0.000000
T 10.748023 2.687006 -2.687006


-2.000000	b49236aa0
10

Q 0.000000 0.000000 0.000000
Y 2.687006 2.687006 0.000000
Q 0.000000 2.687006 -2.687006
F -2.687006 2.687006 -5.374012
W -5.374012 0.000000 -5.374012
K -5.374012 2.687006 -8.061017
N -5.374012 5.374012 -5.374012
F -5.374012 2.687006 -2.687006
Q -2.687006 2.687006 0.000000
T -5.374012 2.687006 2.687006


-2.000000	5a3890410
10

Q 0.000000 0.000000 0.000000
Y 2.687006 2.687006 0.000000
Q 0.000000 5.374012 0.000000
F 2.687006 5.374012 2.687006
W 5.374012 8.061017 2.687006
K 5.374012 5.374012 5.374012
N 5.374012 2.687006 2.687006
F 5.374012 5.374012 0.000000
Q 2.687006 5.374012 -2.687006
T 5.374012 5.374012 -5.374012


-2.000000	5a3890400
10

Q 0.000000 0.000000 0.000000
Y 2.687006 2.687006 0.000000
Q 5.374012 5.374012 0.000000
F 8.061017 5.374012 2.687006
W 10.748023 8.061017 2.687006
K 10.748023 5.374012 5.374012
N 10.748023 2.687006 2.687006
F 10.748023 5.374012 0.000000
Q 8.061017 5.374012 -2.687006
T 10.748023 5.374012 -5.374012


-2.000000	a38125810
10

Q 0.000000 0.000000 0.000000
Y 2.687006 2.687006 0.000000
Q 0.000000 5.374012 0.000000
F 0.000000 2.687006 -2.687006
W 2.687006 2.687006 -5.374012
K 2.687006 5.374012 -2.687006
N 0.000000 8.061017 -2.687006
F 0.000000 5.374012 -5.374012
Q 0.000000 8.061017 -8.061017
T -2.687006 8.061017 -10.748023


-2.000000	16b458b40
10

Q 0.000000 0.000000 0.000000
Y 2.687006 2.687006 0.000000
Q 5.374012 2.687006 2.687006
F 2.687006 2.687006 5.374012
W 2.687006 0.000000 2.687006
K 5.374012 0.000000 0.000000
N 8.061017 0.000000 2.687006
F 5.374012 0.000000 5.374012
Q 2.687006 -2.687006 5.374012
T 0.000000 0.000000 5.374012


-2.000000	705ab25a0
10

Q 0.000000 0.000000 0.000000
Y 2.687006 2.687006 0.000000
Q 0.000000 2.687006 -2.687006
F 2.687006 2.687006 -5.374012
W 2.687006 5.374012 -2.687006
K 0.000000 5.374012 0.000000
N -2.687006 5.374012 -2.687006
F 0.000000 5.374012 -5.374012
Q 2.687006 8.061017 -5.374012
T 5.374012 5.374012 -5.374012


-2.000000	a38125800
10

Q 0.000000 0.000000 0.000000
Y 2.687006 2.687006 0.000000
Q 5.374012 5.374012 0.000000
F 5.374012 2.687006 -2.687006
W 8.061017 2.687006 -5.374012
K 8.061017 5.374012 -2.687006
N 5.374012 8.061017 -2.687006
F 5.374012 5.374012 -5.374012
Q 5.374012 8.061017 -8.061017
T 2.687006 8.061017 -10.748023


-2.000000	b49236910
10

Q 0.000000 0.000000 0.000000
Y 2.687006 2.687006 0.000000
Q 0.000000 5.374012 0.000000
F 0.000000 2.687006 2.687006
W -2.687006 0.000000 2.687006
K -2.687006 2.687006 0.000000
N -2.687006 5.374012 2.687006
F -2.687006 2.687006 5.374012
Q 0.000000 2.687006 8.061017
T -2.687006 2.687006 10.748023


-2.000000	270569040
10

Q 0.000000 0.000000 0.000000
Y 2.687006 2.687006 0.000000
Q 5.374012 2.687006 2.687006
F 8.061017 5.374012 2.687006
W 8.061017 2.687006 5.374012
K 5.374012 0.000000 5.374012
N 8.061017 0.000000 2.687006
F 10.748023 2.687006 2.687006
Q 13.435029 0.000000 2.687006
T 13.435029 2.687006 5.374012


-2.000000	816b036a0
10

Q 0.000000 0.000000 0.000000
Y 2.687006 2.687006 0.000000
Q 0.000000 2.687006 -2.687006
F -2.687006 0.000000 -2.687006
W -2.687006 2.687006 -5.374012
K 0.000000 5.374012 -5.374012
N -2.687006 5.374012 -2.687006
F -5.374012 2.687006 -2.687006
Q -8.061017 5.374012 -2.687006
T -8.061017 2.687006 -5.374012


-2.000000	05a347a00
10

Q 0.000000 0.000000 0.000000
Y 2.687006 2.687006 0.000000
Q 5.374012 5.374012 0.000000
F 2.687006 5.374012 -2.687006
W 5.374012 2.687006 -2.687006
K 8.061017 2.687006 0.000000
N 8.061017 5.374012 -2.687006
F 5.374012 5.374012 -5.374012
Q 8.061017 5.374012 -8.061017
T 10.748023 8.061017 -8.061017


-2.000000	49278b240
10

Q 0.000000 0.000000 0.000000
Y 2.687006 2.687006 0.000000
Q 5.374012 2.687006 2.687006
F 5.374012 5.374012 5.374012
W 2.687006 5.374012 8.061017
K 2.687006 2.687006 5.374012
N 5.374012 0.000000 5.374012
F 5.374012 2.687006 8.061017
Q 5.374012 0.000000 10.748023
T 8.061017 0.000000 13.435029


-2.000000	a381258a0
10

Q 0.000000 0.000000 0.000000
Y 2.687006 2.687006 0.000000
Q 0.000000 2.687006 -2.687006
F 0.000000 0.000000 -5.374012
W 2.687006 0.000000 -8.061017
K 2.687006 2.687006 -5.374012
N 0.000000 5.374012 -5.374012
F 0.000000 2.687006 -8.061017
Q 0.000000 5.374012 -10.748023
T -2.687006 5.374012 -13.435029


-2.000000	5a3890340
10

Q 0.000000 0.000000 0.000000
Y 2.687006 2.687006 0.000000
Q 5.374012 2.687006 2.687006
F 5.374012 5.374012 0.000000
W 8.061017 8.061017 0.000000
K 8.061017 5.374012 2.687006
N 8.061017 2.687006 0.000000
F 8.061017 5.374012 -2.687006
Q 5.374012 5.374012 -5.374012
T 8.061017 5.374012 -8.061017


-2.000000	270569000
10

Q 0.000000 0.000000 0.000000
Y 2.687006 2.687006 0.000000
Q 5.374012 5.374012 0.000000
F 8.061017 8.061017 0.000000
W 8.061017 5.374012 2.687006
K 5.374012 2.687006 2.687006
N 8.061017 2.687006 0.000000
F 10.748023 5.374012 0.000000
Q 13.435029 2.687006 0.000000
T 13.435029 5.374012 2.687006


-2.000000	6b49a1440
10

Q 0.000000 0.000000 0.000000
Y 2.687006 2.687006 0.000000
Q 5.374012 2.687006 2.687006
F 8.061017 2.687006 5.374012
W 5.374012 5.374012 5.374012
K 2.687006 5.374012 2.687006
N 2.687006 2.687006 5.374012
F 5.374012 2.687006 8.061017
Q 2.687006 2.687006 10.748023
T 0.000000 0.000000 10.748023


-2.000000	05a347aa0
10

Q 0.000000 0.000000 0.000000
Y 2.687006 2.687006 0.000000
Q 0.000000 2.687006 -2.687006
F -2.687006 2.687006 -5.374012
W 0.000000 0.000000 -5.374012
K 2.687006 0.000000 -2.687006
N 2.687006 2.687006 -5.374012
F 0.000000 2.687006 -8.061017
Q 2.687006 2.687006 -10.748023
T 5.374012 5.374012 -10.748023


-2.000000	49278b210
10

Q 0.000000 0.000000 0.000000
Y 2.687006 2.687006 0.000000
Q 0.000000 5.374012 0.000000
F 0.000000 8.061017 2.687006
W -2.687006 8.061017 5.374012
K -2.687006 5.374012 2.687006
N 0.000000 2.687006 2.687006
F 0.000000 5.374012 5.374012
Q 0.000000 2.687006 8.061017
T 2.687006 2.687006 10.748023


-2.000000	705ab2540
10

Q 0.000000 0.000000 0.000000
Y 2.687006 2.687006 0.000000
Q 5.374012 2.687006 2.687006
F 8.061017 2.687006 0.000000
W 8.061017 5.374012 2.687006
K 5.374012 5.374012 5.374012
N 2.687006 5.374012 2.687006
F 5.374012 5.374012 0.000000
Q 8.061017 8.061017 0.000000
T 10.748023 5.374012 0.000000


-2.000000	49278b200
10

Q 0.000000 0.000000 0.000000
Y 2.687006 2.687006 0.000000
Q 5.374012 5.374012 0.000000
F 5.374012 8.061017 2.687006
W 2.687006 8.061017 5.374012
K 2.687006 5.374012 2.687006
N 5.374012 2.687006 2.687006
F 5.374012 5.374012 5.374012
Q 5.374012 2.687006 8.061017
T 8.061017 2.687006 10.748023


-2.000000	5a3890310
10

Q 0.000000 0.000000 0.000000
Y 2.687006 2.687006 0.000000
Q 0.000000 5.374012 0.000000
F 0.000000 8.061017 -2.687006
W 2.687006 10.748023 -2.687006
K 2.687006 8.061017 0.000000
N 2.687006 5.374012 -2.687006
F 2.687006 8.061017 -5.374012
Q 0.000000 8.061017 -8.061017
T 2.687006 8.061017 -10.748023


-2.000000	5a3890300
10

Q 0.000000 0.000000 0.000000
Y 2.687006 2.687006 0.000000
Q 5.374012 5.374012 0.000000
F 5.374012 8.061017 -2.687006
W 8.061017 10.748023 -2.687006
K 8.061017 8.061017 0.000000
N 8.061017 5.374012 -2.687006
F 8.061017 8.061017 -5.374012
Q 5.374012 8.061017 -8.061017
T 8.061017 8.061017 -10.748023


-2.000000	6b49a1410
10

Q 0.000000 0.000000 0.000000
Y 2.687006 2.687006 0.000000
Q 0.000000 5.374012 0.000000
F 2.687006 5.374012 2.687006
W 0.000000 8.061017 2.687006
K -2.687006 8.061017 0.000000
N -2.687006 5.374012 2.687006
F 0.000000 5.374012 5.374012
Q -2.687006 5.374012 8.061017
T -5.374012 2.687006 8.061017


-2.000000	6b49a1400
10

Q 0.000000 0.000000 0.000000
Y 2.687006 2.687006 0.000000
Q 5.374012 5.374012 0.000000
F 8.061017 5.374012 2.687006
W 5.374012 8.061017 2.687006
K 2.687006 8.061017 0.000000
N 2.687006 5.374012 2.687006
F 5.374012 5.374012 5.374012
Q 2.687006 5.374012 8.061017
T 0.000000 2.687006 8.061017


-2.000000	705ab2510
10

Q 0.000000 0.000000 0.000000
Y 2.687006 2.687006 0.000000
Q 0.000000 5.374012 0.000000
F 2.687006 5.374012 -2.687006
W 2.687006 8.061017 0.000000
K 0.000000 8.061017 2.687006
N -2.687006 8.061017 0.000000
F 0.000000 8.061017 -2.687006
Q 2.687006 10.748023 -2.687006
T 5.374012 8.061017 -2.687006


-2.000000	a38125840
10

Q 0.000000 0.000000 0.000000
Y 2.687006 2.687006 0.000000
Q 5.374012 2.687006 2.687006
F 5.374012 0.000000 0.000000
W 8.061017 0.000000 -2.687006
K 8.061017 2.687006 0.000000
N 5.374012 5.374012 0.000000
F 5.374012 2.687006 -2.687006
Q 5.374012 5.374012 -5.374012
T 2.687006 5.374012 -8.061017


-2.000000	705ab2500
10

Q 0.000000 0.000000 0.000000
Y 2.687006 2.687006 0.000000
Q 5.374012 5.374012 0.000000
F 8.061017 5.374012 -2.687006
W 8.061017 8.061017 0.000000
K 5.374012 8.061017 2.687006
N 2.687006 8.061017 0.000000
F 5.374012 8.061017 -2.687006
Q 8.061017 10.748023 -2.687006
T 10.748023 8.061017 -2.687006


-2.000000	816b03610
10

Q 0.000000 0.000000 0.000000
Y 2.687006 2.687006 0.000000
Q 0.000000 5.374012 0.000000
F -2.687006 2.687006 0.000000
W -2.687006 5.374012 -2.687006
K 0.000000 8.061017 -2.687006
N -2.687006 8.061017 0.000000
F -5.374012 5.374012 0.000000
Q -8.061017 8.061017 0.000000
T -8.061017 5.374012 -2.687006


-2.000000	b49236940
10

Q 0.000000 0.000000 0.000000
Y 2.687006 2.687006 0.000000
Q 5.374012 2.687006 2.687006
F 5.374012 0.000000 5.374012
W 2.687006 -2.687006 5.374012
K 2.687006 0.000000 2.687006
N 2.687006 2.687006 5.374012
F 2.687006 0.000000 8.061017
Q 5.374012 0.000000 10.748023
T 2.687006 0.000000 13.435029


-2.000000	5a38903a0
10

Q 0.000000 0.000000 0.000000
Y 2.687006 2.687006 0.000000
Q 0.000000 2.687006 -2.687006
F 0.000000 5.374012 -5.374012
W 2.687006 8.061017 -5.374012
K 2.687006 5.374012 -2.687006
N 2.687006 2.687006 -5.374012
F 2.687006 5.374012 -8.061017
Q 0.000000 5.374012 -10.748023
T 2.687006 5.374012 -13.435029


-2.000000	a38125700
10

Q 0.000000 0.000000 0.000000
Y 2.687006 2.687006 0.000000
Q 5.374012 5.374012 0.000000
F 8.061017 2.687006 0.000000
W 10.748023 2.687006 -2.687006
K 10.748023 5.374012 0.000000
N 8.061017 8.061017 0.000000
F 8.061017 5.374012 -2.687006
Q 8.061017 8.061017 -5.374012
T 5.374012 8.061017 -8.061017


-2.000000	b49236810
10

Q 0.000000 0.000000 0.000000
Y 2.687006 2.687006 0.000000
Q 0.000000 5.374012 0.000000
F 0.000000 2.687006 -2.687006
W -2.687006 0.000000 -2.687006
K -2.687006 2.687006 -5.374012
N -2.687006 5.374012 -2.687006
F -2.687006 2.687006 0.000000
Q 0.000000 2.687006 2.687006
T -2.687006 2.687006 5.374012


-2.000000	270569b40
10

Q 0.000000 0.000000 0.000000
Y 2.687006 2.687006 0.000000
Q 5.374012 2.687006 2.687006
F 2.687006 2.687006 5.374012
W 2.687006 0.000000 8.061017
K 0.000000 -2.687006 8.061017
N 2.687006 -2.687006 5.374012
F 5.374012 0.000000 5.374012
Q 8.061017 -2.687006 5.374012
T 8.061017 0.000000 8.061017


-2.000000	816b035a0
10

Q 0.000000 0.000000 0.000000
Y 2.687006 2.687006 0.000000
Q 0.000000 2.687006 -2.687006
F 2.687006 2.687006 -5.374012
W 2.687006 5.374012 -8.061017
K 5.374012 8.061017 -8.061017
N 2.687006 8.061017 -5.374012
F 0.000000 5.374012 -5.374012
Q -2.687006 8.061017 -5.374012
T -2.687006 5.374012 -8.061017


-2.000000	05a347900
10

Q 0.000000 0.000000 0.000000
Y 2.687006 2.687006 0.000000
Q 5.374012 5.374012 0.000000
F 5.374012 2.687006 2.687006
W 8.061017 0.000000 2.687006
K 10.748023 0.000000 5.374012
N 10.748023 2.687006 2.687006
F 8.061017 2.687006 0.000000
Q 10.748023 2.687006 -2.687006
T 13.435029 5.374012 -2.687006


-2.000000	16b458a10
10

Q 0.000000 0.000000 0.000000
Y 2.687006 2.687006 0.000000
Q 0.000000 5.374012 0.000000
F -2.687006 5.374012 -2.687006
W -2.687006 2.687006 -5.374012
K 0.000000 2.687006 -8.061017
N 2.687006 2.687006 -5.374012
F 0.000000 2.687006 -2.687006
Q -2.687006 0.000000 -2.687006
T -5.374012 2.687006 -2.687006


-2.000000	49278b140
10

Q 0.000000 0.000000 0.000000
Y 2.687006 2.687006 0.000000
Q 5.374012 2.687006 2.687006
F 2.687006 5.374012 2.687006
W 0.000000 5.374012 5.374012
K 0.000000 2.687006 2.687006
N 2.687006 0.000000 2.687006
F 2.687006 2.687006 5.374012
Q 2.687006 0.000000 8.061017
T 5.374012 0.000000 10.748023


-2.000000	a381257a0
10

Q 0.000000 0.000000 0.000000
Y 2.687006 2.687006 0.000000
Q 0.000000 2.687006 -2.687006
F 2.687006 0.000000 -2.687006
W 5.374012 0.000000 -5.374012
K 5.374012 2.687006 -2.687006
N 2.687006 5.374012 -2.687006
F 2.687006 2.687006 -5.374012
Q 2.687006 5.374012 -8.061017
T 0.000000 5.374012 -10.748023


-2.000000	16b458a00
10

Q 0.000000 0.000000 0.000000
Y 2.687006 2.687006 0.000000
Q 5.374012 5.374012 0.000000
F 2.687006 5.374012 -2.687006
W 2.687006 2.687006 -5.374012
K 5.374012 2.687006 -8.061017
N 8.061017 2.687006 -5.374012
F 5.374012 2.687006 -2.687006
Q 2.687006 0.000000 -2.687006
T 0.000000 2.687006 -2.687006


-2.000000	270569b10
10

Q 0.000000 0.000000 0.000000
Y 2.687006 2.687006 0.000000
Q 0.000000 5.374012 0.000000
F -2.687006 5.374012 2.687006
W -2.687006 2.687006 5.374012
K -5.374012 0.000000 5.374012
N -2.687006 0.000000 2.687006
F 0.000000 2.687006 2.687006
Q 2.687006 0.000000 2.687006
T 2.687006 2.687006 5.374012


-2.000000	5a3890240
10

Q 0.000000 0.000000 0.000000
Y 2.687006 2.687006 0.000000
Q 5.374012 2.687006 2.687006
F 5.374012 5.374012 5.374012
W 8.061017 8.061017 5.374012
K 8.061017 5.374012 8.061017
N 8.061017 2.687006 5.374012
F 8.061017 5.374012 2.687006
Q 5.374012 5.374012 0.000000
T 8.061017 5.374012 -2.687006


-2.000000	270569b00
10

Q 0.000000 0.000000 0.000000
Y 2.687006 2.687006 0.000000
Q 5.374012 5.374012 0.000000
F 2.687006 5.374012 2.687006
W 2.687006 2.687006 5.374012
K 0.000000 0.000000 5.374012
N 2.687006 0.000000 2.687006
F 5.374012 2.687006 2.687006
Q 8.061017 0.000000 2.687006
T 8.061017 2.687006 5.374012


-2.000000	6b49a1340
10

Q 0.000000 0.000000 0.000000
Y 2.687006 2.687006 0.000000
Q 5.374012 2.687006 2.687006
F 5.374012 5.374012 0.000000
W 2.687006 8.061017 0.000000
K 0.000000 8.061017 -2.687006
N 0.000000 5.374012 0.000000
F 2.687006 5.374012 2.687006
Q 0.000000 5.374012 5.374012
T -2.687006 2.687006 5.374012


-2.000000	49278b110
10

Q 0.000000 0.000000 0.000000
Y 2.687006 2.687006 0.000000
Q 0.000000 5.374012 0.000000
F -2.687006 8.061017 0.000000
W -5.374012 8.061017 2.687006
K -5.374012 5.374012 0.000000
N -2.687006 2.687006 0.000000
F -2.687006 5.374012 2.687006
Q -2.687006 2.687006 5.374012
T 0.000000 2.687006 8.061017


-2.000000	705ab2440
10

Q 0.000000 0.000000 0.000000
Y 2.687006 2.687006 0.000000
Q 5.374012 2.687006 2.687006
F 8.061017 2.687006 5.374012
W 8.061017 5.374012 8.061017
K 5.374012 5.374012 10.748023
N 2.687006 5.374012 8.061017
F 5.374012 5.374012 5.374012
Q 8.061017 8.061017 5.374012
T 10.748023 5.374012 5.374012


-2.000000	16b458aa0
10

Q 0.000000 0.000000 0.000000
Y 2.687006 2.687006 0.000000
Q 0.000000 2.687006 -2.687006
F -2.687006 2.687006 -5.374012
W -2.687006 0.000000 -8.061017
K 0.000000 0.000000 -10.748023
N 2.687006 0.000000 -8.061017
F 0.000000 0.000000 -5.374012
Q -2.687006 -2.687006 -5.374012
T -5.374012 0.000000 -5.374012


-2.000000	5a3890210
10

Q 0.000000 0.000000 0.000000
Y 2.687006 2.687006 0.000000
Q 0.000000 5.374012 0.000000
F 0.000000 8.061017 2.687006
W 2.687006 10.748023 2.687006
K 2.687006 8.061017 5.374012
N 2.687006 5.374012 2.687006
F 2.687006 8.061017 0.000000
Q 0.000000 8.061017 -2.687006
T 2.687006 8.061017 -5.374012


-2.000000	816b03540
10

Q 0.000000 0.000000 0.000000
Y 2.687006 2.687006 0.000000
Q 5.374012 2.687006 2.687006
F 8.061017 2.687006 0.000000
W 8.061017 5.374012 -2.687006
K 10.748023 8.061017 -2.687006
N 8.061017 8.061017 0.000000
F 5.374012 5.374012 0.000000
Q 2.687006 8.061017 0.000000
T 2.687006 5.374012 -2.687006


-2.000000	5a3890200
10

Q 0.000000 0.000000 0.000000
Y 2.687006 2.687006 0.000000
Q 5.374012 5.374012 0.000000
F 5.374012 8.061017 2.687006
W 8.061017 10.748023 2.687006
K 8.061017 8.061017 5.374012
N 8.061017 5.374012 2.687006
F 8.061017 8.061017 0.000000
Q 5.374012 8.061017 -2.687006
T 8.061017 8.061017 -5.374012


-2.000000	6b49a1310
10

Q 0.000000 0.000000 0.000000
Y 2.687006 2.687006 0.000000
Q 0.000000 5.374012 0.000000
F 0.000000 8.061017 -2.687006
W -2.687006 10.748023 -2.687006
K -5.374012 10.748023 -5.374012
N -5.374012 8.061017 -2.687006
F -2.687006 8.061017 0.000000
Q -5.374012 8.061017 2.687006
T -8.061017 5.374012 2.687006


-2.000000	6b49a1300
10

Q 0.000000 0.000000 0.000000
Y 2.687006 2.687006 0.000000
Q 5.374012 5.374012 0.000000
F 5.374012 8.061017 -2.687006
W 2.687006 10.748023 -2.687006
K 0.000000 10.748023 -5.374012
N 0.000000 8.061017 -2.687006
F 2.687006 8.061017 0.000000
Q 0.000000 8.061017 2.687006
T -2.687006 5.374012 2.687006


-2.000000	705ab2410
10

Q 0.000000 0.000000 0.000000
Y 2.687006 2.687006 0.000000
Q 0.000000 5.374012 0.000000
F 2.687006 5.374012 2.687006
W 2.687006 8.061017 5.374012
K 0.000000 8.061017 8.061017
N -2.687006 8.061017 5.374012
F 0.000000 8.061017 2.687006
Q 2.687006 10.748023 2.687006
T 5.374012 8.061017 2.687006


-2.000000	a38125740
10

Q 0.000000 0.000000 0.000000
Y 2.687006 2.687006 0.000000
Q 5.374012 2.687006 2.687006
F 8.061017 0.000000 2.687006
W 10.748023 0.000000 0.000000
K 10.748023 2.687006 2.687006
N 8.061017 5.374012 2.687006
F 8.061017 2.687006 0.000000
Q 8.061017 5.374012 -2.687006
T 5.374012 5.374012 -5.374012


-2.000000	49278b1a0
10

Q 0.000000 0.000000 0.000000
Y 2.687006 2.687006 0.000000
Q 0.000000 2.687006 -2.687006
F -2.687006 5.374012 -2.687006
W -5.374012 5.374012 0.000000
K -5.374012 2.687006 -2.687006
N -2.687006 0.000000 -2.687006
F -2.687006 2.687006 0.000000
Q -2.687006 0.000000 2.687006
T 0.000000 0.000000 5.374012


-2.000000	705ab2400
10

Q 0.000000 0.000000 0.000000
Y 2.687006 2.687006 0.000000
Q 5.374012 5.374012 0.000000
F 8.061017 5.374012 2.687006
W 8.061017 8.061017 5.374012
K 5.374012 8.061017 8.061017
N 2.687006 8.061017 5.374012
F 5.374012 8.061017 2.687006
Q 8.061017 10.748023 2.687006
T 10.748023 8.061017 2.687006


-2.000000	816b03510
10

Q 0.000000 0.000000 0.000000
Y 2.687006 2.687006 0.000000
Q 0.000000 5.374012 0.000000
F 2.687006 5.374012 -2.687006
W 2.687006 8.061017 -5.374012
K 5.374012 10.748023 -5.374012
N 2.687006 10.748023 -2.687006
F 0.000000 8.061017 -2.687006
Q -2.687006 10.748023 -2.687006
T -2.687006 8.061017 -5.374012


-2.000000	816b03500
10

Q 0.000000 0.000000 0.000000
Y 2.687006 2.687006 0.000000
Q 5.374012 5.374012 0.000000
F 8.061017 5.374012 -2.687006
W 8.061017 8.061017 -5.374012
K 10.748023 10.748023 -5.374012
N 8.061017 10.748023 -2.687006
F 5.374012 8.061017 -2.687006
Q 2.687006 10.748023 -2.687006
T 2.687006 8.061017 -5.374012


-2.000000	05a347940
10

Q 0.000000 0.000000 0.000000
Y 2.687006 2.687006 0.000000
Q 5.374012 2.687006 2.687006
F 5.374012 0.000000 5.374012
W 8.061017 -2.687006 5.374012
K 10.748023 -2.687006 8.061017
N 10.748023 0.000000 5.374012
F 8.061017 0.000000 2.687006
Q 10.748023 0.000000 0.000000
T 13.435029 2.687006 0.000000


-2.000000	6b49a13a0
10

Q 0.000000 0.000000 0.000000
Y 2.687006 2.687006 0.000000
Q 0.000000 2.687006 -2.687006
F 0.000000 5.374012 -5.374012
W -2.687006 8.061017 -5.374012
K -5.374012 8.061017 -8.061017
N -5.374012 5.374012 -5.374012
F -2.687006 5.374012 -2.687006
Q -5.374012 5.374012 0.000000
T -8.061017 2.687006 0.000000


-2.000000	05a347810
10

Q 0.000000 0.000000 0.000000
Y 2.687006 2.687006 0.000000
Q 0.000000 5.374012 0.000000
F 0.000000 2.687006 -2.687006
W 2.687006 0.000000 -2.687006
K 5.374012 0.000000 0.000000
N 5.374012 2.687006 -2.687006
F 2.687006 2.687006 -5.374012
Q 5.374012 2.687006 -8.061017
T 8.061017 5.374012 -8.061017


-2.000000	05a347800
10

Q 0.000000 0.000000 0.000000
Y 2.687006 2.687006 0.000000
Q 5.374012 5.374012 0.000000
F 5.374012 2.687006 -2.687006
W 8.061017 0.000000 -2.687006
K 10.748023 0.000000 0.000000
N 10.748023 2.687006 -2.687006
F 8.061017 2.687006 -5.374012
Q 10.748023 2.687006 -8.061017
T 13.435029 5.374012 -8.061017


-2.000000	16b458900
10

Q 0.000000 0.000000 0.000000
Y 2.687006 2.687006 0.000000
Q 5.374012 5.374012 0.000000
F 5.374012 2.687006 2.687006
W 5.374012 0.000000 0.000000
K 8.061017 0.000000 -2.687006
N 10.748023 0.000000 0.000000
F 8.061017 0.000000 2.687006
Q 5.374012 -2.687006 2.687006
T 2.687006 0.000000 2.687006


-2.000000	6b49a1240
10

Q 0.000000 0.000000 0.000000
Y 2.687006 2.687006 0.000000
Q 5.374012 2.687006 2.687006
F 5.374012 5.374012 5.374012
W 2.687006 8.061017 5.374012
K 0.000000 8.061017 2.687006
N 0.000000 5.374012 5.374012
F 2.687006 5.374012 8.061017
Q 0.000000 5.374012 10.748023
T -2.687006 2.687006 10.748023


-2.000000	05a3478a0
10

Q 0.000000 0.000000 0.000000
Y 2.687006 2.687006 0.000000
Q 0.000000 2.687006 -2.687006
F 0.000000 0.000000 -5.374012
W 2.687006 -2.687006 -5.374012
K 5.374012 -2.687006 -2.687006
N 5.374012 0.000000 -5.374012
F 2.687006 0.000000 -8.061017
Q 5.374012 0.000000 -10.748023
T 8.061017 2.687006 -10.748023


-2.000000	705ab2340
10

Q 0.000000 0.000000 0.000000
Y 2.687006 2.687006 0.000000
Q 5.374012 2.687006 2.687006
F 5.374012 5.374012 0.000000
W 5.374012 8.061017 2.687006
K 2.687006 8.061017 5.374012
N 0.000000 8.061017 2.687006
F 2.687006 8.061017 0.000000
Q 5.374012 10.748023 0.000000
T 8.061017 8.061017 0.000000


-2.000000	816b03440
10

Q 0.000000 0.000000 0.000000
Y 2.687006 2.687006 0.000000
Q 5.374012 2.687006 2.687006
F 8.061017 2.687006 5.374012
W 8.061017 5.374012 2.687006
K 10.748023 8.061017 2.687006
N 8.061017 8.061017 5.374012
F 5.374012 5.374012 5.374012
Q 2.687006 8.061017 5.374012
T 2.687006 5.374012 2.687006


-2.000000	270569aa0
10

Q 0.000000 0.000000 0.000000
Y 2.687006 2.687006 0.000000
Q 0.000000 2.687006 -2.687006
F -2.687006 2.687006 -5.374012
W -2.687006 0.000000 -2.687006
K -5.374012 -2.687006 -2.687006
N -2.687006 -2.687006 -5.374012
F 0.000000 0.000000 -5.374012
Q 2.687006 -2.687006 -5.374012
T 2.687006 0.000000 -2.687006


-2.000000	6b49a1210
10

Q 0.000000 0.000000 0.000000
Y 2.687006 2.687006 0.000000
Q 0.000000 5.374012 0.000000
F 0.000000 8.061017 2.687006
W -2.687006 10.748023 2.687006
K -5.374012 10.748023 0.000000
N -5.374012 8.061017 2.687006
F -2.687006 8.061017 5.374012
Q -5.374012 8.061017 8.061017
T -8.061017 5.374012 8.061017


-2.000000	6b49a1200
10

Q 0.000000 0.000000 0.000000
Y 2.687006 2.687006 0.000000
Q 5.374012 5.374012 0.000000
F 5.374012 8.061017 2.687006
W 2.687006 10.748023 2.687006
K 0.000000 10.748023 0.000000
N 0.000000 8.061017 2.687006
F 2.687006 8.061017 5.374012
Q 0.000000 8.061017 8.061017
T -2.687006 5.374012 8.061017


-2.000000	705ab2310
10

Q 0.000000 0.000000 0.000000
Y 2.687006 2.687006 0.000000
Q 0.000000 5.374012 0.000000
F 0.000000 8.061017 -2.687006
W 0.000000 10.748023 0.000000
K -2.687006 10.748023 2.687006
N -5.374012 10.748023 0.000000
F -2.687006 10.748023 -2.687006
Q 0.000000 13.435029 -2.687006
T 2.687006 10.748023 -2.687006


-2.000000	705ab2300
10

Q 0.000000 0.000000 0.000000
Y 2.687006 2.687006 0.000000
Q 5.374012 5.374012 0.000000
F 5.374012 8.061017 -2.687006
W 5.374012 10.748023 0.000000
K 2.687006 10.748023 2.687006
N 0.000000 10.748023 0.000000
F 2.687006 10.748023 -2.687006
Q 5.374012 13.435029 -2.687006
T 8.061017 10.748023 -2.687006


-2.000000	816b03410
10

Q 0.000000 0.000000 0.000000
Y 2.687006 2.687006 0.000000
Q 0.000000 5.374012 0.000000
F 2.687006 5.374012 2.687006
W 2.687006 8.061017 0.000000
K 5.374012 10.748023 0.000000
N 2.687006 10.748023 2.687006
F 0.000000 8.061017 2.687006
Q -2.687006 10.748023 2.687006
T -2.687006 8.061017 0.000000


-2.000000	816b03400
10

Q 0.000000 0.000000 0.000000
Y 2.687006 2.687006 0.000000
Q 5.374012 5.374012 0.000000
F 8.061017 5.374012 2.687006
W 8.061017 8.061017 0.000000
K 10.748023 10.748023 0.000000
N 8.061017 10.748023 2.687006
F 5.374012 8.061017 2.687006
Q 2.687006 10.748023 2.687006
T 2.687006 8.061017 0.000000


-2.000000	05a347840
10

Q 0.000000 0.000000 0.000000
Y 2.687006 2.687006 0.000000
Q 5.374012 2.687006 2.687006
F 5.374012 0.000000 0.000000
W 8.061017 -2.687006 0.000000
K 10.748023 -2.687006 2.687006
N 10.748023 0.000000 0.000000
F 8.061017 0.000000 -2.687006
Q 10.748023 0.000000 -5.374012
T 13.435029 2.687006 -5.374012


-2.000000	6b49a12a0
10

Q 0.000000 0.000000 0.000000
Y 2.687006 2.687006 0.000000
Q 0.000000 2.687006 -2.687006
F 0.000000 5.374012 0.000000
W -2.687006 8.061017 0.000000
K -5.374012 8.061017 -2.687006
N -5.374012 5.374012 0.000000
F -2.687006 5.374012 2.687006
Q -5.374012 5.374012 5.374012
T -8.061017 2.687006 5.374012


-2.000000	16b458940
10

Q 0.000000 0.000000 0.000000
Y 2.687006 2.687006 0.000000
Q 5.374012 2.687006 2.687006
F 5.374012 0.000000 5.374012
W 5.374012 -2.687006 2.687006
K 8.061017 -2.687006 0.000000
N 10.748023 -2.687006 2.687006
F 8.061017 -2.687006 5.374012
Q 5.374012 -5.374012 5.374012
T 2.687006 -2.687006 5.374012


-2.000000	705ab23a0
10

Q 0.000000 0.000000 0.000000
Y 2.687006 2.687006 0.000000
Q 0.000000 2.687006 -2.687006
F 0.000000 5.374012 -5.374012
W 0.000000 8.061017 -2.687006
K -2.687006 8.061017 0.000000
N -5.374012 8.061017 -2.687006
F -2.687006 8.061017 -5.374012
Q 0.000000 10.748023 -5.374012
T 2.687006 8.061017 -5.374012


-2.000000	05a347700
10

Q 0.000000 0.000000 0.000000
Y 2.687006 2.687006 0.000000
Q 5.374012 5.374012 0.000000
F 8.061017 2.687006 0.000000
W 10.748023 0.000000 0.000000
K 13.435029 0.000000 2.687006
N 13.435029 2.687006 0.000000
F 10.748023 2.687006 -2.687006
Q 13.435029 2.687006 -5.374012
T 16.122035 5.374012 -5.374012


-2.000000	16b458810
10

Q 0.000000 0.000000 0.000000
Y 2.687006 2.687006 0.000000
Q 0.000000 5.374012 0.000000
F 0.000000 2.687006 -2.687006
W 0.000000 0.000000 -5.374012
K 2.687006 0.000000 -8.061017
N 5.374012 0.000000 -5.374012
F 2.687006 0.000000 -2.687006
Q 0.000000 -2.687006 -2.687006
T -2.687006 0.000000 -2.687006


-2.000000	49278bb40
10

Q 0.000000 0.000000 0.000000
Y 2.687006 2.687006 0.000000
Q 5.374012 2.687006 2.687006
F 2.687006 2.687006 5.374012
W 0.000000 2.687006 8.061017
K 0.000000 0.000000 5.374012
N 2.687006 -2.687006 5.374012
F 2.687006 0.000000 8.061017
Q 2.687006 -2.687006 10.748023
T 5.374012 -2.687006 13.435029


-2.000000	a381255a0
10

Q 0.000000 0.000000 0.000000
Y 2.687006 2.687006 0.000000
Q 0.000000 2.687006 -2.687006
F 2.687006 2.687006 -5.374012
W 5.374012 2.687006 -8.061017
K 5.374012 5.374012 -5.374012
N 2.687006 8.061017 -5.374012
F 2.687006 5.374012 -8.061017
Q 2.687006 8.061017 -10.748023
T 0.000000 8.061017 -13.435029


-2.000000	16b458800
10

Q 0.000000 0.000000 0.000000
Y 2.687006 2.687006 0.000000
Q 5.374012 5.374012 0.000000
F 5.374012 2.687006 -2.687006
W 5.374012 0.000000 -5.374012
K 8.061017 0.000000 -8.061017
N 10.748023 0.000000 -5.374012
F 8.061017 0.000000 -2.687006
Q 5.374012 -2.687006 -2.687006
T 2.687006 0.000000 -2.687006


-2.000000	270569910
10

Q 0.000000 0.000000 0.000000
Y 2.687006 2.687006 0.000000
Q 0.000000 5.374012 0.000000
F 0.000000 2.687006 2.687006
W 0.000000 0.000000 5.374012
K -2.687006 -2.687006 5.374012
N 0.000000 -2.687006 2.687006
F 2.687006 0.000000 2.687006
Q 5.374012 -2.687006 2.687006
T 5.374012 0.000000 5.374012


-2.000000	5a3890040
10

Q 0.000000 0.000000 0.000000
Y 2.687006 2.687006 0.000000
Q 5.374012 2.687006 2.687006
F 8.061017 5.374012 2.687006
W 10.748023 8.061017 2.687006
K 10.748023 5.374012 5.374012
N 10.748023 2.687006 2.687006
F 10.748023 5.374012 0.000000
Q 8.061017 5.374012 -2.687006
T 10.748023 5.374012 -5.374012


-2.000000	b492366a0
10

Q 0.000000 0.000000 0.000000
Y 2.687006 2.687006 0.000000
Q 0.000000 2.687006 -2.687006
F -2.687006 0.000000 -2.687006
W -5.374012 -2.687006 -2.687006
K -5.374012 0.000000 -5.374012
N -5.374012 2.687006 -2.687006
F -5.374012 0.000000 0.000000
Q -2.687006 0.000000 2.687006
T -5.374012 0.000000 5.374012


-2.000000	270569900
10

Q 0.000000 0.000000 0.000000
Y 2.687006 2.687006 0.000000
Q 5.374012 5.374012 0.000000
F 5.374012 2.687006 2.687006
W 5.374012 0.000000 5.374012
K 2.687006 -2.687006 5.374012
N 5.374012 -2.687006 2.687006
F 8.061017 0.000000 2.687006
Q 10.748023 -2.687006 2.687006
T 10.748023 0.000000 5.374012


-2.000000	6b49a1140
10

Q 0.000000 0.000000 0.000000
Y 2.687006 2.687006 0.000000
Q 5.374012 2.687006 2.687006
F 2.687006 5.374012 2.687006
W 0.000000 8.061017 2.687006
K -2.687006 8.061017 0.000000
N -2.687006 5.374012 2.687006
F 0.000000 5.374012 5.374012
Q -2.687006 5.374012 8.061017
T -5.374012 2.687006 8.061017


-2.000000	05a3477a0
10

Q 0.000000 0.000000 0.000000
Y 2.687006 2.687006 0.000000
Q 0.000000 2.687006 -2.687006
F 2.687006 0.000000 -2.687006
W 5.374012 -2.687006 -2.687006
K 8.061017 -2.687006 0.000000
N 8.061017 0.000000 -2.687006
F 5.374012 0.000000 -5.374012
Q 8.061017 0.000000 -8.061017
T 10.748023 2.687006 -8.061017


-2.000000	49278bb10
10

Q 0.000000 0.000000 0.000000
Y 2.687006 2.687006 0.000000
Q 0.000000 5.374012 0.000000
F -2.687006 5.374012 2.687006
W -5.374012 5.374012 5.374012
K -5.374012 2.687006 2.687006
N -2.687006 0.000000 2.687006
F -2.687006 2.687006 5.374012
Q -2.687006 0.000000 8.061017
T 0.000000 0.000000 10.748023


-2.000000	705ab2240
10

Q 0.000000 0.000000 0.000000
Y 2.687006 2.687006 0.000000
Q 5.374012 2.687006 2.687006
F 5.374012 5.374012 5.374012
W 5.374012 8.061017 8.061017
K 2.687006 8.061017 10.748023
N 0.000000 8.061017 8.061017
F 2.687006 8.061017 5.374012
Q 5.374012 10.748023 5.374012
T 8.061017 8.061017 5.374012


-2.000000	16b4588a0
10

Q 0.000000 0.000000 0.000000
Y 2.687006 2.687006 0.000000
Q 0.000000 2.687006 -2.687006
F 0.000000 0.000000 -5.374012
W 0.000000 -2.687006 -8.061017
K 2.687006 -2.687006 -10.748023
N 5.374012 -2.687006 -8.061017
F 2.687006 -2.687006 -5.374012
Q 0.000000 -5.374012 -5.374012
T -2.687006 -2.687006 -5.374012


-2.000000	49278bb00
10

Q 0.000000 0.000000 0.000000
Y 2.687006 2.687006 0.000000
Q 5.374012 5.374012 0.000000
F 2.687006 5.374012 2.687006
W 0.000000 5.374012 5.374012
K 0.000000 2.687006 2.687006
N 2.687006 0.000000 2.687006
F 2.687006 2.687006 5.374012
Q 2.687006 0.000000 8.061017
T 5.374012 0.000000 10.748023


-2.000000	5a3890010
10

Q 0.000000 0.000000 0.000000
Y 2.687006 2.687006 0.000000
Q 0.000000 5.374012 0.000000
F 2.687006 8.061017 0.000000
W 5.374012 10.748023 0.000000
K 5.374012 8.061017 2.687006
N 5.374012 5.374012 0.000000
F 5.374012 8.061017 -2.687006
Q 2.687006 8.061017 -5.374012
T 5.374012 8.061017 -8.061017


-2.000000	816b03340
10

Q 0.000000 0.000000 0.000000
Y 2.687006 2.687006 0.000000
Q 5.374012 2.687006 2.687006
F 5.374012 5.374012 0.000000
W 5.374012 8.061017 -2.687006
K 8.061017 10.748023 -2.687006
N 5.374012 10.748023 0.000000
F 2.687006 8.061017 0.000000
Q 0.000000 10.748023 0.000000
T 0.000000 8.061017 -2.687006


-2.000000	5a3890000
10

Q 0.000000 0.000000 0.000000
Y 2.687006 2.687006 0.000000
Q 5.374012 5.374012 0.000000
F 8.061017 8.061017 0.000000
W 10.748023 10.748023 0.000000
K 10.748023 8.061017 2.687006
N 10.748023 5.374012 0.000000
F 10.748023 8.061017 -2.687006
Q 8.061017 8.061017 -5.374012
T 10.748023 8.061017 -8.061017


-2.000000	6b49a1110
10

Q 0.000000 0.000000 0.000000
Y 2.687006 2.687006 0.000000
Q 0.000000 5.374012 0.000000
F -2.687006 8.061017 0.000000
W -5.374012 10.748023 0.000000
K -8.061017 10.748023 -2.687006
N -8.061017 8.061017 0.000000
F -5.374012 8.061017 2.687006
Q -8.061017 8.061017 5.374012
T -10.748023 5.374012 5.374012


-2.000000	6b49a1100
10

Q 0.000000 0.000000 0.000000
Y 2.687006 2.687006 0.000000
Q 5.374012 5.374012 0.000000
F 2.687006 8.061017 0.000000
W 0.000000 10.748023 0.000000
K -2.687006 10.748023 -2.687006
N -2.687006 8.061017 0.000000
F 0.000000 8.061017 2.687006
Q -2.687006 8.061017 5.374012
T -5.374012 5.374012 5.374012


-2.000000	705ab2210
10

Q 0.000000 0.000000 0.000000
Y 2.687006 2.687006 0.000000
Q 0.000000 5.374012 0.000000
F 0.000000 8.061017 2.687006
W 0.000000 10.748023 5.374012
K -2.687006 10.748023 8.061017
N -5.374012 10.748023 5.374012
F -2.687006 10.748023 2.687006
Q 0.000000 13.435029 2.687006
T 2.687006 10.748023 2.687006


-2.000000	a38125540
10

Q 0.000000 0.000000 0.000000
Y 2.687006 2.687006 0.000000
Q 5.374012 2.687006 2.687006
F 8.061017 2.687006 0.000000
W 10.748023 2.687006 -2.687006
K 10.748023 5.374012 0.000000
N 8.061017 8.061017 0.000000
F 8.061017 5.374012 -2.687006
Q 8.061017 8.061017 -5.374012
T 5.374012 8.061017 -8.061017


-2.000000	49278bba0
10

Q 0.000000 0.000000 0.000000
Y 2.687006 2.687006 0.000000
Q 0.000000 2.687006 -2.687006
F -2.687006 2.687006 0.000000
W -5.374012 2.687006 2.687006
K -5.374012 0.000000 0.000000
N -2.687006 -2.687006 0.000000
F -2.687006 0.000000 2.687006
Q -2.687006 -2.687006 5.374012
T 0.000000 -2.687006 8.061017


-2.000000	705ab2200
10

Q 0.000000 0.000000 0.000000
Y 2.687006 2.687006 0.000000
Q 5.374012 5.374012 0.000000
F 5.374012 8.061017 2.687006
W 5.374012 10.748023 5.374012
K 2.687006 10.748023 8.061017
N 0.000000 10.748023 5.374012
F 2.687006 10.748023 2.687006
Q 5.374012 13.435029 2.687006
T 8.061017 10.748023 2.687006


-2.000000	816b03310
10

Q 0.000000 0.000000 0.000000
Y 2.687006 2.687006 0.000000
Q 0.000000 5.374012 0.000000
F 0.000000 8.061017 -2.687006
W 0.000000 10.748023 -5.374012
K 2.687006 13.435029 -5.374012
N 0.000000 13.435029 -2.687006
F -2.687006 10.748023 -2.687006
Q -5.374012 13.435029 -2.687006
T -5.374012 10.748023 -5.374012


-2.000000	5a38900a0
10

Q 0.000000 0.000000 0.000000
Y 2.687006 2.687006 0.000000
Q 0.000000 2.687006 -2.687006
F 2.687006 5.374012 -2.687006
W 5.374012 8.061017 -2.687006
K 5.374012 5.374012 0.000000
N 5.374012 2.687006 -2.687006
F 5.374012 5.374012 -5.374012
Q 2.687006 5.374012 -8.061017
T 5.374012 5.374012 -10.748023


-2.000000	816b03300
10

Q 0.000000 0.000000 0.000000
Y 2.687006 2.687006 0.000000
Q 5.374012 5.374012 0.000000
F 5.374012 8.061017 -2.687006
W 5.374012 10.748023 -5.374012
K 8.061017 13.435029 -5.374012
N 5.374012 13.435029 -2.687006
F 2.687006 10.748023 -2.687006
Q 0.000000 13.435029 -2.687006
T 0.000000 10.748023 -5.374012


-2.000000	05a347740
10

Q 0.000000 0.000000 0.000000
Y 2.687006 2.687006 0.000000
Q 5.374012 2.687006 2.687006
F 8.061017 0.000000 2.687006
W 10.748023 -2.687006 2.687006
K 13.435029 -2.687006 5.374012
N 13.435029 0.000000 2.687006
F 10.748023 0.000000 0.000000
Q 13.435029 0.000000 -2.687006
T 16.122035 2.687006 -2.687006


-2.000000	6b49a11a0
10

Q 0.000000 0.000000 0.000000
Y 2.687006 2.687006 0.000000
Q 0.000000 2.687006 -2.687006
F -2.687006 5.374012 -2.687006
W -5.374012 8.061017 -2.687006
K -8.061017 8.061017 -5.374012
N -8.061017 5.374012 -2.687006
F -5.374012 5.374012 0.000000
Q -8.061017 5.374012 2.687006
T -10.748023 2.687006 2.687006


-2.000000	a38125510
10

Q 0.000000 0.000000 0.000000
Y 2.687006 2.687006 0.000000
Q 0.000000 5.374012 0.000000
F 2.687006 5.374012 -2.687006
W 5.374012 5.374012 -5.374012
K 5.374012 8.061017 -2.687006
N 2.687006 10.748023 -2.687006
F 2.687006 8.061017 -5.374012
Q 2.687006 10.748023 -8.061017
T 0.000000 10.748023 -10.748023


-2.000000	16b458840
10

Q 0.000000 0.000000 0.000000
Y 2.687006 2.687006 0.000000
Q 5.374012 2.687006 2.687006
F 5.374012 0.000000 0.000000
W 5.374012 -2.687006 -2.687006
K 8.061017 -2.687006 -5.374012
N 10.748023 -2.687006 -2.687006
F 8.061017 -2.687006 0.000000
Q 5.374012 -5.374012 0.000000
T 2.687006 -2.687006 0.000000


-2.000000	705ab22a0
10

Q 0.000000 0.000000 0.000000
Y 2.687006 2.687006 0.000000
Q 0.000000 2.687006 -2.687006
F 0.000000 5.374012 0.000000
W 0.000000 8.061017 2.687006
K -2.687006 8.061017 5.374012
N -5.374012 8.061017 2.687006
F -2.687006 8.061017 0.000000
Q 0.000000 10.748023 0.000000
T 2.687006 8.061017 0.000000


-2.000000	a38125500
10

Q 0.000000 0.000000 0.000000
Y 2.687006 2.687006 0.000000
Q 5.374012 5.374012 0.000000
F 8.061017 5.374012 -2.687006
W 10.748023 5.374012 -5.374012
K 10.748023 8.061017 -2.687006
N 8.061017 10.748023 -2.687006
F 8.061017 8.061017 -5.374012
Q 8.061017 10.748023 -8.061017
T 5.374012 10.748023 -10.748023


-2.000000	b49236610
10

Q 0.000000 0.000000 0.000000
Y 2.687006 2.687006 0.000000
Q 0.000000 5.374012 0.000000
F -2.687006 2.687006 0.000000
W -5.374012 0.000000 0.000000
K -5.374012 2.687006 -2.687006
N -5.374012 5.374012 0.000000
F -5.374012 2.687006 2.687006
Q -2.687006 2.687006 5.374012
T -5.374012 2.687006 8.061017


-2.000000	270569940
10

Q 0.000000 0.000000 0.000000
Y 2.687006 2.687006 0.000000
Q 5.374012 2.687006 2.687006
F 5.374012 0.000000 5.374012
W 5.374012 -2.687006 8.061017
K 2.687006 -5.374012 8.061017
N 5.374012 -5.374012 5.374012
F 8.061017 -2.687006 5.374012
Q 10.748023 -5.374012 5.374012
T 10.748023 -2.687006 8.061017


-2.000000	816b033a0
10

Q 0.000000 0.000000 0.000000
Y 2.687006 2.687006 0.000000
Q 0.000000 2.687006 -2.687006
F 0.000000 5.374012 -5.374012
W 0.000000 8.061017 -8.061017
K 2.687006 10.748023 -8.061017
N 0.000000 10.748023 -5.374012
F -2.687006 8.061017 -5.374012
Q -5.374012 10.748023 -5.374012
T -5.374012 8.061017 -8.061017


-2.000000	16b458700
10

Q 0.000000 0.000000 0.000000
Y 2.687006 2.687006 0.000000
Q 5.374012 5.374012 0.000000
F 8.061017 2.687006 0.000000
W 8.061017 0.000000 -2.687006
K 10.748023 0.000000 -5.374012
N 13.435029 0.000000 -2.687006
F 10.748023 0.000000 0.000000
Q 8.061017 -2.687006 0.000000
T 5.374012 0.000000 0.000000


-2.000000	270569800
10

Q 0.000000 0.000000 0.000000
Y 2.687006 2.687006 0.000000
Q 5.374012 5.374012 0.000000
F 5.374012 2.687006 -2.687006
W 5.374012 0.000000 0.000000
K 2.687006 -2.687006 0.000000
N 5.374012 -2.687006 -2.687006
F 8.061017 0.000000 -2.687006
Q 10.748023 -2.687006 -2.687006
T 10.748023 0.000000 0.000000


-2.000000	6b49a1040
10

Q 0.000000 0.000000 0.000000
Y 2.687006 2.687006 0.000000
Q 5.374012 2.687006 2.687006
F 8.061017 5.374012 2.687006
W 5.374012 8.061017 2.687006
K 2.687006 8.061017 0.000000
N 2.687006 5.374012 2.687006
F 5.374012 5.374012 5.374012
Q 2.687006 5.374012 8.061017
T 0.000000 2.687006 8.061017


-2.000000	05a3476a0
10

Q 0.000000 0.000000 0.000000
Y 2.687006 2.687006 0.000000
Q 0.000000 2.687006 -2.687006
F -2.687006 0.000000 -2.687006
W 0.000000 -2.687006 -2.687006
K 2.687006 -2.687006 0.000000
N 2.687006 0.000000 -2.687006
F 0.000000 0.000000 -5.374012
Q 2.687006 0.000000 -8.061017
T 5.374012 2.687006 -8.061017


-2.000000	49278ba10
10

Q 0.000000 0.000000 0.000000
Y 2.687006 2.687006 0.000000
Q 0.000000 5.374012 0.000000
F -2.687006 5.374012 -2.687006
W -5.374012 5.374012 0.000000
K -5.374012 2.687006 -2.687006
N -2.687006 0.000000 -2.687006
F -2.687006 2.687006 0.000000
Q -2.687006 0.000000 2.687006
T 0.000000 0.000000 5.374012


-2.000000	705ab2140
10

Q 0.000000 0.000000 0.000000
Y 2.687006 2.687006 0.000000
Q 5.374012 2.687006 2.687006
F 2.687006 5.374012 2.687006
W 2.687006 8.061017 5.374012
K 0.000000 8.061017 8.061017
N -2.687006 8.061017 5.374012
F 0.000000 8.061017 2.687006
Q 2.687006 10.748023 2.687006
T 5.374012 8.061017 2.687006


-2.000000	16b4587a0
10

Q 0.000000 0.000000 0.000000
Y 2.687006 2.687006 0.000000
Q 0.000000 2.687006 -2.687006
F 2.687006 0.000000 -2.687006
W 2.687006 -2.687006 -5.374012
K 5.374012 -2.687006 -8.061017
N 8.061017 -2.687006 -5.374012
F 5.374012 -2.687006 -2.687006
Q 2.687006 -5.374012 -2.687006
T 0.000000 -2.687006 -2.687006


-2.000000	816b03240
10

Q 0.000000 0.000000 0.000000
Y 2.687006 2.687006 0.000000
Q 5.374012 2.687006 2.687006
F 5.374012 5.374012 5.374012
W 5.374012 8.061017 2.687006
K 8.061017 10.748023 2.687006
N 5.374012 10.748023 5.374012
F 2.687006 8.061017 5.374012
Q 0.000000 10.748023 5.374012
T 0.000000 8.061017 2.687006


-2.000000	2705698a0
10

Q 0.000000 0.000000 0.000000
Y 2.687006 2.687006 0.000000
Q 0.000000 2.687006 -2.687006
F 0.000000 0.000000 -5.374012
W 0.000000 -2.687006 -2.687006
K -2.687006 -5.374012 -2.687006
N 0.000000 -5.374012 -5.374012
F 2.687006 -2.687006 -5.374012
Q 5.374012 -5.374012 -5.374012
T 5.374012 -2.687006 -2.687006


-2.000000	6b49a1010
10

Q 0.000000 0.000000 0.000000
Y 2.687006 2.687006 0.000000
Q 0.000000 5.374012 0.000000
F 2.687006 8.061017 0.000000
W 0.000000 10.748023 0.000000
K -2.687006 10.748023 -2.687006
N -2.687006 8.061017 0.000000
F 0.000000 8.061017 2.687006
Q -2.687006 8.061017 5.374012
T -5.374012 5.374012 5.374012


-2.000000	6b49a1000
10

Q 0.000000 0.000000 0.000000
Y 2.687006 2.687006 0.000000
Q 5.374012 5.374012 0.000000
F 8.061017 8.061017 0.000000
W 5.374012 10.748023 0.000000
K 2.687006 10.748023 -2.687006
N 2.687006 8.061017 0.000000
F 5.374012 8.061017 2.687006
Q 2.687006 8.061017 5.374012
T 0.000000 5.374012 5.374012


-2.000000	705ab2110
10

Q 0.000000 0.000000 0.000000
Y 2.687006 2.687006 0.000000
Q 0.000000 5.374012 0.000000
F -2.687006 8.061017 0.000000
W -2.687006 10.748023 2.687006
K -5.374012 10.748023 5.374012
N -8.061017 10.748023 2.687006
F -5.374012 10.748023 0.000000
Q -2.687006 13.435029 0.000000
T 0.000000 10.748023 0.000000


-2.000000	a38125440
10

Q 0.000000 0.000000 0.000000
Y 2.687006 2.687006 0.000000
Q 5.374012 2.687006 2.687006
F 8.061017 2.687006 5.374012
W 10.748023 2.687006 2.687006
K 10.748023 5.374012 5.374012
N 8.061017 8.061017 5.374012
F 8.061017 5.374012 2.687006
Q 8.061017 8.061017 0.000000
T 5.374012 8.061017 -2.687006


-2.000000	49278baa0
10

Q 0.000000 0.000000 0.000000
Y 2.687006 2.687006 0.000000
Q 0.000000 2.687006 -2.687006
F -2.687006 2.687006 -5.374012
W -5.374012 2.687006 -2.687006
K -5.374012 0.000000 -5.374012
N -2.687006 -2.687006 -5.374012
F -2.687006 0.000000 -2.687006
Q -2.687006 -2.687006 0.000000
T 0.000000 -2.687006 2.687006


-2.000000	705ab2100
10

Q 0.000000 0.000000 0.000000
Y 2.687006 2.687006 0.000000
Q 5.374012 5.374012 0.000000
F 2.687006 8.061017 0.000000
W 2.687006 10.748023 2.687006
K 0.000000 10.748023 5.374012
N -2.687006 10.748023 2.687006
F 0.000000 10.748023 0.000000
Q 2.687006 13.435029 0.000000
T 5.374012 10.748023 0.000000


-2.000000	816b03210
10

Q 0.000000 0.000000 0.000000
Y 2.687006 2.687006 0.000000
Q 0.000000 5.374012 0.000000
F 0.000000 8.061017 2.687006
W 0.000000 10.748023 0.000000
K 2.687006 13.435029 0.000000
N 0.000000 13.435029 2.687006
F -2.687006 10.748023 2.687006
Q -5.374012 13.435029 2.687006
T -5.374012 10.748023 0.000000


-2.000000	816b03200
10

Q 0.000000 0.000000 0.000000
Y 2.687006 2.687006 0.000000
Q 5.374012 5.374012 0.000000
F 5.374012 8.061017 2.687006
W 5.374012 10.748023 0.000000
K 8.061017 13.435029 0.000000
N 5.374012 13.435029 2.687006
F 2.687006 10.748023 2.687006
Q 0.000000 13.435029 2.687006
T 0.000000 10.748023 0.000000


-2.000000	05a347640
10

Q 0.000000 0.000000 0.000000
Y 2.687006 2.687006 0.000000
Q 5.374012 2.687006 2.687006
F 2.687006 0.000000 2.687006
W 5.374012 -2.687006 2.687006
K 8.061017 -2.687006 5.374012
N 8.061017 0.000000 2.687006
F 5.374012 0.000000 0.000000
Q 8.061017 0.000000 -2.687006
T 10.748023 2.687006 -2.687006


-2.000000	6b49a10a0
10

Q 0.000000 0.000000 0.000000
Y 2.687006 2.687006 0.000000
Q 0.000000 2.687006 -2.687006
F 2.687006 5.374012 -2.687006
W 0.000000 8.061017 -2.687006
K -2.687006 8.061017 -5.374012
N -2.687006 5.374012 -2.687006
F 0.000000 5.374012 0.000000
Q -2.687006 5.374012 2.687006
T -5.374012 2.687006 2.687006


-2.000000	a38125410
10

Q 0.000000 0.000000 0.000000
Y 2.687006 2.687006 0.000000
Q 0.000000 5.374012 0.000000
F 2.687006 5.374012 2.687006
W 5.374012 5.374012 0.000000
K 5.374012 8.061017 2.687006
N 2.687006 10.748023 2.687006
F 2.687006 8.061017 0.000000
Q 2.687006 10.748023 -2.687006
T 0.000000 10.748023 -5.374012


-2.000000	16b458740
10

Q 0.000000 0.000000 0.000000
Y 2.687006 2.687006 0.000000
Q 5.374012 2.687006 2.687006
F 8.061017 0.000000 2.687006
W 8.061017 -2.687006 0.000000
K 10.748023 -2.687006 -2.687006
N 13.435029 -2.687006 0.000000
F 10.748023 -2.687006 2.687006
Q 8.061017 -5.374012 2.687006
T 5.374012 -2.687006 2.687006


-2.000000	705ab21a0
10

Q 0.000000 0.000000 0.000000
Y 2.687006 2.687006 0.000000
Q 0.000000 2.687006 -2.687006
F -2.687006 5.374012 -2.687006
W -2.687006 8.061017 0.000000
K -5.374012 8.061017 2.687006
N -8.061017 8.061017 0.000000
F -5.374012 8.061017 -2.687006
Q -2.687006 10.748023 -2.687006
T 0.000000 8.061017 -2.687006


-2.000000	a38125400
10

Q 0.000000 0.000000 0.000000
Y 2.687006 2.687006 0.000000
Q 5.374012 5.374012 0.000000
F 8.061017 5.374012 2.687006
W 10.748023 5.374012 0.000000
K 10.748023 8.061017 2.687006
N 8.061017 10.748023 2.687006
F 8.061017 8.061017 0.000000
Q 8.061017 10.748023 -2.687006
T 5.374012 10.748023 -5.374012


-2.000000	270569840
10

Q 0.000000 0.000000 0.000000
Y 2.687006 2.687006 0.000000
Q 5.374012 2.687006 2.687006
F 5.374012 0.000000 0.000000
W 5.374012 -2.687006 2.687006
K 2.687006 -5.374012 2.687006
N 5.374012 -5.374012 0.000000
F 8.061017 -2.687006 0.000000
Q 10.748023 -5.374012 0.000000
T 10.748023 -2.687006 2.687006


-2.000000	816b032a0
10

Q 0.000000 0.000000 0.000000
Y 2.687006 2.687006 0.000000
Q 0.000000 2.687006 -2.687006
F 0.000000 5.374012 0.000000
W 0.000000 8.061017 -2.687006
K 2.687006 10.748023 -2.687006
N 0.000000 10.748023 0.000000
F -2.687006 8.061017 0.000000
Q -5.374012 10.748023 0.000000
T -5.374012 8.061017 -2.687006


-2.000000	270569700
10

Q 0.000000 0.000000 0.000000
Y 2.687006 2.687006 0.000000
Q 5.374012 5.374012 0.000000
F 8.061017 2.687006 0.000000
W 8.061017 0.000000 2.687006
K 5.374012 -2.687006 2.687006
N 8.061017 -2.687006 0.000000
F 10.748023 0.000000 0.000000
Q 13.435029 -2.687006 0.000000
T 13.435029 0.000000 2.687006


-2.000000	6b49a1b40
10

Q 0.000000 0.000000 0.000000
Y 2.687006 2.687006 0.000000
Q 5.374012 2.687006 2.687006
F 2.687006 2.687006 5.374012
W 0.000000 5.374012 5.374012
K -2.687006 5.374012 2.687006
N -2.687006 2.687006 5.374012
F 0.000000 2.687006 8.061017
Q -2.687006 2.687006 10.748023
T -5.374012 0.000000 10.748023


-2.000000	05a3475a0
10

Q 0.000000 0.000000 0.000000
Y 2.687006 2.687006 0.000000
Q 0.000000 2.687006 -2.687006
F 2.687006 2.687006 -5.374012
W 5.374012 0.000000 -5.374012
K 8.061017 0.000000 -2.687006
N 8.061017 2.687006 -5.374012
F 5.374012 2.687006 -8.061017
Q 8.061017 2.687006 -10.748023
T 10.748023 5.374012 -10.748023


-2.000000	49278b910
10

Q 0.000000 0.000000 0.000000
Y 2.687006 2.687006 0.000000
Q 0.000000 5.374012 0.000000
F 0.000000 2.687006 2.687006
W -2.687006 2.687006 5.374012
K -2.687006 0.000000 2.687006
N 0.000000 -2.687006 2.687006
F 0.000000 0.000000 5.374012
Q 0.000000 -2.687006 8.061017
T 2.687006 -2.687006 10.748023


-2.000000	705ab2040
10

Q 0.000000 0.000000 0.000000
Y 2.687006 2.687006 0.000000
Q 5.374012 2.687006 2.687006
F 8.061017 5.374012 2.687006
W 8.061017 8.061017 5.374012
K 5.374012 8.061017 8.061017
N 2.687006 8.061017 5.374012
F 5.374012 8.061017 2.687006
Q 8.061017 10.748023 2.687006
T 10.748023 8.061017 2.687006


-2.000000	16b4586a0
10

Q 0.000000 0.000000 0.000000
Y 2.687006 2.687006 0.000000
Q 0.000000 2.687006 -2.687006
F -2.687006 0.000000 -2.687006
W -2.687006 -2.687006 -5.374012
K 0.000000 -2.687006 -8.061017
N 2.687006 -2.687006 -5.374012
F 0.000000 -2.687006 -2.687006
Q -2.687006 -5.374012 -2.687006
T -5.374012 -2.687006 -2.687006


-2.000000	49278b900
10

Q 0.000000 0.000000 0.000000
Y 2.687006 2.687006 0.000000
Q 5.374012 5.374012 0.000000
F 5.374012 2.687006 2.687006
W 2.687006 2.687006 5.374012
K 2.687006 0.000000 2.687006
N 5.374012 -2.687006 2.687006
F 5.374012 0.000000 5.374012
Q 5.374012 -2.687006 8.061017
T 8.061017 -2.687006 10.748023


-2.000000	816b03140
10

Q 0.000000 0.000000 0.000000
Y 2.687006 2.687006 0.000000
Q 5.374012 2.687006 2.687006
F 2.687006 5.374012 2.687006
W 2.687006 8.061017 0.000000
K 5.374012 10.748023 0.000000
N 2.687006 10.748023 2.687006
F 0.000000 8.061017 2.687006
Q -2.687006 10.748023 2.687006
T -2.687006 8.061017 0.000000


-2.000000	2705697a0
10

Q 0.000000 0.000000 0.000000
Y 2.687006 2.687006 0.000000
Q 0.000000 2.687006 -2.687006
F 2.687006 0.000000 -2.687006
W 2.687006 -2.687006 0.000000
K 0.000000 -5.374012 0.000000
N 2.687006 -5.374012 -2.687006
F 5.374012 -2.687006 -2.687006
Q 8.061017 -5.374012 -2.687006
T 8.061017 -2.687006 0.000000


-2.000000	6b49a1b10
10

Q 0.000000 0.000000 0.000000
Y 2.687006 2.687006 0.000000
Q 0.000000 5.374012 0.000000
F -2.687006 5.374012 2.687006
W -5.374012 8.061017 2.687006
K -8.061017 8.061017 0.000000
N -8.061017 5.374012 2.687006
F -5.374012 5.374012 5.374012
Q -8.061017 5.374012 8.061017
T -10.748023 2.687006 8.061017


-2.000000	6b49a1b00
10

Q 0.000000 0.000000 0.000000
Y 2.687006 2.687006 0.000000
Q 5.374012 5.374012 0.000000
F 2.687006 5.374012 2.687006
W 0.000000 8.061017 2.687006
K -2.687006 8.061017 0.000000
N -2.687006 5.374012 2.687006
F 0.000000 5.374012 5.374012
Q -2.687006 5.374012 8.061017
T -5.374012 2.687006 8.061017


-2.000000	705ab2010
10

Q 0.000000 0.000000 0.000000
Y 2.687006 2.687006 0.000000
Q 0.000000 5.374012 0.000000
F 2.687006 8.061017 0.000000
W 2.687006 10.748023 2.687006
K 0.000000 10.748023 5.374012
N -2.687006 10.748023 2.687006
F 0.000000 10.748023 0.000000
Q 2.687006 13.435029 0.000000
T 5.374012 10.748023 0.000000


-2.000000	a38125340
10

Q 0.000000 0.000000 0.000000
Y 2.687006 2.687006 0.000000
Q 5.374012 2.687006 2.687006
F 5.374012 5.374012 0.000000
W 8.061017 5.374012 -2.687006
K 8.061017 8.061017 0.000000
N 5.374012 10.748023 0.000000
F 5.374012 8.061017 -2.687006
Q 5.374012 10.748023 -5.374012
T 2.687006 10.748023 -8.061017


-2.000000	705ab2000
10

Q 0.000000 0.000000 0.000000
Y 2.687006 2.687006 0.000000
Q 5.374012 5.374012 0.000000
F 8.061017 8.061017 0.000000
W 8.061017 10.748023 2.687006
K 5.374012 10.748023 5.374012
N 2.687006 10.748023 2.687006
F 5.374012 10.748023 0.000000
Q 8.061017 13.435029 0.000000
T 10.748023 10.748023 0.000000


-2.000000	816b03110
10

Q 0.000000 0.000000 0.000000
Y 2.687006 2.687006 0.000000
Q 0.000000 5.374012 0.000000
F -2.687006 8.061017 0.000000
W -2.687006 10.748023 -2.687006
K 0.000000 13.435029 -2.687006
N -2.687006 13.435029 0.000000
F -5.374012 10.748023 0.000000
Q -8.061017 13.435029 0.000000
T -8.061017 10.748023 -2.687006


-2.000000	816b03100
10

Q 0.000000 0.000000 0.000000
Y 2.687006 2.687006 0.000000
Q 5.374012 5.374012 0.000000
F 2.687006 8.061017 0.000000
W 2.687006 10.748023 -2.687006
K 5.374012 13.435029 -2.687006
N 2.687006 13.435029 0.000000
F 0.000000 10.748023 0.000000
Q -2.687006 13.435029 0.000000
T -2.687006 10.748023 -2.687006


-2.000000	05a347540
10

Q 0.000000 0.000000 0.000000
Y 2.687006 2.687006 0.000000
Q 5.374012 2.687006 2.687006
F 8.061017 2.687006 0.000000
W 10.748023 0.000000 0.000000
K 13.435029 0.000000 2.687006
N 13.435029 2.687006 0.000000
F 10.748023 2.687006 -2.687006
Q 13.435029 2.687006 -5.374012
T 16.122035 5.374012 -5.374012


-2.000000	6b49a1ba0
10

Q 0.000000 0.000000 0.000000
Y 2.687006 2.687006 0.000000
Q 0.000000 2.687006 -2.687006
F -2.687006 2.687006 0.000000
W -5.374012 5.374012 0.000000
K -8.061017 5.374012 -2.687006
N -8.061017 2.687006 0.000000
F -5.374012 2.687006 2.687006
Q -8.061017 2.687006 5.374012
T -10.748023 0.000000 5.374012


-2.000000	a38125310
10

Q 0.000000 0.000000 0.000000
Y 2.687006 2.687006 0.000000
Q 0.000000 5.374012 0.000000
F 0.000000 8.061017 -2.687006
W 2.687006 8.061017 -5.374012
K 2.687006 10.748023 -2.687006
N 0.000000 13.435029 -2.687006
F 0.000000 10.748023 -5.374012
Q 0.000000 13.435029 -8.061017
T -2.687006 13.435029 -10.748023


-2.000000	16b458640
10

Q 0.000000 0.000000 0.000000
Y 2.687006 2.687006 0.000000
Q 5.374012 2.687006 2.687006
F 2.687006 0.000000 2.687006
W 2.687006 -2.687006 0.000000
K 5.374012 -2.687006 -2.687006
N 8.061017 -2.687006 0.000000
F 5.374012 -2.687006 2.687006
Q 2.687006 -5.374012 2.687006
T 0.000000 -2.687006 2.687006


-2.000000	705ab20a0
10

Q 0.000000 0.000000 0.000000
Y 2.687006 2.687006 0.000000
Q 0.000000 2.687006 -2.687006
F 2.687006 5.374012 -2.687006
W 2.687006 8.061017 0.000000
K 0.000000 8.061017 2.687006
N -2.687006 8.061017 0.000000
F 0.000000 8.061017 -2.687006
Q 2.687006 10.748023 -2.687006
T 5.374012 8.061017 -2.687006


-2.000000	a38125300
10

Q 0.000000 0.000000 0.000000
Y 2.687006 2.687006 0.000000
Q 5.374012 5.374012 0.000000
F 5.374012 8.061017 -2.687006
W 8.061017 8.061017 -5.374012
K 8.061017 10.748023 -2.687006
N 5.374012 13.435029 -2.687006
F 5.374012 10.748023 -5.374012
Q 5.374012 13.435029 -8.061017
T 2.687006 13.435029 -10.748023


-2.000000	270569740
10

Q 0.000000 0.000000 0.000000
Y 2.687006 2.687006 0.000000
Q 5.374012 2.687006 2.687006
F 8.061017 0.000000 2.687006
W 8.061017 -2.687006 5.374012
K 5.374012 -5.374012 5.374012
N 8.061017 -5.374012 2.687006
F 10.748023 -2.687006 2.687006
Q 13.435029 -5.374012 2.687006
T 13.435029 -2.687006 5.374012


-2.000000	816b031a0
10

Q 0.000000 0.000000 0.000000
Y 2.687006 2.687006 0.000000
Q 0.000000 2.687006 -2.687006
F -2.687006 5.374012 -2.687006
W -2.687006 8.061017 -5.374012
K 0.000000 10.748023 -5.374012
N -2.687006 10.748023 -2.687006
F -5.374012 8.061017 -2.687006
Q -8.061017 10.748023 -2.687006
T -8.061017 8.061017 -5.374012


-2.000000	05a347510
10

Q 0.000000 0.000000 0.000000
Y 2.687006 2.687006 0.000000
Q 0.000000 5.374012 0.000000
F 2.687006 5.374012 -2.687006
W 5.374012 2.687006 -2.687006
K 8.061017 2.687006 0.000000
N 8.061017 5.374012 -2.687006
F 5.374012 5.374012 -5.374012
Q 8.061017 5.374012 -8.061017
T 10.748023 8.061017 -8.061017


-2.000000	05a347500
10

Q 0.000000 0.000000 0.000000
Y 2.687006 2.687006 0.000000
Q 5.374012 5.374012 0.000000
F 8.061017 5.374012 -2.687006
W 10.748023 2.687006 -2.687006
K 13.435029 2.687006 0.000000
N 13.435029 5.374012 -2.687006
F 10.748023 5.374012 -5.374012
Q 13.435029 5.374012 -8.061017
T 16.122035 8.061017 -8.061017


-2.000000	49278b940
10

Q 0.000000 0.000000 0.000000
Y 2.687006 2.687006 0.000000
Q 5.374012 2.687006 2.687006
F 5.374012 0.000000 5.374012
W 2.687006 0.000000 8.061017
K 2.687006 -2.687006 5.374012
N 5.374012 -5.374012 5.374012
F 5.374012 -2.687006 8.061017
Q 5.374012 -5.374012 10.748023
T 8.061017 -5.374012 13.435029


-2.000000	a381253a0
10

Q 0.000000 0.000000 0.000000
Y 2.687006 2.687006 0.000000
Q 0.000000 2.687006 -2.687006
F 0.000000 5.374012 -5.374012
W 2.687006 5.374012 -8.061017
K 2.687006 8.061017 -5.374012
N 0.000000 10.748023 -5.374012
F 0.000000 8.061017 -8.061017
Q 0.000000 10.748023 -10.748023
T -2.687006 10.748023 -13.435029


-2.000000	705ab2b40
10

Q 0.000000 0.000000 0.000000
Y 2.687006 2.687006 0.000000
Q 5.374012 2.687006 2.687006
F 2.687006 2.687006 5.374012
W 2.687006 5.374012 8.061017
K 0.000000 5.374012 10.748023
N -2.687006 5.374012 8.061017
F 0.000000 5.374012 5.374012
Q 2.687006 8.061017 5.374012
T 5.374012 5.374012 5.374012


-2.000000	16b4585a0
10

Q 0.000000 0.000000 0.000000
Y 2.687006 2.687006 0.000000
Q 0.000000 2.687006 -2.687006
F 2.687006 2.687006 -5.374012
W 2.687006 0.000000 -8.061017
K 5.374012 0.000000 -10.748023
N 8.061017 0.000000 -8.061017
F 5.374012 0.000000 -5.374012
Q 2.687006 -2.687006 -5.374012
T 0.000000 0.000000 -5.374012


-2.000000	816b03040
10

Q 0.000000 0.000000 0.000000
Y 2.687006 2.687006 0.000000
Q 5.374012 2.687006 2.687006
F 8.061017 5.374012 2.687006
W 8.061017 8.061017 0.000000
K 10.748023 10.748023 0.000000
N 8.061017 10.748023 2.687006
F 5.374012 8.061017 2.687006
Q 2.687006 10.748023 2.687006
T 2.687006 8.061017 0.000000


-2.000000	2705696a0
10

Q 0.000000 0.000000 0.000000
Y 2.687006 2.687006 0.000000
Q 0.000000 2.687006 -2.687006
F -2.687006 0.000000 -2.687006
W -2.687006 -2.687006 0.000000
K -5.374012 -5.374012 0.000000
N -2.687006 -5.374012 -2.687006
F 0.000000 -2.687006 -2.687006
Q 2.687006 -5.374012 -2.687006
T 2.687006 -2.687006 0.000000


-2.000000	5a3890900
10

Q 0.000000 0.000000 0.000000
Y 2.687006 2.687006 0.000000
Q 5.374012 5.374012 0.000000
F 5.374012 2.687006 2.687006
W 8.061017 5.374012 2.687006
K 8.061017 2.687006 5.374012
N 8.061017 0.000000 2.687006
F 8.061017 2.687006 0.000000
Q 5.374012 2.687006 -2.687006
T 8.061017 2.687006 -5.374012


-2.000000	6b49a1a10
10

Q 0.000000 0.000000 0.000000
Y 2.687006 2.687006 0.000000
Q 0.000000 5.374012 0.000000
F -2.687006 5.374012 -2.687006
W -5.374012 8.061017 -2.687006
K -8.061017 8.061017 -5.374012
N -8.061017 5.374012 -2.687006
F -5.374012 5.374012 0.000000
Q -8.061017 5.374012 2.687006
T -10.748023 2.687006 2.687006


-2.000000	6b49a1a00
10

Q 0.000000 0.000000 0.000000
Y 2.687006 2.687006 0.000000
Q 5.374012 5.374012 0.000000
F 2.687006 5.374012 -2.687006
W 0.000000 8.061017 -2.687006
K -2.687006 8.061017 -5.374012
N -2.687006 5.374012 -2.687006
F 0.000000 5.374012 0.000000
Q -2.687006 5.374012 2.687006
T -5.374012 2.687006 2.687006


-2.000000	705ab2b10
10

Q 0.000000 0.000000 0.000000
Y 2.687006 2.687006 0.000000
Q 0.000000 5.374012 0.000000
F -2.687006 5.374012 2.687006
W -2.687006 8.061017 5.374012
K -5.374012 8.061017 8.061017
N -8.061017 8.061017 5.374012
F -5.374012 8.061017 2.687006
Q -2.687006 10.748023 2.687006
T 0.000000 8.061017 2.687006


-2.000000	a38125240
10

Q 0.000000 0.000000 0.000000
Y 2.687006 2.687006 0.000000
Q 5.374012 2.687006 2.687006
F 5.374012 5.374012 5.374012
W 8.061017 5.374012 2.687006
K 8.061017 8.061017 5.374012
N 5.374012 10.748023 5.374012
F 5.374012 8.061017 2.687006
Q 5.374012 10.748023 0.000000
T 2.687006 10.748023 -2.687006


-2.000000	49278b8a0
10

Q 0.000000 0.000000 0.000000
Y 2.687006 2.687006 0.000000
Q 0.000000 2.687006 -2.687006
F 0.000000 0.000000 -5.374012
W -2.687006 0.000000 -2.687006
K -2.687006 -2.687006 -5.374012
N 0.000000 -5.374012 -5.374012
F 0.000000 -2.687006 -2.687006
Q 0.000000 -5.374012 0.000000
T 2.687006 -5.374012 2.687006


-2.000000	705ab2b00
10

Q 0.000000 0.000000 0.000000
Y 2.687006 2.687006 0.000000
Q 5.374012 5.374012 0.000000
F 2.687006 5.374012 2.687006
W 2.687006 8.061017 5.374012
K 0.000000 8.061017 8.061017
N -2.687006 8.061017 5.374012
F 0.000000 8.061017 2.687006
Q 2.687006 10.748023 2.687006
T 5.374012 8.061017 2.687006


-2.000000	816b03010
10

Q 0.000000 0.000000 0.000000
Y 2.687006 2.687006 0.000000
Q 0.000000 5.374012 0.000000
F 2.687006 8.061017 0.000000
W 2.687006 10.748023 -2.687006
K 5.374012 13.435029 -2.687006
N 2.687006 13.435029 0.000000
F 0.000000 10.748023 0.000000
Q -2.687006 13.435029 0.000000
T -2.687006 10.748023 -2.687006


-2.000000	816b03000
10

Q 0.000000 0.000000 0.000000
Y 2.687006 2.687006 0.000000
Q 5.374012 5.374012 0.000000
F 8.061017 8.061017 0.000000
W 8.061017 10.748023 -2.687006
K 10.748023 13.435029 -2.687006
N 8.061017 13.435029 0.000000
F 5.374012 10.748023 0.000000
Q 2.687006 13.435029 0.000000
T 2.687006 10.748023 -2.687006


-2.000000	05a347440
10

Q 0.000000 0.000000 0.000000
Y 2.687006 2.687006 0.000000
Q 5.374012 2.687006 2.687006
F 8.061017 2.687006 5.374012
W 10.748023 0.000000 5.374012
K 13.435029 0.000000 8.061017
N 13.435029 2.687006 5.374012
F 10.748023 2.687006 2.687006
Q 13.435029 2.687006 0.000000
T 16.122035 5.374012 0.000000


-2.000000	6b49a1aa0
10

Q 0.000000 0.000000 0.000000
Y 2.687006 2.687006 0.000000
Q 0.000000 2.687006 -2.687006
F -2.687006 2.687006 -5.374012
W -5.374012 5.374012 -5.374012
K -8.061017 5.374012 -8.061017
N -8.061017 2.687006 -5.374012
F -5.374012 2.687006 -2.687006
Q -8.061017 2.687006 0.000000
T -10.748023 0.000000 0.000000


-2.000000	a38125210
10

Q 0.000000 0.000000 0.000000
Y 2.687006 2.687006 0.000000
Q 0.000000 5.374012 0.000000
F 0.000000 8.061017 2.687006
W 2.687006 8.061017 0.000000
K 2.687006 10.748023 2.687006
N 0.000000 13.435029 2.687006
F 0.000000 10.748023 0.000000
Q 0.000000 13.435029 -2.687006
T -2.687006 13.435029 -5.374012


-2.000000	16b458540
10

Q 0.000000 0.000000 0.000000
Y 2.687006 2.687006 0.000000
Q 5.374012 2.687006 2.687006
F 8.061017 2.687006 0.000000
W 8.061017 0.000000 -2.687006
K 10.748023 0.000000 -5.374012
N 13.435029 0.000000 -2.687006
F 10.748023 0.000000 0.000000
Q 8.061017 -2.687006 0.000000
T 5.374012 0.000000 0.000000


-2.000000	705ab2ba0
10

Q 0.000000 0.000000 0.000000
Y 2.687006 2.687006 0.000000
Q 0.000000 2.687006 -2.687006
F -2.687006 2.687006 0.000000
W -2.687006 5.374012 2.687006
K -5.374012 5.374012 5.374012
N -8.061017 5.374012 2.687006
F -5.374012 5.374012 0.000000
Q -2.687006 8.061017 0.000000
T 0.000000 5.374012 0.000000


-2.000000	a38125200
10

Q 0.000000 0.000000 0.000000
Y 2.687006 2.687006 0.000000
Q 5.374012 5.374012 0.000000
F 5.374012 8.061017 2.687006
W 8.061017 8.061017 0.000000
K 8.061017 10.748023 2.687006
N 5.374012 13.435029 2.687006
F 5.374012 10.748023 0.000000
Q 5.374012 13.435029 -2.687006
T 2.687006 13.435029 -5.374012


-2.000000	b49236310
10

Q 0.000000 0.000000 0.000000
Y 2.687006 2.687006 0.000000
Q 0.000000 5.374012 0.000000
F 0.000000 8.061017 -2.687006
W -2.687006 5.374012 -2.687006
K -2.687006 8.061017 -5.374012
N -2.687006 10.748023 -2.687006
F -2.687006 8.061017 0.000000
Q 0.000000 8.061017 2.687006
T -2.687006 8.061017 5.374012


-2.000000	270569640
10

Q 0.000000 0.000000 0.000000
Y 2.687006 2.687006 0.000000
Q 5.374012 2.687006 2.687006
F 2.687006 0.000000 2.687006
W 2.687006 -2.687006 5.374012
K 0.000000 -5.374012 5.374012
N 2.687006 -5.374012 2.687006
F 5.374012 -2.687006 2.687006
Q 8.061017 -5.374012 2.687006
T 8.061017 -2.687006 5.374012


-2.000000	816b030a0
10

Q 0.000000 0.000000 0.000000
Y 2.687006 2.687006 0.000000
Q 0.000000 2.687006 -2.687006
F 2.687006 5.374012 -2.687006
W 2.687006 8.061017 -5.374012
K 5.374012 10.748023 -5.374012
N 2.687006 10.748023 -2.687006
F 0.000000 8.061017 -2.687006
Q -2.687006 10.748023 -2.687006
T -2.687006 8.061017 -5.374012


-2.000000	b49236300
10

Q 0.000000 0.000000 0.000000
Y 2.687006 2.687006 0.000000
Q 5.374012 5.374012 0.000000
F 5.374012 8.061017 -2.687006
W 2.687006 5.374012 -2.687006
K 2.687006 8.061017 -5.374012
N 2.687006 10.748023 -2.687006
F 2.687006 8.061017 0.000000
Q 5.374012 8.061017 2.687006
T 2.687006 8.061017 5.374012


-2.000000	05a347410
10

Q 0.000000 0.000000 0.000000
Y 2.687006 2.687006 0.000000
Q 0.000000 5.374012 0.000000
F 2.687006 5.374012 2.687006
W 5.374012 2.687006 2.687006
K 8.061017 2.687006 5.374012
N 8.061017 5.374012 2.687006
F 5.374012 5.374012 0.000000
Q 8.061017 5.374012 -2.687006
T 10.748023 8.061017 -2.687006


-2.000000	05a347400
10

Q 0.000000 0.000000 0.000000
Y 2.687006 2.687006 0.000000
Q 5.374012 5.374012 0.000000
F 8.061017 5.374012 2.687006
W 10.748023 2.687006 2.687006
K 13.435029 2.687006 5.374012
N 13.435029 5.374012 2.687006
F 10.748023 5.374012 0.000000
Q 13.435029 5.374012 -2.687006
T 16.122035 8.061017 -2.687006


-2.000000	16b458510
10

Q 0.000000 0.000000 0.000000
Y 2.687006 2.687006 0.000000
Q 0.000000 5.374012 0.000000
F 2.687006 5.374012 -2.687006
W 2.687006 2.687006 -5.374012
K 5.374012 2.687006 -8.061017
N 8.061017 2.687006 -5.374012
F 5.374012 2.687006 -2.687006
Q 2.687006 0.000000 -2.687006
T 0.000000 2.687006 -2.687006


-2.000000	49278b840
10

Q 0.000000 0.000000 0.000000
Y 2.687006 2.687006 0.000000
Q 5.374012 2.687006 2.687006
F 5.374012 0.000000 0.000000
W 2.687006 0.000000 2.687006
K 2.687006 -2.687006 0.000000
N 5.374012 -5.374012 0.000000
F 5.374012 -2.687006 2.687006
Q 5.374012 -5.374012 5.374012
T 8.061017 -5.374012 8.061017


-2.000000	a381252a0
10

Q 0.000000 0.000000 0.000000
Y 2.687006 2.687006 0.000000
Q 0.000000 2.687006 -2.687006
F 0.000000 5.374012 0.000000
W 2.687006 5.374012 -2.687006
K 2.687006 8.061017 0.000000
N 0.000000 10.748023 0.000000
F 0.000000 8.061017 -2.687006
Q 0.000000 10.748023 -5.374012
T -2.687006 10.748023 -8.061017


-2.000000	16b458500
10

Q 0.000000 0.000000 0.000000
Y 2.687006 2.687006 0.000000
Q 5.374012 5.374012 0.000000
F 8.061017 5.374012 -2.687006
W 8.061017 2.687006 -5.374012
K 10.748023 2.687006 -8.061017
N 13.435029 2.687006 -5.374012
F 10.748023 2.687006 -2.687006
Q 8.061017 0.000000 -2.687006
T 5.374012 2.687006 -2.687006


-2.000000	5a3890940
10

Q 0.000000 0.000000 0.000000
Y 2.687006 2.687006 0.000000
Q 5.374012 2.687006 2.687006
F 5.374012 0.000000 5.374012
W 8.061017 2.687006 5.374012
K 8.061017 0.000000 8.061017
N 8.061017 -2.687006 5.374012
F 8.061017 0.000000 2.687006
Q 5.374012 0.000000 0.000000
T 8.061017 0.000000 -2.687006


-2.000000	b492363a0
10

Q 0.000000 0.000000 0.000000
Y 2.687006 2.687006 0.000000
Q 0.000000 2.687006 -2.687006
F 0.000000 5.374012 -5.374012
W -2.687006 2.687006 -5.374012
K -2.687006 5.374012 -8.061017
N -2.687006 8.061017 -5.374012
F -2.687006 5.374012 -2.687006
Q 0.000000 5.374012 0.000000
T -2.687006 5.374012 2.687006


-2.000000	49278b700
10

Q 0.000000 0.000000 0.000000
Y 2.687006 2.687006 0.000000
Q 5.374012 5.374012 0.000000
F 8.061017 2.687006 0.000000
W 5.374012 2.687006 2.687006
K 5.374012 0.000000 0.000000
N 8.061017 -2.687006 0.000000
F 8.061017 0.000000 2.687006
Q 8.061017 -2.687006 5.374012
T 10.748023 -2.687006 8.061017


-2.000000	816b03b40
10

Q 0.000000 0.000000 0.000000
Y 2.687006 2.687006 0.000000
Q 5.374012 2.687006 2.687006
F 2.687006 2.687006 5.374012
W 2.687006 5.374012 2.687006
K 5.374012 8.061017 2.687006
N 2.687006 8.061017 5.374012
F 0.000000 5.374012 5.374012
Q -2.687006 8.061017 5.374012
T -2.687006 5.374012 2.687006


-2.000000	2705695a0
10

Q 0.000000 0.000000 0.000000
Y 2.687006 2.687006 0.000000
Q 0.000000 2.687006 -2.687006
F 2.687006 2.687006 -5.374012
W 2.687006 0.000000 -2.687006
K 0.000000 -2.687006 -2.687006
N 2.687006 -2.687006 -5.374012
F 5.374012 0.000000 -5.374012
Q 8.061017 -2.687006 -5.374012
T 8.061017 0.000000 -2.687006


-2.000000	5a3890800
10

Q 0.000000 0.000000 0.000000
Y 2.687006 2.687006 0.000000
Q 5.374012 5.374012 0.000000
F 5.374012 2.687006 -2.687006
W 8.061017 5.374012 -2.687006
K 8.061017 2.687006 0.000000
N 8.061017 0.000000 -2.687006
F 8.061017 2.687006 -5.374012
Q 5.374012 2.687006 -8.061017
T 8.061017 2.687006 -10.748023


-2.000000	6b49a1910
10

Q 0.000000 0.000000 0.000000
Y 2.687006 2.687006 0.000000
Q 0.000000 5.374012 0.000000
F 0.000000 2.687006 2.687006
W -2.687006 5.374012 2.687006
K -5.374012 5.374012 0.000000
N -5.374012 2.687006 2.687006
F -2.687006 2.687006 5.374012
Q -5.374012 2.687006 8.061017
T -8.061017 0.000000 8.061017


-2.000000	6b49a1900
10

Q 0.000000 0.000000 0.000000
Y 2.687006 2.687006 0.000000
Q 5.374012 5.374012 0.000000
F 5.374012 2.687006 2.687006
W 2.687006 5.374012 2.687006
K 0.000000 5.374012 0.000000
N 0.000000 2.687006 2.687006
F 2.687006 2.687006 5.374012
Q 0.000000 2.687006 8.061017
T -2.687006 0.000000 8.061017


-2.000000	705ab2a10
10

Q 0.000000 0.000000 0.000000
Y 2.687006 2.687006 0.000000
Q 0.000000 5.374012 0.000000
F -2.687006 5.374012 -2.687006
W -2.687006 8.061017 0.000000
K -5.374012 8.061017 2.687006
N -8.061017 8.061017 0.000000
F -5.374012 8.061017 -2.687006
Q -2.687006 10.748023 -2.687006
T 0.000000 8.061017 -2.687006


-2.000000	a38125140
10

Q 0.000000 0.000000 0.000000
Y 2.687006 2.687006 0.000000
Q 5.374012 2.687006 2.687006
F 2.687006 5.374012 2.687006
W 5.374012 5.374012 0.000000
K 5.374012 8.061017 2.687006
N 2.687006 10.748023 2.687006
F 2.687006 8.061017 0.000000
Q 2.687006 10.748023 -2.687006
T 0.000000 10.748023 -5.374012


-2.000000	705ab2a00
10

Q 0.000000 0.000000 0.000000
Y 2.687006 2.687006 0.000000
Q 5.374012 5.374012 0.000000
F 2.687006 5.374012 -2.687006
W 2.687006 8.061017 0.000000
K 0.000000 8.061017 2.687006
N -2.687006 8.061017 0.000000
F 0.000000 8.061017 -2.687006
Q 2.687006 10.748023 -2.687006
T 5.374012 8.061017 -2.687006


-2.000000	816b03b10
10

Q 0.000000 0.000000 0.000000
Y 2.687006 2.687006 0.000000
Q 0.000000 5.374012 0.000000
F -2.687006 5.374012 2.687006
W -2.687006 8.061017 0.000000
K 0.000000 10.748023 0.000000
N -2.687006 10.748023 2.687006
F -5.374012 8.061017 2.687006
Q -8.061017 10.748023 2.687006
T -8.061017 8.061017 0.000000


-2.000000	b49236240
10

Q 0.000000 0.000000 0.000000
Y 2.687006 2.687006 0.000000
Q 5.374012 2.687006 2.687006
F 5.374012 5.374012 5.374012
W 2.687006 2.687006 5.374012
K 2.687006 5.374012 2.687006
N 2.687006 8.061017 5.374012
F 2.687006 5.374012 8.061017
Q 5.374012 5.374012 10.748023
T 2.687006 5.374012 13.435029


-2.000000	5a38908a0
10

Q 0.000000 0.000000 0.000000
Y 2.687006 2.687006 0.000000
Q 0.000000 2.687006 -2.687006
F 0.000000 0.000000 -5.374012
W 2.687006 2.687006 -5.374012
K 2.687006 0.000000 -2.687006
N 2.687006 -2.687006 -5.374012
F 2.687006 0.000000 -8.061017
Q 0.000000 0.000000 -10.748023
T 2.687006 0.000000 -13.435029


-2.000000	816b03b00
10

Q 0.000000 0.000000 0.000000
Y 2.687006 2.687006 0.000000
Q 5.374012 5.374012 0.000000
F 2.687006 5.374012 2.687006
W 2.687006 8.061017 0.000000
K 5.374012 10.748023 0.000000
N 2.687006 10.748023 2.687006
F 0.000000 8.061017 2.687006
Q -2.687006 10.748023 2.687006
T -2.687006 8.061017 0.000000


-2.000000	05a347340
10

Q 0.000000 0.000000 0.000000
Y 2.687006 2.687006 0.000000
Q 5.374012 2.687006 2.687006
F 5.374012 5.374012 0.000000
W 8.061017 2.687006 0.000000
K 10.748023 2.687006 2.687006
N 10.748023 5.374012 0.000000
F 8.061017 5.374012 -2.687006
Q 10.748023 5.374012 -5.374012
T 13.435029 8.061017 -5.374012


-2.000000	a38125110
10

Q 0.000000 0.000000 0.000000
Y 2.687006 2.687006 0.000000
Q 0.000000 5.374012 0.000000
F -2.687006 8.061017 0.000000
W 0.000000 8.061017 -2.687006
K 0.000000 10.748023 0.000000
N -2.687006 13.435029 0.000000
F -2.687006 10.748023 -2.687006
Q -2.687006 13.435029 -5.374012
T -5.374012 13.435029 -8.061017


-2.000000	16b458440
10

Q 0.000000 0.000000 0.000000
Y 2.687006 2.687006 0.000000
Q 5.374012 2.687006 2.687006
F 8.061017 2.687006 5.374012
W 8.061017 0.000000 2.687006
K 10.748023 0.000000 0.000000
N 13.435029 0.000000 2.687006
F 10.748023 0.000000 5.374012
Q 8.061017 -2.687006 5.374012
T 5.374012 0.000000 5.374012


-2.000000	705ab2aa0
10

Q 0.000000 0.000000 0.000000
Y 2.687006 2.687006 0.000000
Q 0.000000 2.687006 -2.687006
F -2.687006 2.687006 -5.374012
W -2.687006 5.374012 -2.687006
K -5.374012 5.374012 0.000000
N -8.061017 5.374012 -2.687006
F -5.374012 5.374012 -5.374012
Q -2.687006 8.061017 -5.374012
T 0.000000 5.374012 -5.374012


-2.000000	a38125100
10

Q 0.000000 0.000000 0.000000
Y 2.687006 2.687006 0.000000
Q 5.374012 5.374012 0.000000
F 2.687006 8.061017 0.000000
W 5.374012 8.061017 -2.687006
K 5.374012 10.748023 0.000000
N 2.687006 13.435029 0.000000
F 2.687006 10.748023 -2.687006
Q 2.687006 13.435029 -5.374012
T 0.000000 13.435029 -8.061017


-2.000000	b49236210
10

Q 0.000000 0.000000 0.000000
Y 2.687006 2.687006 0.000000
Q 0.000000 5.374012 0.000000
F 0.000000 8.061017 2.687006
W -2.687006 5.374012 2.687006
K -2.687006 8.061017 0.000000
N -2.687006 10.748023 2.687006
F -2.687006 8.061017 5.374012
Q 0.000000 8.061017 8.061017
T -2.687006 8.061017 10.748023


-2.000000	270569540
10

Q 0.000000 0.000000 0.000000
Y 2.687006 2.687006 0.000000
Q 5.374012 2.687006 2.687006
F 8.061017 2.687006 0.000000
W 8.061017 0.000000 2.687006
K 5.374012 -2.687006 2.687006
N 8.061017 -2.687006 0.000000
F 10.748023 0.000000 0.000000
Q 13.435029 -2.687006 0.000000
T 13.435029 0.000000 2.687006


-2.000000	816b03ba0
10

Q 0.000000 0.000000 0.000000
Y 2.687006 2.687006 0.000000
Q 0.000000 2.687006 -2.687006
F -2.687006 2.687006 0.000000
W -2.687006 5.374012 -2.687006
K 0.000000 8.061017 -2.687006
N -2.687006 8.061017 0.000000
F -5.374012 5.374012 0.000000
Q -8.061017 8.061017 0.000000
T -8.061017 5.374012 -2.687006


-2.000000	b49236200
10

Q 0.000000 0.000000 0.000000
Y 2.687006 2.687006 0.000000
Q 5.374012 5.374012 0.000000
F 5.374012 8.061017 2.687006
W 2.687006 5.374012 2.687006
K 2.687006 8.061017 0.000000
N 2.687006 10.748023 2.687006
F 2.687006 8.061017 5.374012
Q 5.374012 8.061017 8.061017
T 2.687006 8.061017 10.748023


-2.000000	05a347310
10

Q 0.000000 0.000000 0.000000
Y 2.687006 2.687006 0.000000
Q 0.000000 5.374012 0.000000
F 0.000000 8.061017 -2.687006
W 2.687006 5.374012 -2.687006
K 5.374012 5.374012 0.000000
N 5.374012 8.061017 -2.687006
F 2.687006 8.061017 -5.374012
Q 5.374012 8.061017 -8.061017
T 8.061017 10.748023 -8.061017


-2.000000	05a347300
10

Q 0.000000 0.000000 0.000000
Y 2.687006 2.687006 0.000000
Q 5.374012 5.374012 0.000000
F 5.374012 8.061017 -2.687006
W 8.061017 5.374012 -2.687006
K 10.748023 5.374012 0.000000
N 10.748023 8.061017 -2.687006
F 8.061017 8.061017 -5.374012
Q 10.748023 8.061017 -8.061017
T 13.435029 10.748023 -8.061017


-2.000000	49278b740
10

Q 0.000000 0.000000 0.000000
Y 2.687006 2.687006 0.000000
Q 5.374012 2.687006 2.687006
F 8.061017 0.000000 2.687006
W 5.374012 0.000000 5.374012
K 5.374012 -2.687006 2.687006
N 8.061017 -5.374012 2.687006
F 8.061017 -2.687006 5.374012
Q 8.061017 -5.374012 8.061017
T 10.748023 -5.374012 10.748023


-2.000000	a381251a0
10

Q 0.000000 0.000000 0.000000
Y 2.687006 2.687006 0.000000
Q 0.000000 2.687006 -2.687006
F -2.687006 5.374012 -2.687006
W 0.000000 5.374012 -5.374012
K 0.000000 8.061017 -2.687006
N -2.687006 10.748023 -2.687006
F -2.687006 8.061017 -5.374012
Q -2.687006 10.748023 -8.061017
T -5.374012 10.748023 -10.748023


-2.000000	16b458400
10

Q 0.000000 0.000000 0.000000
Y 2.687006 2.687006 0.000000
Q 5.374012 5.374012 0.000000
F 8.061017 5.374012 2.687006
W 8.061017 2.687006 0.000000
K 10.748023 2.687006 -2.687006
N 13.435029 2.687006 0.000000
F 10.748023 2.687006 2.687006
Q 8.061017 0.000000 2.687006
T 5.374012 2.687006 2.687006


-2.000000	5a3890840
10

Q 0.000000 0.000000 0.000000
Y 2.687006 2.687006 0.000000
Q 5.374012 2.687006 2.687006
F 5.374012 0.000000 0.000000
W 8.061017 2.687006 0.000000
K 8.061017 0.000000 2.687006
N 8.061017 -2.687006 0.000000
F 8.061017 0.000000 -2.687006
Q 5.374012 0.000000 -5.374012
T 8.061017 0.000000 -8.061017


-2.000000	b492362a0
10

Q 0.000000 0.000000 0.000000
Y 2.687006 2.687006 0.000000
Q 0.000000 2.687006 -2.687006
F 0.000000 5.374012 0.000000
W -2.687006 2.687006 0.000000
K -2.687006 5.374012 -2.687006
N -2.687006 8.061017 0.000000
F -2.687006 5.374012 2.687006
Q 0.000000 5.374012 5.374012
T -2.687006 5.374012 8.061017


-2.000000	270569500
10

Q 0.000000 0.000000 0.000000
Y 2.687006 2.687006 0.000000
Q 5.374012 5.374012 0.000000
F 8.061017 5.374012 -2.687006
W 8.061017 2.687006 0.000000
K 5.374012 0.000000 0.000000
N 8.061017 0.000000 -2.687006
F 10.748023 2.687006 -2.687006
Q 13.435029 0.000000 -2.687006
T 13.435029 2.687006 0.000000


-2.000000	6b49a1940
10

Q 0.000000 0.000000 0.000000
Y 2.687006 2.687006 0.000000
Q 5.374012 2.687006 2.687006
F 5.374012 0.000000 5.374012
W 2.687006 2.687006 5.374012
K 0.000000 2.687006 2.687006
N 0.000000 0.000000 5.374012
F 2.687006 0.000000 8.061017
Q 0.000000 0.000000 10.748023
T -2.687006 -2.687006 10.748023


-2.000000	05a3473a0
10

Q 0.000000 0.000000 0.000000
Y 2.687006 2.687006 0.000000
Q 0.000000 2.687006 -2.687006
F 0.000000 5.374012 -5.374012
W 2.687006 2.687006 -5.374012
K 5.374012 2.687006 -2.687006
N 5.374012 5.374012 -5.374012
F 2.687006 5.374012 -8.061017
Q 5.374012 5.374012 -10.748023
T 8.061017 8.061017 -10.748023


-2.000000	5a3890700
10

Q 0.000000 0.000000 0.000000
Y 2.687006 2.687006 0.000000
Q 5.374012 5.374012 0.000000
F 8.061017 2.687006 0.000000
W 10.748023 5.374012 0.000000
K 10.748023 2.687006 2.687006
N 10.748023 0.000000 0.000000
F 10.748023 2.687006 -2.687006
Q 8.061017 2.687006 -5.374012
T 10.748023 2.687006 -8.061017


-2.000000	6b49a1810
10

Q 0.000000 0.000000 0.000000
Y 2.687006 2.687006 0.000000
Q 0.000000 5.374012 0.000000
F 0.000000 2.687006 -2.687006
W -2.687006 5.374012 -2.687006
K -5.374012 5.374012 -5.374012
N -5.374012 2.687006 -2.687006
F -2.687006 2.687006 0.000000
Q -5.374012 2.687006 2.687006
T -8.061017 0.000000 2.687006


-2.000000	705ab2910
10

Q 0.000000 0.000000 0.000000
Y 2.687006 2.687006 0.000000
Q 0.000000 5.374012 0.000000
F 0.000000 2.687006 2.687006
W 0.000000 5.374012 5.374012
K -2.687006 5.374012 8.061017
N -5.374012 5.374012 5.374012
F -2.687006 5.374012 2.687006
Q 0.000000 8.061017 2.687006
T 2.687006 5.374012 2.687006


-2.000000	a38125040
10

Q 0.000000 0.000000 0.000000
Y 2.687006 2.687006 0.000000
Q 5.374012 2.687006 2.687006
F 8.061017 5.374012 2.687006
W 10.748023 5.374012 0.000000
K 10.748023 8.061017 2.687006
N 8.061017 10.748023 2.687006
F 8.061017 8.061017 0.000000
Q 8.061017 10.748023 -2.687006
T 5.374012 10.748023 -5.374012


-2.000000	49278b6a0
10

Q 0.000000 0.000000 0.000000
Y 2.687006 2.687006 0.000000
Q 0.000000 2.687006 -2.687006
F -2.687006 0.000000 -2.687006
W -5.374012 0.000000 0.000000
K -5.374012 -2.687006 -2.687006
N -2.687006 -5.374012 -2.687006
F -2.687006 -2.687006 0.000000
Q -2.687006 -5.374012 2.687006
T 0.000000 -5.374012 5.374012


-2.000000	705ab2900
10

Q 0.000000 0.000000 0.000000
Y 2.687006 2.687006 0.000000
Q 5.374012 5.374012 0.000000
F 5.374012 2.687006 2.687006
W 5.374012 5.374012 5.374012
K 2.687006 5.374012 8.061017
N 0.000000 5.374012 5.374012
F 2.687006 5.374012 2.687006
Q 5.374012 8.061017 2.687006
T 8.061017 5.374012 2.687006


-2.000000	816b03a10
10

Q 0.000000 0.000000 0.000000
Y 2.687006 2.687006 0.000000
Q 0.000000 5.374012 0.000000
F -2.687006 5.374012 -2.687006
W -2.687006 8.061017 -5.374012
K 0.000000 10.748023 -5.374012
N -2.687006 10.748023 -2.687006
F -5.374012 8.061017 -2.687006
Q -8.061017 10.748023 -2.687006
T -8.061017 8.061017 -5.374012


-2.000000	b49236140
10

Q 0.000000 0.000000 0.000000
Y 2.687006 2.687006 0.000000
Q 5.374012 2.687006 2.687006
F 2.687006 5.374012 2.687006
W 0.000000 2.687006 2.687006
K 0.000000 5.374012 0.000000
N 0.000000 8.061017 2.687006
F 0.000000 5.374012 5.374012
Q 2.687006 5.374012 8.061017
T 0.000000 5.374012 10.748023


-2.000000	5a38907a0
10

Q 0.000000 0.000000 0.000000
Y 2.687006 2.687006 0.000000
Q 0.000000 2.687006 -2.687006
F 2.687006 0.000000 -2.687006
W 5.374012 2.687006 -2.687006
K 5.374012 0.000000 0.000000
N 5.374012 -2.687006 -2.687006
F 5.374012 0.000000 -5.374012
Q 2.687006 0.000000 -8.061017
T 5.374012 0.000000 -10.748023


-2.000000	816b03a00
10

Q 0.000000 0.000000 0.000000
Y 2.687006 2.687006 0.000000
Q 5.374012 5.374012 0.000000
F 2.687006 5.374012 -2.687006
W 2.687006 8.061017 -5.374012
K 5.374012 10.748023 -5.374012
N 2.687006 10.748023 -2.687006
F 0.000000 8.061017 -2.687006
Q -2.687006 10.748023 -2.687006
T -2.687006 8.061017 -5.374012


-2.000000	05a347240
10

Q 0.000000 0.000000 0.000000
Y 2.687006 2.687006 0.000000
Q 5.374012 2.687006 2.687006
F 5.374012 5.374012 5.374012
W 8.061017 2.687006 5.374012
K 10.748023 2.687006 8.061017
N 10.748023 5.374012 5.374012
F 8.061017 5.374012 2.687006
Q 10.748023 5.374012 0.000000
T 13.435029 8.061017 0.000000


-2.000000	6b49a18a0
10

Q 0.000000 0.000000 0.000000
Y 2.687006 2.687006 0.000000
Q 0.000000 2.687006 -2.687006
F 0.000000 0.000000 -5.374012
W -2.687006 2.687006 -5.374012
K -5.374012 2.687006 -8.061017
N -5.374012 0.000000 -5.374012
F -2.687006 0.000000 -2.687006
Q -5.374012 0.000000 0.000000
T -8.061017 -2.687006 0.000000


-2.000000	a38125010
10

Q 0.000000 0.000000 0.000000
Y 2.687006 2.687006 0.000000
Q 0.000000 5.374012 0.000000
F 2.687006 8.061017 0.000000
W 5.374012 8.061017 -2.687006
K 5.374012 10.748023 0.000000
N 2.687006 13.435029 0.000000
F 2.687006 10.748023 -2.687006
Q 2.687006 13.435029 -5.374012
T 0.000000 13.435029 -8.061017


-2.000000	a38125000
10

Q 0.000000 0.000000 0.000000
Y 2.687006 2.687006 0.000000
Q 5.374012 5.374012 0.000000
F 8.061017 8.061017 0.000000
W 10.748023 8.061017 -2.687006
K 10.748023 10.748023 0.000000
N 8.061017 13.435029 0.000000
F 8.061017 10.748023 -2.687006
Q 8.061017 13.435029 -5.374012
T 5.374012 13.435029 -8.061017


-2.000000	b49236110
10

Q 0.000000 0.000000 0.000000
Y 2.687006 2.687006 0.000000
Q 0.000000 5.374012 0.000000
F -2.687006 8.061017 0.000000
W -5.374012 5.374012 0.000000
K -5.374012 8.061017 -2.687006
N -5.374012 10.748023 0.000000
F -5.374012 8.061017 2.687006
Q -2.687006 8.061017 5.374012
T -5.374012 8.061017 8.061017


-2.000000	270569440
10

Q 0.000000 0.000000 0.000000
Y 2.687006 2.687006 0.000000
Q 5.374012 2.687006 2.687006
F 8.061017 2.687006 5.374012
W 8.061017 0.000000 8.061017
K 5.374012 -2.687006 8.061017
N 8.061017 -2.687006 5.374012
F 10.748023 0.000000 5.374012
Q 13.435029 -2.687006 5.374012
T 13.435029 0.000000 8.061017


-2.000000	816b03aa0
10

Q 0.000000 0.000000 0.000000
Y 2.687006 2.687006 0.000000
Q 0.000000 2.687006 -2.687006
F -2.687006 2.687006 -5.374012
W -2.687006 5.374012 -8.061017
K 0.000000 8.061017 -8.061017
N -2.687006 8.061017 -5.374012
F -5.374012 5.374012 -5.374012
Q -8.061017 8.061017 -5.374012
T -8.061017 5.374012 -8.061017


-2.000000	b49236100
10

Q 0.000000 0.000000 0.000000
Y 2.687006 2.687006 0.000000
Q 5.374012 5.374012 0.000000
F 2.687006 8.061017 0.000000
W 0.000000 5.374012 0.000000
K 0.000000 8.061017 -2.687006
N 0.000000 10.748023 0.000000
F 0.000000 8.061017 2.687006
Q 2.687006 8.061017 5.374012
T 0.000000 8.061017 8.061017


-2.000000	05a347210
10

Q 0.000000 0.000000 0.000000
Y 2.687006 2.687006 0.000000
Q 0.000000 5.374012 0.000000
F 0.000000 8.061017 2.687006
W 2.687006 5.374012 2.687006
K 5.374012 5.374012 5.374012
N 5.374012 8.061017 2.687006
F 2.687006 8.061017 0.000000
Q 5.374012 8.061017 -2.687006
T 8.061017 10.748023 -2.687006


-2.000000	05a347200
10

Q 0.000000 0.000000 0.000000
Y 2.687006 2.687006 0.000000
Q 5.374012 5.374012 0.000000
F 5.374012 8.061017 2.687006
W 8.061017 5.374012 2.687006
K 10.748023 5.374012 5.374012
N 10.748023 8.061017 2.687006
F 8.061017 8.061017 0.000000
Q 10.748023 8.061017 -2.687006
T 13.435029 10.748023 -2.687006


-2.000000	16b458310
10

Q 0.000000 0.000000 0.000000
Y 2.687006 2.687006 0.000000
Q 0.000000 5.374012 0.000000
F 0.000000 8.061017 -2.687006
W 0.000000 5.374012 -5.374012
K 2.687006 5.374012 -8.061017
N 5.374012 5.374012 -5.374012
F 2.687006 5.374012 -2.687006
Q 0.000000 2.687006 -2.687006
T -2.687006 5.374012 -2.687006


-2.000000	49278b640
10

Q 0.000000 0.000000 0.000000
Y 2.687006 2.687006 0.000000
Q 5.374012 2.687006 2.687006
F 2.687006 0.000000 2.687006
W 0.000000 0.000000 5.374012
K 0.000000 -2.687006 2.687006
N 2.687006 -5.374012 2.687006
F 2.687006 -2.687006 5.374012
Q 2.687006 -5.374012 8.061017
T 5.374012 -5.374012 10.748023


-2.000000	a381250a0
10

Q 0.000000 0.000000 0.000000
Y 2.687006 2.687006 0.000000
Q 0.000000 2.687006 -2.687006
F 2.687006 5.374012 -2.687006
W 5.374012 5.374012 -5.374012
K 5.374012 8.061017 -2.687006
N 2.687006 10.748023 -2.687006
F 2.687006 8.061017 -5.374012
Q 2.687006 10.748023 -8.061017
T 0.000000 10.748023 -10.748023


-2.000000	16b458300
10

Q 0.000000 0.000000 0.000000
Y 2.687006 2.687006 0.000000
Q 5.374012 5.374012 0.000000
F 5.374012 8.061017 -2.687006
W 5.374012 5.374012 -5.374012
K 8.061017 5.374012 -8.061017
N 10.748023 5.374012 -5.374012
F 8.061017 5.374012 -2.687006
Q 5.374012 2.687006 -2.687006
T 2.687006 5.374012 -2.687006


-2.000000	270569410
10

Q 0.000000 0.000000 0.000000
Y 2.687006 2.687006 0.000000
Q 0.000000 5.374012 0.000000
F 2.687006 5.374012 2.687006
W 2.687006 2.687006 5.374012
K 0.000000 0.000000 5.374012
N 2.687006 0.000000 2.687006
F 5.374012 2.687006 2.687006
Q 8.061017 0.000000 2.687006
T 8.061017 2.687006 5.374012


-2.000000	5a3890740
10

Q 0.000000 0.000000 0.000000
Y 2.687006 2.687006 0.000000
Q 5.374012 2.687006 2.687006
F 8.061017 0.000000 2.687006
W 10.748023 2.687006 2.687006
K 10.748023 0.000000 5.374012
N 10.748023 -2.687006 2.687006
F 10.748023 0.000000 0.000000
Q 8.061017 0.000000 -2.687006
T 10.748023 0.000000 -5.374012


-2.000000	b492361a0
10

Q 0.000000 0.000000 0.000000
Y 2.687006 2.687006 0.000000
Q 0.000000 2.687006 -2.687006
F -2.687006 5.374012 -2.687006
W -5.374012 2.687006 -2.687006
K -5.374012 5.374012 -5.374012
N -5.374012 8.061017 -2.687006
F -5.374012 5.374012 0.000000
Q -2.687006 5.374012 2.687006
T -5.374012 5.374012 5.374012


-2.000000	270569400
10

Q 0.000000 0.000000 0.000000
Y 2.687006 2.687006 0.000000
Q 5.374012 5.374012 0.000000
F 8.061017 5.374012 2.687006
W 8.061017 2.687006 5.374012
K 5.374012 0.000000 5.374012
N 8.061017 0.000000 2.687006
F 10.748023 2.687006 2.687006
Q 13.435029 0.000000 2.687006
T 13.435029 2.687006 5.374012


-2.000000	49278b610
10

Q 0.000000 0.000000 0.000000
Y 2.687006 2.687006 0.000000
Q 0.000000 5.374012 0.000000
F -2.687006 2.687006 0.000000
W -5.374012 2.687006 2.687006
K -5.374012 0.000000 0.000000
N -2.687006 -2.687006 0.000000
F -2.687006 0.000000 2.687006
Q -2.687006 -2.687006 5.374012
T 0.000000 -2.687006 8.061017


-2.000000	705ab2940
10

Q 0.000000 0.000000 0.000000
Y 2.687006 2.687006 0.000000
Q 5.374012 2.687006 2.687006
F 5.374012 0.000000 5.374012
W 5.374012 2.687006 8.061017
K 2.687006 2.687006 10.748023
N 0.000000 2.687006 8.061017
F 2.687006 2.687006 5.374012
Q 5.374012 5.374012 5.374012
T 8.061017 2.687006 5.374012


-2.000000	16b4583a0
10

Q 0.000000 0.000000 0.000000
Y 2.687006 2.687006 0.000000
Q 0.000000 2.687006 -2.687006
F 0.000000 5.374012 -5.374012
W 0.000000 2.687006 -8.061017
K 2.687006 2.687006 -10.748023
N 5.374012 2.687006 -8.061017
F 2.687006 2.687006 -5.374012
Q 0.000000 0.000000 -5.374012
T -2.687006 2.687006 -5.374012


-2.000000	a38124910
10

Q 0.000000 0.000000 0.000000
Y 2.687006 2.687006 0.000000
Q 0.000000 5.374012 0.000000
F 0.000000 2.687006 2.687006
W 2.687006 2.687006 5.374012
K 2.687006 5.374012 8.061017
N 0.000000 8.061017 8.061017
F 0.000000 5.374012 5.374012
Q 0.000000 8.061017 2.687006
T -2.687006 8.061017 0.000000


-2.000000	a38124900
10

Q 0.000000 0.000000 0.000000
Y 2.687006 2.687006 0.000000
Q 5.374012 5.374012 0.000000
F 5.374012 2.687006 2.687006
W 8.061017 2.687006 5.374012
K 8.061017 5.374012 8.061017
N 5.374012 8.061017 8.061017
F 5.374012 5.374012 5.374012
Q 5.374012 8.061017 2.687006
T 2.687006 8.061017 0.000000


-2.000000	b49235a10
10

Q 0.000000 0.000000 0.000000
Y 2.687006 2.687006 0.000000
Q 0.000000 5.374012 0.000000
F -2.687006 5.374012 -2.687006
W 0.000000 5.374012 -5.374012
K 0.000000 8.061017 -8.061017
N 0.000000 10.748023 -5.374012
F 0.000000 8.061017 -2.687006
Q 2.687006 8.061017 0.000000
T 0.000000 8.061017 2.687006


-2.000000	b49235a00
10

Q 0.000000 0.000000 0.000000
Y 2.687006 2.687006 0.000000
Q 5.374012 5.374012 0.000000
F 2.687006 5.374012 -2.687006
W 5.374012 5.374012 -5.374012
K 5.374012 8.061017 -8.061017
N 5.374012 10.748023 -5.374012
F 5.374012 8.061017 -2.687006
Q 8.061017 8.061017 0.000000
T 5.374012 8.061017 2.687006


-2.000000	49278a340
10

Q 0.000000 0.000000 0.000000
Y 2.687006 2.687006 0.000000
Q 5.374012 2.687006 2.687006
F 5.374012 5.374012 0.000000
W 2.687006 5.374012 -2.687006
K 2.687006 2.687006 -5.374012
N 5.374012 0.000000 -5.374012
F 5.374012 2.687006 -2.687006
Q 5.374012 0.000000 0.000000
T 8.061017 0.000000 2.687006


-2.000000	5a389b440
10

Q 0.000000 0.000000 0.000000
Y 2.687006 2.687006 0.000000
Q 5.374012 2.687006 2.687006
F 8.061017 2.687006 5.374012
W 5.374012 2.687006 8.061017
K 5.374012 0.000000 10.748023
N 5.374012 -2.687006 8.061017
F 5.374012 0.000000 5.374012
Q 2.687006 0.000000 2.687006
T 5.374012 0.000000 0.000000


-2.000000	b49235aa0
10

Q 0.000000 0.000000 0.000000
Y 2.687006 2.687006 0.000000
Q 0.000000 2.687006 -2.687006
F -2.687006 2.687006 -5.374012
W 0.000000 2.687006 -8.061017
K 0.000000 5.374012 -10.748023
N 0.000000 8.061017 -8.061017
F 0.000000 5.374012 -5.374012
Q 2.687006 5.374012 -2.687006
T 0.000000 5.374012 0.000000


-2.000000	49278a300
10

Q 0.000000 0.000000 0.000000
Y 2.687006 2.687006 0.000000
Q 5.374012 5.374012 0.000000
F 5.374012 8.061017 -2.687006
W 2.687006 8.061017 -5.374012
K 2.687006 5.374012 -8.061017
N 5.374012 2.687006 -8.061017
F 5.374012 5.374012 -5.374012
Q 5.374012 2.687006 -2.687006
T 8.061017 2.687006 0.000000


-2.000000	5a389b410
10

Q 0.000000 0.000000 0.000000
Y 2.687006 2.687006 0.000000
Q 0.000000 5.374012 0.000000
F 2.687006 5.374012 2.687006
W 0.000000 5.374012 5.374012
K 0.000000 2.687006 8.061017
N 0.000000 0.000000 5.374012
F 0.000000 2.687006 2.687006
Q -2.687006 2.687006 0.000000
T 0.000000 2.687006 -2.687006


-2.000000	a38124940
10

Q 0.000000 0.000000 0.000000
Y 2.687006 2.687006 0.000000
Q 5.374012 2.687006 2.687006
F 5.374012 0.000000 5.374012
W 8.061017 0.000000 8.061017
K 8.061017 2.687006 10.748023
N 5.374012 5.374012 10.748023
F 5.374012 2.687006 8.061017
Q 5.374012 5.374012 5.374012
T 2.687006 5.374012 2.687006


-2.000000	49278a3a0
10

Q 0.000000 0.000000 0.000000
Y 2.687006 2.687006 0.000000
Q 0.000000 2.687006 -2.687006
F 0.000000 5.374012 -5.374012
W -2.687006 5.374012 -8.061017
K -2.687006 2.687006 -10.748023
N 0.000000 0.000000 -10.748023
F 0.000000 2.687006 -8.061017
Q 0.000000 0.000000 -5.374012
T 2.687006 0.000000 -2.687006


-2.000000	b49235900
10

Q 0.000000 0.000000 0.000000
Y 2.687006 2.687006 0.000000
Q 5.374012 5.374012 0.000000
F 5.374012 2.687006 2.687006
W 8.061017 2.687006 0.000000
K 8.061017 5.374012 -2.687006
N 8.061017 8.061017 0.000000
F 8.061017 5.374012 2.687006
Q 10.748023 5.374012 5.374012
T 8.061017 5.374012 8.061017


-2.000000	5a389b310
10

Q 0.000000 0.000000 0.000000
Y 2.687006 2.687006 0.000000
Q 0.000000 5.374012 0.000000
F 0.000000 8.061017 -2.687006
W -2.687006 8.061017 0.000000
K -2.687006 5.374012 2.687006
N -2.687006 2.687006 0.000000
F -2.687006 5.374012 -2.687006
Q -5.374012 5.374012 -5.374012
T -2.687006 5.374012 -8.061017


-2.000000	b49235940
10

Q 0.000000 0.000000 0.000000
Y 2.687006 2.687006 0.000000
Q 5.374012 2.687006 2.687006
F 5.374012 0.000000 5.374012
W 8.061017 0.000000 2.687006
K 8.061017 2.687006 0.000000
N 8.061017 5.374012 2.687006
F 8.061017 2.687006 5.374012
Q 10.748023 2.687006 8.061017
T 8.061017 2.687006 10.748023


-2.000000	5a389b3a0
10

Q 0.000000 0.000000 0.000000
Y 2.687006 2.687006 0.000000
Q 0.000000 2.687006 -2.687006
F 0.000000 5.374012 -5.374012
W -2.687006 5.374012 -2.687006
K -2.687006 2.687006 0.000000
N -2.687006 0.000000 -2.687006
F -2.687006 2.687006 -5.374012
Q -5.374012 2.687006 -8.061017
T -2.687006 2.687006 -10.748023


-2.000000	a38124700
10

Q 0.000000 0.000000 0.000000
Y 2.687006 2.687006 0.000000
Q 5.374012 5.374012 0.000000
F 8.061017 2.687006 0.000000
W 10.748023 2.687006 2.687006
K 10.748023 5.374012 5.374012
N 8.061017 8.061017 5.374012
F 8.061017 5.374012 2.687006
Q 8.061017 8.061017 0.000000
T 5.374012 8.061017 -2.687006


-2.000000	b49235810
10

Q 0.000000 0.000000 0.000000
Y 2.687006 2.687006 0.000000
Q 0.000000 5.374012 0.000000
F 0.000000 2.687006 -2.687006
W 2.687006 2.687006 -5.374012
K 2.687006 5.374012 -8.061017
N 2.687006 8.061017 -5.374012
F 2.687006 5.374012 -2.687006
Q 5.374012 5.374012 0.000000
T 2.687006 5.374012 2.687006


-2.000000	b49235800
10

Q 0.000000 0.000000 0.000000
Y 2.687006 2.687006 0.000000
Q 5.374012 5.374012 0.000000
F 5.374012 2.687006 -2.687006
W 8.061017 2.687006 -5.374012
K 8.061017 5.374012 -8.061017
N 8.061017 8.061017 -5.374012
F 8.061017 5.374012 -2.687006
Q 10.748023 5.374012 0.000000
T 8.061017 5.374012 2.687006


-2.000000	49278a110
10

Q 0.000000 0.000000 0.000000
Y 2.687006 2.687006 0.000000
Q 0.000000 5.374012 0.000000
F -2.687006 8.061017 0.000000
W -5.374012 8.061017 -2.687006
K -5.374012 5.374012 -5.374012
N -2.687006 2.687006 -5.374012
F -2.687006 5.374012 -2.687006
Q -2.687006 2.687006 0.000000
T 0.000000 2.687006 2.687006


-2.000000	5a389b210
10

Q 0.000000 0.000000 0.000000
Y 2.687006 2.687006 0.000000
Q 0.000000 5.374012 0.000000
F 0.000000 8.061017 2.687006
W -2.687006 8.061017 5.374012
K -2.687006 5.374012 8.061017
N -2.687006 2.687006 5.374012
F -2.687006 5.374012 2.687006
Q -5.374012 5.374012 0.000000
T -2.687006 5.374012 -2.687006


-2.000000	5a389b200
10

Q 0.000000 0.000000 0.000000
Y 2.687006 2.687006 0.000000
Q 5.374012 5.374012 0.000000
F 5.374012 8.061017 2.687006
W 2.687006 8.061017 5.374012
K 2.687006 5.374012 8.061017
N 2.687006 2.687006 5.374012
F 2.687006 5.374012 2.687006
Q 0.000000 5.374012 0.000000
T 2.687006 5.374012 -2.687006


-2.000000	a38124740
10

Q 0.000000 0.000000 0.000000
Y 2.687006 2.687006 0.000000
Q 5.374012 2.687006 2.687006
F 8.061017 0.000000 2.687006
W 10.748023 0.000000 5.374012
K 10.748023 2.687006 8.061017
N 8.061017 5.374012 8.061017
F 8.061017 2.687006 5.374012
Q 8.061017 5.374012 2.687006
T 5.374012 5.374012 0.000000


-2.000000	b49235840
10

Q 0.000000 0.000000 0.000000
Y 2.687006 2.687006 0.000000
Q 5.374012 2.687006 2.687006
F 5.374012 0.000000 0.000000
W 8.061017 0.000000 -2.687006
K 8.061017 2.687006 -5.374012
N 8.061017 5.374012 -2.687006
F 8.061017 2.687006 0.000000
Q 10.748023 2.687006 2.687006
T 8.061017 2.687006 5.374012


-2.000000	5a389b2a0
10

Q 0.000000 0.000000 0.000000
Y 2.687006 2.687006 0.000000
Q 0.000000 2.687006 -2.687006
F 0.000000 5.374012 0.000000
W -2.687006 5.374012 2.687006
K -2.687006 2.687006 5.374012
N -2.687006 0.000000 2.687006
F -2.687006 2.687006 0.000000
Q -5.374012 2.687006 -2.687006
T -2.687006 2.687006 -5.374012


-2.000000	b49235700
10

Q 0.000000 0.000000 0.000000
Y 2.687006 2.687006 0.000000
Q 5.374012 5.374012 0.000000
F 8.061017 2.687006 0.000000
W 10.748023 2.687006 -2.687006
K 10.748023 5.374012 -5.374012
N 10.748023 8.061017 -2.687006
F 10.748023 5.374012 0.000000
Q 13.435029 5.374012 2.687006
T 10.748023 5.374012 5.374012


-2.000000	49278a040
10

Q 0.000000 0.000000 0.000000
Y 2.687006 2.687006 0.000000
Q 5.374012 2.687006 2.687006
F 8.061017 5.374012 2.687006
W 5.374012 5.374012 0.000000
K 5.374012 2.687006 -2.687006
N 8.061017 0.000000 -2.687006
F 8.061017 2.687006 0.000000
Q 8.061017 0.000000 2.687006
T 10.748023 0.000000 5.374012


-2.000000	5a389b140
10

Q 0.000000 0.000000 0.000000
Y 2.687006 2.687006 0.000000
Q 5.374012 2.687006 2.687006
F 2.687006 5.374012 2.687006
W 0.000000 5.374012 5.374012
K 0.000000 2.687006 8.061017
N 0.000000 0.000000 5.374012
F 0.000000 2.687006 2.687006
Q -2.687006 2.687006 0.000000
T 0.000000 2.687006 -2.687006


-2.000000	b492357a0
10

Q 0.000000 0.000000 0.000000
Y 2.687006 2.687006 0.000000
Q 0.000000 2.687006 -2.687006
F 2.687006 0.000000 -2.687006
W 5.374012 0.000000 -5.374012
K 5.374012 2.687006 -8.061017
N 5.374012 5.374012 -5.374012
F 5.374012 2.687006 -2.687006
Q 8.061017 2.687006 0.000000
T 5.374012 2.687006 2.687006


-2.000000	49278a000
10

Q 0.000000 0.000000 0.000000
Y 2.687006 2.687006 0.000000
Q 5.374012 5.374012 0.000000
F 8.061017 8.061017 0.000000
W 5.374012 8.061017 -2.687006
K 5.374012 5.374012 -5.374012
N 8.061017 2.687006 -5.374012
F 8.061017 5.374012 -2.687006
Q 8.061017 2.687006 0.000000
T 10.748023 2.687006 2.687006


-2.000000	5a389b110
10

Q 0.000000 0.000000 0.000000
Y 2.687006 2.687006 0.000000
Q 0.000000 5.374012 0.000000
F -2.687006 8.061017 0.000000
W -5.374012 8.061017 2.687006
K -5.374012 5.374012 5.374012
N -5.374012 2.687006 2.687006
F -5.374012 5.374012 0.000000
Q -8.061017 5.374012 -2.687006
T -5.374012 5.374012 -5.374012


-2.000000	5a389b100
10

Q 0.000000 0.000000 0.000000
Y 2.687006 2.687006 0.000000
Q 5.374012 5.374012 0.000000
F 2.687006 8.061017 0.000000
W 0.000000 8.061017 2.687006
K 0.000000 5.374012 5.374012
N 0.000000 2.687006 2.687006
F 0.000000 5.374012 0.000000
Q -2.687006 5.374012 -2.687006
T 0.000000 5.374012 -5.374012


-2.000000	a38124640
10

Q 0.000000 0.000000 0.000000
Y 2.687006 2.687006 0.000000
Q 5.374012 2.687006 2.687006
F 2.687006 0.000000 2.687006
W 5.374012 0.000000 5.374012
K 5.374012 2.687006 8.061017
N 2.687006 5.374012 8.061017
F 2.687006 2.687006 5.374012
Q 2.687006 5.374012 2.687006
T 0.000000 5.374012 0.000000


-2.000000	49278a0a0
10

Q 0.000000 0.000000 0.000000
Y 2.687006 2.687006 0.000000
Q 0.000000 2.687006 -2.687006
F 2.687006 5.374012 -2.687006
W 0.000000 5.374012 -5.374012
K 0.000000 2.687006 -8.061017
N 2.687006 0.000000 -8.061017
F 2.687006 2.687006 -5.374012
Q 2.687006 0.000000 -2.687006
T 5.374012 0.000000 0.000000


-2.000000	b49235740
10

Q 0.000000 0.000000 0.000000
Y 2.687006 2.687006 0.000000
Q 5.374012 2.687006 2.687006
F 8.061017 0.000000 2.687006
W 10.748023 0.000000 0.000000
K 10.748023 2.687006 -2.687006
N 10.748023 5.374012 0.000000
F 10.748023 2.687006 2.687006
Q 13.435029 2.687006 5.374012
T 10.748023 2.687006 8.061017


-2.000000	5a389b1a0
10

Q 0.000000 0.000000 0.000000
Y 2.687006 2.687006 0.000000
Q 0.000000 2.687006 -2.687006
F -2.687006 5.374012 -2.687006
W -5.374012 5.374012 0.000000
K -5.374012 2.687006 2.687006
N -5.374012 0.000000 0.000000
F -5.374012 2.687006 -2.687006
Q -8.061017 2.687006 -5.374012
T -5.374012 2.687006 -8.061017


-2.000000	a38124610
10

Q 0.000000 0.000000 0.000000
Y 2.687006 2.687006 0.000000
Q 0.000000 5.374012 0.000000
F -2.687006 2.687006 0.000000
W 0.000000 2.687006 2.687006
K 0.000000 5.374012 5.374012
N -2.687006 8.061017 5.374012
F -2.687006 5.374012 2.687006
Q -2.687006 8.061017 0.000000
T -5.374012 8.061017 -2.687006


-2.000000	a381245a0
10

Q 0.000000 0.000000 0.000000
Y 2.687006 2.687006 0.000000
Q 0.000000 2.687006 -2.687006
F 2.687006 2.687006 -5.374012
W 5.374012 2.687006 -2.687006
K 5.374012 5.374012 0.000000
N 2.687006 8.061017 0.000000
F 2.687006 5.374012 -2.687006
Q 2.687006 8.061017 -5.374012
T 0.000000 8.061017 -8.061017


-2.000000	49278ab10
10

Q 0.000000 0.000000 0.000000
Y 2.687006 2.687006 0.000000
Q 0.000000 5.374012 0.000000
F -2.687006 5.374012 2.687006
W -5.374012 5.374012 0.000000
K -5.374012 2.687006 -2.687006
N -2.687006 0.000000 -2.687006
F -2.687006 2.687006 0.000000
Q -2.687006 0.000000 2.687006
T 0.000000 0.000000 5.374012


-2.000000	a38124540
10

Q 0.000000 0.000000 0.000000
Y 2.687006 2.687006 0.000000
Q 5.374012 2.687006 2.687006
F 8.061017 2.687006 0.000000
W 10.748023 2.687006 2.687006
K 10.748023 5.374012 5.374012
N 8.061017 8.061017 5.374012
F 8.061017 5.374012 2.687006
Q 8.061017 8.061017 0.000000
T 5.374012 8.061017 -2.687006


-2.000000	49278aba0
10

Q 0.000000 0.000000 0.000000
Y 2.687006 2.687006 0.000000
Q 0.000000 2.687006 -2.687006
F -2.687006 2.687006 0.000000
W -5.374012 2.687006 -2.687006
K -5.374012 0.000000 -5.374012
N -2.687006 -2.687006 -5.374012
F -2.687006 0.000000 -2.687006
Q -2.687006 -2.687006 0.000000
T 0.000000 -2.687006 2.687006


-2.000000	a38124510
10

Q 0.000000 0.000000 0.000000
Y 2.687006 2.687006 0.000000
Q 0.000000 5.374012 0.000000
F 2.687006 5.374012 -2.687006
W 5.374012 5.374012 0.000000
K 5.374012 8.061017 2.687006
N 2.687006 10.748023 2.687006
F 2.687006 8.061017 0.000000
Q 2.687006 10.748023 -2.687006
T 0.000000 10.748023 -5.374012


-2.000000	a38124500
10

Q 0.000000 0.000000 0.000000
Y 2.687006 2.687006 0.000000
Q 5.374012 5.374012 0.000000
F 8.061017 5.374012 -2.687006
W 10.748023 5.374012 0.000000
K 10.748023 8.061017 2.687006
N 8.061017 10.748023 2.687006
F 8.061017 8.061017 0.000000
Q 8.061017 10.748023 -2.687006
T 5.374012 10.748023 -5.374012


-2.000000	b492355a0
10

Q 0.000000 0.000000 0.000000
Y 2.687006 2.687006 0.000000
Q 0.000000 2.687006 -2.687006
F 2.687006 2.687006 -5.374012
W 5.374012 2.687006 -8.061017
K 5.374012 5.374012 -10.748023
N 5.374012 8.061017 -8.061017
F 5.374012 5.374012 -5.374012
Q 8.061017 5.374012 -2.687006
T 5.374012 5.374012 0.000000


-2.000000	49278aa00
10

Q 0.000000 0.000000 0.000000
Y 2.687006 2.687006 0.000000
Q 5.374012 5.374012 0.000000
F 2.687006 5.374012 -2.687006
W 0.000000 5.374012 -5.374012
K 0.000000 2.687006 -8.061017
N 2.687006 0.000000 -8.061017
F 2.687006 2.687006 -5.374012
Q 2.687006 0.000000 -2.687006
T 5.374012 0.000000 0.000000


-2.000000	5a389bb10
10

Q 0.000000 0.000000 0.000000
Y 2.687006 2.687006 0.000000
Q 0.000000 5.374012 0.000000
F -2.687006 5.374012 2.687006
W -5.374012 5.374012 5.374012
K -5.374012 2.687006 8.061017
N -5.374012 0.000000 5.374012
F -5.374012 2.687006 2.687006
Q -8.061017 2.687006 0.000000
T -5.374012 2.687006 -2.687006


-2.000000	5a389bb00
10

Q 0.000000 0.000000 0.000000
Y 2.687006 2.687006 0.000000
Q 5.374012 5.374012 0.000000
F 2.687006 5.374012 2.687006
W 0.000000 5.374012 5.374012
K 0.000000 2.687006 8.061017
N 0.000000 0.000000 5.374012
F 0.000000 2.687006 2.687006
Q -2.687006 2.687006 0.000000
T 0.000000 2.687006 -2.687006


-2.000000	a38124440
10

Q 0.000000 0.000000 0.000000
Y 2.687006 2.687006 0.000000
Q 5.374012 2.687006 2.687006
F 8.061017 2.687006 5.374012
W 10.748023 2.687006 8.061017
K 10.748023 5.374012 10.748023
N 8.061017 8.061017 10.748023
F 8.061017 5.374012 8.061017
Q 8.061017 8.061017 5.374012
T 5.374012 8.061017 2.687006


-2.000000	49278aaa0
10

Q 0.000000 0.000000 0.000000
Y 2.687006 2.687006 0.000000
Q 0.000000 2.687006 -2.687006
F -2.687006 2.687006 -5.374012
W -5.374012 2.687006 -8.061017
K -5.374012 0.000000 -10.748023
N -2.687006 -2.687006 -10.748023
F -2.687006 0.000000 -8.061017
Q -2.687006 -2.687006 -5.374012
T 0.000000 -2.687006 -2.687006


-2.000000	b49235540
10

Q 0.000000 0.000000 0.000000
Y 2.687006 2.687006 0.000000
Q 5.374012 2.687006 2.687006
F 8.061017 2.687006 0.000000
W 10.748023 2.687006 -2.687006
K 10.748023 5.374012 -5.374012
N 10.748023 8.061017 -2.687006
F 10.748023 5.374012 0.000000
Q 13.435029 5.374012 2.687006
T 10.748023 5.374012 5.374012


-2.000000	5a389bba0
10

Q 0.000000 0.000000 0.000000
Y 2.687006 2.687006 0.000000
Q 0.000000 2.687006 -2.687006
F -2.687006 2.687006 0.000000
W -5.374012 2.687006 2.687006
K -5.374012 0.000000 5.374012
N -5.374012 -2.687006 2.687006
F -5.374012 0.000000 0.000000
Q -8.061017 0.000000 -2.687006
T -5.374012 0.000000 -5.374012


-2.000000	a38124410
10

Q 0.000000 0.000000 0.000000
Y 2.687006 2.687006 0.000000
Q 0.000000 5.374012 0.000000
F 2.687006 5.374012 2.687006
W 5.374012 5.374012 5.374012
K 5.374012 8.061017 8.061017
N 2.687006 10.748023 8.061017
F 2.687006 8.061017 5.374012
Q 2.687006 10.748023 2.687006
T 0.000000 10.748023 0.000000


-2.000000	a38124400
10

Q 0.000000 0.000000 0.000000
Y 2.687006 2.687006 0.000000
Q 5.374012 5.374012 0.000000
F 8.061017 5.374012 2.687006
W 10.748023 5.374012 5.374012
K 10.748023 8.061017 8.061017
N 8.061017 10.748023 8.061017
F 8.061017 8.061017 5.374012
Q 8.061017 10.748023 2.687006
T 5.374012 10.748023 0.000000


-2.000000	b49235510
10

Q 0.000000 0.000000 0.000000
Y 2.687006 2.687006 0.000000
Q 0.000000 5.374012 0.000000
F 2.687006 5.374012 -2.687006
W 5.374012 5.374012 -5.374012
K 5.374012 8.061017 -8.061017
N 5.374012 10.748023 -5.374012
F 5.374012 8.061017 -2.687006
Q 8.061017 8.061017 0.000000
T 5.374012 8.061017 2.687006


-2.000000	b49235500
10

Q 0.000000 0.000000 0.000000
Y 2.687006 2.687006 0.000000
Q 5.374012 5.374012 0.000000
F 8.061017 5.374012 -2.687006
W 10.748023 5.374012 -5.374012
K 10.748023 8.061017 -8.061017
N 10.748023 10.748023 -5.374012
F 10.748023 8.061017 -2.687006
Q 13.435029 8.061017 0.000000
T 10.748023 8.061017 2.687006


-2.000000	5a389ba10
10

Q 0.000000 0.000000 0.000000
Y 2.687006 2.687006 0.000000
Q 0.000000 5.374012 0.000000
F -2.687006 5.374012 -2.687006
W -5.374012 5.374012 0.000000
K -5.374012 2.687006 2.687006
N -5.374012 0.000000 0.000000
F -5.374012 2.687006 -2.687006
Q -8.061017 2.687006 -5.374012
T -5.374012 2.687006 -8.061017


-2.000000	a38124340
10

Q 0.000000 0.000000 0.000000
Y 2.687006 2.687006 0.000000
Q 5.374012 2.687006 2.687006
F 5.374012 5.374012 0.000000
W 8.061017 5.374012 2.687006
K 8.061017 8.061017 5.374012
N 5.374012 10.748023 5.374012
F 5.374012 8.061017 2.687006
Q 5.374012 10.748023 0.000000
T 2.687006 10.748023 -2.687006


-2.000000	b49235440
10

Q 0.000000 0.000000 0.000000
Y 2.687006 2.687006 0.000000
Q 5.374012 2.687006 2.687006
F 8.061017 2.687006 5.374012
W 10.748023 2.687006 2.687006
K 10.748023 5.374012 0.000000
N 10.748023 8.061017 2.687006
F 10.748023 5.374012 5.374012
Q 13.435029 5.374012 8.061017
T 10.748023 5.374012 10.748023


-2.000000	5a389baa0
10

Q 0.000000 0.000000 0.000000
Y 2.687006 2.687006 0.000000
Q 0.000000 2.687006 -2.687006
F -2.687006 2.687006 -5.374012
W -5.374012 2.687006 -2.687006
K -5.374012 0.000000 0.000000
N -5.374012 -2.687006 -2.687006
F -5.374012 0.000000 -5.374012
Q -8.061017 0.000000 -8.061017
T -5.374012 0.000000 -10.748023


-2.000000	a38124310
10

Q 0.000000 0.000000 0.000000
Y 2.687006 2.687006 0.000000
Q 0.000000 5.374012 0.000000
F 0.000000 8.061017 -2.687006
W 2.687006 8.061017 0.000000
K 2.687006 10.748023 2.687006
N 0.000000 13.435029 2.687006
F 0.000000 10.748023 0.000000
Q 0.000000 13.435029 -2.687006
T -2.687006 13.435029 -5.374012


-2.000000	a38124300
10

Q 0.000000 0.000000 0.000000
Y 2.687006 2.687006 0.000000
Q 5.374012 5.374012 0.000000
F 5.374012 8.061017 -2.687006
W 8.061017 8.061017 0.000000
K 8.061017 10.748023 2.687006
N 5.374012 13.435029 2.687006
F 5.374012 10.748023 0.000000
Q 5.374012 13.435029 -2.687006
T 2.687006 13.435029 -5.374012


-2.000000	b49235410
10

Q 0.000000 0.000000 0.000000
Y 2.687006 2.687006 0.000000
Q 0.000000 5.374012 0.000000
F 2.687006 5.374012 2.687006
W 5.374012 5.374012 0.000000
K 5.374012 8.061017 -2.687006
N 5.374012 10.748023 0.000000
F 5.374012 8.061017 2.687006
Q 8.061017 8.061017 5.374012
T 5.374012 8.061017 8.061017


-2.000000	b49235400
10

Q 0.000000 0.000000 0.000000
Y 2.687006 2.687006 0.000000
Q 5.374012 5.374012 0.000000
F 8.061017 5.374012 2.687006
W 10.748023 5.374012 0.000000
K 10.748023 8.061017 -2.687006
N 10.748023 10.748023 0.000000
F 10.748023 8.061017 2.687006
Q 13.435029 8.061017 5.374012
T 10.748023 8.061017 8.061017


-2.000000	49278a940
10

Q 0.000000 0.000000 0.000000
Y 2.687006 2.687006 0.000000
Q 5.374012 2.687006 2.687006
F 5.374012 0.000000 5.374012
W 2.687006 0.000000 2.687006
K 2.687006 -2.687006 0.000000
N 5.374012 -5.374012 0.000000
F 5.374012 -2.687006 2.687006
Q 5.374012 -5.374012 5.374012
T 8.061017 -5.374012 8.061017


-2.000000	a381243a0
10

Q 0.000000 0.000000 0.000000
Y 2.687006 2.687006 0.000000
Q 0.000000 2.687006 -2.687006
F 0.000000 5.374012 -5.374012
W 2.687006 5.374012 -2.687006
K 2.687006 8.061017 0.000000
N 0.000000 10.748023 0.000000
F 0.000000 8.061017 -2.687006
Q 0.000000 10.748023 -5.374012
T -2.687006 10.748023 -8.061017


-2.000000	49278a810
10

Q 0.000000 0.000000 0.000000
Y 2.687006 2.687006 0.000000
Q 0.000000 5.374012 0.000000
F 0.000000 2.687006 -2.687006
W -2.687006 2.687006 -5.374012
K -2.687006 0.000000 -8.061017
N 0.000000 -2.687006 -8.061017
F 0.000000 0.000000 -5.374012
Q 0.000000 -2.687006 -2.687006
T 2.687006 -2.687006 0.000000


-2.000000	49278a800
10

Q 0.000000 0.000000 0.000000
Y 2.687006 2.687006 0.000000
Q 5.374012 5.374012 0.000000
F 5.374012 2.687006 -2.687006
W 2.687006 2.687006 -5.374012
K 2.687006 0.000000 -8.061017
N 5.374012 -2.687006 -8.061017
F 5.374012 0.000000 -5.374012
Q 5.374012 -2.687006 -2.687006
T 8.061017 -2.687006 0.000000


-2.000000	5a389b910
10

Q 0.000000 0.000000 0.000000
Y 2.687006 2.687006 0.000000
Q 0.000000 5.374012 0.000000
F 0.000000 2.687006 2.687006
W -2.687006 2.687006 5.374012
K -2.687006 0.000000 8.061017
N -2.687006 -2.687006 5.374012
F -2.687006 0.000000 2.687006
Q -5.374012 0.000000 0.000000
T -2.687006 0.000000 -2.687006


-2.000000	a38124240
10

Q 0.000000 0.000000 0.000000
Y 2.687006 2.687006 0.000000
Q 5.374012 2.687006 2.687006
F 5.374012 5.374012 5.374012
W 8.061017 5.374012 8.061017
K 8.061017 8.061017 10.748023
N 5.374012 10.748023 10.748023
F 5.374012 8.061017 8.061017
Q 5.374012 10.748023 5.374012
T 2.687006 10.748023 2.687006


-2.000000	49278a8a0
10

Q 0.000000 0.000000 0.000000
Y 2.687006 2.687006 0.000000
Q 0.000000 2.687006 -2.687006
F 0.000000 0.000000 -5.374012
W -2.687006 0.000000 -8.061017
K -2.687006 -2.687006 -10.748023
N 0.000000 -5.374012 -10.748023
F 0.000000 -2.687006 -8.061017
Q 0.000000 -5.374012 -5.374012
T 2.687006 -5.374012 -2.687006


-2.000000	b49235340
10

Q 0.000000 0.000000 0.000000
Y 2.687006 2.687006 0.000000
Q 5.374012 2.687006 2.687006
F 5.374012 5.374012 0.000000
W 8.061017 5.374012 -2.687006
K 8.061017 8.061017 -5.374012
N 8.061017 10.748023 -2.687006
F 8.061017 8.061017 0.000000
Q 10.748023 8.061017 2.687006
T 8.061017 8.061017 5.374012


-2.000000	a38124210
10

Q 0.000000 0.000000 0.000000
Y 2.687006 2.687006 0.000000
Q 0.000000 5.374012 0.000000
F 0.000000 8.061017 2.687006
W 2.687006 8.061017 5.374012
K 2.687006 10.748023 8.061017
N 0.000000 13.435029 8.061017
F 0.000000 10.748023 5.374012
Q 0.000000 13.435029 2.687006
T -2.687006 13.435029 0.000000


-2.000000	a38124200
10

Q 0.000000 0.000000 0.000000
Y 2.687006 2.687006 0.000000
Q 5.374012 5.374012 0.000000
F 5.374012 8.061017 2.687006
W 8.061017 8.061017 5.374012
K 8.061017 10.748023 8.061017
N 5.374012 13.435029 8.061017
F 5.374012 10.748023 5.374012
Q 5.374012 13.435029 2.687006
T 2.687006 13.435029 0.000000


-2.000000	b49235310
10

Q 0.000000 0.000000 0.000000
Y 2.687006 2.687006 0.000000
Q 0.000000 5.374012 0.000000
F 0.000000 8.061017 -2.687006
W 2.687006 8.061017 -5.374012
K 2.687006 10.748023 -8.061017
N 2.687006 13.435029 -5.374012
F 2.687006 10.748023 -2.687006
Q 5.374012 10.748023 0.000000
T 2.687006 10.748023 2.687006


-2.000000	b49235300
10

Q 0.000000 0.000000 0.000000
Y 2.687006 2.687006 0.000000
Q 5.374012 5.374012 0.000000
F 5.374012 8.061017 -2.687006
W 8.061017 8.061017 -5.374012
K 8.061017 10.748023 -8.061017
N 8.061017 13.435029 -5.374012
F 8.061017 10.748023 -2.687006
Q 10.748023 10.748023 0.000000
T 8.061017 10.748023 2.687006


-2.000000	49278a840
10

Q 0.000000 0.000000 0.000000
Y 2.687006 2.687006 0.000000
Q 5.374012 2.687006 2.687006
F 5.374012 0.000000 0.000000
W 2.687006 0.000000 -2.687006
K 2.687006 -2.687006 -5.374012
N 5.374012 -5.374012 -5.374012
F 5.374012 -2.687006 -2.687006
Q 5.374012 -5.374012 0.000000
T 8.061017 -5.374012 2.687006


-2.000000	a381242a0
10

Q 0.000000 0.000000 0.000000
Y 2.687006 2.687006 0.000000
Q 0.000000 2.687006 -2.687006
F 0.000000 5.374012 0.000000
W 2.687006 5.374012 2.687006
K 2.687006 8.061017 5.374012
N 0.000000 10.748023 5.374012
F 0.000000 8.061017 2.687006
Q 0.000000 10.748023 0.000000
T -2.687006 10.748023 -2.687006


-2.000000	5a389b940
10

Q 0.000000 0.000000 0.000000
Y 2.687006 2.687006 0.000000
Q 5.374012 2.687006 2.687006
F 5.374012 0.000000 5.374012
W 2.687006 0.000000 8.061017
K 2.687006 -2.687006 10.748023
N 2.687006 -5.374012 8.061017
F 2.687006 -2.687006 5.374012
Q 0.000000 -2.687006 2.687006
T 2.687006 -2.687006 0.000000


-2.000000	b492353a0
10

Q 0.000000 0.000000 0.000000
Y 2.687006 2.687006 0.000000
Q 0.000000 2.687006 -2.687006
F 0.000000 5.374012 -5.374012
W 2.687006 5.374012 -8.061017
K 2.687006 8.061017 -10.748023
N 2.687006 10.748023 -8.061017
F 2.687006 8.061017 -5.374012
Q 5.374012 8.061017 -2.687006
T 2.687006 8.061017 0.000000


-2.000000	49278a700
10

Q 0.000000 0.000000 0.000000
Y 2.687006 2.687006 0.000000
Q 5.374012 5.374012 0.000000
F 8.061017 2.687006 0.000000
W 5.374012 2.687006 -2.687006
K 5.374012 0.000000 -5.374012
N 8.061017 -2.687006 -5.374012
F 8.061017 0.000000 -2.687006
Q 8.061017 -2.687006 0.000000
T 10.748023 -2.687006 2.687006


-2.000000	5a389b810
10

Q 0.000000 0.000000 0.000000
Y 2.687006 2.687006 0.000000
Q 0.000000 5.374012 0.000000
F 0.000000 2.687006 -2.687006
W -2.687006 2.687006 0.000000
K -2.687006 0.000000 2.687006
N -2.687006 -2.687006 0.000000
F -2.687006 0.000000 -2.687006
Q -5.374012 0.000000 -5.374012
T -2.687006 0.000000 -8.061017


-2.000000	a38124140
10

Q 0.000000 0.000000 0.000000
Y 2.687006 2.687006 0.000000
Q 5.374012 2.687006 2.687006
F 2.687006 5.374012 2.687006
W 5.374012 5.374012 5.374012
K 5.374012 8.061017 8.061017
N 2.687006 10.748023 8.061017
F 2.687006 8.061017 5.374012
Q 2.687006 10.748023 2.687006
T 0.000000 10.748023 0.000000


-2.000000	49278a7a0
10

Q 0.000000 0.000000 0.000000
Y 2.687006 2.687006 0.000000
Q 0.000000 2.687006 -2.687006
F 2.687006 0.000000 -2.687006
W 0.000000 0.000000 -5.374012
K 0.000000 -2.687006 -8.061017
N 2.687006 -5.374012 -8.061017
F 2.687006 -2.687006 -5.374012
Q 2.687006 -5.374012 -2.687006
T 5.374012 -5.374012 0.000000


-2.000000	b49235240
10

Q 0.000000 0.000000 0.000000
Y 2.687006 2.687006 0.000000
Q 5.374012 2.687006 2.687006
F 5.374012 5.374012 5.374012
W 8.061017 5.374012 2.687006
K 8.061017 8.061017 0.000000
N 8.061017 10.748023 2.687006
F 8.061017 8.061017 5.374012
Q 10.748023 8.061017 8.061017
T 8.061017 8.061017 10.748023


-2.000000	5a389b8a0
10

Q 0.000000 0.000000 0.000000
Y 2.687006 2.687006 0.000000
Q 0.000000 2.687006 -2.687006
F 0.000000 0.000000 -5.374012
W -2.687006 0.000000 -2.687006
K -2.687006 -2.687006 0.000000
N -2.687006 -5.374012 -2.687006
F -2.687006 -2.687006 -5.374012
Q -5.374012 -2.687006 -8.061017
T -2.687006 -2.687006 -10.748023


-2.000000	a38124110
10

Q 0.000000 0.000000 0.000000
Y 2.687006 2.687006 0.000000
Q 0.000000 5.374012 0.000000
F -2.687006 8.061017 0.000000
W 0.000000 8.061017 2.687006
K 0.000000 10.748023 5.374012
N -2.687006 13.435029 5.374012
F -2.687006 10.748023 2.687006
Q -2.687006 13.435029 0.000000
T -5.374012 13.435029 -2.687006


-2.000000	a38124100
10

Q 0.000000 0.000000 0.000000
Y 2.687006 2.687006 0.000000
Q 5.374012 5.374012 0.000000
F 2.687006 8.061017 0.000000
W 5.374012 8.061017 2.687006
K 5.374012 10.748023 5.374012
N 2.687006 13.435029 5.374012
F 2.687006 10.748023 2.687006
Q 2.687006 13.435029 0.000000
T 0.000000 13.435029 -2.687006


-2.000000	b49235210
10

Q 0.000000 0.000000 0.000000
Y 2.687006 2.687006 0.000000
Q 0.000000 5.374012 0.000000
F 0.000000 8.061017 2.687006
W 2.687006 8.061017 0.000000
K 2.687006 10.748023 -2.687006
N 2.687006 13.435029 0.000000
F 2.687006 10.748023 2.687006
Q 5.374012 10.748023 5.374012
T 2.687006 10.748023 8.061017


-2.000000	b49235200
10

Q 0.000000 0.000000 0.000000
Y 2.687006 2.687006 0.000000
Q 5.374012 5.374012 0.000000
F 5.374012 8.061017 2.687006
W 8.061017 8.061017 0.000000
K 8.061017 10.748023 -2.687006
N 8.061017 13.435029 0.000000
F 8.061017 10.748023 2.687006
Q 10.748023 10.748023 5.374012
T 8.061017 10.748023 8.061017


-2.000000	49278a740
10

Q 0.000000 0.000000 0.000000
Y 2.687006 2.687006 0.000000
Q 5.374012 2.687006 2.687006
F 8.061017 0.000000 2.687006
W 5.374012 0.000000 0.000000
K 5.374012 -2.687006 -2.687006
N 8.061017 -5.374012 -2.687006
F 8.061017 -2.687006 0.000000
Q 8.061017 -5.374012 2.687006
T 10.748023 -5.374012 5.374012


-2.000000	a381241a0
10

Q 0.000000 0.000000 0.000000
Y 2.687006 2.687006 0.000000
Q 0.000000 2.687006 -2.687006
F -2.687006 5.374012 -2.687006
W 0.000000 5.374012 0.000000
K 0.000000 8.061017 2.687006
N -2.687006 10.748023 2.687006
F -2.687006 8.061017 0.000000
Q -2.687006 10.748023 -2.687006
T -5.374012 10.748023 -5.374012


-2.000000	5a389b840
10

Q 0.000000 0.000000 0.000000
Y 2.687006 2.687006 0.000000
Q 5.374012 2.687006 2.687006
F 5.374012 0.000000 0.000000
W 2.687006 0.000000 2.687006
K 2.687006 -2.687006 5.374012
N 2.687006 -5.374012 2.687006
F 2.687006 -2.687006 0.000000
Q 0.000000 -2.687006 -2.687006
T 2.687006 -2.687006 -5.374012


-2.000000	b492352a0
10

Q 0.000000 0.000000 0.000000
Y 2.687006 2.687006 0.000000
Q 0.000000 2.687006 -2.687006
F 0.000000 5.374012 0.000000
W 2.687006 5.374012 -2.687006
K 2.687006 8.061017 -5.374012
N 2.687006 10.748023 -2.687006
F 2.687006 8.061017 0.000000
Q 5.374012 8.061017 2.687006
T 2.687006 8.061017 5.374012


-2.000000	5a389b700
10

Q 0.000000 0.000000 0.000000
Y 2.687006 2.687006 0.000000
Q 5.374012 5.374012 0.000000
F 8.061017 2.687006 0.000000
W 5.374012 2.687006 2.687006
K 5.374012 0.000000 5.374012
N 5.374012 -2.687006 2.687006
F 5.374012 0.000000 0.000000
Q 2.687006 0.000000 -2.687006
T 5.374012 0.000000 -5.374012


-2.000000	a38124040
10

Q 0.000000 0.000000 0.000000
Y 2.687006 2.687006 0.000000
Q 5.374012 2.687006 2.687006
F 8.061017 5.374012 2.687006
W 10.748023 5.374012 5.374012
K 10.748023 8.061017 8.061017
N 8.061017 10.748023 8.061017
F 8.061017 8.061017 5.374012
Q 8.061017 10.748023 2.687006
T 5.374012 10.748023 0.000000


-2.000000	49278a6a0
10

Q 0.000000 0.000000 0.000000
Y 2.687006 2.687006 0.000000
Q 0.000000 2.687006 -2.687006
F -2.687006 0.000000 -2.687006
W -5.374012 0.000000 -5.374012
K -5.374012 -2.687006 -8.061017
N -2.687006 -5.374012 -8.061017
F -2.687006 -2.687006 -5.374012
Q -2.687006 -5.374012 -2.687006
T 0.000000 -5.374012 0.000000


-2.000000	b49235140
10

Q 0.000000 0.000000 0.000000
Y 2.687006 2.687006 0.000000
Q 5.374012 2.687006 2.687006
F 2.687006 5.374012 2.687006
W 5.374012 5.374012 0.000000
K 5.374012 8.061017 -2.687006
N 5.374012 10.748023 0.000000
F 5.374012 8.061017 2.687006
Q 8.061017 8.061017 5.374012
T 5.374012 8.061017 8.061017


-2.000000	a38124010
10

Q 0.000000 0.000000 0.000000
Y 2.687006 2.687006 0.000000
Q 0.000000 5.374012 0.000000
F 2.687006 8.061017 0.000000
W 5.374012 8.061017 2.687006
K 5.374012 10.748023 5.374012
N 2.687006 13.435029 5.374012
F 2.687006 10.748023 2.687006
Q 2.687006 13.435029 0.000000
T 0.000000 13.435029 -2.687006


-2.000000	a38124000
10

Q 0.000000 0.000000 0.000000
Y 2.687006 2.687006 0.000000
Q 5.374012 5.374012 0.000000
F 8.061017 8.061017 0.000000
W 10.748023 8.061017 2.687006
K 10.748023 10.748023 5.374012
N 8.061017 13.435029 5.374012
F 8.061017 10.748023 2.687006
Q 8.061017 13.435029 0.000000
T 5.374012 13.435029 -2.687006


-2.000000	b49235110
10

Q 0.000000 0.000000 0.000000
Y 2.687006 2.687006 0.000000
Q 0.000000 5.374012 0.000000
F -2.687006 8.061017 0.000000
W 0.000000 8.061017 -2.687006
K 0.000000 10.748023 -5.374012
N 0.000000 13.435029 -2.687006
F 0.000000 10.748023 0.000000
Q 2.687006 10.748023 2.687006
T 0.000000 10.748023 5.374012


-2.000000	b49235100
10

Q 0.000000 0.000000 0.000000
Y 2.687006 2.687006 0.000000
Q 5.374012 5.374012 0.000000
F 2.687006 8.061017 0.000000
W 5.374012 8.061017 -2.687006
K 5.374012 10.748023 -5.374012
N 5.374012 13.435029 -2.687006
F 5.374012 10.748023 0.000000
Q 8.061017 10.748023 2.687006
T 5.374012 10.748023 5.374012


-2.000000	a381240a0
10

Q 0.000000 0.000000 0.000000
Y 2.687006 2.687006 0.000000
Q 0.000000 2.687006 -2.687006
F 2.687006 5.374012 -2.687006
W 5.374012 5.374012 0.000000
K 5.374012 8.061017 2.687006
N 2.687006 10.748023 2.687006
F 2.687006 8.061017 0.000000
Q 2.687006 10.748023 -2.687006
T 0.000000 10.748023 -5.374012


-2.000000	5a389b740
10

Q 0.000000 0.000000 0.000000
Y 2.687006 2.687006 0.000000
Q 5.374012 2.687006 2.687006
F 8.061017 0.000000 2.687006
W 5.374012 0.000000 5.374012
K 5.374012 -2.687006 8.061017
N 5.374012 -5.374012 5.374012
F 5.374012 -2.687006 2.687006
Q 2.687006 -2.687006 0.000000
T 5.374012 -2.687006 -2.687006


-2.000000	b492351a0
10

Q 0.000000 0.000000 0.000000
Y 2.687006 2.687006 0.000000
Q 0.000000 2.687006 -2.687006
F -2.687006 5.374012 -2.687006
W 0.000000 5.374012 -5.374012
K 0.000000 8.061017 -8.061017
N 0.000000 10.748023 -5.374012
F 0.000000 8.061017 -2.687006
Q 2.687006 8.061017 0.000000
T 0.000000 8.061017 2.687006


-2.000000	49278a610
10

Q 0.000000 0.000000 0.000000
Y 2.687006 2.687006 0.000000
Q 0.000000 5.374012 0.000000
F -2.687006 2.687006 0.000000
W -5.374012 2.687006 -2.687006
K -5.374012 0.000000 -5.374012
N -2.687006 -2.687006 -5.374012
F -2.687006 0.000000 -2.687006
Q -2.687006 -2.687006 0.000000
T 0.000000 -2.687006 2.687006


-2.000000	a38124b40
10

Q 0.000000 0.000000 0.000000
Y 2.687006 2.687006 0.000000
Q 5.374012 2.687006 2.687006
F 2.687006 2.687006 5.374012
W 5.374012 2.687006 8.061017
K 5.374012 5.374012 10.748023
N 2.687006 8.061017 10.748023
F 2.687006 5.374012 8.061017
Q 2.687006 8.061017 5.374012
T 0.000000 8.061017 2.687006


-2.000000	49278a5a0
10

Q 0.000000 0.000000 0.000000
Y 2.687006 2.687006 0.000000
Q 0.000000 2.687006 -2.687006
F 2.687006 2.687006 -5.374012
W 0.000000 2.687006 -8.061017
K 0.000000 0.000000 -10.748023
N 2.687006 -2.687006 -10.748023
F 2.687006 0.000000 -8.061017
Q 2.687006 -2.687006 -5.374012
T 5.374012 -2.687006 -2.687006


-2.000000	b49235040
10

Q 0.000000 0.000000 0.000000
Y 2.687006 2.687006 0.000000
Q 5.374012 2.687006 2.687006
F 8.061017 5.374012 2.687006
W 10.748023 5.374012 0.000000
K 10.748023 8.061017 -2.687006
N 10.748023 10.748023 0.000000
F 10.748023 8.061017 2.687006
Q 13.435029 8.061017 5.374012
T 10.748023 8.061017 8.061017


-2.000000	5a389b6a0
10

Q 0.000000 0.000000 0.000000
Y 2.687006 2.687006 0.000000
Q 0.000000 2.687006 -2.687006
F -2.687006 0.000000 -2.687006
W -5.374012 0.000000 0.000000
K -5.374012 -2.687006 2.687006
N -5.374012 -5.374012 0.000000
F -5.374012 -2.687006 -2.687006
Q -8.061017 -2.687006 -5.374012
T -5.374012 -2.687006 -8.061017


-2.000000	a38124b10
10

Q 0.000000 0.000000 0.000000
Y 2.687006 2.687006 0.000000
Q 0.000000 5.374012 0.000000
F -2.687006 5.374012 2.687006
W 0.000000 5.374012 5.374012
K 0.000000 8.061017 8.061017
N -2.687006 10.748023 8.061017
F -2.687006 8.061017 5.374012
Q -2.687006 10.748023 2.687006
T -5.374012 10.748023 0.000000


-2.000000	a38124b00
10

Q 0.000000 0.000000 0.000000
Y 2.687006 2.687006 0.000000
Q 5.374012 5.374012 0.000000
F 2.687006 5.374012 2.687006
W 5.374012 5.374012 5.374012
K 5.374012 8.061017 8.061017
N 2.687006 10.748023 8.061017
F 2.687006 8.061017 5.374012
Q 2.687006 10.748023 2.687006
T 0.000000 10.748023 0.000000


-2.000000	b49235010
10

Q 0.000000 0.000000 0.000000
Y 2.687006 2.687006 0.000000
Q 0.000000 5.374012 0.000000
F 2.687006 8.061017 0.000000
W 5.374012 8.061017 -2.687006
K 5.374012 10.748023 -5.374012
N 5.374012 13.435029 -2.687006
F 5.374012 10.748023 0.000000
Q 8.061017 10.748023 2.687006
T 5.374012 10.748023 5.374012


-2.000000	b49235000
10

Q 0.000000 0.000000 0.000000
Y 2.687006 2.687006 0.000000
Q 5.374012 5.374012 0.000000
F 8.061017 8.061017 0.000000
W 10.748023 8.061017 -2.687006
K 10.748023 10.748023 -5.374012
N 10.748023 13.435029 -2.687006
F 10.748023 10.748023 0.000000
Q 13.435029 10.748023 2.687006
T 10.748023 10.748023 5.374012


-2.000000	49278a540
10

Q 0.000000 0.000000 0.000000
Y 2.687006 2.687006 0.000000
Q 5.374012 2.687006 2.687006
F 8.061017 2.687006 0.000000
W 5.374012 2.687006 -2.687006
K 5.374012 0.000000 -5.374012
N 8.061017 -2.687006 -5.374012
F 8.061017 0.000000 -2.687006
Q 8.061017 -2.687006 0.000000
T 10.748023 -2.687006 2.687006


-2.000000	a38124ba0
10

Q 0.000000 0.000000 0.000000
Y 2.687006 2.687006 0.000000
Q 0.000000 2.687006 -2.687006
F -2.687006 2.687006 0.000000
W 0.000000 2.687006 2.687006
K 0.000000 5.374012 5.374012
N -2.687006 8.061017 5.374012
F -2.687006 5.374012 2.687006
Q -2.687006 8.061017 0.000000
T -5.374012 8.061017 -2.687006


-2.000000	5a389b640
10

Q 0.000000 0.000000 0.000000
Y 2.687006 2.687006 0.000000
Q 5.374012 2.687006 2.687006
F 2.687006 0.000000 2.687006
W 0.000000 0.000000 5.374012
K 0.000000 -2.687006 8.061017
N 0.000000 -5.374012 5.374012
F 0.000000 -2.687006 2.687006
Q -2.687006 -2.687006 0.000000
T 0.000000 -2.687006 -2.687006


-2.000000	b492350a0
10

Q 0.000000 0.000000 0.000000
Y 2.687006 2.687006 0.000000
Q 0.000000 2.687006 -2.687006
F 2.687006 5.374012 -2.687006
W 5.374012 5.374012 -5.374012
K 5.374012 8.061017 -8.061017
N 5.374012 10.748023 -5.374012
F 5.374012 8.061017 -2.687006
Q 8.061017 8.061017 0.000000
T 5.374012 8.061017 2.687006


-2.000000	49278a510
10

Q 0.000000 0.000000 0.000000
Y 2.687006 2.687006 0.000000
Q 0.000000 5.374012 0.000000
F 2.687006 5.374012 -2.687006
W 0.000000 5.374012 -5.374012
K 0.000000 2.687006 -8.061017
N 2.687006 0.000000 -8.061017
F 2.687006 2.687006 -5.374012
Q 2.687006 0.000000 -2.687006
T 5.374012 0.000000 0.000000


-2.000000	49278a500
10

Q 0.000000 0.000000 0.000000
Y 2.687006 2.687006 0.000000
Q 5.374012 5.374012 0.000000
F 8.061017 5.374012 -2.687006
W 5.374012 5.374012 -5.374012
K 5.374012 2.687006 -8.061017
N 8.061017 0.000000 -8.061017
F 8.061017 2.687006 -5.374012
Q 8.061017 0.000000 -2.687006
T 10.748023 0.000000 0.000000


-2.000000	5a389b610
10

Q 0.000000 0.000000 0.000000
Y 2.687006 2.687006 0.000000
Q 0.000000 5.374012 0.000000
F -2.687006 2.687006 0.000000
W -5.374012 2.687006 2.687006
K -5.374012 0.000000 5.374012
N -5.374012 -2.687006 2.687006
F -5.374012 0.000000 0.000000
Q -8.061017 0.000000 -2.687006
T -5.374012 0.000000 -5.374012


-2.000000	16b456b40
10

Q 0.000000 0.000000 0.000000
Y 2.687006 2.687006 0.000000
Q 5.374012 2.687006 2.687006
F 2.687006 2.687006 5.374012
W 0.000000 0.000000 5.374012
K 2.687006 0.000000 2.687006
N 5.374012 0.000000 5.374012
F 2.687006 0.000000 8.061017
Q 0.000000 -2.687006 8.061017
T -2.687006 0.000000 8.061017


-2.000000	705ab05a0
10

Q 0.000000 0.000000 0.000000
Y 2.687006 2.687006 0.000000
Q 0.000000 2.687006 -2.687006
F 2.687006 2.687006 -5.374012
W 5.374012 5.374012 -5.374012
K 2.687006 5.374012 -2.687006
N 0.000000 5.374012 -5.374012
F 2.687006 5.374012 -8.061017
Q 5.374012 8.061017 -8.061017
T 8.061017 5.374012 -8.061017


-2.000000	16b456b10
10

Q 0.000000 0.000000 0.000000
Y 2.687006 2.687006 0.000000
Q 0.000000 5.374012 0.000000
F -2.687006 5.374012 2.687006
W -5.374012 2.687006 2.687006
K -2.687006 2.687006 0.000000
N 0.000000 2.687006 2.687006
F -2.687006 2.687006 5.374012
Q -5.374012 0.000000 5.374012
T -8.061017 2.687006 5.374012


-2.000000	705ab0540
10

Q 0.000000 0.000000 0.000000
Y 2.687006 2.687006 0.000000
Q 5.374012 2.687006 2.687006
F 8.061017 2.687006 0.000000
W 10.748023 5.374012 0.000000
K 8.061017 5.374012 2.687006
N 5.374012 5.374012 0.000000
F 8.061017 5.374012 -2.687006
Q 10.748023 8.061017 -2.687006
T 13.435029 5.374012 -2.687006


-2.000000	705ab0510
10

Q 0.000000 0.000000 0.000000
Y 2.687006 2.687006 0.000000
Q 0.000000 5.374012 0.000000
F 2.687006 5.374012 -2.687006
W 5.374012 8.061017 -2.687006
K 2.687006 8.061017 0.000000
N 0.000000 8.061017 -2.687006
F 2.687006 8.061017 -5.374012
Q 5.374012 10.748023 -5.374012
T 8.061017 8.061017 -5.374012


-2.000000	705ab0500
10

Q 0.000000 0.000000 0.000000
Y 2.687006 2.687006 0.000000
Q 5.374012 5.374012 0.000000
F 8.061017 5.374012 -2.687006
W 10.748023 8.061017 -2.687006
K 8.061017 8.061017 0.000000
N 5.374012 8.061017 -2.687006
F 8.061017 8.061017 -5.374012
Q 10.748023 10.748023 -5.374012
T 13.435029 8.061017 -5.374012


-2.000000	16b456a10
10

Q 0.000000 0.000000 0.000000
Y 2.687006 2.687006 0.000000
Q 0.000000 5.374012 0.000000
F -2.687006 5.374012 -2.687006
W -5.374012 2.687006 -2.687006
K -2.687006 2.687006 -5.374012
N 0.000000 2.687006 -2.687006
F -2.687006 2.687006 0.000000
Q -5.374012 0.000000 0.000000
T -8.061017 2.687006 0.000000


-2.000000	705ab0440
10

Q 0.000000 0.000000 0.000000
Y 2.687006 2.687006 0.000000
Q 5.374012 2.687006 2.687006
F 8.061017 2.687006 5.374012
W 10.748023 5.374012 5.374012
K 8.061017 5.374012 8.061017
N 5.374012 5.374012 5.374012
F 8.061017 5.374012 2.687006
Q 10.748023 8.061017 2.687006
T 13.435029 5.374012 2.687006


-2.000000	16b456aa0
10

Q 0.000000 0.000000 0.000000
Y 2.687006 2.687006 0.000000
Q 0.000000 2.687006 -2.687006
F -2.687006 2.687006 -5.374012
W -5.374012 0.000000 -5.374012
K -2.687006 0.000000 -8.061017
N 0.000000 0.000000 -5.374012
F -2.687006 0.000000 -2.687006
Q -5.374012 -2.687006 -2.687006
T -8.061017 0.000000 -2.687006


-2.000000	705ab0410
10

Q 0.000000 0.000000 0.000000
Y 2.687006 2.687006 0.000000
Q 0.000000 5.374012 0.000000
F 2.687006 5.374012 2.687006
W 5.374012 8.061017 2.687006
K 2.687006 8.061017 5.374012
N 0.000000 8.061017 2.687006
F 2.687006 8.061017 0.000000
Q 5.374012 10.748023 0.000000
T 8.061017 8.061017 0.000000


-2.000000	705ab0400
10

Q 0.000000 0.000000 0.000000
Y 2.687006 2.687006 0.000000
Q 5.374012 5.374012 0.000000
F 8.061017 5.374012 2.687006
W 10.748023 8.061017 2.687006
K 8.061017 8.061017 5.374012
N 5.374012 8.061017 2.687006
F 8.061017 8.061017 0.000000
Q 10.748023 10.748023 0.000000
T 13.435029 8.061017 0.000000


-2.000000	16b456900
10

Q 0.000000 0.000000 0.000000
Y 2.687006 2.687006 0.000000
Q 5.374012 5.374012 0.000000
F 5.374012 2.687006 2.687006
W 2.687006 0.000000 2.687006
K 5.374012 0.000000 0.000000
N 8.061017 0.000000 2.687006
F 5.374012 0.000000 5.374012
Q 2.687006 -2.687006 5.374012
T 0.000000 0.000000 5.374012


-2.000000	705ab0340
10

Q 0.000000 0.000000 0.000000
Y 2.687006 2.687006 0.000000
Q 5.374012 2.687006 2.687006
F 5.374012 5.374012 0.000000
W 8.061017 8.061017 0.000000
K 5.374012 8.061017 2.687006
N 2.687006 8.061017 0.000000
F 5.374012 8.061017 -2.687006
Q 8.061017 10.748023 -2.687006
T 10.748023 8.061017 -2.687006


-2.000000	705ab0310
10

Q 0.000000 0.000000 0.000000
Y 2.687006 2.687006 0.000000
Q 0.000000 5.374012 0.000000
F 0.000000 8.061017 -2.687006
W 2.687006 10.748023 -2.687006
K 0.000000 10.748023 0.000000
N -2.687006 10.748023 -2.687006
F 0.000000 10.748023 -5.374012
Q 2.687006 13.435029 -5.374012
T 5.374012 10.748023 -5.374012


-2.000000	705ab0300
10

Q 0.000000 0.000000 0.000000
Y 2.687006 2.687006 0.000000
Q 5.374012 5.374012 0.000000
F 5.374012 8.061017 -2.687006
W 8.061017 10.748023 -2.687006
K 5.374012 10.748023 0.000000
N 2.687006 10.748023 -2.687006
F 5.374012 10.748023 -5.374012
Q 8.061017 13.435029 -5.374012
T 10.748023 10.748023 -5.374012


-2.000000	16b456940
10

Q 0.000000 0.000000 0.000000
Y 2.687006 2.687006 0.000000
Q 5.374012 2.687006 2.687006
F 5.374012 0.000000 5.374012
W 2.687006 -2.687006 5.374012
K 5.374012 -2.687006 2.687006
N 8.061017 -2.687006 5.374012
F 5.374012 -2.687006 8.061017
Q 2.687006 -5.374012 8.061017
T 0.000000 -2.687006 8.061017


-2.000000	705ab03a0
10

Q 0.000000 0.000000 0.000000
Y 2.687006 2.687006 0.000000
Q 0.000000 2.687006 -2.687006
F 0.000000 5.374012 -5.374012
W 2.687006 8.061017 -5.374012
K 0.000000 8.061017 -2.687006
N -2.687006 8.061017 -5.374012
F 0.000000 8.061017 -8.061017
Q 2.687006 10.748023 -8.061017
T 5.374012 8.061017 -8.061017


-2.000000	705ab0240
10

Q 0.000000 0.000000 0.000000
Y 2.687006 2.687006 0.000000
Q 5.374012 2.687006 2.687006
F 5.374012 5.374012 5.374012
W 8.061017 8.061017 5.374012
K 5.374012 8.061017 8.061017
N 2.687006 8.061017 5.374012
F 5.374012 8.061017 2.687006
Q 8.061017 10.748023 2.687006
T 10.748023 8.061017 2.687006


-2.000000	16b4568a0
10

Q 0.000000 0.000000 0.000000
Y 2.687006 2.687006 0.000000
Q 0.000000 2.687006 -2.687006
F 0.000000 0.000000 -5.374012
W -2.687006 -2.687006 -5.374012
K 0.000000 -2.687006 -8.061017
N 2.687006 -2.687006 -5.374012
F 0.000000 -2.687006 -2.687006
Q -2.687006 -5.374012 -2.687006
T -5.374012 -2.687006 -2.687006


-2.000000	705ab0210
10

Q 0.000000 0.000000 0.000000
Y 2.687006 2.687006 0.000000
Q 0.000000 5.374012 0.000000
F 0.000000 8.061017 2.687006
W 2.687006 10.748023 2.687006
K 0.000000 10.748023 5.374012
N -2.687006 10.748023 2.687006
F 0.000000 10.748023 0.000000
Q 2.687006 13.435029 0.000000
T 5.374012 10.748023 0.000000


-2.000000	705ab0200
10

Q 0.000000 0.000000 0.000000
Y 2.687006 2.687006 0.000000
Q 5.374012 5.374012 0.000000
F 5.374012 8.061017 2.687006
W 8.061017 10.748023 2.687006
K 5.374012 10.748023 5.374012
N 2.687006 10.748023 2.687006
F 5.374012 10.748023 0.000000
Q 8.061017 13.435029 0.000000
T 10.748023 10.748023 0.000000


-2.000000	16b456840
10

Q 0.000000 0.000000 0.000000
Y 2.687006 2.687006 0.000000
Q 5.374012 2.687006 2.687006
F 5.374012 0.000000 0.000000
W 2.687006 -2.687006 0.000000
K 5.374012 -2.687006 -2.687006
N 8.061017 -2.687006 0.000000
F 5.374012 -2.687006 2.687006
Q 2.687006 -5.374012 2.687006
T 0.000000 -2.687006 2.687006


-2.000000	705ab02a0
10

Q 0.000000 0.000000 0.000000
Y 2.687006 2.687006 0.000000
Q 0.000000 2.687006 -2.687006
F 0.000000 5.374012 0.000000
W 2.687006 8.061017 0.000000
K 0.000000 8.061017 2.687006
N -2.687006 8.061017 0.000000
F 0.000000 8.061017 -2.687006
Q 2.687006 10.748023 -2.687006
T 5.374012 8.061017 -2.687006


-2.000000	16b456700
10

Q 0.000000 0.000000 0.000000
Y 2.687006 2.687006 0.000000
Q 5.374012 5.374012 0.000000
F 8.061017 2.687006 0.000000
W 5.374012 0.000000 0.000000
K 8.061017 0.000000 -2.687006
N 10.748023 0.000000 0.000000
F 8.061017 0.000000 2.687006
Q 5.374012 -2.687006 2.687006
T 2.687006 0.000000 2.687006


-2.000000	705ab0140
10

Q 0.000000 0.000000 0.000000
Y 2.687006 2.687006 0.000000
Q 5.374012 2.687006 2.687006
F 2.687006 5.374012 2.687006
W 5.374012 8.061017 2.687006
K 2.687006 8.061017 5.374012
N 0.000000 8.061017 2.687006
F 2.687006 8.061017 0.000000
Q 5.374012 10.748023 0.000000
T 8.061017 8.061017 0.000000


-2.000000	16b4567a0
10

Q 0.000000 0.000000 0.000000
Y 2.687006 2.687006 0.000000
Q 0.000000 2.687006 -2.687006
F 2.687006 0.000000 -2.687006
W 0.000000 -2.687006 -2.687006
K 2.687006 -2.687006 -5.374012
N 5.374012 -2.687006 -2.687006
F 2.687006 -2.687006 0.000000
Q 0.000000 -5.374012 0.000000
T -2.687006 -2.687006 0.000000


-2.000000	705ab0110
10

Q 0.000000 0.000000 0.000000
Y 2.687006 2.687006 0.000000
Q 0.000000 5.374012 0.000000
F -2.687006 8.061017 0.000000
W 0.000000 10.748023 0.000000
K -2.687006 10.748023 2.687006
N -5.374012 10.748023 0.000000
F -2.687006 10.748023 -2.687006
Q 0.000000 13.435029 -2.687006
T 2.687006 10.748023 -2.687006


-2.000000	705ab0100
10

Q 0.000000 0.000000 0.000000
Y 2.687006 2.687006 0.000000
Q 5.374012 5.374012 0.000000
F 2.687006 8.061017 0.000000
W 5.374012 10.748023 0.000000
K 2.687006 10.748023 2.687006
N 0.000000 10.748023 0.000000
F 2.687006 10.748023 -2.687006
Q 5.374012 13.435029 -2.687006
T 8.061017 10.748023 -2.687006


-2.000000	16b456740
10

Q 0.000000 0.000000 0.000000
Y 2.687006 2.687006 0.000000
Q 5.374012 2.687006 2.687006
F 8.061017 0.000000 2.687006
W 5.374012 -2.687006 2.687006
K 8.061017 -2.687006 0.000000
N 10.748023 -2.687006 2.687006
F 8.061017 -2.687006 5.374012
Q 5.374012 -5.374012 5.374012
T 2.687006 -2.687006 5.374012


-2.000000	705ab01a0
10

Q 0.000000 0.000000 0.000000
Y 2.687006 2.687006 0.000000
Q 0.000000 2.687006 -2.687006
F -2.687006 5.374012 -2.687006
W 0.000000 8.061017 -2.687006
K -2.687006 8.061017 0.000000
N -5.374012 8.061017 -2.687006
F -2.687006 8.061017 -5.374012
Q 0.000000 10.748023 -5.374012
T 2.687006 8.061017 -5.374012


-2.000000	705ab0040
10

Q 0.000000 0.000000 0.000000
Y 2.687006 2.687006 0.000000
Q 5.374012 2.687006 2.687006
F 8.061017 5.374012 2.687006
W 10.748023 8.061017 2.687006
K 8.061017 8.061017 5.374012
N 5.374012 8.061017 2.687006
F 8.061017 8.061017 0.000000
Q 10.748023 10.748023 0.000000
T 13.435029 8.061017 0.000000


-2.000000	16b4566a0
10

Q 0.000000 0.000000 0.000000
Y 2.687006 2.687006 0.000000
Q 0.000000 2.687006 -2.687006
F -2.687006 0.000000 -2.687006
W -5.374012 -2.687006 -2.687006
K -2.687006 -2.687006 -5.374012
N 0.000000 -2.687006 -2.687006
F -2.687006 -2.687006 0.000000
Q -5.374012 -5.374012 0.000000
T -8.061017 -2.687006 0.000000


-2.000000	705ab0010
10

Q 0.000000 0.000000 0.000000
Y 2.687006 2.687006 0.000000
Q 0.000000 5.374012 0.000000
F 2.687006 8.061017 0.000000
W 5.374012 10.748023 0.000000
K 2.687006 10.748023 2.687006
N 0.000000 10.748023 0.000000
F 2.687006 10.748023 -2.687006
Q 5.374012 13.435029 -2.687006
T 8.061017 10.748023 -2.687006


-2.000000	705ab0000
10

Q 0.000000 0.000000 0.000000
Y 2.687006 2.687006 0.000000
Q 5.374012 5.374012 0.000000
F 8.061017 8.061017 0.000000
W 10.748023 10.748023 0.000000
K 8.061017 10.748023 2.687006
N 5.374012 10.748023 0.000000
F 8.061017 10.748023 -2.687006
Q 10.748023 13.435029 -2.687006
T 13.435029 10.748023 -2.687006


-2.000000	16b456640
10

Q 0.000000 0.000000 0.000000
Y 2.687006 2.687006 0.000000
Q 5.374012 2.687006 2.687006
F 2.687006 0.000000 2.687006
W 0.000000 -2.687006 2.687006
K 2.687006 -2.687006 0.000000
N 5.374012 -2.687006 2.687006
F 2.687006 -2.687006 5.374012
Q 0.000000 -5.374012 5.374012
T -2.687006 -2.687006 5.374012


-2.000000	705ab00a0
10

Q 0.000000 0.000000 0.000000
Y 2.687006 2.687006 0.000000
Q 0.000000 2.687006 -2.687006
F 2.687006 5.374012 -2.687006
W 5.374012 8.061017 -2.687006
K 2.687006 8.061017 0.000000
N 0.000000 8.061017 -2.687006
F 2.687006 8.061017 -5.374012
Q 5.374012 10.748023 -5.374012
T 8.061017 8.061017 -5.374012


-2.000000	705ab0b40
10

Q 0.000000 0.000000 0.000000
Y 2.687006 2.687006 0.000000
Q 5.374012 2.687006 2.687006
F 2.687006 2.687006 5.374012
W 5.374012 5.374012 5.374012
K 2.687006 5.374012 8.061017
N 0.000000 5.374012 5.374012
F 2.687006 5.374012 2.687006
Q 5.374012 8.061017 2.687006
T 8.061017 5.374012 2.687006


-2.000000	16b4565a0
10

Q 0.000000 0.000000 0.000000
Y 2.687006 2.687006 0.000000
Q 0.000000 2.687006 -2.687006
F 2.687006 2.687006 -5.374012
W 0.000000 0.000000 -5.374012
K 2.687006 0.000000 -8.061017
N 5.374012 0.000000 -5.374012
F 2.687006 0.000000 -2.687006
Q 0.000000 -2.687006 -2.687006
T -2.687006 0.000000 -2.687006


-2.000000	705ab0b10
10

Q 0.000000 0.000000 0.000000
Y 2.687006 2.687006 0.000000
Q 0.000000 5.374012 0.000000
F -2.687006 5.374012 2.687006
W 0.000000 8.061017 2.687006
K -2.687006 8.061017 5.374012
N -5.374012 8.061017 2.687006
F -2.687006 8.061017 0.000000
Q 0.000000 10.748023 0.000000
T 2.687006 8.061017 0.000000


-2.000000	705ab0b00
10

Q 0.000000 0.000000 0.000000
Y 2.687006 2.687006 0.000000
Q 5.374012 5.374012 0.000000
F 2.687006 5.374012 2.687006
W 5.374012 8.061017 2.687006
K 2.687006 8.061017 5.374012
N 0.000000 8.061017 2.687006
F 2.687006 8.061017 0.000000
Q 5.374012 10.748023 0.000000
T 8.061017 8.061017 0.000000


-2.000000	16b456540
10

Q 0.000000 0.000000 0.000000
Y 2.687006 2.687006 0.000000
Q 5.374012 2.687006 2.687006
F 8.061017 2.687006 0.000000
W 5.374012 0.000000 0.000000
K 8.061017 0.000000 -2.687006
N 10.748023 0.000000 0.000000
F 8.061017 0.000000 2.687006
Q 5.374012 -2.687006 2.687006
T 2.687006 0.000000 2.687006


-2.000000	705ab0ba0
10

Q 0.000000 0.000000 0.000000
Y 2.687006 2.687006 0.000000
Q 0.000000 2.687006 -2.687006
F -2.687006 2.687006 0.000000
W 0.000000 5.374012 0.000000
K -2.687006 5.374012 2.687006
N -5.374012 5.374012 0.000000
F -2.687006 5.374012 -2.687006
Q 0.000000 8.061017 -2.687006
T 2.687006 5.374012 -2.687006


-2.000000	705ab0a10
10

Q 0.000000 0.000000 0.000000
Y 2.687006 2.687006 0.000000
Q 0.000000 5.374012 0.000000
F -2.687006 5.374012 -2.687006
W 0.000000 8.061017 -2.687006
K -2.687006 8.061017 0.000000
N -5.374012 8.061017 -2.687006
F -2.687006 8.061017 -5.374012
Q 0.000000 10.748023 -5.374012
T 2.687006 8.061017 -5.374012


-2.000000	705ab0a00
10

Q 0.000000 0.000000 0.000000
Y 2.687006 2.687006 0.000000
Q 5.374012 5.374012 0.000000
F 2.687006 5.374012 -2.687006
W 5.374012 8.061017 -2.687006
K 2.687006 8.061017 0.000000
N 0.000000 8.061017 -2.687006
F 2.687006 8.061017 -5.374012
Q 5.374012 10.748023 -5.374012
T 8.061017 8.061017 -5.374012


-2.000000	16b456440
10

Q 0.000000 0.000000 0.000000
Y 2.687006 2.687006 0.000000
Q 5.374012 2.687006 2.687006
F 8.061017 2.687006 5.374012
W 5.374012 0.000000 5.374012
K 8.061017 0.000000 2.687006
N 10.748023 0.000000 5.374012
F 8.061017 0.000000 8.061017
Q 5.374012 -2.687006 8.061017
T 2.687006 0.000000 8.061017


-2.000000	705ab0aa0
10

Q 0.000000 0.000000 0.000000
Y 2.687006 2.687006 0.000000
Q 0.000000 2.687006 -2.687006
F -2.687006 2.687006 -5.374012
W 0.000000 5.374012 -5.374012
K -2.687006 5.374012 -2.687006
N -5.374012 5.374012 -5.374012
F -2.687006 5.374012 -8.061017
Q 0.000000 8.061017 -8.061017
T 2.687006 5.374012 -8.061017


-2.000000	16b456400
10

Q 0.000000 0.000000 0.000000
Y 2.687006 2.687006 0.000000
Q 5.374012 5.374012 0.000000
F 8.061017 5.374012 2.687006
W 5.374012 2.687006 2.687006
K 8.061017 2.687006 0.000000
N 10.748023 2.687006 2.687006
F 8.061017 2.687006 5.374012
Q 5.374012 0.000000 5.374012
T 2.687006 2.687006 5.374012


-2.000000	270566b40
10

Q 0.000000 0.000000 0.000000
Y 2.687006 2.687006 0.000000
Q 5.374012 2.687006 2.687006
F 2.687006 2.687006 5.374012
W 0.000000 0.000000 5.374012
K -2.687006 -2.687006 5.374012
N 0.000000 -2.687006 2.687006
F 2.687006 0.000000 2.687006
Q 5.374012 -2.687006 2.687006
T 5.374012 0.000000 5.374012


-2.000000	816b005a0
10

Q 0.000000 0.000000 0.000000
Y 2.687006 2.687006 0.000000
Q 0.000000 2.687006 -2.687006
F 2.687006 2.687006 -5.374012
W 5.374012 5.374012 -5.374012
K 8.061017 8.061017 -5.374012
N 5.374012 8.061017 -2.687006
F 2.687006 5.374012 -2.687006
Q 0.000000 8.061017 -2.687006
T 0.000000 5.374012 -5.374012


-2.000000	05a344910
10

Q 0.000000 0.000000 0.000000
Y 2.687006 2.687006 0.000000
Q 0.000000 5.374012 0.000000
F 0.000000 2.687006 2.687006
W 2.687006 2.687006 5.374012
K 5.374012 2.687006 8.061017
N 5.374012 5.374012 5.374012
F 2.687006 5.374012 2.687006
Q 5.374012 5.374012 0.000000
T 8.061017 8.061017 0.000000


-2.000000	05a344900
10

Q 0.000000 0.000000 0.000000
Y 2.687006 2.687006 0.000000
Q 5.374012 5.374012 0.000000
F 5.374012 2.687006 2.687006
W 8.061017 2.687006 5.374012
K 10.748023 2.687006 8.061017
N 10.748023 5.374012 5.374012
F 8.061017 5.374012 2.687006
Q 10.748023 5.374012 0.000000
T 13.435029 8.061017 0.000000


-2.000000	816b00540
10

Q 0.000000 0.000000 0.000000
Y 2.687006 2.687006 0.000000
Q 5.374012 2.687006 2.687006
F 8.061017 2.687006 0.000000
W 10.748023 5.374012 0.000000
K 13.435029 8.061017 0.000000
N 10.748023 8.061017 2.687006
F 8.061017 5.374012 2.687006
Q 5.374012 8.061017 2.687006
T 5.374012 5.374012 0.000000


-2.000000	6b49aa310
10

Q 0.000000 0.000000 0.000000
Y 2.687006 2.687006 0.000000
Q 0.000000 5.374012 0.000000
F 0.000000 8.061017 -2.687006
W -2.687006 8.061017 -5.374012
K -5.374012 8.061017 -8.061017
N -5.374012 5.374012 -5.374012
F -2.687006 5.374012 -2.687006
Q -5.374012 5.374012 0.000000
T -8.061017 2.687006 0.000000


-2.000000	6b49aa300
10

Q 0.000000 0.000000 0.000000
Y 2.687006 2.687006 0.000000
Q 5.374012 5.374012 0.000000
F 5.374012 8.061017 -2.687006
W 2.687006 8.061017 -5.374012
K 0.000000 8.061017 -8.061017
N 0.000000 5.374012 -5.374012
F 2.687006 5.374012 -2.687006
Q 0.000000 5.374012 0.000000
T -2.687006 2.687006 0.000000


-2.000000	816b00510
10

Q 0.000000 0.000000 0.000000
Y 2.687006 2.687006 0.000000
Q 0.000000 5.374012 0.000000
F 2.687006 5.374012 -2.687006
W 5.374012 8.061017 -2.687006
K 8.061017 10.748023 -2.687006
N 5.374012 10.748023 0.000000
F 2.687006 8.061017 0.000000
Q 0.000000 10.748023 0.000000
T 0.000000 8.061017 -2.687006


-2.000000	816b00500
10

Q 0.000000 0.000000 0.000000
Y 2.687006 2.687006 0.000000
Q 5.374012 5.374012 0.000000
F 8.061017 5.374012 -2.687006
W 10.748023 8.061017 -2.687006
K 13.435029 10.748023 -2.687006
N 10.748023 10.748023 0.000000
F 8.061017 8.061017 0.000000
Q 5.374012 10.748023 0.000000
T 5.374012 8.061017 -2.687006


-2.000000	05a344940
10

Q 0.000000 0.000000 0.000000
Y 2.687006 2.687006 0.000000
Q 5.374012 2.687006 2.687006
F 5.374012 0.000000 5.374012
W 8.061017 0.000000 8.061017
K 10.748023 0.000000 10.748023
N 10.748023 2.687006 8.061017
F 8.061017 2.687006 5.374012
Q 10.748023 2.687006 2.687006
T 13.435029 5.374012 2.687006


-2.000000	6b49aa3a0
10

Q 0.000000 0.000000 0.000000
Y 2.687006 2.687006 0.000000
Q 0.000000 2.687006 -2.687006
F 0.000000 5.374012 -5.374012
W -2.687006 5.374012 -8.061017
K -5.374012 5.374012 -10.748023
N -5.374012 2.687006 -8.061017
F -2.687006 2.687006 -5.374012
Q -5.374012 2.687006 -2.687006
T -8.061017 0.000000 -2.687006


-2.000000	05a344800
10

Q 0.000000 0.000000 0.000000
Y 2.687006 2.687006 0.000000
Q 5.374012 5.374012 0.000000
F 5.374012 2.687006 -2.687006
W 8.061017 2.687006 0.000000
K 10.748023 2.687006 2.687006
N 10.748023 5.374012 0.000000
F 8.061017 5.374012 -2.687006
Q 10.748023 5.374012 -5.374012
T 13.435029 8.061017 -5.374012


-2.000000	270566a10
10

Q 0.000000 0.000000 0.000000
Y 2.687006 2.687006 0.000000
Q 0.000000 5.374012 0.000000
F -2.687006 5.374012 -2.687006
W -5.374012 2.687006 -2.687006
K -8.061017 0.000000 -2.687006
N -5.374012 0.000000 -5.374012
F -2.687006 2.687006 -5.374012
Q 0.000000 0.000000 -5.374012
T 0.000000 2.687006 -2.687006


-2.000000	270566a00
10

Q 0.000000 0.000000 0.000000
Y 2.687006 2.687006 0.000000
Q 5.374012 5.374012 0.000000
F 2.687006 5.374012 -2.687006
W 0.000000 2.687006 -2.687006
K -2.687006 0.000000 -2.687006
N 0.000000 0.000000 -5.374012
F 2.687006 2.687006 -5.374012
Q 5.374012 0.000000 -5.374012
T 5.374012 2.687006 -2.687006


-2.000000	6b49aa240
10

Q 0.000000 0.000000 0.000000
Y 2.687006 2.687006 0.000000
Q 5.374012 2.687006 2.687006
F 5.374012 5.374012 5.374012
W 2.687006 5.374012 2.687006
K 0.000000 5.374012 0.000000
N 0.000000 2.687006 2.687006
F 2.687006 2.687006 5.374012
Q 0.000000 2.687006 8.061017
T -2.687006 0.000000 8.061017


-2.000000	05a3448a0
10

Q 0.000000 0.000000 0.000000
Y 2.687006 2.687006 0.000000
Q 0.000000 2.687006 -2.687006
F 0.000000 0.000000 -5.374012
W 2.687006 0.000000 -2.687006
K 5.374012 0.000000 0.000000
N 5.374012 2.687006 -2.687006
F 2.687006 2.687006 -5.374012
Q 5.374012 2.687006 -8.061017
T 8.061017 5.374012 -8.061017


-2.000000	816b00440
10

Q 0.000000 0.000000 0.000000
Y 2.687006 2.687006 0.000000
Q 5.374012 2.687006 2.687006
F 8.061017 2.687006 5.374012
W 10.748023 5.374012 5.374012
K 13.435029 8.061017 5.374012
N 10.748023 8.061017 8.061017
F 8.061017 5.374012 8.061017
Q 5.374012 8.061017 8.061017
T 5.374012 5.374012 5.374012


-2.000000	270566aa0
10

Q 0.000000 0.000000 0.000000
Y 2.687006 2.687006 0.000000
Q 0.000000 2.687006 -2.687006
F -2.687006 2.687006 -5.374012
W -5.374012 0.000000 -5.374012
K -8.061017 -2.687006 -5.374012
N -5.374012 -2.687006 -8.061017
F -2.687006 0.000000 -8.061017
Q 0.000000 -2.687006 -8.061017
T 0.000000 0.000000 -5.374012


-2.000000	6b49aa210
10

Q 0.000000 0.000000 0.000000
Y 2.687006 2.687006 0.000000
Q 0.000000 5.374012 0.000000
F 0.000000 8.061017 2.687006
W -2.687006 8.061017 0.000000
K -5.374012 8.061017 -2.687006
N -5.374012 5.374012 0.000000
F -2.687006 5.374012 2.687006
Q -5.374012 5.374012 5.374012
T -8.061017 2.687006 5.374012


-2.000000	6b49aa200
10

Q 0.000000 0.000000 0.000000
Y 2.687006 2.687006 0.000000
Q 5.374012 5.374012 0.000000
F 5.374012 8.061017 2.687006
W 2.687006 8.061017 0.000000
K 0.000000 8.061017 -2.687006
N 0.000000 5.374012 0.000000
F 2.687006 5.374012 2.687006
Q 0.000000 5.374012 5.374012
T -2.687006 2.687006 5.374012


-2.000000	816b00410
10

Q 0.000000 0.000000 0.000000
Y 2.687006 2.687006 0.000000
Q 0.000000 5.374012 0.000000
F 2.687006 5.374012 2.687006
W 5.374012 8.061017 2.687006
K 8.061017 10.748023 2.687006
N 5.374012 10.748023 5.374012
F 2.687006 8.061017 5.374012
Q 0.000000 10.748023 5.374012
T 0.000000 8.061017 2.687006


-2.000000	816b00400
10

Q 0.000000 0.000000 0.000000
Y 2.687006 2.687006 0.000000
Q 5.374012 5.374012 0.000000
F 8.061017 5.374012 2.687006
W 10.748023 8.061017 2.687006
K 13.435029 10.748023 2.687006
N 10.748023 10.748023 5.374012
F 8.061017 8.061017 5.374012
Q 5.374012 10.748023 5.374012
T 5.374012 8.061017 2.687006


-2.000000	05a344840
10

Q 0.000000 0.000000 0.000000
Y 2.687006 2.687006 0.000000
Q 5.374012 2.687006 2.687006
F 5.374012 0.000000 0.000000
W 8.061017 0.000000 2.687006
K 10.748023 0.000000 5.374012
N 10.748023 2.687006 2.687006
F 8.061017 2.687006 0.000000
Q 10.748023 2.687006 -2.687006
T 13.435029 5.374012 -2.687006


-2.000000	6b49aa2a0
10

Q 0.000000 0.000000 0.000000
Y 2.687006 2.687006 0.000000
Q 0.000000 2.687006 -2.687006
F 0.000000 5.374012 0.000000
W -2.687006 5.374012 -2.687006
K -5.374012 5.374012 -5.374012
N -5.374012 2.687006 -2.687006
F -2.687006 2.687006 0.000000
Q -5.374012 2.687006 2.687006
T -8.061017 0.000000 2.687006


-2.000000	05a344700
10

Q 0.000000 0.000000 0.000000
Y 2.687006 2.687006 0.000000
Q 5.374012 5.374012 0.000000
F 8.061017 2.687006 0.000000
W 10.748023 2.687006 2.687006
K 13.435029 2.687006 5.374012
N 13.435029 5.374012 2.687006
F 10.748023 5.374012 0.000000
Q 13.435029 5.374012 -2.687006
T 16.122035 8.061017 -2.687006


-2.000000	270566900
10

Q 0.000000 0.000000 0.000000
Y 2.687006 2.687006 0.000000
Q 5.374012 5.374012 0.000000
F 5.374012 2.687006 2.687006
W 2.687006 0.000000 2.687006
K 0.000000 -2.687006 2.687006
N 2.687006 -2.687006 0.000000
F 5.374012 0.000000 0.000000
Q 8.061017 -2.687006 0.000000
T 8.061017 0.000000 2.687006


-2.000000	6b49aa140
10

Q 0.000000 0.000000 0.000000
Y 2.687006 2.687006 0.000000
Q 5.374012 2.687006 2.687006
F 2.687006 5.374012 2.687006
W 0.000000 5.374012 0.000000
K -2.687006 5.374012 -2.687006
N -2.687006 2.687006 0.000000
F 0.000000 2.687006 2.687006
Q -2.687006 2.687006 5.374012
T -5.374012 0.000000 5.374012


-2.000000	05a3447a0
10

Q 0.000000 0.000000 0.000000
Y 2.687006 2.687006 0.000000
Q 0.000000 2.687006 -2.687006
F 2.687006 0.000000 -2.687006
W 5.374012 0.000000 0.000000
K 8.061017 0.000000 2.687006
N 8.061017 2.687006 0.000000
F 5.374012 2.687006 -2.687006
Q 8.061017 2.687006 -5.374012
T 10.748023 5.374012 -5.374012


-2.000000	816b00340
10

Q 0.000000 0.000000 0.000000
Y 2.687006 2.687006 0.000000
Q 5.374012 2.687006 2.687006
F 5.374012 5.374012 0.000000
W 8.061017 8.061017 0.000000
K 10.748023 10.748023 0.000000
N 8.061017 10.748023 2.687006
F 5.374012 8.061017 2.687006
Q 2.687006 10.748023 2.687006
T 2.687006 8.061017 0.000000


-2.000000	6b49aa110
10

Q 0.000000 0.000000 0.000000
Y 2.687006 2.687006 0.000000
Q 0.000000 5.374012 0.000000
F -2.687006 8.061017 0.000000
W -5.374012 8.061017 -2.687006
K -8.061017 8.061017 -5.374012
N -8.061017 5.374012 -2.687006
F -5.374012 5.374012 0.000000
Q -8.061017 5.374012 2.687006
T -10.748023 2.687006 2.687006


-2.000000	6b49aa100
10

Q 0.000000 0.000000 0.000000
Y 2.687006 2.687006 0.000000
Q 5.374012 5.374012 0.000000
F 2.687006 8.061017 0.000000
W 0.000000 8.061017 -2.687006
K -2.687006 8.061017 -5.374012
N -2.687006 5.374012 -2.687006
F 0.000000 5.374012 0.000000
Q -2.687006 5.374012 2.687006
T -5.374012 2.687006 2.687006


-2.000000	816b00310
10

Q 0.000000 0.000000 0.000000
Y 2.687006 2.687006 0.000000
Q 0.000000 5.374012 0.000000
F 0.000000 8.061017 -2.687006
W 2.687006 10.748023 -2.687006
K 5.374012 13.435029 -2.687006
N 2.687006 13.435029 0.000000
F 0.000000 10.748023 0.000000
Q -2.687006 13.435029 0.000000
T -2.687006 10.748023 -2.687006


-2.000000	816b00300
10

Q 0.000000 0.000000 0.000000
Y 2.687006 2.687006 0.000000
Q 5.374012 5.374012 0.000000
F 5.374012 8.061017 -2.687006
W 8.061017 10.748023 -2.687006
K 10.748023 13.435029 -2.687006
N 8.061017 13.435029 0.000000
F 5.374012 10.748023 0.000000
Q 2.687006 13.435029 0.000000
T 2.687006 10.748023 -2.687006


-2.000000	05a344740
10

Q 0.000000 0.000000 0.000000
Y 2.687006 2.687006 0.000000
Q 5.374012 2.687006 2.687006
F 8.061017 0.000000 2.687006
W 10.748023 0.000000 5.374012
K 13.435029 0.000000 8.061017
N 13.435029 2.687006 5.374012
F 10.748023 2.687006 2.687006
Q 13.435029 2.687006 0.000000
T 16.122035 5.374012 0.000000


-2.000000	6b49aa1a0
10

Q 0.000000 0.000000 0.000000
Y 2.687006 2.687006 0.000000
Q 0.000000 2.687006 -2.687006
F -2.687006 5.374012 -2.687006
W -5.374012 5.374012 -5.374012
K -8.061017 5.374012 -8.061017
N -8.061017 2.687006 -5.374012
F -5.374012 2.687006 -2.687006
Q -8.061017 2.687006 0.000000
T -10.748023 0.000000 0.000000


-2.000000	270566940
10

Q 0.000000 0.000000 0.000000
Y 2.687006 2.687006 0.000000
Q 5.374012 2.687006 2.687006
F 5.374012 0.000000 5.374012
W 2.687006 -2.687006 5.374012
K 0.000000 -5.374012 5.374012
N 2.687006 -5.374012 2.687006
F 5.374012 -2.687006 2.687006
Q 8.061017 -5.374012 2.687006
T 8.061017 -2.687006 5.374012


-2.000000	816b003a0
10

Q 0.000000 0.000000 0.000000
Y 2.687006 2.687006 0.000000
Q 0.000000 2.687006 -2.687006
F 0.000000 5.374012 -5.374012
W 2.687006 8.061017 -5.374012
K 5.374012 10.748023 -5.374012
N 2.687006 10.748023 -2.687006
F 0.000000 8.061017 -2.687006
Q -2.687006 10.748023 -2.687006
T -2.687006 8.061017 -5.374012


-2.000000	270566810
10

Q 0.000000 0.000000 0.000000
Y 2.687006 2.687006 0.000000
Q 0.000000 5.374012 0.000000
F 0.000000 2.687006 -2.687006
W -2.687006 0.000000 -2.687006
K -5.374012 -2.687006 -2.687006
N -2.687006 -2.687006 -5.374012
F 0.000000 0.000000 -5.374012
Q 2.687006 -2.687006 -5.374012
T 2.687006 0.000000 -2.687006


-2.000000	270566800
10

Q 0.000000 0.000000 0.000000
Y 2.687006 2.687006 0.000000
Q 5.374012 5.374012 0.000000
F 5.374012 2.687006 -2.687006
W 2.687006 0.000000 -2.687006
K 0.000000 -2.687006 -2.687006
N 2.687006 -2.687006 -5.374012
F 5.374012 0.000000 -5.374012
Q 8.061017 -2.687006 -5.374012
T 8.061017 0.000000 -2.687006


-2.000000	816b00240
10

Q 0.000000 0.000000 0.000000
Y 2.687006 2.687006 0.000000
Q 5.374012 2.687006 2.687006
F 5.374012 5.374012 5.374012
W 8.061017 8.061017 5.374012
K 10.748023 10.748023 5.374012
N 8.061017 10.748023 8.061017
F 5.374012 8.061017 8.061017
Q 2.687006 10.748023 8.061017
T 2.687006 8.061017 5.374012


-2.000000	2705668a0
10

Q 0.000000 0.000000 0.000000
Y 2.687006 2.687006 0.000000
Q 0.000000 2.687006 -2.687006
F 0.000000 0.000000 -5.374012
W -2.687006 -2.687006 -5.374012
K -5.374012 -5.374012 -5.374012
N -2.687006 -5.374012 -8.061017
F 0.000000 -2.687006 -8.061017
Q 2.687006 -5.374012 -8.061017
T 2.687006 -2.687006 -5.374012


-2.000000	816b00210
10

Q 0.000000 0.000000 0.000000
Y 2.687006 2.687006 0.000000
Q 0.000000 5.374012 0.000000
F 0.000000 8.061017 2.687006
W 2.687006 10.748023 2.687006
K 5.374012 13.435029 2.687006
N 2.687006 13.435029 5.374012
F 0.000000 10.748023 5.374012
Q -2.687006 13.435029 5.374012
T -2.687006 10.748023 2.687006


-2.000000	816b00200
10

Q 0.000000 0.000000 0.000000
Y 2.687006 2.687006 0.000000
Q 5.374012 5.374012 0.000000
F 5.374012 8.061017 2.687006
W 8.061017 10.748023 2.687006
K 10.748023 13.435029 2.687006
N 8.061017 13.435029 5.374012
F 5.374012 10.748023 5.374012
Q 2.687006 13.435029 5.374012
T 2.687006 10.748023 2.687006


-2.000000	270566840
10

Q 0.000000 0.000000 0.000000
Y 2.687006 2.687006 0.000000
Q 5.374012 2.687006 2.687006
F 5.374012 0.000000 0.000000
W 2.687006 -2.687006 0.000000
K 0.000000 -5.374012 0.000000
N 2.687006 -5.374012 -2.687006
F 5.374012 -2.687006 -2.687006
Q 8.061017 -5.374012 -2.687006
T 8.061017 -2.687006 0.000000


-2.000000	816b002a0
10

Q 0.000000 0.000000 0.000000
Y 2.687006 2.687006 0.000000
Q 0.000000 2.687006 -2.687006
F 0.000000 5.374012 0.000000
W 2.687006 8.061017 0.000000
K 5.374012 10.748023 0.000000
N 2.687006 10.748023 2.687006
F 0.000000 8.061017 2.687006
Q -2.687006 10.748023 2.687006
T -2.687006 8.061017 0.000000


-2.000000	270566700
10

Q 0.000000 0.000000 0.000000
Y 2.687006 2.687006 0.000000
Q 5.374012 5.374012 0.000000
F 8.061017 2.687006 0.000000
W 5.374012 0.000000 0.000000
K 2.687006 -2.687006 0.000000
N 5.374012 -2.687006 -2.687006
F 8.061017 0.000000 -2.687006
Q 10.748023 -2.687006 -2.687006
T 10.748023 0.000000 0.000000


-2.000000	6b49aab40
10

Q 0.000000 0.000000 0.000000
Y 2.687006 2.687006 0.000000
Q 5.374012 2.687006 2.687006
F 2.687006 2.687006 5.374012
W 0.000000 2.687006 2.687006
K -2.687006 2.687006 0.000000
N -2.687006 0.000000 2.687006
F 0.000000 0.000000 5.374012
Q -2.687006 0.000000 8.061017
T -5.374012 -2.687006 8.061017


-2.000000	05a3445a0
10

Q 0.000000 0.000000 0.000000
Y 2.687006 2.687006 0.000000
Q 0.000000 2.687006 -2.687006
F 2.687006 2.687006 -5.374012
W 5.374012 2.687006 -2.687006
K 8.061017 2.687006 0.000000
N 8.061017 5.374012 -2.687006
F 5.374012 5.374012 -5.374012
Q 8.061017 5.374012 -8.061017
T 10.748023 8.061017 -8.061017


-2.000000	816b00140
10

Q 0.000000 0.000000 0.000000
Y 2.687006 2.687006 0.000000
Q 5.374012 2.687006 2.687006
F 2.687006 5.374012 2.687006
W 5.374012 8.061017 2.687006
K 8.061017 10.748023 2.687006
N 5.374012 10.748023 5.374012
F 2.687006 8.061017 5.374012
Q 0.000000 10.748023 5.374012
T 0.000000 8.061017 2.687006


-2.000000	2705667a0
10

Q 0.000000 0.000000 0.000000
Y 2.687006 2.687006 0.000000
Q 0.000000 2.687006 -2.687006
F 2.687006 0.000000 -2.687006
W 0.000000 -2.687006 -2.687006
K -2.687006 -5.374012 -2.687006
N 0.000000 -5.374012 -5.374012
F 2.687006 -2.687006 -5.374012
Q 5.374012 -5.374012 -5.374012
T 5.374012 -2.687006 -2.687006


-2.000000	6b49aab10
10

Q 0.000000 0.000000 0.000000
Y 2.687006 2.687006 0.000000
Q 0.000000 5.374012 0.000000
F -2.687006 5.374012 2.687006
W -5.374012 5.374012 0.000000
K -8.061017 5.374012 -2.687006
N -8.061017 2.687006 0.000000
F -5.374012 2.687006 2.687006
Q -8.061017 2.687006 5.374012
T -10.748023 0.000000 5.374012


-2.000000	6b49aab00
10

Q 0.000000 0.000000 0.000000
Y 2.687006 2.687006 0.000000
Q 5.374012 5.374012 0.000000
F 2.687006 5.374012 2.687006
W 0.000000 5.374012 0.000000
K -2.687006 5.374012 -2.687006
N -2.687006 2.687006 0.000000
F 0.000000 2.687006 2.687006
Q -2.687006 2.687006 5.374012
T -5.374012 0.000000 5.374012


-2.000000	816b00110
10

Q 0.000000 0.000000 0.000000
Y 2.687006 2.687006 0.000000
Q 0.000000 5.374012 0.000000
F -2.687006 8.061017 0.000000
W 0.000000 10.748023 0.000000
K 2.687006 13.435029 0.000000
N 0.000000 13.435029 2.687006
F -2.687006 10.748023 2.687006
Q -5.374012 13.435029 2.687006
T -5.374012 10.748023 0.000000


-2.000000	816b00100
10

Q 0.000000 0.000000 0.000000
Y 2.687006 2.687006 0.000000
Q 5.374012 5.374012 0.000000
F 2.687006 8.061017 0.000000
W 5.374012 10.748023 0.000000
K 8.061017 13.435029 0.000000
N 5.374012 13.435029 2.687006
F 2.687006 10.748023 2.687006
Q 0.000000 13.435029 2.687006
T 0.000000 10.748023 0.000000


-2.000000	05a344540
10

Q 0.000000 0.000000 0.000000
Y 2.687006 2.687006 0.000000
Q 5.374012 2.687006 2.687006
F 8.061017 2.687006 0.000000
W 10.748023 2.687006 2.687006
K 13.435029 2.687006 5.374012
N 13.435029 5.374012 2.687006
F 10.748023 5.374012 0.000000
Q 13.435029 5.374012 -2.687006
T 16.122035 8.061017 -2.687006


-2.000000	6b49aaba0
10

Q 0.000000 0.000000 0.000000
Y 2.687006 2.687006 0.000000
Q 0.000000 2.687006 -2.687006
F -2.687006 2.687006 0.000000
W -5.374012 2.687006 -2.687006
K -8.061017 2.687006 -5.374012
N -8.061017 0.000000 -2.687006
F -5.374012 0.000000 0.000000
Q -8.061017 0.000000 2.687006
T -10.748023 -2.687006 2.687006


-2.000000	270566740
10

Q 0.000000 0.000000 0.000000
Y 2.687006 2.687006 0.000000
Q 5.374012 2.687006 2.687006
F 8.061017 0.000000 2.687006
W 5.374012 -2.687006 2.687006
K 2.687006 -5.374012 2.687006
N 5.374012 -5.374012 0.000000
F 8.061017 -2.687006 0.000000
Q 10.748023 -5.374012 0.000000
T 10.748023 -2.687006 2.687006


-2.000000	816b001a0
10

Q 0.000000 0.000000 0.000000
Y 2.687006 2.687006 0.000000
Q 0.000000 2.687006 -2.687006
F -2.687006 5.374012 -2.687006
W 0.000000 8.061017 -2.687006
K 2.687006 10.748023 -2.687006
N 0.000000 10.748023 0.000000
F -2.687006 8.061017 0.000000
Q -5.374012 10.748023 0.000000
T -5.374012 8.061017 -2.687006


-2.000000	05a344510
10

Q 0.000000 0.000000 0.000000
Y 2.687006 2.687006 0.000000
Q 0.000000 5.374012 0.000000
F 2.687006 5.374012 -2.687006
W 5.374012 5.374012 0.000000
K 8.061017 5.374012 2.687006
N 8.061017 8.061017 0.000000
F 5.374012 8.061017 -2.687006
Q 8.061017 8.061017 -5.374012
T 10.748023 10.748023 -5.374012


-2.000000	05a344500
10

Q 0.000000 0.000000 0.000000
Y 2.687006 2.687006 0.000000
Q 5.374012 5.374012 0.000000
F 8.061017 5.374012 -2.687006
W 10.748023 5.374012 0.000000
K 13.435029 5.374012 2.687006
N 13.435029 8.061017 0.000000
F 10.748023 8.061017 -2.687006
Q 13.435029 8.061017 -5.374012
T 16.122035 10.748023 -5.374012


-2.000000	816b00040
10

Q 0.000000 0.000000 0.000000
Y 2.687006 2.687006 0.000000
Q 5.374012 2.687006 2.687006
F 8.061017 5.374012 2.687006
W 10.748023 8.061017 2.687006
K 13.435029 10.748023 2.687006
N 10.748023 10.748023 5.374012
F 8.061017 8.061017 5.374012
Q 5.374012 10.748023 5.374012
T 5.374012 8.061017 2.687006


-2.000000	2705666a0
10

Q 0.000000 0.000000 0.000000
Y 2.687006 2.687006 0.000000
Q 0.000000 2.687006 -2.687006
F -2.687006 0.000000 -2.687006
W -5.374012 -2.687006 -2.687006
K -8.061017 -5.374012 -2.687006
N -5.374012 -5.374012 -5.374012
F -2.687006 -2.687006 -5.374012
Q 0.000000 -5.374012 -5.374012
T 0.000000 -2.687006 -2.687006


-2.000000	6b49aaa10
10

Q 0.000000 0.000000 0.000000
Y 2.687006 2.687006 0.000000
Q 0.000000 5.374012 0.000000
F -2.687006 5.374012 -2.687006
W -5.374012 5.374012 -5.374012
K -8.061017 5.374012 -8.061017
N -8.061017 2.687006 -5.374012
F -5.374012 2.687006 -2.687006
Q -8.061017 2.687006 0.000000
T -10.748023 0.000000 0.000000


-2.000000	6b49aaa00
10

Q 0.000000 0.000000 0.000000
Y 2.687006 2.687006 0.000000
Q 5.374012 5.374012 0.000000
F 2.687006 5.374012 -2.687006
W 0.000000 5.374012 -5.374012
K -2.687006 5.374012 -8.061017
N -2.687006 2.687006 -5.374012
F 0.000000 2.687006 -2.687006
Q -2.687006 2.687006 0.000000
T -5.374012 0.000000 0.000000


-2.000000	816b00010
10

Q 0.000000 0.000000 0.000000
Y 2.687006 2.687006 0.000000
Q 0.000000 5.374012 0.000000
F 2.687006 8.061017 0.000000
W 5.374012 10.748023 0.000000
K 8.061017 13.435029 0.000000
N 5.374012 13.435029 2.687006
F 2.687006 10.748023 2.687006
Q 0.000000 13.435029 2.687006
T 0.000000 10.748023 0.000000


-2.000000	816b00000
10

Q 0.000000 0.000000 0.000000
Y 2.687006 2.687006 0.000000
Q 5.374012 5.374012 0.000000
F 8.061017 8.061017 0.000000
W 10.748023 10.748023 0.000000
K 13.435029 13.435029 0.000000
N 10.748023 13.435029 2.687006
F 8.061017 10.748023 2.687006
Q 5.374012 13.435029 2.687006
T 5.374012 10.748023 0.000000


-2.000000	05a344440
10

Q 0.000000 0.000000 0.000000
Y 2.687006 2.687006 0.000000
Q 5.374012 2.687006 2.687006
F 8.061017 2.687006 5.374012
W 10.748023 2.687006 8.061017
K 13.435029 2.687006 10.748023
N 13.435029 5.374012 8.061017
F 10.748023 5.374012 5.374012
Q 13.435029 5.374012 2.687006
T 16.122035 8.061017 2.687006


-2.000000	6b49aaaa0
10

Q 0.000000 0.000000 0.000000
Y 2.687006 2.687006 0.000000
Q 0.000000 2.687006 -2.687006
F -2.687006 2.687006 -5.374012
W -5.374012 2.687006 -8.061017
K -8.061017 2.687006 -10.748023
N -8.061017 0.000000 -8.061017
F -5.374012 0.000000 -5.374012
Q -8.061017 0.000000 -2.687006
T -10.748023 -2.687006 -2.687006


-2.000000	270566640
10

Q 0.000000 0.000000 0.000000
Y 2.687006 2.687006 0.000000
Q 5.374012 2.687006 2.687006
F 2.687006 0.000000 2.687006
W 0.000000 -2.687006 2.687006
K -2.687006 -5.374012 2.687006
N 0.000000 -5.374012 0.000000
F 2.687006 -2.687006 0.000000
Q 5.374012 -5.374012 0.000000
T 5.374012 -2.687006 2.687006


-2.000000	816b000a0
10

Q 0.000000 0.000000 0.000000
Y 2.687006 2.687006 0.000000
Q 0.000000 2.687006 -2.687006
F 2.687006 5.374012 -2.687006
W 5.374012 8.061017 -2.687006
K 8.061017 10.748023 -2.687006
N 5.374012 10.748023 0.000000
F 2.687006 8.061017 0.000000
Q 0.000000 10.748023 0.000000
T 0.000000 8.061017 -2.687006


-2.000000	05a344410
10

Q 0.000000 0.000000 0.000000
Y 2.687006 2.687006 0.000000
Q 0.000000 5.374012 0.000000
F 2.687006 5.374012 2.687006
W 5.374012 5.374012 5.374012
K 8.061017 5.374012 8.061017
N 8.061017 8.061017 5.374012
F 5.374012 8.061017 2.687006
Q 8.061017 8.061017 0.000000
T 10.748023 10.748023 0.000000


-2.000000	05a344400
10

Q 0.000000 0.000000 0.000000
Y 2.687006 2.687006 0.000000
Q 5.374012 5.374012 0.000000
F 8.061017 5.374012 2.687006
W 10.748023 5.374012 5.374012
K 13.435029 5.374012 8.061017
N 13.435029 8.061017 5.374012
F 10.748023 8.061017 2.687006
Q 13.435029 8.061017 0.000000
T 16.122035 10.748023 0.000000


-2.000000	816b00b40
10

Q 0.000000 0.000000 0.000000
Y 2.687006 2.687006 0.000000
Q 5.374012 2.687006 2.687006
F 2.687006 2.687006 5.374012
W 5.374012 5.374012 5.374012
K 8.061017 8.061017 5.374012
N 5.374012 8.061017 8.061017
F 2.687006 5.374012 8.061017
Q 0.000000 8.061017 8.061017
T 0.000000 5.374012 5.374012


-2.000000	2705665a0
10

Q 0.000000 0.000000 0.000000
Y 2.687006 2.687006 0.000000
Q 0.000000 2.687006 -2.687006
F 2.687006 2.687006 -5.374012
W 0.000000 0.000000 -5.374012
K -2.687006 -2.687006 -5.374012
N 0.000000 -2.687006 -8.061017
F 2.687006 0.000000 -8.061017
Q 5.374012 -2.687006 -8.061017
T 5.374012 0.000000 -5.374012


-2.000000	6b49aa910
10

Q 0.000000 0.000000 0.000000
Y 2.687006 2.687006 0.000000
Q 0.000000 5.374012 0.000000
F 0.000000 2.687006 2.687006
W -2.687006 2.687006 0.000000
K -5.374012 2.687006 -2.687006
N -5.374012 0.000000 0.000000
F -2.687006 0.000000 2.687006
Q -5.374012 0.000000 5.374012
T -8.061017 -2.687006 5.374012


-2.000000	816b00b10
10

Q 0.000000 0.000000 0.000000
Y 2.687006 2.687006 0.000000
Q 0.000000 5.374012 0.000000
F -2.687006 5.374012 2.687006
W 0.000000 8.061017 2.687006
K 2.687006 10.748023 2.687006
N 0.000000 10.748023 5.374012
F -2.687006 8.061017 5.374012
Q -5.374012 10.748023 5.374012
T -5.374012 8.061017 2.687006


-2.000000	816b00b00
10

Q 0.000000 0.000000 0.000000
Y 2.687006 2.687006 0.000000
Q 5.374012 5.374012 0.000000
F 2.687006 5.374012 2.687006
W 5.374012 8.061017 2.687006
K 8.061017 10.748023 2.687006
N 5.374012 10.748023 5.374012
F 2.687006 8.061017 5.374012
Q 0.000000 10.748023 5.374012
T 0.000000 8.061017 2.687006


-2.000000	05a344340
10

Q 0.000000 0.000000 0.000000
Y 2.687006 2.687006 0.000000
Q 5.374012 2.687006 2.687006
F 5.374012 5.374012 0.000000
W 8.061017 5.374012 2.687006
K 10.748023 5.374012 5.374012
N 10.748023 8.061017 2.687006
F 8.061017 8.061017 0.000000
Q 10.748023 8.061017 -2.687006
T 13.435029 10.748023 -2.687006


-2.000000	270566540
10

Q 0.000000 0.000000 0.000000
Y 2.687006 2.687006 0.000000
Q 5.374012 2.687006 2.687006
F 8.061017 2.687006 0.000000
W 5.374012 0.000000 0.000000
K 2.687006 -2.687006 0.000000
N 5.374012 -2.687006 -2.687006
F 8.061017 0.000000 -2.687006
Q 10.748023 -2.687006 -2.687006
T 10.748023 0.000000 0.000000


-2.000000	816b00ba0
10

Q 0.000000 0.000000 0.000000
Y 2.687006 2.687006 0.000000
Q 0.000000 2.687006 -2.687006
F -2.687006 2.687006 0.000000
W 0.000000 5.374012 0.000000
K 2.687006 8.061017 0.000000
N 0.000000 8.061017 2.687006
F -2.687006 5.374012 2.687006
Q -5.374012 8.061017 2.687006
T -5.374012 5.374012 0.000000


-2.000000	05a344310
10

Q 0.000000 0.000000 0.000000
Y 2.687006 2.687006 0.000000
Q 0.000000 5.374012 0.000000
F 0.000000 8.061017 -2.687006
W 2.687006 8.061017 0.000000
K 5.374012 8.061017 2.687006
N 5.374012 10.748023 0.000000
F 2.687006 10.748023 -2.687006
Q 5.374012 10.748023 -5.374012
T 8.061017 13.435029 -5.374012


-2.000000	05a344300
10

Q 0.000000 0.000000 0.000000
Y 2.687006 2.687006 0.000000
Q 5.374012 5.374012 0.000000
F 5.374012 8.061017 -2.687006
W 8.061017 8.061017 0.000000
K 10.748023 8.061017 2.687006
N 10.748023 10.748023 0.000000
F 8.061017 10.748023 -2.687006
Q 10.748023 10.748023 -5.374012
T 13.435029 13.435029 -5.374012


-2.000000	270566510
10

Q 0.000000 0.000000 0.000000
Y 2.687006 2.687006 0.000000
Q 0.000000 5.374012 0.000000
F 2.687006 5.374012 -2.687006
W 0.000000 2.687006 -2.687006
K -2.687006 0.000000 -2.687006
N 0.000000 0.000000 -5.374012
F 2.687006 2.687006 -5.374012
Q 5.374012 0.000000 -5.374012
T 5.374012 2.687006 -2.687006


-2.000000	270566500
10

Q 0.000000 0.000000 0.000000
Y 2.687006 2.687006 0.000000
Q 5.374012 5.374012 0.000000
F 8.061017 5.374012 -2.687006
W 5.374012 2.687006 -2.687006
K 2.687006 0.000000 -2.687006
N 5.374012 0.000000 -5.374012
F 8.061017 2.687006 -5.374012
Q 10.748023 0.000000 -5.374012
T 10.748023 2.687006 -2.687006


-2.000000	05a3443a0
10

Q 0.000000 0.000000 0.000000
Y 2.687006 2.687006 0.000000
Q 0.000000 2.687006 -2.687006
F 0.000000 5.374012 -5.374012
W 2.687006 5.374012 -2.687006
K 5.374012 5.374012 0.000000
N 5.374012 8.061017 -2.687006
F 2.687006 8.061017 -5.374012
Q 5.374012 8.061017 -8.061017
T 8.061017 10.748023 -8.061017


-2.000000	6b49aa810
10

Q 0.000000 0.000000 0.000000
Y 2.687006 2.687006 0.000000
Q 0.000000 5.374012 0.000000
F 0.000000 2.687006 -2.687006
W -2.687006 2.687006 -5.374012
K -5.374012 2.687006 -8.061017
N -5.374012 0.000000 -5.374012
F -2.687006 0.000000 -2.687006
Q -5.374012 0.000000 0.000000
T -8.061017 -2.687006 0.000000


-2.000000	816b00a10
10

Q 0.000000 0.000000 0.000000
Y 2.687006 2.687006 0.000000
Q 0.000000 5.374012 0.000000
F -2.687006 5.374012 -2.687006
W 0.000000 8.061017 -2.687006
K 2.687006 10.748023 -2.687006
N 0.000000 10.748023 0.000000
F -2.687006 8.061017 0.000000
Q -5.374012 10.748023 0.000000
T -5.374012 8.061017 -2.687006


-2.000000	816b00a00
10

Q 0.000000 0.000000 0.000000
Y 2.687006 2.687006 0.000000
Q 5.374012 5.374012 0.000000
F 2.687006 5.374012 -2.687006
W 5.374012 8.061017 -2.687006
K 8.061017 10.748023 -2.687006
N 5.374012 10.748023 0.000000
F 2.687006 8.061017 0.000000
Q 0.000000 10.748023 0.000000
T 0.000000 8.061017 -2.687006


-2.000000	05a344240
10

Q 0.000000 0.000000 0.000000
Y 2.687006 2.687006 0.000000
Q 5.374012 2.687006 2.687006
F 5.374012 5.374012 5.374012
W 8.061017 5.374012 8.061017
K 10.748023 5.374012 10.748023
N 10.748023 8.061017 8.061017
F 8.061017 8.061017 5.374012
Q 10.748023 8.061017 2.687006
T 13.435029 10.748023 2.687006


-2.000000	6b49aa8a0
10

Q 0.000000 0.000000 0.000000
Y 2.687006 2.687006 0.000000
Q 0.000000 2.687006 -2.687006
F 0.000000 0.000000 -5.374012
W -2.687006 0.000000 -8.061017
K -5.374012 0.000000 -10.748023
N -5.374012 -2.687006 -8.061017
F -2.687006 -2.687006 -5.374012
Q -5.374012 -2.687006 -2.687006
T -8.061017 -5.374012 -2.687006


-2.000000	270566440
10

Q 0.000000 0.000000 0.000000
Y 2.687006 2.687006 0.000000
Q 5.374012 2.687006 2.687006
F 8.061017 2.687006 5.374012
W 5.374012 0.000000 5.374012
K 2.687006 -2.687006 5.374012
N 5.374012 -2.687006 2.687006
F 8.061017 0.000000 2.687006
Q 10.748023 -2.687006 2.687006
T 10.748023 0.000000 5.374012


-2.000000	816b00aa0
10

Q 0.000000 0.000000 0.000000
Y 2.687006 2.687006 0.000000
Q 0.000000 2.687006 -2.687006
F -2.687006 2.687006 -5.374012
W 0.000000 5.374012 -5.374012
K 2.687006 8.061017 -5.374012
N 0.000000 8.061017 -2.687006
F -2.687006 5.374012 -2.687006
Q -5.374012 8.061017 -2.687006
T -5.374012 5.374012 -5.374012


-2.000000	05a344210
10

Q 0.000000 0.000000 0.000000
Y 2.687006 2.687006 0.000000
Q 0.000000 5.374012 0.000000
F 0.000000 8.061017 2.687006
W 2.687006 8.061017 5.374012
K 5.374012 8.061017 8.061017
N 5.374012 10.748023 5.374012
F 2.687006 10.748023 2.687006
Q 5.374012 10.748023 0.000000
T 8.061017 13.435029 0.000000


-2.000000	05a344200
10

Q 0.000000 0.000000 0.000000
Y 2.687006 2.687006 0.000000
Q 5.374012 5.374012 0.000000
F 5.374012 8.061017 2.687006
W 8.061017 8.061017 5.374012
K 10.748023 8.061017 8.061017
N 10.748023 10.748023 5.374012
F 8.061017 10.748023 2.687006
Q 10.748023 10.748023 0.000000
T 13.435029 13.435029 0.000000


-2.000000	270566400
10

Q 0.000000 0.000000 0.000000
Y 2.687006 2.687006 0.000000
Q 5.374012 5.374012 0.000000
F 8.061017 5.374012 2.687006
W 5.374012 2.687006 2.687006
K 2.687006 0.000000 2.687006
N 5.374012 0.000000 0.000000
F 8.061017 2.687006 0.000000
Q 10.748023 0.000000 0.000000
T 10.748023 2.687006 2.687006


-2.000000	6b49aa840
10

Q 0.000000 0.000000 0.000000
Y 2.687006 2.687006 0.000000
Q 5.374012 2.687006 2.687006
F 5.374012 0.000000 0.000000
W 2.687006 0.000000 -2.687006
K 0.000000 0.000000 -5.374012
N 0.000000 -2.687006 -2.687006
F 2.687006 -2.687006 0.000000
Q 0.000000 -2.687006 2.687006
T -2.687006 -5.374012 2.687006


-2.000000	05a3442a0
10

Q 0.000000 0.000000 0.000000
Y 2.687006 2.687006 0.000000
Q 0.000000 2.687006 -2.687006
F 0.000000 5.374012 0.000000
W 2.687006 5.374012 2.687006
K 5.374012 5.374012 5.374012
N 5.374012 8.061017 2.687006
F 2.687006 8.061017 0.000000
Q 5.374012 8.061017 -2.687006
T 8.061017 10.748023 -2.687006


-2.000000	6b49aa700
10

Q 0.000000 0.000000 0.000000
Y 2.687006 2.687006 0.000000
Q 5.374012 5.374012 0.000000
F 8.061017 2.687006 0.000000
W 5.374012 2.687006 -2.687006
K 2.687006 2.687006 -5.374012
N 2.687006 0.000000 -2.687006
F 5.374012 0.000000 0.000000
Q 2.687006 0.000000 2.687006
T 0.000000 -2.687006 2.687006


-2.000000	816b00910
10

Q 0.000000 0.000000 0.000000
Y 2.687006 2.687006 0.000000
Q 0.000000 5.374012 0.000000
F 0.000000 2.687006 2.687006
W 2.687006 5.374012 2.687006
K 5.374012 8.061017 2.687006
N 2.687006 8.061017 5.374012
F 0.000000 5.374012 5.374012
Q -2.687006 8.061017 5.374012
T -2.687006 5.374012 2.687006


-2.000000	816b00900
10

Q 0.000000 0.000000 0.000000
Y 2.687006 2.687006 0.000000
Q 5.374012 5.374012 0.000000
F 5.374012 2.687006 2.687006
W 8.061017 5.374012 2.687006
K 10.748023 8.061017 2.687006
N 8.061017 8.061017 5.374012
F 5.374012 5.374012 5.374012
Q 2.687006 8.061017 5.374012
T 2.687006 5.374012 2.687006


-2.000000	05a344140
10

Q 0.000000 0.000000 0.000000
Y 2.687006 2.687006 0.000000
Q 5.374012 2.687006 2.687006
F 2.687006 5.374012 2.687006
W 5.374012 5.374012 5.374012
K 8.061017 5.374012 8.061017
N 8.061017 8.061017 5.374012
F 5.374012 8.061017 2.687006
Q 8.061017 8.061017 0.000000
T 10.748023 10.748023 0.000000


-2.000000	6b49aa7a0
10

Q 0.000000 0.000000 0.000000
Y 2.687006 2.687006 0.000000
Q 0.000000 2.687006 -2.687006
F 2.687006 0.000000 -2.687006
W 0.000000 0.000000 -5.374012
K -2.687006 0.000000 -8.061017
N -2.687006 -2.687006 -5.374012
F 0.000000 -2.687006 -2.687006
Q -2.687006 -2.687006 0.000000
T -5.374012 -5.374012 0.000000


-2.000000	05a344110
10

Q 0.000000 0.000000 0.000000
Y 2.687006 2.687006 0.000000
Q 0.000000 5.374012 0.000000
F -2.687006 8.061017 0.000000
W 0.000000 8.061017 2.687006
K 2.687006 8.061017 5.374012
N 2.687006 10.748023 2.687006
F 0.000000 10.748023 0.000000
Q 2.687006 10.748023 -2.687006
T 5.374012 13.435029 -2.687006


-2.000000	05a344100
10

Q 0.000000 0.000000 0.000000
Y 2.687006 2.687006 0.000000
Q 5.374012 5.374012 0.000000
F 2.687006 8.061017 0.000000
W 5.374012 8.061017 2.687006
K 8.061017 8.061017 5.374012
N 8.061017 10.748023 2.687006
F 5.374012 10.748023 0.000000
Q 8.061017 10.748023 -2.687006
T 10.748023 13.435029 -2.687006


-2.000000	270566310
10

Q 0.000000 0.000000 0.000000
Y 2.687006 2.687006 0.000000
Q 0.000000 5.374012 0.000000
F 0.000000 8.061017 -2.687006
W -2.687006 5.374012 -2.687006
K -5.374012 2.687006 -2.687006
N -2.687006 2.687006 -5.374012
F 0.000000 5.374012 -5.374012
Q 2.687006 2.687006 -5.374012
T 2.687006 5.374012 -2.687006


-2.000000	270566300
10

Q 0.000000 0.000000 0.000000
Y 2.687006 2.687006 0.000000
Q 5.374012 5.374012 0.000000
F 5.374012 8.061017 -2.687006
W 2.687006 5.374012 -2.687006
K 0.000000 2.687006 -2.687006
N 2.687006 2.687006 -5.374012
F 5.374012 5.374012 -5.374012
Q 8.061017 2.687006 -5.374012
T 8.061017 5.374012 -2.687006


-2.000000	6b49aa740
10

Q 0.000000 0.000000 0.000000
Y 2.687006 2.687006 0.000000
Q 5.374012 2.687006 2.687006
F 8.061017 0.000000 2.687006
W 5.374012 0.000000 0.000000
K 2.687006 0.000000 -2.687006
N 2.687006 -2.687006 0.000000
F 5.374012 -2.687006 2.687006
Q 2.687006 -2.687006 5.374012
T 0.000000 -5.374012 5.374012


-2.000000	05a3441a0
10

Q 0.000000 0.000000 0.000000
Y 2.687006 2.687006 0.000000
Q 0.000000 2.687006 -2.687006
F -2.687006 5.374012 -2.687006
W 0.000000 5.374012 0.000000
K 2.687006 5.374012 2.687006
N 2.687006 8.061017 0.000000
F 0.000000 8.061017 -2.687006
Q 2.687006 8.061017 -5.374012
T 5.374012 10.748023 -5.374012


-2.000000	816b00940
10

Q 0.000000 0.000000 0.000000
Y 2.687006 2.687006 0.000000
Q 5.374012 2.687006 2.687006
F 5.374012 0.000000 5.374012
W 8.061017 2.687006 5.374012
K 10.748023 5.374012 5.374012
N 8.061017 5.374012 8.061017
F 5.374012 2.687006 8.061017
Q 2.687006 5.374012 8.061017
T 2.687006 2.687006 5.374012


-2.000000	2705663a0
10

Q 0.000000 0.000000 0.000000
Y 2.687006 2.687006 0.000000
Q 0.000000 2.687006 -2.687006
F 0.000000 5.374012 -5.374012
W -2.687006 2.687006 -5.374012
K -5.374012 0.000000 -5.374012
N -2.687006 0.000000 -8.061017
F 0.000000 2.687006 -8.061017
Q 2.687006 0.000000 -8.061017
T 2.687006 2.687006 -5.374012


-2.000000	05a344040
10

Q 0.000000 0.000000 0.000000
Y 2.687006 2.687006 0.000000
Q 5.374012 2.687006 2.687006
F 8.061017 5.374012 2.687006
W 10.748023 5.374012 5.374012
K 13.435029 5.374012 8.061017
N 13.435029 8.061017 5.374012
F 10.748023 8.061017 2.687006
Q 13.435029 8.061017 0.000000
T 16.122035 10.748023 0.000000


-2.000000	6b49aa6a0
10

Q 0.000000 0.000000 0.000000
Y 2.687006 2.687006 0.000000
Q 0.000000 2.687006 -2.687006
F -2.687006 0.000000 -2.687006
W -5.374012 0.000000 -5.374012
K -8.061017 0.000000 -8.061017
N -8.061017 -2.687006 -5.374012
F -5.374012 -2.687006 -2.687006
Q -8.061017 -2.687006 0.000000
T -10.748023 -5.374012 0.000000


-2.000000	05a344010
10

Q 0.000000 0.000000 0.000000
Y 2.687006 2.687006 0.000000
Q 0.000000 5.374012 0.000000
F 2.687006 8.061017 0.000000
W 5.374012 8.061017 2.687006
K 8.061017 8.061017 5.374012
N 8.061017 10.748023 2.687006
F 5.374012 10.748023 0.000000
Q 8.061017 10.748023 -2.687006
T 10.748023 13.435029 -2.687006


-2.000000	05a344000
10

Q 0.000000 0.000000 0.000000
Y 2.687006 2.687006 0.000000
Q 5.374012 5.374012 0.000000
F 8.061017 8.061017 0.000000
W 10.748023 8.061017 2.687006
K 13.435029 8.061017 5.374012
N 13.435029 10.748023 2.687006
F 10.748023 10.748023 0.000000
Q 13.435029 10.748023 -2.687006
T 16.122035 13.435029 -2.687006


-2.000000	05a3440a0
10

Q 0.000000 0.000000 0.000000
Y 2.687006 2.687006 0.000000
Q 0.000000 2.687006 -2.687006
F 2.687006 5.374012 -2.687006
W 5.374012 5.374012 0.000000
K 8.061017 5.374012 2.687006
N 8.061017 8.061017 0.000000
F 5.374012 8.061017 -2.687006
Q 8.061017 8.061017 -5.374012
T 10.748023 10.748023 -5.374012


-2.000000	6b49aa610
10

Q 0.000000 0.000000 0.000000
Y 2.687006 2.687006 0.000000
Q 0.000000 5.374012 0.000000
F -2.687006 2.687006 0.000000
W -5.374012 2.687006 -2.687006
K -8.061017 2.687006 -5.374012
N -8.061017 0.000000 -2.687006
F -5.374012 0.000000 0.000000
Q -8.061017 0.000000 2.687006
T -10.748023 -2.687006 2.687006


-2.000000	05a344b40
10

Q 0.000000 0.000000 0.000000
Y 2.687006 2.687006 0.000000
Q 5.374012 2.687006 2.687006
F 2.687006 2.687006 5.374012
W 5.374012 2.687006 8.061017
K 8.061017 2.687006 10.748023
N 8.061017 5.374012 8.061017
F 5.374012 5.374012 5.374012
Q 8.061017 5.374012 2.687006
T 10.748023 8.061017 2.687006


-2.000000	6b49aa5a0
10

Q 0.000000 0.000000 0.000000
Y 2.687006 2.687006 0.000000
Q 0.000000 2.687006 -2.687006
F 2.687006 2.687006 -5.374012
W 0.000000 2.687006 -8.061017
K -2.687006 2.687006 -10.748023
N -2.687006 0.000000 -8.061017
F 0.000000 0.000000 -5.374012
Q -2.687006 0.000000 -2.687006
T -5.374012 -2.687006 -2.687006


-2.000000	05a344b10
10

Q 0.000000 0.000000 0.000000
Y 2.687006 2.687006 0.000000
Q 0.000000 5.374012 0.000000
F -2.687006 5.374012 2.687006
W 0.000000 5.374012 5.374012
K 2.687006 5.374012 8.061017
N 2.687006 8.061017 5.374012
F 0.000000 8.061017 2.687006
Q 2.687006 8.061017 0.000000
T 5.374012 10.748023 0.000000


-2.000000	05a344b00
10

Q 0.000000 0.000000 0.000000
Y 2.687006 2.687006 0.000000
Q 5.374012 5.374012 0.000000
F 2.687006 5.374012 2.687006
W 5.374012 5.374012 5.374012
K 8.061017 5.374012 8.061017
N 8.061017 8.061017 5.374012
F 5.374012 8.061017 2.687006
Q 8.061017 8.061017 0.000000
T 10.748023 10.748023 0.000000


-2.000000	6b49aa540
10

Q 0.000000 0.000000 0.000000
Y 2.687006 2.687006 0.000000
Q 5.374012 2.687006 2.687006
F 8.061017 2.687006 0.000000
W 5.374012 2.687006 -2.687006
K 2.687006 2.687006 -5.374012
N 2.687006 0.000000 -2.687006
F 5.374012 0.000000 0.000000
Q 2.687006 0.000000 2.687006
T 0.000000 -2.687006 2.687006


-2.000000	05a344ba0
10

Q 0.000000 0.000000 0.000000
Y 2.687006 2.687006 0.000000
Q 0.000000 2.687006 -2.687006
F -2.687006 2.687006 0.000000
W 0.000000 2.687006 2.687006
K 2.687006 2.687006 5.374012
N 2.687006 5.374012 2.687006
F 0.000000 5.374012 0.000000
Q 2.687006 5.374012 -2.687006
T 5.374012 8.061017 -2.687006


-2.000000	6b49aa510
10

Q 0.000000 0.000000 0.000000
Y 2.687006 2.687006 0.000000
Q 0.000000 5.374012 0.000000
F 2.687006 5.374012 -2.687006
W 0.000000 5.374012 -5.374012
K -2.687006 5.374012 -8.061017
N -2.687006 2.687006 -5.374012
F 0.000000 2.687006 -2.687006
Q -2.687006 2.687006 0.000000
T -5.374012 0.000000 0.000000


-2.000000	381675a10
10

Q 0.000000 0.000000 0.000000
Y 2.687006 2.687006 0.000000
Q 0.000000 5.374012 0.000000
F -2.687006 5.374012 -2.687006
W 0.000000 5.374012 -5.374012
K 2.687006 2.687006 -5.374012
N 0.000000 0.000000 -5.374012
F -2.687006 2.687006 -5.374012
Q -2.687006 0.000000 -8.061017
T -2.687006 2.687006 -10.748023


-2.000000	381675a00
10

Q 0.000000 0.000000 0.000000
Y 2.687006 2.687006 0.000000
Q 5.374012 5.374012 0.000000
F 2.687006 5.374012 -2.687006
W 5.374012 5.374012 -5.374012
K 8.061017 2.687006 -5.374012
N 5.374012 0.000000 -5.374012
F 2.687006 2.687006 -5.374012
Q 2.687006 0.000000 -8.061017
T 2.687006 2.687006 -10.748023


-2.000000	92701b440
10

Q 0.000000 0.000000 0.000000
Y 2.687006 2.687006 0.000000
Q 5.374012 2.687006 2.687006
F 8.061017 2.687006 5.374012
W 5.374012 2.687006 8.061017
K 2.687006 5.374012 8.061017
N 5.374012 8.061017 8.061017
F 8.061017 5.374012 8.061017
Q 8.061017 8.061017 10.748023
T 8.061017 5.374012 13.435029


-2.000000	381675aa0
10

Q 0.000000 0.000000 0.000000
Y 2.687006 2.687006 0.000000
Q 0.000000 2.687006 -2.687006
F -2.687006 2.687006 -5.374012
W 0.000000 2.687006 -8.061017
K 2.687006 0.000000 -8.061017
N 0.000000 -2.687006 -8.061017
F -2.687006 0.000000 -8.061017
Q -2.687006 -2.687006 -10.748023
T -2.687006 0.000000 -13.435029


-2.000000	92701b410
10

Q 0.000000 0.000000 0.000000
Y 2.687006 2.687006 0.000000
Q 0.000000 5.374012 0.000000
F 2.687006 5.374012 2.687006
W 0.000000 5.374012 5.374012
K -2.687006 8.061017 5.374012
N 0.000000 10.748023 5.374012
F 2.687006 8.061017 5.374012
Q 2.687006 10.748023 8.061017
T 2.687006 8.061017 10.748023


-2.000000	92701b400
10

Q 0.000000 0.000000 0.000000
Y 2.687006 2.687006 0.000000
Q 5.374012 5.374012 0.000000
F 8.061017 5.374012 2.687006
W 5.374012 5.374012 5.374012
K 2.687006 8.061017 5.374012
N 5.374012 10.748023 5.374012
F 8.061017 8.061017 5.374012
Q 8.061017 10.748023 8.061017
T 8.061017 8.061017 10.748023


-2.000000	381675900
10

Q 0.000000 0.000000 0.000000
Y 2.687006 2.687006 0.000000
Q 5.374012 5.374012 0.000000
F 5.374012 2.687006 2.687006
W 8.061017 2.687006 0.000000
K 10.748023 0.000000 0.000000
N 8.061017 -2.687006 0.000000
F 5.374012 0.000000 0.000000
Q 5.374012 -2.687006 -2.687006
T 5.374012 0.000000 -5.374012


-2.000000	92701b340
10

Q 0.000000 0.000000 0.000000
Y 2.687006 2.687006 0.000000
Q 5.374012 2.687006 2.687006
F 5.374012 5.374012 0.000000
W 2.687006 5.374012 2.687006
K 0.000000 8.061017 2.687006
N 2.687006 10.748023 2.687006
F 5.374012 8.061017 2.687006
Q 5.374012 10.748023 5.374012
T 5.374012 8.061017 8.061017


-2.000000	92701b310
10

Q 0.000000 0.000000 0.000000
Y 2.687006 2.687006 0.000000
Q 0.000000 5.374012 0.000000
F 0.000000 8.061017 -2.687006
W -2.687006 8.061017 0.000000
K -5.374012 10.748023 0.000000
N -2.687006 13.435029 0.000000
F 0.000000 10.748023 0.000000
Q 0.000000 13.435029 2.687006
T 0.000000 10.748023 5.374012


-2.000000	92701b300
10

Q 0.000000 0.000000 0.000000
Y 2.687006 2.687006 0.000000
Q 5.374012 5.374012 0.000000
F 5.374012 8.061017 -2.687006
W 2.687006 8.061017 0.000000
K 0.000000 10.748023 0.000000
N 2.687006 13.435029 0.000000
F 5.374012 10.748023 0.000000
Q 5.374012 13.435029 2.687006
T 5.374012 10.748023 5.374012


-2.000000	381675940
10

Q 0.000000 0.000000 0.000000
Y 2.687006 2.687006 0.000000
Q 5.374012 2.687006 2.687006
F 5.374012 0.000000 5.374012
W 8.061017 0.000000 2.687006
K 10.748023 -2.687006 2.687006
N 8.061017 -5.374012 2.687006
F 5.374012 -2.687006 2.687006
Q 5.374012 -5.374012 0.000000
T 5.374012 -2.687006 -2.687006


-2.000000	92701b3a0
10

Q 0.000000 0.000000 0.000000
Y 2.687006 2.687006 0.000000
Q 0.000000 2.687006 -2.687006
F 0.000000 5.374012 -5.374012
W -2.687006 5.374012 -2.687006
K -5.374012 8.061017 -2.687006
N -2.687006 10.748023 -2.687006
F 0.000000 8.061017 -2.687006
Q 0.000000 10.748023 0.000000
T 0.000000 8.061017 2.687006


-2.000000	381675810
10

Q 0.000000 0.000000 0.000000
Y 2.687006 2.687006 0.000000
Q 0.000000 5.374012 0.000000
F 0.000000 2.687006 -2.687006
W 2.687006 2.687006 -5.374012
K 5.374012 0.000000 -5.374012
N 2.687006 -2.687006 -5.374012
F 0.000000 0.000000 -5.374012
Q 0.000000 -2.687006 -8.061017
T 0.000000 0.000000 -10.748023


-2.000000	381675800
10

Q 0.000000 0.000000 0.000000
Y 2.687006 2.687006 0.000000
Q 5.374012 5.374012 0.000000
F 5.374012 2.687006 -2.687006
W 8.061017 2.687006 -5.374012
K 10.748023 0.000000 -5.374012
N 8.061017 -2.687006 -5.374012
F 5.374012 0.000000 -5.374012
Q 5.374012 -2.687006 -8.061017
T 5.374012 0.000000 -10.748023


-2.000000	92701b240
10

Q 0.000000 0.000000 0.000000
Y 2.687006 2.687006 0.000000
Q 5.374012 2.687006 2.687006
F 5.374012 5.374012 5.374012
W 2.687006 5.374012 8.061017
K 0.000000 8.061017 8.061017
N 2.687006 10.748023 8.061017
F 5.374012 8.061017 8.061017
Q 5.374012 10.748023 10.748023
T 5.374012 8.061017 13.435029


-2.000000	3816758a0
10

Q 0.000000 0.000000 0.000000
Y 2.687006 2.687006 0.000000
Q 0.000000 2.687006 -2.687006
F 0.000000 0.000000 -5.374012
W 2.687006 0.000000 -8.061017
K 5.374012 -2.687006 -8.061017
N 2.687006 -5.374012 -8.061017
F 0.000000 -2.687006 -8.061017
Q 0.000000 -5.374012 -10.748023
T 0.000000 -2.687006 -13.435029


-2.000000	92701b210
10

Q 0.000000 0.000000 0.000000
Y 2.687006 2.687006 0.000000
Q 0.000000 5.374012 0.000000
F 0.000000 8.061017 2.687006
W -2.687006 8.061017 5.374012
K -5.374012 10.748023 5.374012
N -2.687006 13.435029 5.374012
F 0.000000 10.748023 5.374012
Q 0.000000 13.435029 8.061017
T 0.000000 10.748023 10.748023


-2.000000	92701b200
10

Q 0.000000 0.000000 0.000000
Y 2.687006 2.687006 0.000000
Q 5.374012 5.374012 0.000000
F 5.374012 8.061017 2.687006
W 2.687006 8.061017 5.374012
K 0.000000 10.748023 5.374012
N 2.687006 13.435029 5.374012
F 5.374012 10.748023 5.374012
Q 5.374012 13.435029 8.061017
T 5.374012 10.748023 10.748023


-2.000000	381675840
10

Q 0.000000 0.000000 0.000000
Y 2.687006 2.687006 0.000000
Q 5.374012 2.687006 2.687006
F 5.374012 0.000000 0.000000
W 8.061017 0.000000 -2.687006
K 10.748023 -2.687006 -2.687006
N 8.061017 -5.374012 -2.687006
F 5.374012 -2.687006 -2.687006
Q 5.374012 -5.374012 -5.374012
T 5.374012 -2.687006 -8.061017


-2.000000	92701b2a0
10

Q 0.000000 0.000000 0.000000
Y 2.687006 2.687006 0.000000
Q 0.000000 2.687006 -2.687006
F 0.000000 5.374012 0.000000
W -2.687006 5.374012 2.687006
K -5.374012 8.061017 2.687006
N -2.687006 10.748023 2.687006
F 0.000000 8.061017 2.687006
Q 0.000000 10.748023 5.374012
T 0.000000 8.061017 8.061017


-2.000000	381675700
10

Q 0.000000 0.000000 0.000000
Y 2.687006 2.687006 0.000000
Q 5.374012 5.374012 0.000000
F 8.061017 2.687006 0.000000
W 10.748023 2.687006 -2.687006
K 13.435029 0.000000 -2.687006
N 10.748023 -2.687006 -2.687006
F 8.061017 0.000000 -2.687006
Q 8.061017 -2.687006 -5.374012
T 8.061017 0.000000 -8.061017


-2.000000	92701b140
10

Q 0.000000 0.000000 0.000000
Y 2.687006 2.687006 0.000000
Q 5.374012 2.687006 2.687006
F 2.687006 5.374012 2.687006
W 0.000000 5.374012 5.374012
K -2.687006 8.061017 5.374012
N 0.000000 10.748023 5.374012
F 2.687006 8.061017 5.374012
Q 2.687006 10.748023 8.061017
T 2.687006 8.061017 10.748023


-2.000000	3816757a0
10

Q 0.000000 0.000000 0.000000
Y 2.687006 2.687006 0.000000
Q 0.000000 2.687006 -2.687006
F 2.687006 0.000000 -2.687006
W 5.374012 0.000000 -5.374012
K 8.061017 -2.687006 -5.374012
N 5.374012 -5.374012 -5.374012
F 2.687006 -2.687006 -5.374012
Q 2.687006 -5.374012 -8.061017
T 2.687006 -2.687006 -10.748023


-2.000000	92701b110
10

Q 0.000000 0.000000 0.000000
Y 2.687006 2.687006 0.000000
Q 0.000000 5.374012 0.000000
F -2.687006 8.061017 0.000000
W -5.374012 8.061017 2.687006
K -8.061017 10.748023 2.687006
N -5.374012 13.435029 2.687006
F -2.687006 10.748023 2.687006
Q -2.687006 13.435029 5.374012
T -2.687006 10.748023 8.061017


-2.000000	92701b100
10

Q 0.000000 0.000000 0.000000
Y 2.687006 2.687006 0.000000
Q 5.374012 5.374012 0.000000
F 2.687006 8.061017 0.000000
W 0.000000 8.061017 2.687006
K -2.687006 10.748023 2.687006
N 0.000000 13.435029 2.687006
F 2.687006 10.748023 2.687006
Q 2.687006 13.435029 5.374012
T 2.687006 10.748023 8.061017


-2.000000	381675740
10

Q 0.000000 0.000000 0.000000
Y 2.687006 2.687006 0.000000
Q 5.374012 2.687006 2.687006
F 8.061017 0.000000 2.687006
W 10.748023 0.000000 0.000000
K 13.435029 -2.687006 0.000000
N 10.748023 -5.374012 0.000000
F 8.061017 -2.687006 0.000000
Q 8.061017 -5.374012 -2.687006
T 8.061017 -2.687006 -5.374012


-2.000000	92701b1a0
10

Q 0.000000 0.000000 0.000000
Y 2.687006 2.687006 0.000000
Q 0.000000 2.687006 -2.687006
F -2.687006 5.374012 -2.687006
W -5.374012 5.374012 0.000000
K -8.061017 8.061017 0.000000
N -5.374012 10.748023 0.000000
F -2.687006 8.061017 0.000000
Q -2.687006 10.748023 2.687006
T -2.687006 8.061017 5.374012


-2.000000	92701b040
10

Q 0.000000 0.000000 0.000000
Y 2.687006 2.687006 0.000000
Q 5.374012 2.687006 2.687006
F 8.061017 5.374012 2.687006
W 5.374012 5.374012 5.374012
K 2.687006 8.061017 5.374012
N 5.374012 10.748023 5.374012
F 8.061017 8.061017 5.374012
Q 8.061017 10.748023 8.061017
T 8.061017 8.061017 10.748023


-2.000000	3816756a0
10

Q 0.000000 0.000000 0.000000
Y 2.687006 2.687006 0.000000
Q 0.000000 2.687006 -2.687006
F -2.687006 0.000000 -2.687006
W 0.000000 0.000000 -5.374012
K 2.687006 -2.687006 -5.374012
N 0.000000 -5.374012 -5.374012
F -2.687006 -2.687006 -5.374012
Q -2.687006 -5.374012 -8.061017
T -2.687006 -2.687006 -10.748023


-2.000000	92701b010
10

Q 0.000000 0.000000 0.000000
Y 2.687006 2.687006 0.000000
Q 0.000000 5.374012 0.000000
F 2.687006 8.061017 0.000000
W 0.000000 8.061017 2.687006
K -2.687006 10.748023 2.687006
N 0.000000 13.435029 2.687006
F 2.687006 10.748023 2.687006
Q 2.687006 13.435029 5.374012
T 2.687006 10.748023 8.061017


-2.000000	92701b000
10

Q 0.000000 0.000000 0.000000
Y 2.687006 2.687006 0.000000
Q 5.374012 5.374012 0.000000
F 8.061017 8.061017 0.000000
W 5.374012 8.061017 2.687006
K 2.687006 10.748023 2.687006
N 5.374012 13.435029 2.687006
F 8.061017 10.748023 2.687006
Q 8.061017 13.435029 5.374012
T 8.061017 10.748023 8.061017


-2.000000	381675640
10

Q 0.000000 0.000000 0.000000
Y 2.687006 2.687006 0.000000
Q 5.374012 2.687006 2.687006
F 2.687006 0.000000 2.687006
W 5.374012 0.000000 0.000000
K 8.061017 -2.687006 0.000000
N 5.374012 -5.374012 0.000000
F 2.687006 -2.687006 0.000000
Q 2.687006 -5.374012 -2.687006
T 2.687006 -2.687006 -5.374012


-2.000000	92701b0a0
10

Q 0.000000 0.000000 0.000000
Y 2.687006 2.687006 0.000000
Q 0.000000 2.687006 -2.687006
F 2.687006 5.374012 -2.687006
W 0.000000 5.374012 0.000000
K -2.687006 8.061017 0.000000
N 0.000000 10.748023 0.000000
F 2.687006 8.061017 0.000000
Q 2.687006 10.748023 2.687006
T 2.687006 8.061017 5.374012


-2.000000	381675610
10

Q 0.000000 0.000000 0.000000
Y 2.687006 2.687006 0.000000
Q 0.000000 5.374012 0.000000
F -2.687006 2.687006 0.000000
W 0.000000 2.687006 -2.687006
K 2.687006 0.000000 -2.687006
N 0.000000 -2.687006 -2.687006
F -2.687006 0.000000 -2.687006
Q -2.687006 -2.687006 -5.374012
T -2.687006 0.000000 -8.061017


-2.000000	92701bb40
10

Q 0.000000 0.000000 0.000000
Y 2.687006 2.687006 0.000000
Q 5.374012 2.687006 2.687006
F 2.687006 2.687006 5.374012
W 0.000000 2.687006 8.061017
K -2.687006 5.374012 8.061017
N 0.000000 8.061017 8.061017
F 2.687006 5.374012 8.061017
Q 2.687006 8.061017 10.748023
T 2.687006 5.374012 13.435029


-2.000000	3816755a0
10

Q 0.000000 0.000000 0.000000
Y 2.687006 2.687006 0.000000
Q 0.000000 2.687006 -2.687006
F 2.687006 2.687006 -5.374012
W 5.374012 2.687006 -8.061017
K 8.061017 0.000000 -8.061017
N 5.374012 -2.687006 -8.061017
F 2.687006 0.000000 -8.061017
Q 2.687006 -2.687006 -10.748023
T 2.687006 0.000000 -13.435029


-2.000000	92701bb10
10

Q 0.000000 0.000000 0.000000
Y 2.687006 2.687006 0.000000
Q 0.000000 5.374012 0.000000
F -2.687006 5.374012 2.687006
W -5.374012 5.374012 5.374012
K -8.061017 8.061017 5.374012
N -5.374012 10.748023 5.374012
F -2.687006 8.061017 5.374012
Q -2.687006 10.748023 8.061017
T -2.687006 8.061017 10.748023


-2.000000	92701bb00
10

Q 0.000000 0.000000 0.000000
Y 2.687006 2.687006 0.000000
Q 5.374012 5.374012 0.000000
F 2.687006 5.374012 2.687006
W 0.000000 5.374012 5.374012
K -2.687006 8.061017 5.374012
N 0.000000 10.748023 5.374012
F 2.687006 8.061017 5.374012
Q 2.687006 10.748023 8.061017
T 2.687006 8.061017 10.748023


-2.000000	381675540
10

Q 0.000000 0.000000 0.000000
Y 2.687006 2.687006 0.000000
Q 5.374012 2.687006 2.687006
F 8.061017 2.687006 0.000000
W 10.748023 2.687006 -2.687006
K 13.435029 0.000000 -2.687006
N 10.748023 -2.687006 -2.687006
F 8.061017 0.000000 -2.687006
Q 8.061017 -2.687006 -5.374012
T 8.061017 0.000000 -8.061017


-2.000000	92701bba0
10

Q 0.000000 0.000000 0.000000
Y 2.687006 2.687006 0.000000
Q 0.000000 2.687006 -2.687006
F -2.687006 2.687006 0.000000
W -5.374012 2.687006 2.687006
K -8.061017 5.374012 2.687006
N -5.374012 8.061017 2.687006
F -2.687006 5.374012 2.687006
Q -2.687006 8.061017 5.374012
T -2.687006 5.374012 8.061017


-2.000000	381675510
10

Q 0.000000 0.000000 0.000000
Y 2.687006 2.687006 0.000000
Q 0.000000 5.374012 0.000000
F 2.687006 5.374012 -2.687006
W 5.374012 5.374012 -5.374012
K 8.061017 2.687006 -5.374012
N 5.374012 0.000000 -5.374012
F 2.687006 2.687006 -5.374012
Q 2.687006 0.000000 -8.061017
T 2.687006 2.687006 -10.748023


-2.000000	381675500
10

Q 0.000000 0.000000 0.000000
Y 2.687006 2.687006 0.000000
Q 5.374012 5.374012 0.000000
F 8.061017 5.374012 -2.687006
W 10.748023 5.374012 -5.374012
K 13.435029 2.687006 -5.374012
N 10.748023 0.000000 -5.374012
F 8.061017 2.687006 -5.374012
Q 8.061017 0.000000 -8.061017
T 8.061017 2.687006 -10.748023


-2.000000	92701ba10
10

Q 0.000000 0.000000 0.000000
Y 2.687006 2.687006 0.000000
Q 0.000000 5.374012 0.000000
F -2.687006 5.374012 -2.687006
W -5.374012 5.374012 0.000000
K -8.061017 8.061017 0.000000
N -5.374012 10.748023 0.000000
F -2.687006 8.061017 0.000000
Q -2.687006 10.748023 2.687006
T -2.687006 8.061017 5.374012


-2.000000	92701ba00
10

Q 0.000000 0.000000 0.000000
Y 2.687006 2.687006 0.000000
Q 5.374012 5.374012 0.000000
F 2.687006 5.374012 -2.687006
W 0.000000 5.374012 0.000000
K -2.687006 8.061017 0.000000
N 0.000000 10.748023 0.000000
F 2.687006 8.061017 0.000000
Q 2.687006 10.748023 2.687006
T 2.687006 8.061017 5.374012


-2.000000	381675440
10

Q 0.000000 0.000000 0.000000
Y 2.687006 2.687006 0.000000
Q 5.374012 2.687006 2.687006
F 8.061017 2.687006 5.374012
W 10.748023 2.687006 2.687006
K 13.435029 0.000000 2.687006
N 10.748023 -2.687006 2.687006
F 8.061017 0.000000 2.687006
Q 8.061017 -2.687006 0.000000
T 8.061017 0.000000 -2.687006


-2.000000	92701baa0
10

Q 0.000000 0.000000 0.000000
Y 2.687006 2.687006 0.000000
Q 0.000000 2.687006 -2.687006
F -2.687006 2.687006 -5.374012
W -5.374012 2.687006 -2.687006
K -8.061017 5.374012 -2.687006
N -5.374012 8.061017 -2.687006
F -2.687006 5.374012 -2.687006
Q -2.687006 8.061017 0.000000
T -2.687006 5.374012 2.687006


-2.000000	381675400
10

Q 0.000000 0.000000 0.000000
Y 2.687006 2.687006 0.000000
Q 5.374012 5.374012 0.000000
F 8.061017 5.374012 2.687006
W 10.748023 5.374012 0.000000
K 13.435029 2.687006 0.000000
N 10.748023 0.000000 0.000000
F 8.061017 2.687006 0.000000
Q 8.061017 0.000000 -2.687006
T 8.061017 2.687006 -5.374012


-2.000000	92701b910
10

Q 0.000000 0.000000 0.000000
Y 2.687006 2.687006 0.000000
Q 0.000000 5.374012 0.000000
F 0.000000 2.687006 2.687006
W -2.687006 2.687006 5.374012
K -5.374012 5.374012 5.374012
N -2.687006 8.061017 5.374012
F 0.000000 5.374012 5.374012
Q 0.000000 8.061017 8.061017
T 0.000000 5.374012 10.748023


-2.000000	92701b900
10

Q 0.000000 0.000000 0.000000
Y 2.687006 2.687006 0.000000
Q 5.374012 5.374012 0.000000
F 5.374012 2.687006 2.687006
W 2.687006 2.687006 5.374012
K 0.000000 5.374012 5.374012
N 2.687006 8.061017 5.374012
F 5.374012 5.374012 5.374012
Q 5.374012 8.061017 8.061017
T 5.374012 5.374012 10.748023


