-3.000000	927036800
10

Y 0.000000 0.000000 0.000000
Y 2.687006 2.687006 0.000000
D 5.374012 5.374012 0.000000
P 5.374012 2.687006 -2.687006
E 2.687006 0.000000 -2.687006
T 2.687006 2.687006 -5.374012
G 5.374012 5.374012 -5.374012
T 8.061017 2.687006 -5.374012
W 8.061017 5.374012 -2.687006
Y 8.061017 2.687006 0.000000


-3.000000	381690240
10

Y 0.000000 0.000000 0.000000
Y 2.687006 2.687006 0.000000
D 5.374012 2.687006 2.687006
P 5.374012 5.374012 5.374012
E 8.061017 8.061017 5.374012
T 8.061017 5.374012 8.061017
G 5.374012 2.687006 8.061017
T 2.687006 5.374012 8.061017
W 2.687006 2.687006 5.374012
Y 2.687006 5.374012 2.687006


-3.000000	9270368a0
10

Y 0.000000 0.000000 0.000000
Y 2.687006 2.687006 0.000000
D 0.000000 2.687006 -2.687006
P 0.000000 0.000000 -5.374012
E -2.687006 -2.687006 -5.374012
T -2.687006 0.000000 -8.061017
G 0.000000 2.687006 -8.061017
T 2.687006 0.000000 -8.061017
W 2.687006 2.687006 -5.374012
Y 2.687006 0.000000 -2.687006


-3.000000	381690210
10

Y 0.000000 0.000000 0.000000
Y 2.687006 2.687006 0.000000
D 0.000000 5.374012 0.000000
P 0.000000 8.061017 2.687006
E 2.687006 10.748023 2.687006
T 2.687006 8.061017 5.374012
G 0.000000 5.374012 5.374012
T -2.687006 8.061017 5.374012
W -2.687006 5.374012 2.687006
Y -2.687006 8.061017 0.000000


-3.000000	381690200
10

Y 0.000000 0.000000 0.000000
Y 2.687006 2.687006 0.000000
D 5.374012 5.374012 0.000000
P 5.374012 8.061017 2.687006
E 8.061017 10.748023 2.687006
T 8.061017 8.061017 5.374012
G 5.374012 5.374012 5.374012
T 2.687006 8.061017 5.374012
W 2.687006 5.374012 2.687006
Y 2.687006 8.061017 0.000000


-3.000000	927036840
10

Y 0.000000 0.000000 0.000000
Y 2.687006 2.687006 0.000000
D 5.374012 2.687006 2.687006
P 5.374012 0.000000 0.000000
E 2.687006 -2.687006 0.000000
T 2.687006 0.000000 -2.687006
G 5.374012 2.687006 -2.687006
T 8.061017 0.000000 -2.687006
W 8.061017 2.687006 0.000000
Y 8.061017 0.000000 2.687006


-3.000000	3816902a0
10

Y 0.000000 0.000000 0.000000
Y 2.687006 2.687006 0.000000
D 0.000000 2.687006 -2.687006
P 0.000000 5.374012 0.000000
E 2.687006 8.061017 0.000000
T 2.687006 5.374012 2.687006
G 0.000000 2.687006 2.687006
T -2.687006 5.374012 2.687006
W -2.687006 2.687006 0.000000
Y -2.687006 5.374012 -2.687006


-3.000000	927036700
10

Y 0.000000 0.000000 0.000000
Y 2.687006 2.687006 0.000000
D 5.374012 5.374012 0.000000
P 8.061017 2.687006 0.000000
E 5.374012 0.000000 0.000000
T 5.374012 2.687006 -2.687006
G 8.061017 5.374012 -2.687006
T 10.748023 2.687006 -2.687006
W 10.748023 5.374012 0.000000
Y 10.748023 2.687006 2.687006


-3.000000	381690140
10

Y 0.000000 0.000000 0.000000
Y 2.687006 2.687006 0.000000
D 5.374012 2.687006 2.687006
P 2.687006 5.374012 2.687006
E 5.374012 8.061017 2.687006
T 5.374012 5.374012 5.374012
G 2.687006 2.687006 5.374012
T 0.000000 5.374012 5.374012
W 0.000000 2.687006 2.687006
Y 0.000000 5.374012 0.000000


-3.000000	9270367a0
10

Y 0.000000 0.000000 0.000000
Y 2.687006 2.687006 0.000000
D 0.000000 2.687006 -2.687006
P 2.687006 0.000000 -2.687006
E 0.000000 -2.687006 -2.687006
T 0.000000 0.000000 -5.374012
G 2.687006 2.687006 -5.374012
T 5.374012 0.000000 -5.374012
W 5.374012 2.687006 -2.687006
Y 5.374012 0.000000 0.000000


-3.000000	381690110
10

Y 0.000000 0.000000 0.000000
Y 2.687006 2.687006 0.000000
D 0.000000 5.374012 0.000000
P -2.687006 8.061017 0.000000
E 0.000000 10.748023 0.000000
T 0.000000 8.061017 2.687006
G -2.687006 5.374012 2.687006
T -5.374012 8.061017 2.687006
W -5.374012 5.374012 0.000000
Y -5.374012 8.061017 -2.687006


-3.000000	381690100
10

Y 0.000000 0.000000 0.000000
Y 2.687006 2.687006 0.000000
D 5.374012 5.374012 0.000000
P 2.687006 8.061017 0.000000
E 5.374012 10.748023 0.000000
T 5.374012 8.061017 2.687006
G 2.687006 5.374012 2.687006
T 0.000000 8.061017 2.687006
W 0.000000 5.374012 0.000000
Y 0.000000 8.061017 -2.687006


-3.000000	927036740
10

Y 0.000000 0.000000 0.000000
Y 2.687006 2.687006 0.000000
D 5.374012 2.687006 2.687006
P 8.061017 0.000000 2.687006
E 5.374012 -2.687006 2.687006
T 5.374012 0.000000 0.000000
G 8.061017 2.687006 0.000000
T 10.748023 0.000000 0.000000
W 10.748023 2.687006 2.687006
Y 10.748023 0.000000 5.374012


-3.000000	3816901a0
10

Y 0.000000 0.000000 0.000000
Y 2.687006 2.687006 0.000000
D 0.000000 2.687006 -2.687006
P -2.687006 5.374012 -2.687006
E 0.000000 8.061017 -2.687006
T 0.000000 5.374012 0.000000
G -2.687006 2.687006 0.000000
T -5.374012 5.374012 0.000000
W -5.374012 2.687006 -2.687006
Y -5.374012 5.374012 -5.374012


-3.000000	381690b40
10

Y 0.000000 0.000000 0.000000
Y 2.687006 2.687006 0.000000
D 5.374012 2.687006 2.687006
P 2.687006 2.687006 5.374012
E 5.374012 5.374012 5.374012
T 5.374012 2.687006 8.061017
G 2.687006 0.000000 8.061017
T 0.000000 2.687006 8.061017
W 0.000000 0.000000 5.374012
Y 0.000000 2.687006 2.687006


-3.000000	9270365a0
10

Y 0.000000 0.000000 0.000000
Y 2.687006 2.687006 0.000000
D 0.000000 2.687006 -2.687006
P 2.687006 2.687006 -5.374012
E 0.000000 0.000000 -5.374012
T 0.000000 2.687006 -8.061017
G 2.687006 5.374012 -8.061017
T 5.374012 2.687006 -8.061017
W 5.374012 5.374012 -5.374012
Y 5.374012 2.687006 -2.687006


-3.000000	381690b10
10

Y 0.000000 0.000000 0.000000
Y 2.687006 2.687006 0.000000
D 0.000000 5.374012 0.000000
P -2.687006 5.374012 2.687006
E 0.000000 8.061017 2.687006
T 0.000000 5.374012 5.374012
G -2.687006 2.687006 5.374012
T -5.374012 5.374012 5.374012
W -5.374012 2.687006 2.687006
Y -5.374012 5.374012 0.000000


-3.000000	381690b00
10

Y 0.000000 0.000000 0.000000
Y 2.687006 2.687006 0.000000
D 5.374012 5.374012 0.000000
P 2.687006 5.374012 2.687006
E 5.374012 8.061017 2.687006
T 5.374012 5.374012 5.374012
G 2.687006 2.687006 5.374012
T 0.000000 5.374012 5.374012
W 0.000000 2.687006 2.687006
Y 0.000000 5.374012 0.000000


-3.000000	927036540
10

Y 0.000000 0.000000 0.000000
Y 2.687006 2.687006 0.000000
D 5.374012 2.687006 2.687006
P 8.061017 2.687006 0.000000
E 5.374012 0.000000 0.000000
T 5.374012 2.687006 -2.687006
G 8.061017 5.374012 -2.687006
T 10.748023 2.687006 -2.687006
W 10.748023 5.374012 0.000000
Y 10.748023 2.687006 2.687006


-3.000000	381690ba0
10

Y 0.000000 0.000000 0.000000
Y 2.687006 2.687006 0.000000
D 0.000000 2.687006 -2.687006
P -2.687006 2.687006 0.000000
E 0.000000 5.374012 0.000000
T 0.000000 2.687006 2.687006
G -2.687006 0.000000 2.687006
T -5.374012 2.687006 2.687006
W -5.374012 0.000000 0.000000
Y -5.374012 2.687006 -2.687006


-3.000000	927036510
10

Y 0.000000 0.000000 0.000000
Y 2.687006 2.687006 0.000000
D 0.000000 5.374012 0.000000
P 2.687006 5.374012 -2.687006
E 0.000000 2.687006 -2.687006
T 0.000000 5.374012 -5.374012
G 2.687006 8.061017 -5.374012
T 5.374012 5.374012 -5.374012
W 5.374012 8.061017 -2.687006
Y 5.374012 5.374012 0.000000


-3.000000	927036500
10

Y 0.000000 0.000000 0.000000
Y 2.687006 2.687006 0.000000
D 5.374012 5.374012 0.000000
P 8.061017 5.374012 -2.687006
E 5.374012 2.687006 -2.687006
T 5.374012 5.374012 -5.374012
G 8.061017 8.061017 -5.374012
T 10.748023 5.374012 -5.374012
W 10.748023 8.061017 -2.687006
Y 10.748023 5.374012 0.000000


-3.000000	381690910
10

Y 0.000000 0.000000 0.000000
Y 2.687006 2.687006 0.000000
D 0.000000 5.374012 0.000000
P 0.000000 2.687006 2.687006
E 2.687006 5.374012 2.687006
T 2.687006 2.687006 5.374012
G 0.000000 0.000000 5.374012
T -2.687006 2.687006 5.374012
W -2.687006 0.000000 2.687006
Y -2.687006 2.687006 0.000000


-3.000000	927036310
10

Y 0.000000 0.000000 0.000000
Y 2.687006 2.687006 0.000000
D 0.000000 5.374012 0.000000
P 0.000000 8.061017 -2.687006
E -2.687006 5.374012 -2.687006
T -2.687006 8.061017 -5.374012
G 0.000000 10.748023 -5.374012
T 2.687006 8.061017 -5.374012
W 2.687006 10.748023 -2.687006
Y 2.687006 8.061017 0.000000


-3.000000	927036300
10

Y 0.000000 0.000000 0.000000
Y 2.687006 2.687006 0.000000
D 5.374012 5.374012 0.000000
P 5.374012 8.061017 -2.687006
E 2.687006 5.374012 -2.687006
T 2.687006 8.061017 -5.374012
G 5.374012 10.748023 -5.374012
T 8.061017 8.061017 -5.374012
W 8.061017 10.748023 -2.687006
Y 8.061017 8.061017 0.000000


-3.000000	381690940
10

Y 0.000000 0.000000 0.000000
Y 2.687006 2.687006 0.000000
D 5.374012 2.687006 2.687006
P 5.374012 0.000000 5.374012
E 8.061017 2.687006 5.374012
T 8.061017 0.000000 8.061017
G 5.374012 -2.687006 8.061017
T 2.687006 0.000000 8.061017
W 2.687006 -2.687006 5.374012
Y 2.687006 0.000000 2.687006


-3.000000	9270363a0
10

Y 0.000000 0.000000 0.000000
Y 2.687006 2.687006 0.000000
D 0.000000 2.687006 -2.687006
P 0.000000 5.374012 -5.374012
E -2.687006 2.687006 -5.374012
T -2.687006 5.374012 -8.061017
G 0.000000 8.061017 -8.061017
T 2.687006 5.374012 -8.061017
W 2.687006 8.061017 -5.374012
Y 2.687006 5.374012 -2.687006


-3.000000	927036240
10

Y 0.000000 0.000000 0.000000
Y 2.687006 2.687006 0.000000
D 5.374012 2.687006 2.687006
P 5.374012 5.374012 5.374012
E 2.687006 2.687006 5.374012
T 2.687006 5.374012 2.687006
G 5.374012 8.061017 2.687006
T 8.061017 5.374012 2.687006
W 8.061017 8.061017 5.374012
Y 8.061017 5.374012 8.061017


-3.000000	3816908a0
10

Y 0.000000 0.000000 0.000000
Y 2.687006 2.687006 0.000000
D 0.000000 2.687006 -2.687006
P 0.000000 0.000000 -5.374012
E 2.687006 2.687006 -5.374012
T 2.687006 0.000000 -2.687006
G 0.000000 -2.687006 -2.687006
T -2.687006 0.000000 -2.687006
W -2.687006 -2.687006 -5.374012
Y -2.687006 0.000000 -8.061017


-3.000000	927036210
10

Y 0.000000 0.000000 0.000000
Y 2.687006 2.687006 0.000000
D 0.000000 5.374012 0.000000
P 0.000000 8.061017 2.687006
E -2.687006 5.374012 2.687006
T -2.687006 8.061017 0.000000
G 0.000000 10.748023 0.000000
T 2.687006 8.061017 0.000000
W 2.687006 10.748023 2.687006
Y 2.687006 8.061017 5.374012


-3.000000	927036200
10

Y 0.000000 0.000000 0.000000
Y 2.687006 2.687006 0.000000
D 5.374012 5.374012 0.000000
P 5.374012 8.061017 2.687006
E 2.687006 5.374012 2.687006
T 2.687006 8.061017 0.000000
G 5.374012 10.748023 0.000000
T 8.061017 8.061017 0.000000
W 8.061017 10.748023 2.687006
Y 8.061017 8.061017 5.374012


-3.000000	381690840
10

Y 0.000000 0.000000 0.000000
Y 2.687006 2.687006 0.000000
D 5.374012 2.687006 2.687006
P 5.374012 0.000000 0.000000
E 8.061017 2.687006 0.000000
T 8.061017 0.000000 2.687006
G 5.374012 -2.687006 2.687006
T 2.687006 0.000000 2.687006
W 2.687006 -2.687006 0.000000
Y 2.687006 0.000000 -2.687006


-3.000000	9270362a0
10

Y 0.000000 0.000000 0.000000
Y 2.687006 2.687006 0.000000
D 0.000000 2.687006 -2.687006
P 0.000000 5.374012 0.000000
E -2.687006 2.687006 0.000000
T -2.687006 5.374012 -2.687006
G 0.000000 8.061017 -2.687006
T 2.687006 5.374012 -2.687006
W 2.687006 8.061017 0.000000
Y 2.687006 5.374012 2.687006


-3.000000	381690700
10

Y 0.000000 0.000000 0.000000
Y 2.687006 2.687006 0.000000
D 5.374012 5.374012 0.000000
P 8.061017 2.687006 0.000000
E 10.748023 5.374012 0.000000
T 10.748023 2.687006 2.687006
G 8.061017 0.000000 2.687006
T 5.374012 2.687006 2.687006
W 5.374012 0.000000 0.000000
Y 5.374012 2.687006 -2.687006


-3.000000	927036140
10

Y 0.000000 0.000000 0.000000
Y 2.687006 2.687006 0.000000
D 5.374012 2.687006 2.687006
P 2.687006 5.374012 2.687006
E 0.000000 2.687006 2.687006
T 0.000000 5.374012 0.000000
G 2.687006 8.061017 0.000000
T 5.374012 5.374012 0.000000
W 5.374012 8.061017 2.687006
Y 5.374012 5.374012 5.374012


-3.000000	927036110
10

Y 0.000000 0.000000 0.000000
Y 2.687006 2.687006 0.000000
D 0.000000 5.374012 0.000000
P -2.687006 8.061017 0.000000
E -5.374012 5.374012 0.000000
T -5.374012 8.061017 -2.687006
G -2.687006 10.748023 -2.687006
T 0.000000 8.061017 -2.687006
W 0.000000 10.748023 0.000000
Y 0.000000 8.061017 2.687006


-3.000000	927036100
10

Y 0.000000 0.000000 0.000000
Y 2.687006 2.687006 0.000000
D 5.374012 5.374012 0.000000
P 2.687006 8.061017 0.000000
E 0.000000 5.374012 0.000000
T 0.000000 8.061017 -2.687006
G 2.687006 10.748023 -2.687006
T 5.374012 8.061017 -2.687006
W 5.374012 10.748023 0.000000
Y 5.374012 8.061017 2.687006


-3.000000	381690740
10

Y 0.000000 0.000000 0.000000
Y 2.687006 2.687006 0.000000
D 5.374012 2.687006 2.687006
P 8.061017 0.000000 2.687006
E 10.748023 2.687006 2.687006
T 10.748023 0.000000 5.374012
G 8.061017 -2.687006 5.374012
T 5.374012 0.000000 5.374012
W 5.374012 -2.687006 2.687006
Y 5.374012 0.000000 0.000000


-3.000000	9270361a0
10

Y 0.000000 0.000000 0.000000
Y 2.687006 2.687006 0.000000
D 0.000000 2.687006 -2.687006
P -2.687006 5.374012 -2.687006
E -5.374012 2.687006 -2.687006
T -5.374012 5.374012 -5.374012
G -2.687006 8.061017 -5.374012
T 0.000000 5.374012 -5.374012
W 0.000000 8.061017 -2.687006
Y 0.000000 5.374012 0.000000


-3.000000	381672700
10

Y 0.000000 0.000000 0.000000
Y 2.687006 2.687006 0.000000
D 5.374012 5.374012 0.000000
P 8.061017 2.687006 0.000000
E 8.061017 5.374012 2.687006
T 10.748023 2.687006 2.687006
G 8.061017 0.000000 2.687006
T 5.374012 2.687006 2.687006
W 5.374012 0.000000 0.000000
Y 5.374012 2.687006 -2.687006


-3.000000	927018110
10

Y 0.000000 0.000000 0.000000
Y 2.687006 2.687006 0.000000
D 0.000000 5.374012 0.000000
P -2.687006 8.061017 0.000000
E -2.687006 5.374012 -2.687006
T -5.374012 8.061017 -2.687006
G -2.687006 10.748023 -2.687006
T 0.000000 8.061017 -2.687006
W 0.000000 10.748023 0.000000
Y 0.000000 8.061017 2.687006


-3.000000	927018100
10

Y 0.000000 0.000000 0.000000
Y 2.687006 2.687006 0.000000
D 5.374012 5.374012 0.000000
P 2.687006 8.061017 0.000000
E 2.687006 5.374012 -2.687006
T 0.000000 8.061017 -2.687006
G 2.687006 10.748023 -2.687006
T 5.374012 8.061017 -2.687006
W 5.374012 10.748023 0.000000
Y 5.374012 8.061017 2.687006


-3.000000	381672740
10

Y 0.000000 0.000000 0.000000
Y 2.687006 2.687006 0.000000
D 5.374012 2.687006 2.687006
P 8.061017 0.000000 2.687006
E 8.061017 2.687006 5.374012
T 10.748023 0.000000 5.374012
G 8.061017 -2.687006 5.374012
T 5.374012 0.000000 5.374012
W 5.374012 -2.687006 2.687006
Y 5.374012 0.000000 0.000000


-3.000000	9270181a0
10

Y 0.000000 0.000000 0.000000
Y 2.687006 2.687006 0.000000
D 0.000000 2.687006 -2.687006
P -2.687006 5.374012 -2.687006
E -2.687006 2.687006 -5.374012
T -5.374012 5.374012 -5.374012
G -2.687006 8.061017 -5.374012
T 0.000000 5.374012 -5.374012
W 0.000000 8.061017 -2.687006
Y 0.000000 5.374012 0.000000


-3.000000	927018040
10

Y 0.000000 0.000000 0.000000
Y 2.687006 2.687006 0.000000
D 5.374012 2.687006 2.687006
P 8.061017 5.374012 2.687006
E 8.061017 2.687006 0.000000
T 5.374012 5.374012 0.000000
G 8.061017 8.061017 0.000000
T 10.748023 5.374012 0.000000
W 10.748023 8.061017 2.687006
Y 10.748023 5.374012 5.374012


-3.000000	927018010
10

Y 0.000000 0.000000 0.000000
Y 2.687006 2.687006 0.000000
D 0.000000 5.374012 0.000000
P 2.687006 8.061017 0.000000
E 2.687006 5.374012 -2.687006
T 0.000000 8.061017 -2.687006
G 2.687006 10.748023 -2.687006
T 5.374012 8.061017 -2.687006
W 5.374012 10.748023 0.000000
Y 5.374012 8.061017 2.687006


-3.000000	927018000
10

Y 0.000000 0.000000 0.000000
Y 2.687006 2.687006 0.000000
D 5.374012 5.374012 0.000000
P 8.061017 8.061017 0.000000
E 8.061017 5.374012 -2.687006
T 5.374012 8.061017 -2.687006
G 8.061017 10.748023 -2.687006
T 10.748023 8.061017 -2.687006
W 10.748023 10.748023 0.000000
Y 10.748023 8.061017 2.687006


-3.000000	9270180a0
10

Y 0.000000 0.000000 0.000000
Y 2.687006 2.687006 0.000000
D 0.000000 2.687006 -2.687006
P 2.687006 5.374012 -2.687006
E 2.687006 2.687006 -5.374012
T 0.000000 5.374012 -5.374012
G 2.687006 8.061017 -5.374012
T 5.374012 5.374012 -5.374012
W 5.374012 8.061017 -2.687006
Y 5.374012 5.374012 0.000000


-3.000000	381672610
10

Y 0.000000 0.000000 0.000000
Y 2.687006 2.687006 0.000000
D 0.000000 5.374012 0.000000
P -2.687006 2.687006 0.000000
E -2.687006 5.374012 2.687006
T 0.000000 2.687006 2.687006
G -2.687006 0.000000 2.687006
T -5.374012 2.687006 2.687006
W -5.374012 0.000000 0.000000
Y -5.374012 2.687006 -2.687006


-3.000000	927018800
10

Y 0.000000 0.000000 0.000000
Y 2.687006 2.687006 0.000000
D 5.374012 5.374012 0.000000
P 5.374012 2.687006 -2.687006
E 5.374012 0.000000 -5.374012
T 2.687006 2.687006 -5.374012
G 5.374012 5.374012 -5.374012
T 8.061017 2.687006 -5.374012
W 8.061017 5.374012 -2.687006
Y 8.061017 2.687006 0.000000


-3.000000	381672240
10

Y 0.000000 0.000000 0.000000
Y 2.687006 2.687006 0.000000
D 5.374012 2.687006 2.687006
P 5.374012 5.374012 5.374012
E 5.374012 8.061017 8.061017
T 8.061017 5.374012 8.061017
G 5.374012 2.687006 8.061017
T 2.687006 5.374012 8.061017
W 2.687006 2.687006 5.374012
Y 2.687006 5.374012 2.687006


-3.000000	9270188a0
10

Y 0.000000 0.000000 0.000000
Y 2.687006 2.687006 0.000000
D 0.000000 2.687006 -2.687006
P 0.000000 0.000000 -5.374012
E 0.000000 -2.687006 -8.061017
T -2.687006 0.000000 -8.061017
G 0.000000 2.687006 -8.061017
T 2.687006 0.000000 -8.061017
W 2.687006 2.687006 -5.374012
Y 2.687006 0.000000 -2.687006


-3.000000	381672210
10

Y 0.000000 0.000000 0.000000
Y 2.687006 2.687006 0.000000
D 0.000000 5.374012 0.000000
P 0.000000 8.061017 2.687006
E 0.000000 10.748023 5.374012
T 2.687006 8.061017 5.374012
G 0.000000 5.374012 5.374012
T -2.687006 8.061017 5.374012
W -2.687006 5.374012 2.687006
Y -2.687006 8.061017 0.000000


-3.000000	381672200
10

Y 0.000000 0.000000 0.000000
Y 2.687006 2.687006 0.000000
D 5.374012 5.374012 0.000000
P 5.374012 8.061017 2.687006
E 5.374012 10.748023 5.374012
T 8.061017 8.061017 5.374012
G 5.374012 5.374012 5.374012
T 2.687006 8.061017 5.374012
W 2.687006 5.374012 2.687006
Y 2.687006 8.061017 0.000000


-3.000000	927018840
10

Y 0.000000 0.000000 0.000000
Y 2.687006 2.687006 0.000000
D 5.374012 2.687006 2.687006
P 5.374012 0.000000 0.000000
E 5.374012 -2.687006 -2.687006
T 2.687006 0.000000 -2.687006
G 5.374012 2.687006 -2.687006
T 8.061017 0.000000 -2.687006
W 8.061017 2.687006 0.000000
Y 8.061017 0.000000 2.687006


-3.000000	3816722a0
10

Y 0.000000 0.000000 0.000000
Y 2.687006 2.687006 0.000000
D 0.000000 2.687006 -2.687006
P 0.000000 5.374012 0.000000
E 0.000000 8.061017 2.687006
T 2.687006 5.374012 2.687006
G 0.000000 2.687006 2.687006
T -2.687006 5.374012 2.687006
W -2.687006 2.687006 0.000000
Y -2.687006 5.374012 -2.687006


-3.000000	927018700
10

Y 0.000000 0.000000 0.000000
Y 2.687006 2.687006 0.000000
D 5.374012 5.374012 0.000000
P 8.061017 2.687006 0.000000
E 8.061017 0.000000 -2.687006
T 5.374012 2.687006 -2.687006
G 8.061017 5.374012 -2.687006
T 10.748023 2.687006 -2.687006
W 10.748023 5.374012 0.000000
Y 10.748023 2.687006 2.687006


-3.000000	381672140
10

Y 0.000000 0.000000 0.000000
Y 2.687006 2.687006 0.000000
D 5.374012 2.687006 2.687006
P 2.687006 5.374012 2.687006
E 2.687006 8.061017 5.374012
T 5.374012 5.374012 5.374012
G 2.687006 2.687006 5.374012
T 0.000000 5.374012 5.374012
W 0.000000 2.687006 2.687006
Y 0.000000 5.374012 0.000000


-3.000000	9270187a0
10

Y 0.000000 0.000000 0.000000
Y 2.687006 2.687006 0.000000
D 0.000000 2.687006 -2.687006
P 2.687006 0.000000 -2.687006
E 2.687006 -2.687006 -5.374012
T 0.000000 0.000000 -5.374012
G 2.687006 2.687006 -5.374012
T 5.374012 0.000000 -5.374012
W 5.374012 2.687006 -2.687006
Y 5.374012 0.000000 0.000000


-3.000000	381672110
10

Y 0.000000 0.000000 0.000000
Y 2.687006 2.687006 0.000000
D 0.000000 5.374012 0.000000
P -2.687006 8.061017 0.000000
E -2.687006 10.748023 2.687006
T 0.000000 8.061017 2.687006
G -2.687006 5.374012 2.687006
T -5.374012 8.061017 2.687006
W -5.374012 5.374012 0.000000
Y -5.374012 8.061017 -2.687006


-3.000000	381672100
10

Y 0.000000 0.000000 0.000000
Y 2.687006 2.687006 0.000000
D 5.374012 5.374012 0.000000
P 2.687006 8.061017 0.000000
E 2.687006 10.748023 2.687006
T 5.374012 8.061017 2.687006
G 2.687006 5.374012 2.687006
T 0.000000 8.061017 2.687006
W 0.000000 5.374012 0.000000
Y 0.000000 8.061017 -2.687006


-3.000000	927018740
10

Y 0.000000 0.000000 0.000000
Y 2.687006 2.687006 0.000000
D 5.374012 2.687006 2.687006
P 8.061017 0.000000 2.687006
E 8.061017 -2.687006 0.000000
T 5.374012 0.000000 0.000000
G 8.061017 2.687006 0.000000
T 10.748023 0.000000 0.000000
W 10.748023 2.687006 2.687006
Y 10.748023 0.000000 5.374012


-3.000000	3816721a0
10

Y 0.000000 0.000000 0.000000
Y 2.687006 2.687006 0.000000
D 0.000000 2.687006 -2.687006
P -2.687006 5.374012 -2.687006
E -2.687006 8.061017 0.000000
T 0.000000 5.374012 0.000000
G -2.687006 2.687006 0.000000
T -5.374012 5.374012 0.000000
W -5.374012 2.687006 -2.687006
Y -5.374012 5.374012 -5.374012


-3.000000	381672b40
10

Y 0.000000 0.000000 0.000000
Y 2.687006 2.687006 0.000000
D 5.374012 2.687006 2.687006
P 2.687006 2.687006 5.374012
E 2.687006 5.374012 8.061017
T 5.374012 2.687006 8.061017
G 2.687006 0.000000 8.061017
T 0.000000 2.687006 8.061017
W 0.000000 0.000000 5.374012
Y 0.000000 2.687006 2.687006


-3.000000	9270185a0
10

Y 0.000000 0.000000 0.000000
Y 2.687006 2.687006 0.000000
D 0.000000 2.687006 -2.687006
P 2.687006 2.687006 -5.374012
E 2.687006 0.000000 -8.061017
T 0.000000 2.687006 -8.061017
G 2.687006 5.374012 -8.061017
T 5.374012 2.687006 -8.061017
W 5.374012 5.374012 -5.374012
Y 5.374012 2.687006 -2.687006


-3.000000	381672b10
10

Y 0.000000 0.000000 0.000000
Y 2.687006 2.687006 0.000000
D 0.000000 5.374012 0.000000
P -2.687006 5.374012 2.687006
E -2.687006 8.061017 5.374012
T 0.000000 5.374012 5.374012
G -2.687006 2.687006 5.374012
T -5.374012 5.374012 5.374012
W -5.374012 2.687006 2.687006
Y -5.374012 5.374012 0.000000


-3.000000	381672b00
10

Y 0.000000 0.000000 0.000000
Y 2.687006 2.687006 0.000000
D 5.374012 5.374012 0.000000
P 2.687006 5.374012 2.687006
E 2.687006 8.061017 5.374012
T 5.374012 5.374012 5.374012
G 2.687006 2.687006 5.374012
T 0.000000 5.374012 5.374012
W 0.000000 2.687006 2.687006
Y 0.000000 5.374012 0.000000


-3.000000	927018540
10

Y 0.000000 0.000000 0.000000
Y 2.687006 2.687006 0.000000
D 5.374012 2.687006 2.687006
P 8.061017 2.687006 0.000000
E 8.061017 0.000000 -2.687006
T 5.374012 2.687006 -2.687006
G 8.061017 5.374012 -2.687006
T 10.748023 2.687006 -2.687006
W 10.748023 5.374012 0.000000
Y 10.748023 2.687006 2.687006


-3.000000	381672ba0
10

Y 0.000000 0.000000 0.000000
Y 2.687006 2.687006 0.000000
D 0.000000 2.687006 -2.687006
P -2.687006 2.687006 0.000000
E -2.687006 5.374012 2.687006
T 0.000000 2.687006 2.687006
G -2.687006 0.000000 2.687006
T -5.374012 2.687006 2.687006
W -5.374012 0.000000 0.000000
Y -5.374012 2.687006 -2.687006


-3.000000	927018510
10

Y 0.000000 0.000000 0.000000
Y 2.687006 2.687006 0.000000
D 0.000000 5.374012 0.000000
P 2.687006 5.374012 -2.687006
E 2.687006 2.687006 -5.374012
T 0.000000 5.374012 -5.374012
G 2.687006 8.061017 -5.374012
T 5.374012 5.374012 -5.374012
W 5.374012 8.061017 -2.687006
Y 5.374012 5.374012 0.000000


-3.000000	927018500
10

Y 0.000000 0.000000 0.000000
Y 2.687006 2.687006 0.000000
D 5.374012 5.374012 0.000000
P 8.061017 5.374012 -2.687006
E 8.061017 2.687006 -5.374012
T 5.374012 5.374012 -5.374012
G 8.061017 8.061017 -5.374012
T 10.748023 5.374012 -5.374012
W 10.748023 8.061017 -2.687006
Y 10.748023 5.374012 0.000000


-3.000000	381672910
10

Y 0.000000 0.000000 0.000000
Y 2.687006 2.687006 0.000000
D 0.000000 5.374012 0.000000
P 0.000000 2.687006 2.687006
E 0.000000 5.374012 5.374012
T 2.687006 2.687006 5.374012
G 0.000000 0.000000 5.374012
T -2.687006 2.687006 5.374012
W -2.687006 0.000000 2.687006
Y -2.687006 2.687006 0.000000


-3.000000	927018340
10

Y 0.000000 0.000000 0.000000
Y 2.687006 2.687006 0.000000
D 5.374012 2.687006 2.687006
P 5.374012 5.374012 0.000000
E 5.374012 2.687006 -2.687006
T 2.687006 5.374012 -2.687006
G 5.374012 8.061017 -2.687006
T 8.061017 5.374012 -2.687006
W 8.061017 8.061017 0.000000
Y 8.061017 5.374012 2.687006


-3.000000	927018310
10

Y 0.000000 0.000000 0.000000
Y 2.687006 2.687006 0.000000
D 0.000000 5.374012 0.000000
P 0.000000 8.061017 -2.687006
E 0.000000 5.374012 -5.374012
T -2.687006 8.061017 -5.374012
G 0.000000 10.748023 -5.374012
T 2.687006 8.061017 -5.374012
W 2.687006 10.748023 -2.687006
Y 2.687006 8.061017 0.000000


-3.000000	927018300
10

Y 0.000000 0.000000 0.000000
Y 2.687006 2.687006 0.000000
D 5.374012 5.374012 0.000000
P 5.374012 8.061017 -2.687006
E 5.374012 5.374012 -5.374012
T 2.687006 8.061017 -5.374012
G 5.374012 10.748023 -5.374012
T 8.061017 8.061017 -5.374012
W 8.061017 10.748023 -2.687006
Y 8.061017 8.061017 0.000000


-3.000000	381672940
10

Y 0.000000 0.000000 0.000000
Y 2.687006 2.687006 0.000000
D 5.374012 2.687006 2.687006
P 5.374012 0.000000 5.374012
E 5.374012 2.687006 8.061017
T 8.061017 0.000000 8.061017
G 5.374012 -2.687006 8.061017
T 2.687006 0.000000 8.061017
W 2.687006 -2.687006 5.374012
Y 2.687006 0.000000 2.687006


-3.000000	9270183a0
10

Y 0.000000 0.000000 0.000000
Y 2.687006 2.687006 0.000000
D 0.000000 2.687006 -2.687006
P 0.000000 5.374012 -5.374012
E 0.000000 2.687006 -8.061017
T -2.687006 5.374012 -8.061017
G 0.000000 8.061017 -8.061017
T 2.687006 5.374012 -8.061017
W 2.687006 8.061017 -5.374012
Y 2.687006 5.374012 -2.687006


-3.000000	381627b40
10

Y 0.000000 0.000000 0.000000
Y 2.687006 2.687006 0.000000
D 5.374012 2.687006 2.687006
P 2.687006 2.687006 5.374012
E 5.374012 0.000000 5.374012
T 5.374012 2.687006 8.061017
G 2.687006 0.000000 8.061017
T 0.000000 2.687006 8.061017
W 0.000000 0.000000 5.374012
Y 0.000000 2.687006 2.687006


-3.000000	9270815a0
10

Y 0.000000 0.000000 0.000000
Y 2.687006 2.687006 0.000000
D 0.000000 2.687006 -2.687006
P 2.687006 2.687006 -5.374012
E 0.000000 5.374012 -5.374012
T 0.000000 2.687006 -8.061017
G 2.687006 5.374012 -8.061017
T 5.374012 2.687006 -8.061017
W 5.374012 5.374012 -5.374012
Y 5.374012 2.687006 -2.687006


-3.000000	381627b10
10

Y 0.000000 0.000000 0.000000
Y 2.687006 2.687006 0.000000
D 0.000000 5.374012 0.000000
P -2.687006 5.374012 2.687006
E 0.000000 2.687006 2.687006
T 0.000000 5.374012 5.374012
G -2.687006 2.687006 5.374012
T -5.374012 5.374012 5.374012
W -5.374012 2.687006 2.687006
Y -5.374012 5.374012 0.000000


-3.000000	381627b00
10

Y 0.000000 0.000000 0.000000
Y 2.687006 2.687006 0.000000
D 5.374012 5.374012 0.000000
P 2.687006 5.374012 2.687006
E 5.374012 2.687006 2.687006
T 5.374012 5.374012 5.374012
G 2.687006 2.687006 5.374012
T 0.000000 5.374012 5.374012
W 0.000000 2.687006 2.687006
Y 0.000000 5.374012 0.000000


-3.000000	927081540
10

Y 0.000000 0.000000 0.000000
Y 2.687006 2.687006 0.000000
D 5.374012 2.687006 2.687006
P 8.061017 2.687006 0.000000
E 5.374012 5.374012 0.000000
T 5.374012 2.687006 -2.687006
G 8.061017 5.374012 -2.687006
T 10.748023 2.687006 -2.687006
W 10.748023 5.374012 0.000000
Y 10.748023 2.687006 2.687006


-3.000000	927081510
10

Y 0.000000 0.000000 0.000000
Y 2.687006 2.687006 0.000000
D 0.000000 5.374012 0.000000
P 2.687006 5.374012 -2.687006
E 0.000000 8.061017 -2.687006
T 0.000000 5.374012 -5.374012
G 2.687006 8.061017 -5.374012
T 5.374012 5.374012 -5.374012
W 5.374012 8.061017 -2.687006
Y 5.374012 5.374012 0.000000


-3.000000	927081500
10

Y 0.000000 0.000000 0.000000
Y 2.687006 2.687006 0.000000
D 5.374012 5.374012 0.000000
P 8.061017 5.374012 -2.687006
E 5.374012 8.061017 -2.687006
T 5.374012 5.374012 -5.374012
G 8.061017 8.061017 -5.374012
T 10.748023 5.374012 -5.374012
W 10.748023 8.061017 -2.687006
Y 10.748023 5.374012 0.000000


-3.000000	381627910
10

Y 0.000000 0.000000 0.000000
Y 2.687006 2.687006 0.000000
D 0.000000 5.374012 0.000000
P 0.000000 2.687006 2.687006
E 2.687006 0.000000 2.687006
T 2.687006 2.687006 5.374012
G 0.000000 0.000000 5.374012
T -2.687006 2.687006 5.374012
W -2.687006 0.000000 2.687006
Y -2.687006 2.687006 0.000000


-3.000000	927081340
10

Y 0.000000 0.000000 0.000000
Y 2.687006 2.687006 0.000000
D 5.374012 2.687006 2.687006
P 5.374012 5.374012 0.000000
E 2.687006 8.061017 0.000000
T 2.687006 5.374012 -2.687006
G 5.374012 8.061017 -2.687006
T 8.061017 5.374012 -2.687006
W 8.061017 8.061017 0.000000
Y 8.061017 5.374012 2.687006


-3.000000	927081310
10

Y 0.000000 0.000000 0.000000
Y 2.687006 2.687006 0.000000
D 0.000000 5.374012 0.000000
P 0.000000 8.061017 -2.687006
E -2.687006 10.748023 -2.687006
T -2.687006 8.061017 -5.374012
G 0.000000 10.748023 -5.374012
T 2.687006 8.061017 -5.374012
W 2.687006 10.748023 -2.687006
Y 2.687006 8.061017 0.000000


-3.000000	927081300
10

Y 0.000000 0.000000 0.000000
Y 2.687006 2.687006 0.000000
D 5.374012 5.374012 0.000000
P 5.374012 8.061017 -2.687006
E 2.687006 10.748023 -2.687006
T 2.687006 8.061017 -5.374012
G 5.374012 10.748023 -5.374012
T 8.061017 8.061017 -5.374012
W 8.061017 10.748023 -2.687006
Y 8.061017 8.061017 0.000000


-3.000000	381627940
10

Y 0.000000 0.000000 0.000000
Y 2.687006 2.687006 0.000000
D 5.374012 2.687006 2.687006
P 5.374012 0.000000 5.374012
E 8.061017 -2.687006 5.374012
T 8.061017 0.000000 8.061017
G 5.374012 -2.687006 8.061017
T 2.687006 0.000000 8.061017
W 2.687006 -2.687006 5.374012
Y 2.687006 0.000000 2.687006


-3.000000	9270813a0
10

Y 0.000000 0.000000 0.000000
Y 2.687006 2.687006 0.000000
D 0.000000 2.687006 -2.687006
P 0.000000 5.374012 -5.374012
E -2.687006 8.061017 -5.374012
T -2.687006 5.374012 -8.061017
G 0.000000 8.061017 -8.061017
T 2.687006 5.374012 -8.061017
W 2.687006 8.061017 -5.374012
Y 2.687006 5.374012 -2.687006


-3.000000	927081240
10

Y 0.000000 0.000000 0.000000
Y 2.687006 2.687006 0.000000
D 5.374012 2.687006 2.687006
P 5.374012 5.374012 5.374012
E 2.687006 8.061017 5.374012
T 2.687006 5.374012 2.687006
G 5.374012 8.061017 2.687006
T 8.061017 5.374012 2.687006
W 8.061017 8.061017 5.374012
Y 8.061017 5.374012 8.061017


-3.000000	3816278a0
10

Y 0.000000 0.000000 0.000000
Y 2.687006 2.687006 0.000000
D 0.000000 2.687006 -2.687006
P 0.000000 0.000000 -5.374012
E 2.687006 -2.687006 -5.374012
T 2.687006 0.000000 -2.687006
G 0.000000 -2.687006 -2.687006
T -2.687006 0.000000 -2.687006
W -2.687006 -2.687006 -5.374012
Y -2.687006 0.000000 -8.061017


-3.000000	927081210
10

Y 0.000000 0.000000 0.000000
Y 2.687006 2.687006 0.000000
D 0.000000 5.374012 0.000000
P 0.000000 8.061017 2.687006
E -2.687006 10.748023 2.687006
T -2.687006 8.061017 0.000000
G 0.000000 10.748023 0.000000
T 2.687006 8.061017 0.000000
W 2.687006 10.748023 2.687006
Y 2.687006 8.061017 5.374012


-3.000000	927081200
10

Y 0.000000 0.000000 0.000000
Y 2.687006 2.687006 0.000000
D 5.374012 5.374012 0.000000
P 5.374012 8.061017 2.687006
E 2.687006 10.748023 2.687006
T 2.687006 8.061017 0.000000
G 5.374012 10.748023 0.000000
T 8.061017 8.061017 0.000000
W 8.061017 10.748023 2.687006
Y 8.061017 8.061017 5.374012


-3.000000	381627840
10

Y 0.000000 0.000000 0.000000
Y 2.687006 2.687006 0.000000
D 5.374012 2.687006 2.687006
P 5.374012 0.000000 0.000000
E 8.061017 -2.687006 0.000000
T 8.061017 0.000000 2.687006
G 5.374012 -2.687006 2.687006
T 2.687006 0.000000 2.687006
W 2.687006 -2.687006 0.000000
Y 2.687006 0.000000 -2.687006


-3.000000	9270812a0
10

Y 0.000000 0.000000 0.000000
Y 2.687006 2.687006 0.000000
D 0.000000 2.687006 -2.687006
P 0.000000 5.374012 0.000000
E -2.687006 8.061017 0.000000
T -2.687006 5.374012 -2.687006
G 0.000000 8.061017 -2.687006
T 2.687006 5.374012 -2.687006
W 2.687006 8.061017 0.000000
Y 2.687006 5.374012 2.687006


-3.000000	381627700
10

Y 0.000000 0.000000 0.000000
Y 2.687006 2.687006 0.000000
D 5.374012 5.374012 0.000000
P 8.061017 2.687006 0.000000
E 10.748023 0.000000 0.000000
T 10.748023 2.687006 2.687006
G 8.061017 0.000000 2.687006
T 5.374012 2.687006 2.687006
W 5.374012 0.000000 0.000000
Y 5.374012 2.687006 -2.687006


-3.000000	927081140
10

Y 0.000000 0.000000 0.000000
Y 2.687006 2.687006 0.000000
D 5.374012 2.687006 2.687006
P 2.687006 5.374012 2.687006
E 0.000000 8.061017 2.687006
T 0.000000 5.374012 0.000000
G 2.687006 8.061017 0.000000
T 5.374012 5.374012 0.000000
W 5.374012 8.061017 2.687006
Y 5.374012 5.374012 5.374012


-3.000000	927081110
10

Y 0.000000 0.000000 0.000000
Y 2.687006 2.687006 0.000000
D 0.000000 5.374012 0.000000
P -2.687006 8.061017 0.000000
E -5.374012 10.748023 0.000000
T -5.374012 8.061017 -2.687006
G -2.687006 10.748023 -2.687006
T 0.000000 8.061017 -2.687006
W 0.000000 10.748023 0.000000
Y 0.000000 8.061017 2.687006


-3.000000	927081100
10

Y 0.000000 0.000000 0.000000
Y 2.687006 2.687006 0.000000
D 5.374012 5.374012 0.000000
P 2.687006 8.061017 0.000000
E 0.000000 10.748023 0.000000
T 0.000000 8.061017 -2.687006
G 2.687006 10.748023 -2.687006
T 5.374012 8.061017 -2.687006
W 5.374012 10.748023 0.000000
Y 5.374012 8.061017 2.687006


-3.000000	381627740
10

Y 0.000000 0.000000 0.000000
Y 2.687006 2.687006 0.000000
D 5.374012 2.687006 2.687006
P 8.061017 0.000000 2.687006
E 10.748023 -2.687006 2.687006
T 10.748023 0.000000 5.374012
G 8.061017 -2.687006 5.374012
T 5.374012 0.000000 5.374012
W 5.374012 -2.687006 2.687006
Y 5.374012 0.000000 0.000000


-3.000000	9270811a0
10

Y 0.000000 0.000000 0.000000
Y 2.687006 2.687006 0.000000
D 0.000000 2.687006 -2.687006
P -2.687006 5.374012 -2.687006
E -5.374012 8.061017 -2.687006
T -5.374012 5.374012 -5.374012
G -2.687006 8.061017 -5.374012
T 0.000000 5.374012 -5.374012
W 0.000000 8.061017 -2.687006
Y 0.000000 5.374012 0.000000


-3.000000	927081040
10

Y 0.000000 0.000000 0.000000
Y 2.687006 2.687006 0.000000
D 5.374012 2.687006 2.687006
P 8.061017 5.374012 2.687006
E 5.374012 8.061017 2.687006
T 5.374012 5.374012 0.000000
G 8.061017 8.061017 0.000000
T 10.748023 5.374012 0.000000
W 10.748023 8.061017 2.687006
Y 10.748023 5.374012 5.374012


-3.000000	927081010
10

Y 0.000000 0.000000 0.000000
Y 2.687006 2.687006 0.000000
D 0.000000 5.374012 0.000000
P 2.687006 8.061017 0.000000
E 0.000000 10.748023 0.000000
T 0.000000 8.061017 -2.687006
G 2.687006 10.748023 -2.687006
T 5.374012 8.061017 -2.687006
W 5.374012 10.748023 0.000000
Y 5.374012 8.061017 2.687006


-3.000000	927081000
10

Y 0.000000 0.000000 0.000000
Y 2.687006 2.687006 0.000000
D 5.374012 5.374012 0.000000
P 8.061017 8.061017 0.000000
E 5.374012 10.748023 0.000000
T 5.374012 8.061017 -2.687006
G 8.061017 10.748023 -2.687006
T 10.748023 8.061017 -2.687006
W 10.748023 10.748023 0.000000
Y 10.748023 8.061017 2.687006


-3.000000	9270810a0
10

Y 0.000000 0.000000 0.000000
Y 2.687006 2.687006 0.000000
D 0.000000 2.687006 -2.687006
P 2.687006 5.374012 -2.687006
E 0.000000 8.061017 -2.687006
T 0.000000 5.374012 -5.374012
G 2.687006 8.061017 -5.374012
T 5.374012 5.374012 -5.374012
W 5.374012 8.061017 -2.687006
Y 5.374012 5.374012 0.000000


-3.000000	927081800
10

Y 0.000000 0.000000 0.000000
Y 2.687006 2.687006 0.000000
D 5.374012 5.374012 0.000000
P 5.374012 2.687006 -2.687006
E 2.687006 5.374012 -2.687006
T 2.687006 2.687006 -5.374012
G 5.374012 5.374012 -5.374012
T 8.061017 2.687006 -5.374012
W 8.061017 5.374012 -2.687006
Y 8.061017 2.687006 0.000000


-3.000000	381627240
10

Y 0.000000 0.000000 0.000000
Y 2.687006 2.687006 0.000000
D 5.374012 2.687006 2.687006
P 5.374012 5.374012 5.374012
E 8.061017 2.687006 5.374012
T 8.061017 5.374012 8.061017
G 5.374012 2.687006 8.061017
T 2.687006 5.374012 8.061017
W 2.687006 2.687006 5.374012
Y 2.687006 5.374012 2.687006


-3.000000	9270818a0
10

Y 0.000000 0.000000 0.000000
Y 2.687006 2.687006 0.000000
D 0.000000 2.687006 -2.687006
P 0.000000 0.000000 -5.374012
E -2.687006 2.687006 -5.374012
T -2.687006 0.000000 -8.061017
G 0.000000 2.687006 -8.061017
T 2.687006 0.000000 -8.061017
W 2.687006 2.687006 -5.374012
Y 2.687006 0.000000 -2.687006


-3.000000	381627210
10

Y 0.000000 0.000000 0.000000
Y 2.687006 2.687006 0.000000
D 0.000000 5.374012 0.000000
P 0.000000 8.061017 2.687006
E 2.687006 5.374012 2.687006
T 2.687006 8.061017 5.374012
G 0.000000 5.374012 5.374012
T -2.687006 8.061017 5.374012
W -2.687006 5.374012 2.687006
Y -2.687006 8.061017 0.000000


-3.000000	381627200
10

Y 0.000000 0.000000 0.000000
Y 2.687006 2.687006 0.000000
D 5.374012 5.374012 0.000000
P 5.374012 8.061017 2.687006
E 8.061017 5.374012 2.687006
T 8.061017 8.061017 5.374012
G 5.374012 5.374012 5.374012
T 2.687006 8.061017 5.374012
W 2.687006 5.374012 2.687006
Y 2.687006 8.061017 0.000000


-3.000000	927086b40
10

Y 0.000000 0.000000 0.000000
Y 2.687006 2.687006 0.000000
D 5.374012 2.687006 2.687006
P 2.687006 2.687006 5.374012
E 0.000000 0.000000 5.374012
T 0.000000 -2.687006 2.687006
G 2.687006 0.000000 2.687006
T 5.374012 -2.687006 2.687006
W 5.374012 0.000000 5.374012
Y 5.374012 -2.687006 8.061017


-3.000000	3816205a0
10

Y 0.000000 0.000000 0.000000
Y 2.687006 2.687006 0.000000
D 0.000000 2.687006 -2.687006
P 2.687006 2.687006 -5.374012
E 5.374012 5.374012 -5.374012
T 5.374012 8.061017 -2.687006
G 2.687006 5.374012 -2.687006
T 0.000000 8.061017 -2.687006
W 0.000000 5.374012 -5.374012
Y 0.000000 8.061017 -8.061017


-3.000000	381620540
10

Y 0.000000 0.000000 0.000000
Y 2.687006 2.687006 0.000000
D 5.374012 2.687006 2.687006
P 8.061017 2.687006 0.000000
E 10.748023 5.374012 0.000000
T 10.748023 8.061017 2.687006
G 8.061017 5.374012 2.687006
T 5.374012 8.061017 2.687006
W 5.374012 5.374012 0.000000
Y 5.374012 8.061017 -2.687006


-3.000000	381620510
10

Y 0.000000 0.000000 0.000000
Y 2.687006 2.687006 0.000000
D 0.000000 5.374012 0.000000
P 2.687006 5.374012 -2.687006
E 5.374012 8.061017 -2.687006
T 5.374012 10.748023 0.000000
G 2.687006 8.061017 0.000000
T 0.000000 10.748023 0.000000
W 0.000000 8.061017 -2.687006
Y 0.000000 10.748023 -5.374012


-3.000000	381620500
10

Y 0.000000 0.000000 0.000000
Y 2.687006 2.687006 0.000000
D 5.374012 5.374012 0.000000
P 8.061017 5.374012 -2.687006
E 10.748023 8.061017 -2.687006
T 10.748023 10.748023 0.000000
G 8.061017 8.061017 0.000000
T 5.374012 10.748023 0.000000
W 5.374012 8.061017 -2.687006
Y 5.374012 10.748023 -5.374012


-3.000000	927086a00
10

Y 0.000000 0.000000 0.000000
Y 2.687006 2.687006 0.000000
D 5.374012 5.374012 0.000000
P 2.687006 5.374012 -2.687006
E 0.000000 2.687006 -2.687006
T 0.000000 0.000000 -5.374012
G 2.687006 2.687006 -5.374012
T 5.374012 0.000000 -5.374012
W 5.374012 2.687006 -2.687006
Y 5.374012 0.000000 0.000000


-3.000000	381620440
10

Y 0.000000 0.000000 0.000000
Y 2.687006 2.687006 0.000000
D 5.374012 2.687006 2.687006
P 8.061017 2.687006 5.374012
E 10.748023 5.374012 5.374012
T 10.748023 8.061017 8.061017
G 8.061017 5.374012 8.061017
T 5.374012 8.061017 8.061017
W 5.374012 5.374012 5.374012
Y 5.374012 8.061017 2.687006


-3.000000	927086aa0
10

Y 0.000000 0.000000 0.000000
Y 2.687006 2.687006 0.000000
D 0.000000 2.687006 -2.687006
P -2.687006 2.687006 -5.374012
E -5.374012 0.000000 -5.374012
T -5.374012 -2.687006 -8.061017
G -2.687006 0.000000 -8.061017
T 0.000000 -2.687006 -8.061017
W 0.000000 0.000000 -5.374012
Y 0.000000 -2.687006 -2.687006


-3.000000	381620410
10

Y 0.000000 0.000000 0.000000
Y 2.687006 2.687006 0.000000
D 0.000000 5.374012 0.000000
P 2.687006 5.374012 2.687006
E 5.374012 8.061017 2.687006
T 5.374012 10.748023 5.374012
G 2.687006 8.061017 5.374012
T 0.000000 10.748023 5.374012
W 0.000000 8.061017 2.687006
Y 0.000000 10.748023 0.000000


-3.000000	381620400
10

Y 0.000000 0.000000 0.000000
Y 2.687006 2.687006 0.000000
D 5.374012 5.374012 0.000000
P 8.061017 5.374012 2.687006
E 10.748023 8.061017 2.687006
T 10.748023 10.748023 5.374012
G 8.061017 8.061017 5.374012
T 5.374012 10.748023 5.374012
W 5.374012 8.061017 2.687006
Y 5.374012 10.748023 0.000000


-3.000000	927086900
10

Y 0.000000 0.000000 0.000000
Y 2.687006 2.687006 0.000000
D 5.374012 5.374012 0.000000
P 5.374012 2.687006 2.687006
E 2.687006 0.000000 2.687006
T 2.687006 -2.687006 0.000000
G 5.374012 0.000000 0.000000
T 8.061017 -2.687006 0.000000
W 8.061017 0.000000 2.687006
Y 8.061017 -2.687006 5.374012


-3.000000	381620340
10

Y 0.000000 0.000000 0.000000
Y 2.687006 2.687006 0.000000
D 5.374012 2.687006 2.687006
P 5.374012 5.374012 0.000000
E 8.061017 8.061017 0.000000
T 8.061017 10.748023 2.687006
G 5.374012 8.061017 2.687006
T 2.687006 10.748023 2.687006
W 2.687006 8.061017 0.000000
Y 2.687006 10.748023 -2.687006


-3.000000	381620310
10

Y 0.000000 0.000000 0.000000
Y 2.687006 2.687006 0.000000
D 0.000000 5.374012 0.000000
P 0.000000 8.061017 -2.687006
E 2.687006 10.748023 -2.687006
T 2.687006 13.435029 0.000000
G 0.000000 10.748023 0.000000
T -2.687006 13.435029 0.000000
W -2.687006 10.748023 -2.687006
Y -2.687006 13.435029 -5.374012


-3.000000	381620300
10

Y 0.000000 0.000000 0.000000
Y 2.687006 2.687006 0.000000
D 5.374012 5.374012 0.000000
P 5.374012 8.061017 -2.687006
E 8.061017 10.748023 -2.687006
T 8.061017 13.435029 0.000000
G 5.374012 10.748023 0.000000
T 2.687006 13.435029 0.000000
W 2.687006 10.748023 -2.687006
Y 2.687006 13.435029 -5.374012


-3.000000	927086940
10

Y 0.000000 0.000000 0.000000
Y 2.687006 2.687006 0.000000
D 5.374012 2.687006 2.687006
P 5.374012 0.000000 5.374012
E 2.687006 -2.687006 5.374012
T 2.687006 -5.374012 2.687006
G 5.374012 -2.687006 2.687006
T 8.061017 -5.374012 2.687006
W 8.061017 -2.687006 5.374012
Y 8.061017 -5.374012 8.061017


-3.000000	3816203a0
10

Y 0.000000 0.000000 0.000000
Y 2.687006 2.687006 0.000000
D 0.000000 2.687006 -2.687006
P 0.000000 5.374012 -5.374012
E 2.687006 8.061017 -5.374012
T 2.687006 10.748023 -2.687006
G 0.000000 8.061017 -2.687006
T -2.687006 10.748023 -2.687006
W -2.687006 8.061017 -5.374012
Y -2.687006 10.748023 -8.061017


-3.000000	927086810
10

Y 0.000000 0.000000 0.000000
Y 2.687006 2.687006 0.000000
D 0.000000 5.374012 0.000000
P 0.000000 2.687006 -2.687006
E -2.687006 0.000000 -2.687006
T -2.687006 -2.687006 -5.374012
G 0.000000 0.000000 -5.374012
T 2.687006 -2.687006 -5.374012
W 2.687006 0.000000 -2.687006
Y 2.687006 -2.687006 0.000000


-3.000000	927086800
10

Y 0.000000 0.000000 0.000000
Y 2.687006 2.687006 0.000000
D 5.374012 5.374012 0.000000
P 5.374012 2.687006 -2.687006
E 2.687006 0.000000 -2.687006
T 2.687006 -2.687006 -5.374012
G 5.374012 0.000000 -5.374012
T 8.061017 -2.687006 -5.374012
W 8.061017 0.000000 -2.687006
Y 8.061017 -2.687006 0.000000


-3.000000	381620240
10

Y 0.000000 0.000000 0.000000
Y 2.687006 2.687006 0.000000
D 5.374012 2.687006 2.687006
P 5.374012 5.374012 5.374012
E 8.061017 8.061017 5.374012
T 8.061017 10.748023 8.061017
G 5.374012 8.061017 8.061017
T 2.687006 10.748023 8.061017
W 2.687006 8.061017 5.374012
Y 2.687006 10.748023 2.687006


-3.000000	9270868a0
10

Y 0.000000 0.000000 0.000000
Y 2.687006 2.687006 0.000000
D 0.000000 2.687006 -2.687006
P 0.000000 0.000000 -5.374012
E -2.687006 -2.687006 -5.374012
T -2.687006 -5.374012 -8.061017
G 0.000000 -2.687006 -8.061017
T 2.687006 -5.374012 -8.061017
W 2.687006 -2.687006 -5.374012
Y 2.687006 -5.374012 -2.687006


-3.000000	381620210
10

Y 0.000000 0.000000 0.000000
Y 2.687006 2.687006 0.000000
D 0.000000 5.374012 0.000000
P 0.000000 8.061017 2.687006
E 2.687006 10.748023 2.687006
T 2.687006 13.435029 5.374012
G 0.000000 10.748023 5.374012
T -2.687006 13.435029 5.374012
W -2.687006 10.748023 2.687006
Y -2.687006 13.435029 0.000000


-3.000000	381620200
10

Y 0.000000 0.000000 0.000000
Y 2.687006 2.687006 0.000000
D 5.374012 5.374012 0.000000
P 5.374012 8.061017 2.687006
E 8.061017 10.748023 2.687006
T 8.061017 13.435029 5.374012
G 5.374012 10.748023 5.374012
T 2.687006 13.435029 5.374012
W 2.687006 10.748023 2.687006
Y 2.687006 13.435029 0.000000


-3.000000	927086840
10

Y 0.000000 0.000000 0.000000
Y 2.687006 2.687006 0.000000
D 5.374012 2.687006 2.687006
P 5.374012 0.000000 0.000000
E 2.687006 -2.687006 0.000000
T 2.687006 -5.374012 -2.687006
G 5.374012 -2.687006 -2.687006
T 8.061017 -5.374012 -2.687006
W 8.061017 -2.687006 0.000000
Y 8.061017 -5.374012 2.687006


-3.000000	3816202a0
10

Y 0.000000 0.000000 0.000000
Y 2.687006 2.687006 0.000000
D 0.000000 2.687006 -2.687006
P 0.000000 5.374012 0.000000
E 2.687006 8.061017 0.000000
T 2.687006 10.748023 2.687006
G 0.000000 8.061017 2.687006
T -2.687006 10.748023 2.687006
W -2.687006 8.061017 0.000000
Y -2.687006 10.748023 -2.687006


-3.000000	927086700
10

Y 0.000000 0.000000 0.000000
Y 2.687006 2.687006 0.000000
D 5.374012 5.374012 0.000000
P 8.061017 2.687006 0.000000
E 5.374012 0.000000 0.000000
T 5.374012 -2.687006 -2.687006
G 8.061017 0.000000 -2.687006
T 10.748023 -2.687006 -2.687006
W 10.748023 0.000000 0.000000
Y 10.748023 -2.687006 2.687006


-3.000000	381620140
10

Y 0.000000 0.000000 0.000000
Y 2.687006 2.687006 0.000000
D 5.374012 2.687006 2.687006
P 2.687006 5.374012 2.687006
E 5.374012 8.061017 2.687006
T 5.374012 10.748023 5.374012
G 2.687006 8.061017 5.374012
T 0.000000 10.748023 5.374012
W 0.000000 8.061017 2.687006
Y 0.000000 10.748023 0.000000


-3.000000	9270867a0
10

Y 0.000000 0.000000 0.000000
Y 2.687006 2.687006 0.000000
D 0.000000 2.687006 -2.687006
P 2.687006 0.000000 -2.687006
E 0.000000 -2.687006 -2.687006
T 0.000000 -5.374012 -5.374012
G 2.687006 -2.687006 -5.374012
T 5.374012 -5.374012 -5.374012
W 5.374012 -2.687006 -2.687006
Y 5.374012 -5.374012 0.000000


-3.000000	381620110
10

Y 0.000000 0.000000 0.000000
Y 2.687006 2.687006 0.000000
D 0.000000 5.374012 0.000000
P -2.687006 8.061017 0.000000
E 0.000000 10.748023 0.000000
T 0.000000 13.435029 2.687006
G -2.687006 10.748023 2.687006
T -5.374012 13.435029 2.687006
W -5.374012 10.748023 0.000000
Y -5.374012 13.435029 -2.687006


-3.000000	381620100
10

Y 0.000000 0.000000 0.000000
Y 2.687006 2.687006 0.000000
D 5.374012 5.374012 0.000000
P 2.687006 8.061017 0.000000
E 5.374012 10.748023 0.000000
T 5.374012 13.435029 2.687006
G 2.687006 10.748023 2.687006
T 0.000000 13.435029 2.687006
W 0.000000 10.748023 0.000000
Y 0.000000 13.435029 -2.687006


-3.000000	927086740
10

Y 0.000000 0.000000 0.000000
Y 2.687006 2.687006 0.000000
D 5.374012 2.687006 2.687006
P 8.061017 0.000000 2.687006
E 5.374012 -2.687006 2.687006
T 5.374012 -5.374012 0.000000
G 8.061017 -2.687006 0.000000
T 10.748023 -5.374012 0.000000
W 10.748023 -2.687006 2.687006
Y 10.748023 -5.374012 5.374012


-3.000000	3816201a0
10

Y 0.000000 0.000000 0.000000
Y 2.687006 2.687006 0.000000
D 0.000000 2.687006 -2.687006
P -2.687006 5.374012 -2.687006
E 0.000000 8.061017 -2.687006
T 0.000000 10.748023 0.000000
G -2.687006 8.061017 0.000000
T -5.374012 10.748023 0.000000
W -5.374012 8.061017 -2.687006
Y -5.374012 10.748023 -5.374012


-3.000000	381620040
10

Y 0.000000 0.000000 0.000000
Y 2.687006 2.687006 0.000000
D 5.374012 2.687006 2.687006
P 8.061017 5.374012 2.687006
E 10.748023 8.061017 2.687006
T 10.748023 10.748023 5.374012
G 8.061017 8.061017 5.374012
T 5.374012 10.748023 5.374012
W 5.374012 8.061017 2.687006
Y 5.374012 10.748023 0.000000


-3.000000	9270866a0
10

Y 0.000000 0.000000 0.000000
Y 2.687006 2.687006 0.000000
D 0.000000 2.687006 -2.687006
P -2.687006 0.000000 -2.687006
E -5.374012 -2.687006 -2.687006
T -5.374012 -5.374012 -5.374012
G -2.687006 -2.687006 -5.374012
T 0.000000 -5.374012 -5.374012
W 0.000000 -2.687006 -2.687006
Y 0.000000 -5.374012 0.000000


-3.000000	381620010
10

Y 0.000000 0.000000 0.000000
Y 2.687006 2.687006 0.000000
D 0.000000 5.374012 0.000000
P 2.687006 8.061017 0.000000
E 5.374012 10.748023 0.000000
T 5.374012 13.435029 2.687006
G 2.687006 10.748023 2.687006
T 0.000000 13.435029 2.687006
W 0.000000 10.748023 0.000000
Y 0.000000 13.435029 -2.687006


-3.000000	381620000
10

Y 0.000000 0.000000 0.000000
Y 2.687006 2.687006 0.000000
D 5.374012 5.374012 0.000000
P 8.061017 8.061017 0.000000
E 10.748023 10.748023 0.000000
T 10.748023 13.435029 2.687006
G 8.061017 10.748023 2.687006
T 5.374012 13.435029 2.687006
W 5.374012 10.748023 0.000000
Y 5.374012 13.435029 -2.687006


-3.000000	927086640
10

Y 0.000000 0.000000 0.000000
Y 2.687006 2.687006 0.000000
D 5.374012 2.687006 2.687006
P 2.687006 0.000000 2.687006
E 0.000000 -2.687006 2.687006
T 0.000000 -5.374012 0.000000
G 2.687006 -2.687006 0.000000
T 5.374012 -5.374012 0.000000
W 5.374012 -2.687006 2.687006
Y 5.374012 -5.374012 5.374012


-3.000000	3816200a0
10

Y 0.000000 0.000000 0.000000
Y 2.687006 2.687006 0.000000
D 0.000000 2.687006 -2.687006
P 2.687006 5.374012 -2.687006
E 5.374012 8.061017 -2.687006
T 5.374012 10.748023 0.000000
G 2.687006 8.061017 0.000000
T 0.000000 10.748023 0.000000
W 0.000000 8.061017 -2.687006
Y 0.000000 10.748023 -5.374012


-3.000000	381620b40
10

Y 0.000000 0.000000 0.000000
Y 2.687006 2.687006 0.000000
D 5.374012 2.687006 2.687006
P 2.687006 2.687006 5.374012
E 5.374012 5.374012 5.374012
T 5.374012 8.061017 8.061017
G 2.687006 5.374012 8.061017
T 0.000000 8.061017 8.061017
W 0.000000 5.374012 5.374012
Y 0.000000 8.061017 2.687006


-3.000000	9270865a0
10

Y 0.000000 0.000000 0.000000
Y 2.687006 2.687006 0.000000
D 0.000000 2.687006 -2.687006
P 2.687006 2.687006 -5.374012
E 0.000000 0.000000 -5.374012
T 0.000000 -2.687006 -8.061017
G 2.687006 0.000000 -8.061017
T 5.374012 -2.687006 -8.061017
W 5.374012 0.000000 -5.374012
Y 5.374012 -2.687006 -2.687006


-3.000000	381620b10
10

Y 0.000000 0.000000 0.000000
Y 2.687006 2.687006 0.000000
D 0.000000 5.374012 0.000000
P -2.687006 5.374012 2.687006
E 0.000000 8.061017 2.687006
T 0.000000 10.748023 5.374012
G -2.687006 8.061017 5.374012
T -5.374012 10.748023 5.374012
W -5.374012 8.061017 2.687006
Y -5.374012 10.748023 0.000000


-3.000000	381620b00
10

Y 0.000000 0.000000 0.000000
Y 2.687006 2.687006 0.000000
D 5.374012 5.374012 0.000000
P 2.687006 5.374012 2.687006
E 5.374012 8.061017 2.687006
T 5.374012 10.748023 5.374012
G 2.687006 8.061017 5.374012
T 0.000000 10.748023 5.374012
W 0.000000 8.061017 2.687006
Y 0.000000 10.748023 0.000000


-3.000000	927086540
10

Y 0.000000 0.000000 0.000000
Y 2.687006 2.687006 0.000000
D 5.374012 2.687006 2.687006
P 8.061017 2.687006 0.000000
E 5.374012 0.000000 0.000000
T 5.374012 -2.687006 -2.687006
G 8.061017 0.000000 -2.687006
T 10.748023 -2.687006 -2.687006
W 10.748023 0.000000 0.000000
Y 10.748023 -2.687006 2.687006


-3.000000	381620ba0
10

Y 0.000000 0.000000 0.000000
Y 2.687006 2.687006 0.000000
D 0.000000 2.687006 -2.687006
P -2.687006 2.687006 0.000000
E 0.000000 5.374012 0.000000
T 0.000000 8.061017 2.687006
G -2.687006 5.374012 2.687006
T -5.374012 8.061017 2.687006
W -5.374012 5.374012 0.000000
Y -5.374012 8.061017 -2.687006


-3.000000	927086510
10

Y 0.000000 0.000000 0.000000
Y 2.687006 2.687006 0.000000
D 0.000000 5.374012 0.000000
P 2.687006 5.374012 -2.687006
E 0.000000 2.687006 -2.687006
T 0.000000 0.000000 -5.374012
G 2.687006 2.687006 -5.374012
T 5.374012 0.000000 -5.374012
W 5.374012 2.687006 -2.687006
Y 5.374012 0.000000 0.000000


-3.000000	927086500
10

Y 0.000000 0.000000 0.000000
Y 2.687006 2.687006 0.000000
D 5.374012 5.374012 0.000000
P 8.061017 5.374012 -2.687006
E 5.374012 2.687006 -2.687006
T 5.374012 0.000000 -5.374012
G 8.061017 2.687006 -5.374012
T 10.748023 0.000000 -5.374012
W 10.748023 2.687006 -2.687006
Y 10.748023 0.000000 0.000000


-3.000000	381620a10
10

Y 0.000000 0.000000 0.000000
Y 2.687006 2.687006 0.000000
D 0.000000 5.374012 0.000000
P -2.687006 5.374012 -2.687006
E 0.000000 8.061017 -2.687006
T 0.000000 10.748023 0.000000
G -2.687006 8.061017 0.000000
T -5.374012 10.748023 0.000000
W -5.374012 8.061017 -2.687006
Y -5.374012 10.748023 -5.374012


-3.000000	381620a00
10

Y 0.000000 0.000000 0.000000
Y 2.687006 2.687006 0.000000
D 5.374012 5.374012 0.000000
P 2.687006 5.374012 -2.687006
E 5.374012 8.061017 -2.687006
T 5.374012 10.748023 0.000000
G 2.687006 8.061017 0.000000
T 0.000000 10.748023 0.000000
W 0.000000 8.061017 -2.687006
Y 0.000000 10.748023 -5.374012


-3.000000	927086440
10

Y 0.000000 0.000000 0.000000
Y 2.687006 2.687006 0.000000
D 5.374012 2.687006 2.687006
P 8.061017 2.687006 5.374012
E 5.374012 0.000000 5.374012
T 5.374012 -2.687006 2.687006
G 8.061017 0.000000 2.687006
T 10.748023 -2.687006 2.687006
W 10.748023 0.000000 5.374012
Y 10.748023 -2.687006 8.061017


-3.000000	381620aa0
10

Y 0.000000 0.000000 0.000000
Y 2.687006 2.687006 0.000000
D 0.000000 2.687006 -2.687006
P -2.687006 2.687006 -5.374012
E 0.000000 5.374012 -5.374012
T 0.000000 8.061017 -2.687006
G -2.687006 5.374012 -2.687006
T -5.374012 8.061017 -2.687006
W -5.374012 5.374012 -5.374012
Y -5.374012 8.061017 -8.061017


-3.000000	927086400
10

Y 0.000000 0.000000 0.000000
Y 2.687006 2.687006 0.000000
D 5.374012 5.374012 0.000000
P 8.061017 5.374012 2.687006
E 5.374012 2.687006 2.687006
T 5.374012 0.000000 0.000000
G 8.061017 2.687006 0.000000
T 10.748023 0.000000 0.000000
W 10.748023 2.687006 2.687006
Y 10.748023 0.000000 5.374012


-3.000000	381620910
10

Y 0.000000 0.000000 0.000000
Y 2.687006 2.687006 0.000000
D 0.000000 5.374012 0.000000
P 0.000000 2.687006 2.687006
E 2.687006 5.374012 2.687006
T 2.687006 8.061017 5.374012
G 0.000000 5.374012 5.374012
T -2.687006 8.061017 5.374012
W -2.687006 5.374012 2.687006
Y -2.687006 8.061017 0.000000


-3.000000	381620900
10

Y 0.000000 0.000000 0.000000
Y 2.687006 2.687006 0.000000
D 5.374012 5.374012 0.000000
P 5.374012 2.687006 2.687006
E 8.061017 5.374012 2.687006
T 8.061017 8.061017 5.374012
G 5.374012 5.374012 5.374012
T 2.687006 8.061017 5.374012
W 2.687006 5.374012 2.687006
Y 2.687006 8.061017 0.000000


-3.000000	927086300
10

Y 0.000000 0.000000 0.000000
Y 2.687006 2.687006 0.000000
D 5.374012 5.374012 0.000000
P 5.374012 8.061017 -2.687006
E 2.687006 5.374012 -2.687006
T 2.687006 2.687006 -5.374012
G 5.374012 5.374012 -5.374012
T 8.061017 2.687006 -5.374012
W 8.061017 5.374012 -2.687006
Y 8.061017 2.687006 0.000000


-3.000000	381620940
10

Y 0.000000 0.000000 0.000000
Y 2.687006 2.687006 0.000000
D 5.374012 2.687006 2.687006
P 5.374012 0.000000 5.374012
E 8.061017 2.687006 5.374012
T 8.061017 5.374012 8.061017
G 5.374012 2.687006 8.061017
T 2.687006 5.374012 8.061017
W 2.687006 2.687006 5.374012
Y 2.687006 5.374012 2.687006


-3.000000	9270863a0
10

Y 0.000000 0.000000 0.000000
Y 2.687006 2.687006 0.000000
D 0.000000 2.687006 -2.687006
P 0.000000 5.374012 -5.374012
E -2.687006 2.687006 -5.374012
T -2.687006 0.000000 -8.061017
G 0.000000 2.687006 -8.061017
T 2.687006 0.000000 -8.061017
W 2.687006 2.687006 -5.374012
Y 2.687006 0.000000 -2.687006


-3.000000	927ba7b40
10

Y 0.000000 0.000000 0.000000
Y 2.687006 2.687006 0.000000
D 5.374012 2.687006 2.687006
P 2.687006 2.687006 5.374012
E 5.374012 0.000000 5.374012
T 2.687006 0.000000 2.687006
G 0.000000 0.000000 5.374012
T 2.687006 -2.687006 5.374012
W 2.687006 0.000000 8.061017
Y 2.687006 -2.687006 10.748023


-3.000000	3815415a0
10

Y 0.000000 0.000000 0.000000
Y 2.687006 2.687006 0.000000
D 0.000000 2.687006 -2.687006
P 2.687006 2.687006 -5.374012
E 0.000000 5.374012 -5.374012
T 2.687006 5.374012 -2.687006
G 5.374012 5.374012 -5.374012
T 2.687006 8.061017 -5.374012
W 2.687006 5.374012 -8.061017
Y 2.687006 8.061017 -10.748023


-3.000000	927ba7b10
10

Y 0.000000 0.000000 0.000000
Y 2.687006 2.687006 0.000000
D 0.000000 5.374012 0.000000
P -2.687006 5.374012 2.687006
E 0.000000 2.687006 2.687006
T -2.687006 2.687006 0.000000
G -5.374012 2.687006 2.687006
T -2.687006 0.000000 2.687006
W -2.687006 2.687006 5.374012
Y -2.687006 0.000000 8.061017


-3.000000	381541540
10

Y 0.000000 0.000000 0.000000
Y 2.687006 2.687006 0.000000
D 5.374012 2.687006 2.687006
P 8.061017 2.687006 0.000000
E 5.374012 5.374012 0.000000
T 8.061017 5.374012 2.687006
G 10.748023 5.374012 0.000000
T 8.061017 8.061017 0.000000
W 8.061017 5.374012 -2.687006
Y 8.061017 8.061017 -5.374012


-3.000000	381541510
10

Y 0.000000 0.000000 0.000000
Y 2.687006 2.687006 0.000000
D 0.000000 5.374012 0.000000
P 2.687006 5.374012 -2.687006
E 0.000000 8.061017 -2.687006
T 2.687006 8.061017 0.000000
G 5.374012 8.061017 -2.687006
T 2.687006 10.748023 -2.687006
W 2.687006 8.061017 -5.374012
Y 2.687006 10.748023 -8.061017


-3.000000	381541500
10

Y 0.000000 0.000000 0.000000
Y 2.687006 2.687006 0.000000
D 5.374012 5.374012 0.000000
P 8.061017 5.374012 -2.687006
E 5.374012 8.061017 -2.687006
T 8.061017 8.061017 0.000000
G 10.748023 8.061017 -2.687006
T 8.061017 10.748023 -2.687006
W 8.061017 8.061017 -5.374012
Y 8.061017 10.748023 -8.061017


-3.000000	927ba7a10
10

Y 0.000000 0.000000 0.000000
Y 2.687006 2.687006 0.000000
D 0.000000 5.374012 0.000000
P -2.687006 5.374012 -2.687006
E 0.000000 2.687006 -2.687006
T -2.687006 2.687006 -5.374012
G -5.374012 2.687006 -2.687006
T -2.687006 0.000000 -2.687006
W -2.687006 2.687006 0.000000
Y -2.687006 0.000000 2.687006


-3.000000	381541440
10

Y 0.000000 0.000000 0.000000
Y 2.687006 2.687006 0.000000
D 5.374012 2.687006 2.687006
P 8.061017 2.687006 5.374012
E 5.374012 5.374012 5.374012
T 8.061017 5.374012 8.061017
G 10.748023 5.374012 5.374012
T 8.061017 8.061017 5.374012
W 8.061017 5.374012 2.687006
Y 8.061017 8.061017 0.000000


-3.000000	927ba7aa0
10

Y 0.000000 0.000000 0.000000
Y 2.687006 2.687006 0.000000
D 0.000000 2.687006 -2.687006
P -2.687006 2.687006 -5.374012
E 0.000000 0.000000 -5.374012
T -2.687006 0.000000 -8.061017
G -5.374012 0.000000 -5.374012
T -2.687006 -2.687006 -5.374012
W -2.687006 0.000000 -2.687006
Y -2.687006 -2.687006 0.000000


-3.000000	381541410
10

Y 0.000000 0.000000 0.000000
Y 2.687006 2.687006 0.000000
D 0.000000 5.374012 0.000000
P 2.687006 5.374012 2.687006
E 0.000000 8.061017 2.687006
T 2.687006 8.061017 5.374012
G 5.374012 8.061017 2.687006
T 2.687006 10.748023 2.687006
W 2.687006 8.061017 0.000000
Y 2.687006 10.748023 -2.687006


-3.000000	381541400
10

Y 0.000000 0.000000 0.000000
Y 2.687006 2.687006 0.000000
D 5.374012 5.374012 0.000000
P 8.061017 5.374012 2.687006
E 5.374012 8.061017 2.687006
T 8.061017 8.061017 5.374012
G 10.748023 8.061017 2.687006
T 8.061017 10.748023 2.687006
W 8.061017 8.061017 0.000000
Y 8.061017 10.748023 -2.687006


-3.000000	927ba7900
10

Y 0.000000 0.000000 0.000000
Y 2.687006 2.687006 0.000000
D 5.374012 5.374012 0.000000
P 5.374012 2.687006 2.687006
E 8.061017 0.000000 2.687006
T 5.374012 0.000000 0.000000
G 2.687006 0.000000 2.687006
T 5.374012 -2.687006 2.687006
W 5.374012 0.000000 5.374012
Y 5.374012 -2.687006 8.061017


-3.000000	381541340
10

Y 0.000000 0.000000 0.000000
Y 2.687006 2.687006 0.000000
D 5.374012 2.687006 2.687006
P 5.374012 5.374012 0.000000
E 2.687006 8.061017 0.000000
T 5.374012 8.061017 2.687006
G 8.061017 8.061017 0.000000
T 5.374012 10.748023 0.000000
W 5.374012 8.061017 -2.687006
Y 5.374012 10.748023 -5.374012


-3.000000	381541310
10

Y 0.000000 0.000000 0.000000
Y 2.687006 2.687006 0.000000
D 0.000000 5.374012 0.000000
P 0.000000 8.061017 -2.687006
E -2.687006 10.748023 -2.687006
T 0.000000 10.748023 0.000000
G 2.687006 10.748023 -2.687006
T 0.000000 13.435029 -2.687006
W 0.000000 10.748023 -5.374012
Y 0.000000 13.435029 -8.061017


-3.000000	381541300
10

Y 0.000000 0.000000 0.000000
Y 2.687006 2.687006 0.000000
D 5.374012 5.374012 0.000000
P 5.374012 8.061017 -2.687006
E 2.687006 10.748023 -2.687006
T 5.374012 10.748023 0.000000
G 8.061017 10.748023 -2.687006
T 5.374012 13.435029 -2.687006
W 5.374012 10.748023 -5.374012
Y 5.374012 13.435029 -8.061017


-3.000000	927ba7940
10

Y 0.000000 0.000000 0.000000
Y 2.687006 2.687006 0.000000
D 5.374012 2.687006 2.687006
P 5.374012 0.000000 5.374012
E 8.061017 -2.687006 5.374012
T 5.374012 -2.687006 2.687006
G 2.687006 -2.687006 5.374012
T 5.374012 -5.374012 5.374012
W 5.374012 -2.687006 8.061017
Y 5.374012 -5.374012 10.748023


-3.000000	3815413a0
10

Y 0.000000 0.000000 0.000000
Y 2.687006 2.687006 0.000000
D 0.000000 2.687006 -2.687006
P 0.000000 5.374012 -5.374012
E -2.687006 8.061017 -5.374012
T 0.000000 8.061017 -2.687006
G 2.687006 8.061017 -5.374012
T 0.000000 10.748023 -5.374012
W 0.000000 8.061017 -8.061017
Y 0.000000 10.748023 -10.748023


-3.000000	927ba7800
10

Y 0.000000 0.000000 0.000000
Y 2.687006 2.687006 0.000000
D 5.374012 5.374012 0.000000
P 5.374012 2.687006 -2.687006
E 8.061017 0.000000 -2.687006
T 5.374012 0.000000 -5.374012
G 2.687006 0.000000 -2.687006
T 5.374012 -2.687006 -2.687006
W 5.374012 0.000000 0.000000
Y 5.374012 -2.687006 2.687006


-3.000000	381541240
10

Y 0.000000 0.000000 0.000000
Y 2.687006 2.687006 0.000000
D 5.374012 2.687006 2.687006
P 5.374012 5.374012 5.374012
E 2.687006 8.061017 5.374012
T 5.374012 8.061017 8.061017
G 8.061017 8.061017 5.374012
T 5.374012 10.748023 5.374012
W 5.374012 8.061017 2.687006
Y 5.374012 10.748023 0.000000


-3.000000	927ba78a0
10

Y 0.000000 0.000000 0.000000
Y 2.687006 2.687006 0.000000
D 0.000000 2.687006 -2.687006
P 0.000000 0.000000 -5.374012
E 2.687006 -2.687006 -5.374012
T 0.000000 -2.687006 -8.061017
G -2.687006 -2.687006 -5.374012
T 0.000000 -5.374012 -5.374012
W 0.000000 -2.687006 -2.687006
Y 0.000000 -5.374012 0.000000


-3.000000	381541210
10

Y 0.000000 0.000000 0.000000
Y 2.687006 2.687006 0.000000
D 0.000000 5.374012 0.000000
P 0.000000 8.061017 2.687006
E -2.687006 10.748023 2.687006
T 0.000000 10.748023 5.374012
G 2.687006 10.748023 2.687006
T 0.000000 13.435029 2.687006
W 0.000000 10.748023 0.000000
Y 0.000000 13.435029 -2.687006


-3.000000	381541200
10

Y 0.000000 0.000000 0.000000
Y 2.687006 2.687006 0.000000
D 5.374012 5.374012 0.000000
P 5.374012 8.061017 2.687006
E 2.687006 10.748023 2.687006
T 5.374012 10.748023 5.374012
G 8.061017 10.748023 2.687006
T 5.374012 13.435029 2.687006
W 5.374012 10.748023 0.000000
Y 5.374012 13.435029 -2.687006


-3.000000	927ba7840
10

Y 0.000000 0.000000 0.000000
Y 2.687006 2.687006 0.000000
D 5.374012 2.687006 2.687006
P 5.374012 0.000000 0.000000
E 8.061017 -2.687006 0.000000
T 5.374012 -2.687006 -2.687006
G 2.687006 -2.687006 0.000000
T 5.374012 -5.374012 0.000000
W 5.374012 -2.687006 2.687006
Y 5.374012 -5.374012 5.374012


-3.000000	3815412a0
10

Y 0.000000 0.000000 0.000000
Y 2.687006 2.687006 0.000000
D 0.000000 2.687006 -2.687006
P 0.000000 5.374012 0.000000
E -2.687006 8.061017 0.000000
T 0.000000 8.061017 2.687006
G 2.687006 8.061017 0.000000
T 0.000000 10.748023 0.000000
W 0.000000 8.061017 -2.687006
Y 0.000000 10.748023 -5.374012


-3.000000	927ba7700
10

Y 0.000000 0.000000 0.000000
Y 2.687006 2.687006 0.000000
D 5.374012 5.374012 0.000000
P 8.061017 2.687006 0.000000
E 10.748023 0.000000 0.000000
T 8.061017 0.000000 -2.687006
G 5.374012 0.000000 0.000000
T 8.061017 -2.687006 0.000000
W 8.061017 0.000000 2.687006
Y 8.061017 -2.687006 5.374012


-3.000000	381541140
10

Y 0.000000 0.000000 0.000000
Y 2.687006 2.687006 0.000000
D 5.374012 2.687006 2.687006
P 2.687006 5.374012 2.687006
E 0.000000 8.061017 2.687006
T 2.687006 8.061017 5.374012
G 5.374012 8.061017 2.687006
T 2.687006 10.748023 2.687006
W 2.687006 8.061017 0.000000
Y 2.687006 10.748023 -2.687006


-3.000000	927ba77a0
10

Y 0.000000 0.000000 0.000000
Y 2.687006 2.687006 0.000000
D 0.000000 2.687006 -2.687006
P 2.687006 0.000000 -2.687006
E 5.374012 -2.687006 -2.687006
T 2.687006 -2.687006 -5.374012
G 0.000000 -2.687006 -2.687006
T 2.687006 -5.374012 -2.687006
W 2.687006 -2.687006 0.000000
Y 2.687006 -5.374012 2.687006


-3.000000	381541110
10

Y 0.000000 0.000000 0.000000
Y 2.687006 2.687006 0.000000
D 0.000000 5.374012 0.000000
P -2.687006 8.061017 0.000000
E -5.374012 10.748023 0.000000
T -2.687006 10.748023 2.687006
G 0.000000 10.748023 0.000000
T -2.687006 13.435029 0.000000
W -2.687006 10.748023 -2.687006
Y -2.687006 13.435029 -5.374012


-3.000000	381541100
10

Y 0.000000 0.000000 0.000000
Y 2.687006 2.687006 0.000000
D 5.374012 5.374012 0.000000
P 2.687006 8.061017 0.000000
E 0.000000 10.748023 0.000000
T 2.687006 10.748023 2.687006
G 5.374012 10.748023 0.000000
T 2.687006 13.435029 0.000000
W 2.687006 10.748023 -2.687006
Y 2.687006 13.435029 -5.374012


-3.000000	927ba7740
10

Y 0.000000 0.000000 0.000000
Y 2.687006 2.687006 0.000000
D 5.374012 2.687006 2.687006
P 8.061017 0.000000 2.687006
E 10.748023 -2.687006 2.687006
T 8.061017 -2.687006 0.000000
G 5.374012 -2.687006 2.687006
T 8.061017 -5.374012 2.687006
W 8.061017 -2.687006 5.374012
Y 8.061017 -5.374012 8.061017


-3.000000	3815411a0
10

Y 0.000000 0.000000 0.000000
Y 2.687006 2.687006 0.000000
D 0.000000 2.687006 -2.687006
P -2.687006 5.374012 -2.687006
E -5.374012 8.061017 -2.687006
T -2.687006 8.061017 0.000000
G 0.000000 8.061017 -2.687006
T -2.687006 10.748023 -2.687006
W -2.687006 8.061017 -5.374012
Y -2.687006 10.748023 -8.061017


-3.000000	381541040
10

Y 0.000000 0.000000 0.000000
Y 2.687006 2.687006 0.000000
D 5.374012 2.687006 2.687006
P 8.061017 5.374012 2.687006
E 5.374012 8.061017 2.687006
T 8.061017 8.061017 5.374012
G 10.748023 8.061017 2.687006
T 8.061017 10.748023 2.687006
W 8.061017 8.061017 0.000000
Y 8.061017 10.748023 -2.687006


-3.000000	927ba76a0
10

Y 0.000000 0.000000 0.000000
Y 2.687006 2.687006 0.000000
D 0.000000 2.687006 -2.687006
P -2.687006 0.000000 -2.687006
E 0.000000 -2.687006 -2.687006
T -2.687006 -2.687006 -5.374012
G -5.374012 -2.687006 -2.687006
T -2.687006 -5.374012 -2.687006
W -2.687006 -2.687006 0.000000
Y -2.687006 -5.374012 2.687006


-3.000000	381541010
10

Y 0.000000 0.000000 0.000000
Y 2.687006 2.687006 0.000000
D 0.000000 5.374012 0.000000
P 2.687006 8.061017 0.000000
E 0.000000 10.748023 0.000000
T 2.687006 10.748023 2.687006
G 5.374012 10.748023 0.000000
T 2.687006 13.435029 0.000000
W 2.687006 10.748023 -2.687006
Y 2.687006 13.435029 -5.374012


-3.000000	381541000
10

Y 0.000000 0.000000 0.000000
Y 2.687006 2.687006 0.000000
D 5.374012 5.374012 0.000000
P 8.061017 8.061017 0.000000
E 5.374012 10.748023 0.000000
T 8.061017 10.748023 2.687006
G 10.748023 10.748023 0.000000
T 8.061017 13.435029 0.000000
W 8.061017 10.748023 -2.687006
Y 8.061017 13.435029 -5.374012


-3.000000	927ba7640
10

Y 0.000000 0.000000 0.000000
Y 2.687006 2.687006 0.000000
D 5.374012 2.687006 2.687006
P 2.687006 0.000000 2.687006
E 5.374012 -2.687006 2.687006
T 2.687006 -2.687006 0.000000
G 0.000000 -2.687006 2.687006
T 2.687006 -5.374012 2.687006
W 2.687006 -2.687006 5.374012
Y 2.687006 -5.374012 8.061017


-3.000000	3815410a0
10

Y 0.000000 0.000000 0.000000
Y 2.687006 2.687006 0.000000
D 0.000000 2.687006 -2.687006
P 2.687006 5.374012 -2.687006
E 0.000000 8.061017 -2.687006
T 2.687006 8.061017 0.000000
G 5.374012 8.061017 -2.687006
T 2.687006 10.748023 -2.687006
W 2.687006 8.061017 -5.374012
Y 2.687006 10.748023 -8.061017


-3.000000	381541b40
10

Y 0.000000 0.000000 0.000000
Y 2.687006 2.687006 0.000000
D 5.374012 2.687006 2.687006
P 2.687006 2.687006 5.374012
E 0.000000 5.374012 5.374012
T 2.687006 5.374012 8.061017
G 5.374012 5.374012 5.374012
T 2.687006 8.061017 5.374012
W 2.687006 5.374012 2.687006
Y 2.687006 8.061017 0.000000


-3.000000	927ba75a0
10

Y 0.000000 0.000000 0.000000
Y 2.687006 2.687006 0.000000
D 0.000000 2.687006 -2.687006
P 2.687006 2.687006 -5.374012
E 5.374012 0.000000 -5.374012
T 2.687006 0.000000 -8.061017
G 0.000000 0.000000 -5.374012
T 2.687006 -2.687006 -5.374012
W 2.687006 0.000000 -2.687006
Y 2.687006 -2.687006 0.000000


-3.000000	381541b10
10

Y 0.000000 0.000000 0.000000
Y 2.687006 2.687006 0.000000
D 0.000000 5.374012 0.000000
P -2.687006 5.374012 2.687006
E -5.374012 8.061017 2.687006
T -2.687006 8.061017 5.374012
G 0.000000 8.061017 2.687006
T -2.687006 10.748023 2.687006
W -2.687006 8.061017 0.000000
Y -2.687006 10.748023 -2.687006


-3.000000	381541b00
10

Y 0.000000 0.000000 0.000000
Y 2.687006 2.687006 0.000000
D 5.374012 5.374012 0.000000
P 2.687006 5.374012 2.687006
E 0.000000 8.061017 2.687006
T 2.687006 8.061017 5.374012
G 5.374012 8.061017 2.687006
T 2.687006 10.748023 2.687006
W 2.687006 8.061017 0.000000
Y 2.687006 10.748023 -2.687006


-3.000000	927ba7540
10

Y 0.000000 0.000000 0.000000
Y 2.687006 2.687006 0.000000
D 5.374012 2.687006 2.687006
P 8.061017 2.687006 0.000000
E 10.748023 0.000000 0.000000
T 8.061017 0.000000 -2.687006
G 5.374012 0.000000 0.000000
T 8.061017 -2.687006 0.000000
W 8.061017 0.000000 2.687006
Y 8.061017 -2.687006 5.374012


-3.000000	381541ba0
10

Y 0.000000 0.000000 0.000000
Y 2.687006 2.687006 0.000000
D 0.000000 2.687006 -2.687006
P -2.687006 2.687006 0.000000
E -5.374012 5.374012 0.000000
T -2.687006 5.374012 2.687006
G 0.000000 5.374012 0.000000
T -2.687006 8.061017 0.000000
W -2.687006 5.374012 -2.687006
Y -2.687006 8.061017 -5.374012


-3.000000	927ba7500
10

Y 0.000000 0.000000 0.000000
Y 2.687006 2.687006 0.000000
D 5.374012 5.374012 0.000000
P 8.061017 5.374012 -2.687006
E 10.748023 2.687006 -2.687006
T 8.061017 2.687006 -5.374012
G 5.374012 2.687006 -2.687006
T 8.061017 0.000000 -2.687006
W 8.061017 2.687006 0.000000
Y 8.061017 0.000000 2.687006


-3.000000	381541a10
10

Y 0.000000 0.000000 0.000000
Y 2.687006 2.687006 0.000000
D 0.000000 5.374012 0.000000
P -2.687006 5.374012 -2.687006
E -5.374012 8.061017 -2.687006
T -2.687006 8.061017 0.000000
G 0.000000 8.061017 -2.687006
T -2.687006 10.748023 -2.687006
W -2.687006 8.061017 -5.374012
Y -2.687006 10.748023 -8.061017


-3.000000	381541a00
10

Y 0.000000 0.000000 0.000000
Y 2.687006 2.687006 0.000000
D 5.374012 5.374012 0.000000
P 2.687006 5.374012 -2.687006
E 0.000000 8.061017 -2.687006
T 2.687006 8.061017 0.000000
G 5.374012 8.061017 -2.687006
T 2.687006 10.748023 -2.687006
W 2.687006 8.061017 -5.374012
Y 2.687006 10.748023 -8.061017


-3.000000	927ba7440
10

Y 0.000000 0.000000 0.000000
Y 2.687006 2.687006 0.000000
D 5.374012 2.687006 2.687006
P 8.061017 2.687006 5.374012
E 10.748023 0.000000 5.374012
T 8.061017 0.000000 2.687006
G 5.374012 0.000000 5.374012
T 8.061017 -2.687006 5.374012
W 8.061017 0.000000 8.061017
Y 8.061017 -2.687006 10.748023


-3.000000	381541aa0
10

Y 0.000000 0.000000 0.000000
Y 2.687006 2.687006 0.000000
D 0.000000 2.687006 -2.687006
P -2.687006 2.687006 -5.374012
E -5.374012 5.374012 -5.374012
T -2.687006 5.374012 -2.687006
G 0.000000 5.374012 -5.374012
T -2.687006 8.061017 -5.374012
W -2.687006 5.374012 -8.061017
Y -2.687006 8.061017 -10.748023


-3.000000	927ba7400
10

Y 0.000000 0.000000 0.000000
Y 2.687006 2.687006 0.000000
D 5.374012 5.374012 0.000000
P 8.061017 5.374012 2.687006
E 10.748023 2.687006 2.687006
T 8.061017 2.687006 0.000000
G 5.374012 2.687006 2.687006
T 8.061017 0.000000 2.687006
W 8.061017 2.687006 5.374012
Y 8.061017 0.000000 8.061017


-3.000000	927b85a00
10

Y 0.000000 0.000000 0.000000
Y 2.687006 2.687006 0.000000
D 5.374012 5.374012 0.000000
P 2.687006 5.374012 -2.687006
E 5.374012 5.374012 -5.374012
T 5.374012 2.687006 -8.061017
G 2.687006 2.687006 -5.374012
T 5.374012 0.000000 -5.374012
W 5.374012 2.687006 -2.687006
Y 5.374012 0.000000 0.000000


-3.000000	38152b440
10

Y 0.000000 0.000000 0.000000
Y 2.687006 2.687006 0.000000
D 5.374012 2.687006 2.687006
P 8.061017 2.687006 5.374012
E 5.374012 2.687006 8.061017
T 5.374012 5.374012 10.748023
G 8.061017 5.374012 8.061017
T 5.374012 8.061017 8.061017
W 5.374012 5.374012 5.374012
Y 5.374012 8.061017 2.687006


-3.000000	927b85aa0
10

Y 0.000000 0.000000 0.000000
Y 2.687006 2.687006 0.000000
D 0.000000 2.687006 -2.687006
P -2.687006 2.687006 -5.374012
E 0.000000 2.687006 -8.061017
T 0.000000 0.000000 -10.748023
G -2.687006 0.000000 -8.061017
T 0.000000 -2.687006 -8.061017
W 0.000000 0.000000 -5.374012
Y 0.000000 -2.687006 -2.687006


-3.000000	38152b410
10

Y 0.000000 0.000000 0.000000
Y 2.687006 2.687006 0.000000
D 0.000000 5.374012 0.000000
P 2.687006 5.374012 2.687006
E 0.000000 5.374012 5.374012
T 0.000000 8.061017 8.061017
G 2.687006 8.061017 5.374012
T 0.000000 10.748023 5.374012
W 0.000000 8.061017 2.687006
Y 0.000000 10.748023 0.000000


-3.000000	38152b400
10

Y 0.000000 0.000000 0.000000
Y 2.687006 2.687006 0.000000
D 5.374012 5.374012 0.000000
P 8.061017 5.374012 2.687006
E 5.374012 5.374012 5.374012
T 5.374012 8.061017 8.061017
G 8.061017 8.061017 5.374012
T 5.374012 10.748023 5.374012
W 5.374012 8.061017 2.687006
Y 5.374012 10.748023 0.000000


-3.000000	927b85900
10

Y 0.000000 0.000000 0.000000
Y 2.687006 2.687006 0.000000
D 5.374012 5.374012 0.000000
P 5.374012 2.687006 2.687006
E 8.061017 2.687006 0.000000
T 8.061017 0.000000 -2.687006
G 5.374012 0.000000 0.000000
T 8.061017 -2.687006 0.000000
W 8.061017 0.000000 2.687006
Y 8.061017 -2.687006 5.374012


-3.000000	38152b340
10

Y 0.000000 0.000000 0.000000
Y 2.687006 2.687006 0.000000
D 5.374012 2.687006 2.687006
P 5.374012 5.374012 0.000000
E 2.687006 5.374012 2.687006
T 2.687006 8.061017 5.374012
G 5.374012 8.061017 2.687006
T 2.687006 10.748023 2.687006
W 2.687006 8.061017 0.000000
Y 2.687006 10.748023 -2.687006


-3.000000	38152b310
10

Y 0.000000 0.000000 0.000000
Y 2.687006 2.687006 0.000000
D 0.000000 5.374012 0.000000
P 0.000000 8.061017 -2.687006
E -2.687006 8.061017 0.000000
T -2.687006 10.748023 2.687006
G 0.000000 10.748023 0.000000
T -2.687006 13.435029 0.000000
W -2.687006 10.748023 -2.687006
Y -2.687006 13.435029 -5.374012


-3.000000	38152b300
10

Y 0.000000 0.000000 0.000000
Y 2.687006 2.687006 0.000000
D 5.374012 5.374012 0.000000
P 5.374012 8.061017 -2.687006
E 2.687006 8.061017 0.000000
T 2.687006 10.748023 2.687006
G 5.374012 10.748023 0.000000
T 2.687006 13.435029 0.000000
W 2.687006 10.748023 -2.687006
Y 2.687006 13.435029 -5.374012


-3.000000	927b85940
10

Y 0.000000 0.000000 0.000000
Y 2.687006 2.687006 0.000000
D 5.374012 2.687006 2.687006
P 5.374012 0.000000 5.374012
E 8.061017 0.000000 2.687006
T 8.061017 -2.687006 0.000000
G 5.374012 -2.687006 2.687006
T 8.061017 -5.374012 2.687006
W 8.061017 -2.687006 5.374012
Y 8.061017 -5.374012 8.061017


-3.000000	38152b3a0
10

Y 0.000000 0.000000 0.000000
Y 2.687006 2.687006 0.000000
D 0.000000 2.687006 -2.687006
P 0.000000 5.374012 -5.374012
E -2.687006 5.374012 -2.687006
T -2.687006 8.061017 0.000000
G 0.000000 8.061017 -2.687006
T -2.687006 10.748023 -2.687006
W -2.687006 8.061017 -5.374012
Y -2.687006 10.748023 -8.061017


-3.000000	927b85810
10

Y 0.000000 0.000000 0.000000
Y 2.687006 2.687006 0.000000
D 0.000000 5.374012 0.000000
P 0.000000 2.687006 -2.687006
E 2.687006 2.687006 -5.374012
T 2.687006 0.000000 -8.061017
G 0.000000 0.000000 -5.374012
T 2.687006 -2.687006 -5.374012
W 2.687006 0.000000 -2.687006
Y 2.687006 -2.687006 0.000000


-3.000000	927b85800
10

Y 0.000000 0.000000 0.000000
Y 2.687006 2.687006 0.000000
D 5.374012 5.374012 0.000000
P 5.374012 2.687006 -2.687006
E 8.061017 2.687006 -5.374012
T 8.061017 0.000000 -8.061017
G 5.374012 0.000000 -5.374012
T 8.061017 -2.687006 -5.374012
W 8.061017 0.000000 -2.687006
Y 8.061017 -2.687006 0.000000


-3.000000	38152b240
10

Y 0.000000 0.000000 0.000000
Y 2.687006 2.687006 0.000000
D 5.374012 2.687006 2.687006
P 5.374012 5.374012 5.374012
E 2.687006 5.374012 8.061017
T 2.687006 8.061017 10.748023
G 5.374012 8.061017 8.061017
T 2.687006 10.748023 8.061017
W 2.687006 8.061017 5.374012
Y 2.687006 10.748023 2.687006


-3.000000	927b858a0
10

Y 0.000000 0.000000 0.000000
Y 2.687006 2.687006 0.000000
D 0.000000 2.687006 -2.687006
P 0.000000 0.000000 -5.374012
E 2.687006 0.000000 -8.061017
T 2.687006 -2.687006 -10.748023
G 0.000000 -2.687006 -8.061017
T 2.687006 -5.374012 -8.061017
W 2.687006 -2.687006 -5.374012
Y 2.687006 -5.374012 -2.687006


-3.000000	38152b210
10

Y 0.000000 0.000000 0.000000
Y 2.687006 2.687006 0.000000
D 0.000000 5.374012 0.000000
P 0.000000 8.061017 2.687006
E -2.687006 8.061017 5.374012
T -2.687006 10.748023 8.061017
G 0.000000 10.748023 5.374012
T -2.687006 13.435029 5.374012
W -2.687006 10.748023 2.687006
Y -2.687006 13.435029 0.000000


-3.000000	38152b200
10

Y 0.000000 0.000000 0.000000
Y 2.687006 2.687006 0.000000
D 5.374012 5.374012 0.000000
P 5.374012 8.061017 2.687006
E 2.687006 8.061017 5.374012
T 2.687006 10.748023 8.061017
G 5.374012 10.748023 5.374012
T 2.687006 13.435029 5.374012
W 2.687006 10.748023 2.687006
Y 2.687006 13.435029 0.000000


-3.000000	927b85840
10

Y 0.000000 0.000000 0.000000
Y 2.687006 2.687006 0.000000
D 5.374012 2.687006 2.687006
P 5.374012 0.000000 0.000000
E 8.061017 0.000000 -2.687006
T 8.061017 -2.687006 -5.374012
G 5.374012 -2.687006 -2.687006
T 8.061017 -5.374012 -2.687006
W 8.061017 -2.687006 0.000000
Y 8.061017 -5.374012 2.687006


-3.000000	38152b2a0
10

Y 0.000000 0.000000 0.000000
Y 2.687006 2.687006 0.000000
D 0.000000 2.687006 -2.687006
P 0.000000 5.374012 0.000000
E -2.687006 5.374012 2.687006
T -2.687006 8.061017 5.374012
G 0.000000 8.061017 2.687006
T -2.687006 10.748023 2.687006
W -2.687006 8.061017 0.000000
Y -2.687006 10.748023 -2.687006


-3.000000	927b85700
10

Y 0.000000 0.000000 0.000000
Y 2.687006 2.687006 0.000000
D 5.374012 5.374012 0.000000
P 8.061017 2.687006 0.000000
E 10.748023 2.687006 -2.687006
T 10.748023 0.000000 -5.374012
G 8.061017 0.000000 -2.687006
T 10.748023 -2.687006 -2.687006
W 10.748023 0.000000 0.000000
Y 10.748023 -2.687006 2.687006


-3.000000	38152b140
10

Y 0.000000 0.000000 0.000000
Y 2.687006 2.687006 0.000000
D 5.374012 2.687006 2.687006
P 2.687006 5.374012 2.687006
E 0.000000 5.374012 5.374012
T 0.000000 8.061017 8.061017
G 2.687006 8.061017 5.374012
T 0.000000 10.748023 5.374012
W 0.000000 8.061017 2.687006
Y 0.000000 10.748023 0.000000


-3.000000	927b857a0
10

Y 0.000000 0.000000 0.000000
Y 2.687006 2.687006 0.000000
D 0.000000 2.687006 -2.687006
P 2.687006 0.000000 -2.687006
E 5.374012 0.000000 -5.374012
T 5.374012 -2.687006 -8.061017
G 2.687006 -2.687006 -5.374012
T 5.374012 -5.374012 -5.374012
W 5.374012 -2.687006 -2.687006
Y 5.374012 -5.374012 0.000000


-3.000000	38152b110
10

Y 0.000000 0.000000 0.000000
Y 2.687006 2.687006 0.000000
D 0.000000 5.374012 0.000000
P -2.687006 8.061017 0.000000
E -5.374012 8.061017 2.687006
T -5.374012 10.748023 5.374012
G -2.687006 10.748023 2.687006
T -5.374012 13.435029 2.687006
W -5.374012 10.748023 0.000000
Y -5.374012 13.435029 -2.687006


-3.000000	38152b100
10

Y 0.000000 0.000000 0.000000
Y 2.687006 2.687006 0.000000
D 5.374012 5.374012 0.000000
P 2.687006 8.061017 0.000000
E 0.000000 8.061017 2.687006
T 0.000000 10.748023 5.374012
G 2.687006 10.748023 2.687006
T 0.000000 13.435029 2.687006
W 0.000000 10.748023 0.000000
Y 0.000000 13.435029 -2.687006


-3.000000	927b85740
10

Y 0.000000 0.000000 0.000000
Y 2.687006 2.687006 0.000000
D 5.374012 2.687006 2.687006
P 8.061017 0.000000 2.687006
E 10.748023 0.000000 0.000000
T 10.748023 -2.687006 -2.687006
G 8.061017 -2.687006 0.000000
T 10.748023 -5.374012 0.000000
W 10.748023 -2.687006 2.687006
Y 10.748023 -5.374012 5.374012


-3.000000	38152b1a0
10

Y 0.000000 0.000000 0.000000
Y 2.687006 2.687006 0.000000
D 0.000000 2.687006 -2.687006
P -2.687006 5.374012 -2.687006
E -5.374012 5.374012 0.000000
T -5.374012 8.061017 2.687006
G -2.687006 8.061017 0.000000
T -5.374012 10.748023 0.000000
W -5.374012 8.061017 -2.687006
Y -5.374012 10.748023 -5.374012


-3.000000	38152b040
10

Y 0.000000 0.000000 0.000000
Y 2.687006 2.687006 0.000000
D 5.374012 2.687006 2.687006
P 8.061017 5.374012 2.687006
E 5.374012 5.374012 5.374012
T 5.374012 8.061017 8.061017
G 8.061017 8.061017 5.374012
T 5.374012 10.748023 5.374012
W 5.374012 8.061017 2.687006
Y 5.374012 10.748023 0.000000


-3.000000	927b856a0
10

Y 0.000000 0.000000 0.000000
Y 2.687006 2.687006 0.000000
D 0.000000 2.687006 -2.687006
P -2.687006 0.000000 -2.687006
E 0.000000 0.000000 -5.374012
T 0.000000 -2.687006 -8.061017
G -2.687006 -2.687006 -5.374012
T 0.000000 -5.374012 -5.374012
W 0.000000 -2.687006 -2.687006
Y 0.000000 -5.374012 0.000000


-3.000000	38152b010
10

Y 0.000000 0.000000 0.000000
Y 2.687006 2.687006 0.000000
D 0.000000 5.374012 0.000000
P 2.687006 8.061017 0.000000
E 0.000000 8.061017 2.687006
T 0.000000 10.748023 5.374012
G 2.687006 10.748023 2.687006
T 0.000000 13.435029 2.687006
W 0.000000 10.748023 0.000000
Y 0.000000 13.435029 -2.687006


-3.000000	38152b000
10

Y 0.000000 0.000000 0.000000
Y 2.687006 2.687006 0.000000
D 5.374012 5.374012 0.000000
P 8.061017 8.061017 0.000000
E 5.374012 8.061017 2.687006
T 5.374012 10.748023 5.374012
G 8.061017 10.748023 2.687006
T 5.374012 13.435029 2.687006
W 5.374012 10.748023 0.000000
Y 5.374012 13.435029 -2.687006


-3.000000	927b85640
10

Y 0.000000 0.000000 0.000000
Y 2.687006 2.687006 0.000000
D 5.374012 2.687006 2.687006
P 2.687006 0.000000 2.687006
E 5.374012 0.000000 0.000000
T 5.374012 -2.687006 -2.687006
G 2.687006 -2.687006 0.000000
T 5.374012 -5.374012 0.000000
W 5.374012 -2.687006 2.687006
Y 5.374012 -5.374012 5.374012


-3.000000	38152b0a0
10

Y 0.000000 0.000000 0.000000
Y 2.687006 2.687006 0.000000
D 0.000000 2.687006 -2.687006
P 2.687006 5.374012 -2.687006
E 0.000000 5.374012 0.000000
T 0.000000 8.061017 2.687006
G 2.687006 8.061017 0.000000
T 0.000000 10.748023 0.000000
W 0.000000 8.061017 -2.687006
Y 0.000000 10.748023 -5.374012


-3.000000	38152bb40
10

Y 0.000000 0.000000 0.000000
Y 2.687006 2.687006 0.000000
D 5.374012 2.687006 2.687006
P 2.687006 2.687006 5.374012
E 0.000000 2.687006 8.061017
T 0.000000 5.374012 10.748023
G 2.687006 5.374012 8.061017
T 0.000000 8.061017 8.061017
W 0.000000 5.374012 5.374012
Y 0.000000 8.061017 2.687006


-3.000000	927b855a0
10

Y 0.000000 0.000000 0.000000
Y 2.687006 2.687006 0.000000
D 0.000000 2.687006 -2.687006
P 2.687006 2.687006 -5.374012
E 5.374012 2.687006 -8.061017
T 5.374012 0.000000 -10.748023
G 2.687006 0.000000 -8.061017
T 5.374012 -2.687006 -8.061017
W 5.374012 0.000000 -5.374012
Y 5.374012 -2.687006 -2.687006


-3.000000	38152bb10
10

Y 0.000000 0.000000 0.000000
Y 2.687006 2.687006 0.000000
D 0.000000 5.374012 0.000000
P -2.687006 5.374012 2.687006
E -5.374012 5.374012 5.374012
T -5.374012 8.061017 8.061017
G -2.687006 8.061017 5.374012
T -5.374012 10.748023 5.374012
W -5.374012 8.061017 2.687006
Y -5.374012 10.748023 0.000000


-3.000000	38152bb00
10

Y 0.000000 0.000000 0.000000
Y 2.687006 2.687006 0.000000
D 5.374012 5.374012 0.000000
P 2.687006 5.374012 2.687006
E 0.000000 5.374012 5.374012
T 0.000000 8.061017 8.061017
G 2.687006 8.061017 5.374012
T 0.000000 10.748023 5.374012
W 0.000000 8.061017 2.687006
Y 0.000000 10.748023 0.000000


-3.000000	927b85540
10

Y 0.000000 0.000000 0.000000
Y 2.687006 2.687006 0.000000
D 5.374012 2.687006 2.687006
P 8.061017 2.687006 0.000000
E 10.748023 2.687006 -2.687006
T 10.748023 0.000000 -5.374012
G 8.061017 0.000000 -2.687006
T 10.748023 -2.687006 -2.687006
W 10.748023 0.000000 0.000000
Y 10.748023 -2.687006 2.687006


-3.000000	38152bba0
10

Y 0.000000 0.000000 0.000000
Y 2.687006 2.687006 0.000000
D 0.000000 2.687006 -2.687006
P -2.687006 2.687006 0.000000
E -5.374012 2.687006 2.687006
T -5.374012 5.374012 5.374012
G -2.687006 5.374012 2.687006
T -5.374012 8.061017 2.687006
W -5.374012 5.374012 0.000000
Y -5.374012 8.061017 -2.687006


-3.000000	927b85510
10

Y 0.000000 0.000000 0.000000
Y 2.687006 2.687006 0.000000
D 0.000000 5.374012 0.000000
P 2.687006 5.374012 -2.687006
E 5.374012 5.374012 -5.374012
T 5.374012 2.687006 -8.061017
G 2.687006 2.687006 -5.374012
T 5.374012 0.000000 -5.374012
W 5.374012 2.687006 -2.687006
Y 5.374012 0.000000 0.000000


-3.000000	927b85500
10

Y 0.000000 0.000000 0.000000
Y 2.687006 2.687006 0.000000
D 5.374012 5.374012 0.000000
P 8.061017 5.374012 -2.687006
E 10.748023 5.374012 -5.374012
T 10.748023 2.687006 -8.061017
G 8.061017 2.687006 -5.374012
T 10.748023 0.000000 -5.374012
W 10.748023 2.687006 -2.687006
Y 10.748023 0.000000 0.000000


-3.000000	38152ba10
10

Y 0.000000 0.000000 0.000000
Y 2.687006 2.687006 0.000000
D 0.000000 5.374012 0.000000
P -2.687006 5.374012 -2.687006
E -5.374012 5.374012 0.000000
T -5.374012 8.061017 2.687006
G -2.687006 8.061017 0.000000
T -5.374012 10.748023 0.000000
W -5.374012 8.061017 -2.687006
Y -5.374012 10.748023 -5.374012


-3.000000	38152ba00
10

Y 0.000000 0.000000 0.000000
Y 2.687006 2.687006 0.000000
D 5.374012 5.374012 0.000000
P 2.687006 5.374012 -2.687006
E 0.000000 5.374012 0.000000
T 0.000000 8.061017 2.687006
G 2.687006 8.061017 0.000000
T 0.000000 10.748023 0.000000
W 0.000000 8.061017 -2.687006
Y 0.000000 10.748023 -5.374012


-3.000000	927b85440
10

Y 0.000000 0.000000 0.000000
Y 2.687006 2.687006 0.000000
D 5.374012 2.687006 2.687006
P 8.061017 2.687006 5.374012
E 10.748023 2.687006 2.687006
T 10.748023 0.000000 0.000000
G 8.061017 0.000000 2.687006
T 10.748023 -2.687006 2.687006
W 10.748023 0.000000 5.374012
Y 10.748023 -2.687006 8.061017


-3.000000	38152baa0
10

Y 0.000000 0.000000 0.000000
Y 2.687006 2.687006 0.000000
D 0.000000 2.687006 -2.687006
P -2.687006 2.687006 -5.374012
E -5.374012 2.687006 -2.687006
T -5.374012 5.374012 0.000000
G -2.687006 5.374012 -2.687006
T -5.374012 8.061017 -2.687006
W -5.374012 5.374012 -5.374012
Y -5.374012 8.061017 -8.061017


-3.000000	927b85400
10

Y 0.000000 0.000000 0.000000
Y 2.687006 2.687006 0.000000
D 5.374012 5.374012 0.000000
P 8.061017 5.374012 2.687006
E 10.748023 5.374012 0.000000
T 10.748023 2.687006 -2.687006
G 8.061017 2.687006 0.000000
T 10.748023 0.000000 0.000000
W 10.748023 2.687006 2.687006
Y 10.748023 0.000000 5.374012


-3.000000	38152b910
10

Y 0.000000 0.000000 0.000000
Y 2.687006 2.687006 0.000000
D 0.000000 5.374012 0.000000
P 0.000000 2.687006 2.687006
E -2.687006 2.687006 5.374012
T -2.687006 5.374012 8.061017
G 0.000000 5.374012 5.374012
T -2.687006 8.061017 5.374012
W -2.687006 5.374012 2.687006
Y -2.687006 8.061017 0.000000


-3.000000	38152b900
10

Y 0.000000 0.000000 0.000000
Y 2.687006 2.687006 0.000000
D 5.374012 5.374012 0.000000
P 5.374012 2.687006 2.687006
E 2.687006 2.687006 5.374012
T 2.687006 5.374012 8.061017
G 5.374012 5.374012 5.374012
T 2.687006 8.061017 5.374012
W 2.687006 5.374012 2.687006
Y 2.687006 8.061017 0.000000


-3.000000	927b85340
10

Y 0.000000 0.000000 0.000000
Y 2.687006 2.687006 0.000000
D 5.374012 2.687006 2.687006
P 5.374012 5.374012 0.000000
E 8.061017 5.374012 -2.687006
T 8.061017 2.687006 -5.374012
G 5.374012 2.687006 -2.687006
T 8.061017 0.000000 -2.687006
W 8.061017 2.687006 0.000000
Y 8.061017 0.000000 2.687006


-3.000000	927b85300
10

Y 0.000000 0.000000 0.000000
Y 2.687006 2.687006 0.000000
D 5.374012 5.374012 0.000000
P 5.374012 8.061017 -2.687006
E 8.061017 8.061017 -5.374012
T 8.061017 5.374012 -8.061017
G 5.374012 5.374012 -5.374012
T 8.061017 2.687006 -5.374012
W 8.061017 5.374012 -2.687006
Y 8.061017 2.687006 0.000000


-3.000000	38152b940
10

Y 0.000000 0.000000 0.000000
Y 2.687006 2.687006 0.000000
D 5.374012 2.687006 2.687006
P 5.374012 0.000000 5.374012
E 2.687006 0.000000 8.061017
T 2.687006 2.687006 10.748023
G 5.374012 2.687006 8.061017
T 2.687006 5.374012 8.061017
W 2.687006 2.687006 5.374012
Y 2.687006 5.374012 2.687006


-3.000000	927b853a0
10

Y 0.000000 0.000000 0.000000
Y 2.687006 2.687006 0.000000
D 0.000000 2.687006 -2.687006
P 0.000000 5.374012 -5.374012
E 2.687006 5.374012 -8.061017
T 2.687006 2.687006 -10.748023
G 0.000000 2.687006 -8.061017
T 2.687006 0.000000 -8.061017
W 2.687006 2.687006 -5.374012
Y 2.687006 0.000000 -2.687006


-3.000000	927b85040
10

Y 0.000000 0.000000 0.000000
Y 2.687006 2.687006 0.000000
D 5.374012 2.687006 2.687006
P 8.061017 5.374012 2.687006
E 10.748023 5.374012 0.000000
T 10.748023 2.687006 -2.687006
G 8.061017 2.687006 0.000000
T 10.748023 0.000000 0.000000
W 10.748023 2.687006 2.687006
Y 10.748023 0.000000 5.374012


-3.000000	38152b6a0
10

Y 0.000000 0.000000 0.000000
Y 2.687006 2.687006 0.000000
D 0.000000 2.687006 -2.687006
P -2.687006 0.000000 -2.687006
E -5.374012 0.000000 0.000000
T -5.374012 2.687006 2.687006
G -2.687006 2.687006 0.000000
T -5.374012 5.374012 0.000000
W -5.374012 2.687006 -2.687006
Y -5.374012 5.374012 -5.374012


-3.000000	927b85010
10

Y 0.000000 0.000000 0.000000
Y 2.687006 2.687006 0.000000
D 0.000000 5.374012 0.000000
P 2.687006 8.061017 0.000000
E 5.374012 8.061017 -2.687006
T 5.374012 5.374012 -5.374012
G 2.687006 5.374012 -2.687006
T 5.374012 2.687006 -2.687006
W 5.374012 5.374012 0.000000
Y 5.374012 2.687006 2.687006


-3.000000	927b85000
10

Y 0.000000 0.000000 0.000000
Y 2.687006 2.687006 0.000000
D 5.374012 5.374012 0.000000
P 8.061017 8.061017 0.000000
E 10.748023 8.061017 -2.687006
T 10.748023 5.374012 -5.374012
G 8.061017 5.374012 -2.687006
T 10.748023 2.687006 -2.687006
W 10.748023 5.374012 0.000000
Y 10.748023 2.687006 2.687006


-3.000000	38152b640
10

Y 0.000000 0.000000 0.000000
Y 2.687006 2.687006 0.000000
D 5.374012 2.687006 2.687006
P 2.687006 0.000000 2.687006
E 0.000000 0.000000 5.374012
T 0.000000 2.687006 8.061017
G 2.687006 2.687006 5.374012
T 0.000000 5.374012 5.374012
W 0.000000 2.687006 2.687006
Y 0.000000 5.374012 0.000000


-3.000000	927b850a0
10

Y 0.000000 0.000000 0.000000
Y 2.687006 2.687006 0.000000
D 0.000000 2.687006 -2.687006
P 2.687006 5.374012 -2.687006
E 5.374012 5.374012 -5.374012
T 5.374012 2.687006 -8.061017
G 2.687006 2.687006 -5.374012
T 5.374012 0.000000 -5.374012
W 5.374012 2.687006 -2.687006
Y 5.374012 0.000000 0.000000


-3.000000	38152b610
10

Y 0.000000 0.000000 0.000000
Y 2.687006 2.687006 0.000000
D 0.000000 5.374012 0.000000
P -2.687006 2.687006 0.000000
E -5.374012 2.687006 2.687006
T -5.374012 5.374012 5.374012
G -2.687006 5.374012 2.687006
T -5.374012 8.061017 2.687006
W -5.374012 5.374012 0.000000
Y -5.374012 8.061017 -2.687006


-3.000000	381514700
10

Y 0.000000 0.000000 0.000000
Y 2.687006 2.687006 0.000000
D 5.374012 5.374012 0.000000
P 8.061017 2.687006 0.000000
E 10.748023 2.687006 2.687006
T 8.061017 5.374012 2.687006
G 10.748023 5.374012 0.000000
T 8.061017 8.061017 0.000000
W 8.061017 5.374012 -2.687006
Y 8.061017 8.061017 -5.374012


-3.000000	927b7a110
10

Y 0.000000 0.000000 0.000000
Y 2.687006 2.687006 0.000000
D 0.000000 5.374012 0.000000
P -2.687006 8.061017 0.000000
E -5.374012 8.061017 -2.687006
T -2.687006 5.374012 -2.687006
G -5.374012 5.374012 0.000000
T -2.687006 2.687006 0.000000
W -2.687006 5.374012 2.687006
Y -2.687006 2.687006 5.374012


-3.000000	381514740
10

Y 0.000000 0.000000 0.000000
Y 2.687006 2.687006 0.000000
D 5.374012 2.687006 2.687006
P 8.061017 0.000000 2.687006
E 10.748023 0.000000 5.374012
T 8.061017 2.687006 5.374012
G 10.748023 2.687006 2.687006
T 8.061017 5.374012 2.687006
W 8.061017 2.687006 0.000000
Y 8.061017 5.374012 -2.687006


-3.000000	927b7a1a0
10

Y 0.000000 0.000000 0.000000
Y 2.687006 2.687006 0.000000
D 0.000000 2.687006 -2.687006
P -2.687006 5.374012 -2.687006
E -5.374012 5.374012 -5.374012
T -2.687006 2.687006 -5.374012
G -5.374012 2.687006 -2.687006
T -2.687006 0.000000 -2.687006
W -2.687006 2.687006 0.000000
Y -2.687006 0.000000 2.687006


-3.000000	927b7ab40
10

Y 0.000000 0.000000 0.000000
Y 2.687006 2.687006 0.000000
D 5.374012 2.687006 2.687006
P 2.687006 2.687006 5.374012
E 0.000000 2.687006 2.687006
T 2.687006 0.000000 2.687006
G 0.000000 0.000000 5.374012
T 2.687006 -2.687006 5.374012
W 2.687006 0.000000 8.061017
Y 2.687006 -2.687006 10.748023


-3.000000	3815145a0
10

Y 0.000000 0.000000 0.000000
Y 2.687006 2.687006 0.000000
D 0.000000 2.687006 -2.687006
P 2.687006 2.687006 -5.374012
E 5.374012 2.687006 -2.687006
T 2.687006 5.374012 -2.687006
G 5.374012 5.374012 -5.374012
T 2.687006 8.061017 -5.374012
W 2.687006 5.374012 -8.061017
Y 2.687006 8.061017 -10.748023


-3.000000	927b7ab10
10

Y 0.000000 0.000000 0.000000
Y 2.687006 2.687006 0.000000
D 0.000000 5.374012 0.000000
P -2.687006 5.374012 2.687006
E -5.374012 5.374012 0.000000
T -2.687006 2.687006 0.000000
G -5.374012 2.687006 2.687006
T -2.687006 0.000000 2.687006
W -2.687006 2.687006 5.374012
Y -2.687006 0.000000 8.061017


-3.000000	381514540
10

Y 0.000000 0.000000 0.000000
Y 2.687006 2.687006 0.000000
D 5.374012 2.687006 2.687006
P 8.061017 2.687006 0.000000
E 10.748023 2.687006 2.687006
T 8.061017 5.374012 2.687006
G 10.748023 5.374012 0.000000
T 8.061017 8.061017 0.000000
W 8.061017 5.374012 -2.687006
Y 8.061017 8.061017 -5.374012


-3.000000	927b7aba0
10

Y 0.000000 0.000000 0.000000
Y 2.687006 2.687006 0.000000
D 0.000000 2.687006 -2.687006
P -2.687006 2.687006 0.000000
E -5.374012 2.687006 -2.687006
T -2.687006 0.000000 -2.687006
G -5.374012 0.000000 0.000000
T -2.687006 -2.687006 0.000000
W -2.687006 0.000000 2.687006
Y -2.687006 -2.687006 5.374012


-3.000000	381514510
10

Y 0.000000 0.000000 0.000000
Y 2.687006 2.687006 0.000000
D 0.000000 5.374012 0.000000
P 2.687006 5.374012 -2.687006
E 5.374012 5.374012 0.000000
T 2.687006 8.061017 0.000000
G 5.374012 8.061017 -2.687006
T 2.687006 10.748023 -2.687006
W 2.687006 8.061017 -5.374012
Y 2.687006 10.748023 -8.061017


-3.000000	381514500
10

Y 0.000000 0.000000 0.000000
Y 2.687006 2.687006 0.000000
D 5.374012 5.374012 0.000000
P 8.061017 5.374012 -2.687006
E 10.748023 5.374012 0.000000
T 8.061017 8.061017 0.000000
G 10.748023 8.061017 -2.687006
T 8.061017 10.748023 -2.687006
W 8.061017 8.061017 -5.374012
Y 8.061017 10.748023 -8.061017


-3.000000	927b7aa10
10

Y 0.000000 0.000000 0.000000
Y 2.687006 2.687006 0.000000
D 0.000000 5.374012 0.000000
P -2.687006 5.374012 -2.687006
E -5.374012 5.374012 -5.374012
T -2.687006 2.687006 -5.374012
G -5.374012 2.687006 -2.687006
T -2.687006 0.000000 -2.687006
W -2.687006 2.687006 0.000000
Y -2.687006 0.000000 2.687006


-3.000000	381514440
10

Y 0.000000 0.000000 0.000000
Y 2.687006 2.687006 0.000000
D 5.374012 2.687006 2.687006
P 8.061017 2.687006 5.374012
E 10.748023 2.687006 8.061017
T 8.061017 5.374012 8.061017
G 10.748023 5.374012 5.374012
T 8.061017 8.061017 5.374012
W 8.061017 5.374012 2.687006
Y 8.061017 8.061017 0.000000


-3.000000	927b7aaa0
10

Y 0.000000 0.000000 0.000000
Y 2.687006 2.687006 0.000000
D 0.000000 2.687006 -2.687006
P -2.687006 2.687006 -5.374012
E -5.374012 2.687006 -8.061017
T -2.687006 0.000000 -8.061017
G -5.374012 0.000000 -5.374012
T -2.687006 -2.687006 -5.374012
W -2.687006 0.000000 -2.687006
Y -2.687006 -2.687006 0.000000


-3.000000	381514410
10

Y 0.000000 0.000000 0.000000
Y 2.687006 2.687006 0.000000
D 0.000000 5.374012 0.000000
P 2.687006 5.374012 2.687006
E 5.374012 5.374012 5.374012
T 2.687006 8.061017 5.374012
G 5.374012 8.061017 2.687006
T 2.687006 10.748023 2.687006
W 2.687006 8.061017 0.000000
Y 2.687006 10.748023 -2.687006


-3.000000	381514400
10

Y 0.000000 0.000000 0.000000
Y 2.687006 2.687006 0.000000
D 5.374012 5.374012 0.000000
P 8.061017 5.374012 2.687006
E 10.748023 5.374012 5.374012
T 8.061017 8.061017 5.374012
G 10.748023 8.061017 2.687006
T 8.061017 10.748023 2.687006
W 8.061017 8.061017 0.000000
Y 8.061017 10.748023 -2.687006


-3.000000	381514340
10

Y 0.000000 0.000000 0.000000
Y 2.687006 2.687006 0.000000
D 5.374012 2.687006 2.687006
P 5.374012 5.374012 0.000000
E 8.061017 5.374012 2.687006
T 5.374012 8.061017 2.687006
G 8.061017 8.061017 0.000000
T 5.374012 10.748023 0.000000
W 5.374012 8.061017 -2.687006
Y 5.374012 10.748023 -5.374012


-3.000000	381514310
10

Y 0.000000 0.000000 0.000000
Y 2.687006 2.687006 0.000000
D 0.000000 5.374012 0.000000
P 0.000000 8.061017 -2.687006
E 2.687006 8.061017 0.000000
T 0.000000 10.748023 0.000000
G 2.687006 10.748023 -2.687006
T 0.000000 13.435029 -2.687006
W 0.000000 10.748023 -5.374012
Y 0.000000 13.435029 -8.061017


-3.000000	381514300
10

Y 0.000000 0.000000 0.000000
Y 2.687006 2.687006 0.000000
D 5.374012 5.374012 0.000000
P 5.374012 8.061017 -2.687006
E 8.061017 8.061017 0.000000
T 5.374012 10.748023 0.000000
G 8.061017 10.748023 -2.687006
T 5.374012 13.435029 -2.687006
W 5.374012 10.748023 -5.374012
Y 5.374012 13.435029 -8.061017


-3.000000	927b7a940
10

Y 0.000000 0.000000 0.000000
Y 2.687006 2.687006 0.000000
D 5.374012 2.687006 2.687006
P 5.374012 0.000000 5.374012
E 2.687006 0.000000 2.687006
T 5.374012 -2.687006 2.687006
G 2.687006 -2.687006 5.374012
T 5.374012 -5.374012 5.374012
W 5.374012 -2.687006 8.061017
Y 5.374012 -5.374012 10.748023


-3.000000	3815143a0
10

Y 0.000000 0.000000 0.000000
Y 2.687006 2.687006 0.000000
D 0.000000 2.687006 -2.687006
P 0.000000 5.374012 -5.374012
E 2.687006 5.374012 -2.687006
T 0.000000 8.061017 -2.687006
G 2.687006 8.061017 -5.374012
T 0.000000 10.748023 -5.374012
W 0.000000 8.061017 -8.061017
Y 0.000000 10.748023 -10.748023


-3.000000	927b7a800
10

Y 0.000000 0.000000 0.000000
Y 2.687006 2.687006 0.000000
D 5.374012 5.374012 0.000000
P 5.374012 2.687006 -2.687006
E 2.687006 2.687006 -5.374012
T 5.374012 0.000000 -5.374012
G 2.687006 0.000000 -2.687006
T 5.374012 -2.687006 -2.687006
W 5.374012 0.000000 0.000000
Y 5.374012 -2.687006 2.687006


-3.000000	381514240
10

Y 0.000000 0.000000 0.000000
Y 2.687006 2.687006 0.000000
D 5.374012 2.687006 2.687006
P 5.374012 5.374012 5.374012
E 8.061017 5.374012 8.061017
T 5.374012 8.061017 8.061017
G 8.061017 8.061017 5.374012
T 5.374012 10.748023 5.374012
W 5.374012 8.061017 2.687006
Y 5.374012 10.748023 0.000000


-3.000000	927b7a8a0
10

Y 0.000000 0.000000 0.000000
Y 2.687006 2.687006 0.000000
D 0.000000 2.687006 -2.687006
P 0.000000 0.000000 -5.374012
E -2.687006 0.000000 -8.061017
T 0.000000 -2.687006 -8.061017
G -2.687006 -2.687006 -5.374012
T 0.000000 -5.374012 -5.374012
W 0.000000 -2.687006 -2.687006
Y 0.000000 -5.374012 0.000000


-3.000000	381514210
10

Y 0.000000 0.000000 0.000000
Y 2.687006 2.687006 0.000000
D 0.000000 5.374012 0.000000
P 0.000000 8.061017 2.687006
E 2.687006 8.061017 5.374012
T 0.000000 10.748023 5.374012
G 2.687006 10.748023 2.687006
T 0.000000 13.435029 2.687006
W 0.000000 10.748023 0.000000
Y 0.000000 13.435029 -2.687006


-3.000000	381514200
10

Y 0.000000 0.000000 0.000000
Y 2.687006 2.687006 0.000000
D 5.374012 5.374012 0.000000
P 5.374012 8.061017 2.687006
E 8.061017 8.061017 5.374012
T 5.374012 10.748023 5.374012
G 8.061017 10.748023 2.687006
T 5.374012 13.435029 2.687006
W 5.374012 10.748023 0.000000
Y 5.374012 13.435029 -2.687006


-3.000000	927b7a840
10

Y 0.000000 0.000000 0.000000
Y 2.687006 2.687006 0.000000
D 5.374012 2.687006 2.687006
P 5.374012 0.000000 0.000000
E 2.687006 0.000000 -2.687006
T 5.374012 -2.687006 -2.687006
G 2.687006 -2.687006 0.000000
T 5.374012 -5.374012 0.000000
W 5.374012 -2.687006 2.687006
Y 5.374012 -5.374012 5.374012


-3.000000	3815142a0
10

Y 0.000000 0.000000 0.000000
Y 2.687006 2.687006 0.000000
D 0.000000 2.687006 -2.687006
P 0.000000 5.374012 0.000000
E 2.687006 5.374012 2.687006
T 0.000000 8.061017 2.687006
G 2.687006 8.061017 0.000000
T 0.000000 10.748023 0.000000
W 0.000000 8.061017 -2.687006
Y 0.000000 10.748023 -5.374012


-3.000000	927b7a700
10

Y 0.000000 0.000000 0.000000
Y 2.687006 2.687006 0.000000
D 5.374012 5.374012 0.000000
P 8.061017 2.687006 0.000000
E 5.374012 2.687006 -2.687006
T 8.061017 0.000000 -2.687006
G 5.374012 0.000000 0.000000
T 8.061017 -2.687006 0.000000
W 8.061017 0.000000 2.687006
Y 8.061017 -2.687006 5.374012


-3.000000	381514140
10

Y 0.000000 0.000000 0.000000
Y 2.687006 2.687006 0.000000
D 5.374012 2.687006 2.687006
P 2.687006 5.374012 2.687006
E 5.374012 5.374012 5.374012
T 2.687006 8.061017 5.374012
G 5.374012 8.061017 2.687006
T 2.687006 10.748023 2.687006
W 2.687006 8.061017 0.000000
Y 2.687006 10.748023 -2.687006


-3.000000	927b7a7a0
10

Y 0.000000 0.000000 0.000000
Y 2.687006 2.687006 0.000000
D 0.000000 2.687006 -2.687006
P 2.687006 0.000000 -2.687006
E 0.000000 0.000000 -5.374012
T 2.687006 -2.687006 -5.374012
G 0.000000 -2.687006 -2.687006
T 2.687006 -5.374012 -2.687006
W 2.687006 -2.687006 0.000000
Y 2.687006 -5.374012 2.687006


-3.000000	381514110
10

Y 0.000000 0.000000 0.000000
Y 2.687006 2.687006 0.000000
D 0.000000 5.374012 0.000000
P -2.687006 8.061017 0.000000
E 0.000000 8.061017 2.687006
T -2.687006 10.748023 2.687006
G 0.000000 10.748023 0.000000
T -2.687006 13.435029 0.000000
W -2.687006 10.748023 -2.687006
Y -2.687006 13.435029 -5.374012


-3.000000	381514100
10

Y 0.000000 0.000000 0.000000
Y 2.687006 2.687006 0.000000
D 5.374012 5.374012 0.000000
P 2.687006 8.061017 0.000000
E 5.374012 8.061017 2.687006
T 2.687006 10.748023 2.687006
G 5.374012 10.748023 0.000000
T 2.687006 13.435029 0.000000
W 2.687006 10.748023 -2.687006
Y 2.687006 13.435029 -5.374012


-3.000000	927b7a740
10

Y 0.000000 0.000000 0.000000
Y 2.687006 2.687006 0.000000
D 5.374012 2.687006 2.687006
P 8.061017 0.000000 2.687006
E 5.374012 0.000000 0.000000
T 8.061017 -2.687006 0.000000
G 5.374012 -2.687006 2.687006
T 8.061017 -5.374012 2.687006
W 8.061017 -2.687006 5.374012
Y 8.061017 -5.374012 8.061017


-3.000000	3815141a0
10

Y 0.000000 0.000000 0.000000
Y 2.687006 2.687006 0.000000
D 0.000000 2.687006 -2.687006
P -2.687006 5.374012 -2.687006
E 0.000000 5.374012 0.000000
T -2.687006 8.061017 0.000000
G 0.000000 8.061017 -2.687006
T -2.687006 10.748023 -2.687006
W -2.687006 8.061017 -5.374012
Y -2.687006 10.748023 -8.061017


-3.000000	381514040
10

Y 0.000000 0.000000 0.000000
Y 2.687006 2.687006 0.000000
D 5.374012 2.687006 2.687006
P 8.061017 5.374012 2.687006
E 10.748023 5.374012 5.374012
T 8.061017 8.061017 5.374012
G 10.748023 8.061017 2.687006
T 8.061017 10.748023 2.687006
W 8.061017 8.061017 0.000000
Y 8.061017 10.748023 -2.687006


-3.000000	927b7a6a0
10

Y 0.000000 0.000000 0.000000
Y 2.687006 2.687006 0.000000
D 0.000000 2.687006 -2.687006
P -2.687006 0.000000 -2.687006
E -5.374012 0.000000 -5.374012
T -2.687006 -2.687006 -5.374012
G -5.374012 -2.687006 -2.687006
T -2.687006 -5.374012 -2.687006
W -2.687006 -2.687006 0.000000
Y -2.687006 -5.374012 2.687006


-3.000000	381514010
10

Y 0.000000 0.000000 0.000000
Y 2.687006 2.687006 0.000000
D 0.000000 5.374012 0.000000
P 2.687006 8.061017 0.000000
E 5.374012 8.061017 2.687006
T 2.687006 10.748023 2.687006
G 5.374012 10.748023 0.000000
T 2.687006 13.435029 0.000000
W 2.687006 10.748023 -2.687006
Y 2.687006 13.435029 -5.374012


-3.000000	381514000
10

Y 0.000000 0.000000 0.000000
Y 2.687006 2.687006 0.000000
D 5.374012 5.374012 0.000000
P 8.061017 8.061017 0.000000
E 10.748023 8.061017 2.687006
T 8.061017 10.748023 2.687006
G 10.748023 10.748023 0.000000
T 8.061017 13.435029 0.000000
W 8.061017 10.748023 -2.687006
Y 8.061017 13.435029 -5.374012


-3.000000	3815140a0
10

Y 0.000000 0.000000 0.000000
Y 2.687006 2.687006 0.000000
D 0.000000 2.687006 -2.687006
P 2.687006 5.374012 -2.687006
E 5.374012 5.374012 0.000000
T 2.687006 8.061017 0.000000
G 5.374012 8.061017 -2.687006
T 2.687006 10.748023 -2.687006
W 2.687006 8.061017 -5.374012
Y 2.687006 10.748023 -8.061017


-3.000000	927b7a610
10

Y 0.000000 0.000000 0.000000
Y 2.687006 2.687006 0.000000
D 0.000000 5.374012 0.000000
P -2.687006 2.687006 0.000000
E -5.374012 2.687006 -2.687006
T -2.687006 0.000000 -2.687006
G -5.374012 0.000000 0.000000
T -2.687006 -2.687006 0.000000
W -2.687006 0.000000 2.687006
Y -2.687006 -2.687006 5.374012


-3.000000	381514b40
10

Y 0.000000 0.000000 0.000000
Y 2.687006 2.687006 0.000000
D 5.374012 2.687006 2.687006
P 2.687006 2.687006 5.374012
E 5.374012 2.687006 8.061017
T 2.687006 5.374012 8.061017
G 5.374012 5.374012 5.374012
T 2.687006 8.061017 5.374012
W 2.687006 5.374012 2.687006
Y 2.687006 8.061017 0.000000


-3.000000	927b7a5a0
10

Y 0.000000 0.000000 0.000000
Y 2.687006 2.687006 0.000000
D 0.000000 2.687006 -2.687006
P 2.687006 2.687006 -5.374012
E 0.000000 2.687006 -8.061017
T 2.687006 0.000000 -8.061017
G 0.000000 0.000000 -5.374012
T 2.687006 -2.687006 -5.374012
W 2.687006 0.000000 -2.687006
Y 2.687006 -2.687006 0.000000


-3.000000	381514b10
10

Y 0.000000 0.000000 0.000000
Y 2.687006 2.687006 0.000000
D 0.000000 5.374012 0.000000
P -2.687006 5.374012 2.687006
E 0.000000 5.374012 5.374012
T -2.687006 8.061017 5.374012
G 0.000000 8.061017 2.687006
T -2.687006 10.748023 2.687006
W -2.687006 8.061017 0.000000
Y -2.687006 10.748023 -2.687006


-3.000000	381514b00
10

Y 0.000000 0.000000 0.000000
Y 2.687006 2.687006 0.000000
D 5.374012 5.374012 0.000000
P 2.687006 5.374012 2.687006
E 5.374012 5.374012 5.374012
T 2.687006 8.061017 5.374012
G 5.374012 8.061017 2.687006
T 2.687006 10.748023 2.687006
W 2.687006 8.061017 0.000000
Y 2.687006 10.748023 -2.687006


-3.000000	927b7a540
10

Y 0.000000 0.000000 0.000000
Y 2.687006 2.687006 0.000000
D 5.374012 2.687006 2.687006
P 8.061017 2.687006 0.000000
E 5.374012 2.687006 -2.687006
T 8.061017 0.000000 -2.687006
G 5.374012 0.000000 0.000000
T 8.061017 -2.687006 0.000000
W 8.061017 0.000000 2.687006
Y 8.061017 -2.687006 5.374012


-3.000000	381514ba0
10

Y 0.000000 0.000000 0.000000
Y 2.687006 2.687006 0.000000
D 0.000000 2.687006 -2.687006
P -2.687006 2.687006 0.000000
E 0.000000 2.687006 2.687006
T -2.687006 5.374012 2.687006
G 0.000000 5.374012 0.000000
T -2.687006 8.061017 0.000000
W -2.687006 5.374012 -2.687006
Y -2.687006 8.061017 -5.374012


-3.000000	927b7a500
10

Y 0.000000 0.000000 0.000000
Y 2.687006 2.687006 0.000000
D 5.374012 5.374012 0.000000
P 8.061017 5.374012 -2.687006
E 5.374012 5.374012 -5.374012
T 8.061017 2.687006 -5.374012
G 5.374012 2.687006 -2.687006
T 8.061017 0.000000 -2.687006
W 8.061017 2.687006 0.000000
Y 8.061017 0.000000 2.687006


-3.000000	927b65a10
10

Y 0.000000 0.000000 0.000000
Y 2.687006 2.687006 0.000000
D 0.000000 5.374012 0.000000
P -2.687006 5.374012 -2.687006
E 0.000000 5.374012 -5.374012
T -2.687006 2.687006 -5.374012
G -5.374012 2.687006 -2.687006
T -2.687006 0.000000 -2.687006
W -2.687006 2.687006 0.000000
Y -2.687006 0.000000 2.687006


-3.000000	38150b440
10

Y 0.000000 0.000000 0.000000
Y 2.687006 2.687006 0.000000
D 5.374012 2.687006 2.687006
P 8.061017 2.687006 5.374012
E 5.374012 2.687006 8.061017
T 8.061017 5.374012 8.061017
G 10.748023 5.374012 5.374012
T 8.061017 8.061017 5.374012
W 8.061017 5.374012 2.687006
Y 8.061017 8.061017 0.000000


-3.000000	927b65aa0
10

Y 0.000000 0.000000 0.000000
Y 2.687006 2.687006 0.000000
D 0.000000 2.687006 -2.687006
P -2.687006 2.687006 -5.374012
E 0.000000 2.687006 -8.061017
T -2.687006 0.000000 -8.061017
G -5.374012 0.000000 -5.374012
T -2.687006 -2.687006 -5.374012
W -2.687006 0.000000 -2.687006
Y -2.687006 -2.687006 0.000000


-3.000000	38150b410
10

Y 0.000000 0.000000 0.000000
Y 2.687006 2.687006 0.000000
D 0.000000 5.374012 0.000000
P 2.687006 5.374012 2.687006
E 0.000000 5.374012 5.374012
T 2.687006 8.061017 5.374012
G 5.374012 8.061017 2.687006
T 2.687006 10.748023 2.687006
W 2.687006 8.061017 0.000000
Y 2.687006 10.748023 -2.687006


-3.000000	38150b400
10

Y 0.000000 0.000000 0.000000
Y 2.687006 2.687006 0.000000
D 5.374012 5.374012 0.000000
P 8.061017 5.374012 2.687006
E 5.374012 5.374012 5.374012
T 8.061017 8.061017 5.374012
G 10.748023 8.061017 2.687006
T 8.061017 10.748023 2.687006
W 8.061017 8.061017 0.000000
Y 8.061017 10.748023 -2.687006


-3.000000	927b65900
10

Y 0.000000 0.000000 0.000000
Y 2.687006 2.687006 0.000000
D 5.374012 5.374012 0.000000
P 5.374012 2.687006 2.687006
E 8.061017 2.687006 0.000000
T 5.374012 0.000000 0.000000
G 2.687006 0.000000 2.687006
T 5.374012 -2.687006 2.687006
W 5.374012 0.000000 5.374012
Y 5.374012 -2.687006 8.061017


-3.000000	38150b340
10

Y 0.000000 0.000000 0.000000
Y 2.687006 2.687006 0.000000
D 5.374012 2.687006 2.687006
P 5.374012 5.374012 0.000000
E 2.687006 5.374012 2.687006
T 5.374012 8.061017 2.687006
G 8.061017 8.061017 0.000000
T 5.374012 10.748023 0.000000
W 5.374012 8.061017 -2.687006
Y 5.374012 10.748023 -5.374012


-3.000000	38150b310
10

Y 0.000000 0.000000 0.000000
Y 2.687006 2.687006 0.000000
D 0.000000 5.374012 0.000000
P 0.000000 8.061017 -2.687006
E -2.687006 8.061017 0.000000
T 0.000000 10.748023 0.000000
G 2.687006 10.748023 -2.687006
T 0.000000 13.435029 -2.687006
W 0.000000 10.748023 -5.374012
Y 0.000000 13.435029 -8.061017


-3.000000	38150b300
10

Y 0.000000 0.000000 0.000000
Y 2.687006 2.687006 0.000000
D 5.374012 5.374012 0.000000
P 5.374012 8.061017 -2.687006
E 2.687006 8.061017 0.000000
T 5.374012 10.748023 0.000000
G 8.061017 10.748023 -2.687006
T 5.374012 13.435029 -2.687006
W 5.374012 10.748023 -5.374012
Y 5.374012 13.435029 -8.061017


-3.000000	927b65940
10

Y 0.000000 0.000000 0.000000
Y 2.687006 2.687006 0.000000
D 5.374012 2.687006 2.687006
P 5.374012 0.000000 5.374012
E 8.061017 0.000000 2.687006
T 5.374012 -2.687006 2.687006
G 2.687006 -2.687006 5.374012
T 5.374012 -5.374012 5.374012
W 5.374012 -2.687006 8.061017
Y 5.374012 -5.374012 10.748023


-3.000000	38150b3a0
10

Y 0.000000 0.000000 0.000000
Y 2.687006 2.687006 0.000000
D 0.000000 2.687006 -2.687006
P 0.000000 5.374012 -5.374012
E -2.687006 5.374012 -2.687006
T 0.000000 8.061017 -2.687006
G 2.687006 8.061017 -5.374012
T 0.000000 10.748023 -5.374012
W 0.000000 8.061017 -8.061017
Y 0.000000 10.748023 -10.748023


-3.000000	927b65800
10

Y 0.000000 0.000000 0.000000
Y 2.687006 2.687006 0.000000
D 5.374012 5.374012 0.000000
P 5.374012 2.687006 -2.687006
E 8.061017 2.687006 -5.374012
T 5.374012 0.000000 -5.374012
G 2.687006 0.000000 -2.687006
T 5.374012 -2.687006 -2.687006
W 5.374012 0.000000 0.000000
Y 5.374012 -2.687006 2.687006


-3.000000	38150b240
10

Y 0.000000 0.000000 0.000000
Y 2.687006 2.687006 0.000000
D 5.374012 2.687006 2.687006
P 5.374012 5.374012 5.374012
E 2.687006 5.374012 8.061017
T 5.374012 8.061017 8.061017
G 8.061017 8.061017 5.374012
T 5.374012 10.748023 5.374012
W 5.374012 8.061017 2.687006
Y 5.374012 10.748023 0.000000


-3.000000	927b658a0
10

Y 0.000000 0.000000 0.000000
Y 2.687006 2.687006 0.000000
D 0.000000 2.687006 -2.687006
P 0.000000 0.000000 -5.374012
E 2.687006 0.000000 -8.061017
T 0.000000 -2.687006 -8.061017
G -2.687006 -2.687006 -5.374012
T 0.000000 -5.374012 -5.374012
W 0.000000 -2.687006 -2.687006
Y 0.000000 -5.374012 0.000000


-3.000000	38150b210
10

Y 0.000000 0.000000 0.000000
Y 2.687006 2.687006 0.000000
D 0.000000 5.374012 0.000000
P 0.000000 8.061017 2.687006
E -2.687006 8.061017 5.374012
T 0.000000 10.748023 5.374012
G 2.687006 10.748023 2.687006
T 0.000000 13.435029 2.687006
W 0.000000 10.748023 0.000000
Y 0.000000 13.435029 -2.687006


-3.000000	38150b200
10

Y 0.000000 0.000000 0.000000
Y 2.687006 2.687006 0.000000
D 5.374012 5.374012 0.000000
P 5.374012 8.061017 2.687006
E 2.687006 8.061017 5.374012
T 5.374012 10.748023 5.374012
G 8.061017 10.748023 2.687006
T 5.374012 13.435029 2.687006
W 5.374012 10.748023 0.000000
Y 5.374012 13.435029 -2.687006


-3.000000	927b65840
10

Y 0.000000 0.000000 0.000000
Y 2.687006 2.687006 0.000000
D 5.374012 2.687006 2.687006
P 5.374012 0.000000 0.000000
E 8.061017 0.000000 -2.687006
T 5.374012 -2.687006 -2.687006
G 2.687006 -2.687006 0.000000
T 5.374012 -5.374012 0.000000
W 5.374012 -2.687006 2.687006
Y 5.374012 -5.374012 5.374012


-3.000000	38150b2a0
10

Y 0.000000 0.000000 0.000000
Y 2.687006 2.687006 0.000000
D 0.000000 2.687006 -2.687006
P 0.000000 5.374012 0.000000
E -2.687006 5.374012 2.687006
T 0.000000 8.061017 2.687006
G 2.687006 8.061017 0.000000
T 0.000000 10.748023 0.000000
W 0.000000 8.061017 -2.687006
Y 0.000000 10.748023 -5.374012


-3.000000	927b65700
10

Y 0.000000 0.000000 0.000000
Y 2.687006 2.687006 0.000000
D 5.374012 5.374012 0.000000
P 8.061017 2.687006 0.000000
E 10.748023 2.687006 -2.687006
T 8.061017 0.000000 -2.687006
G 5.374012 0.000000 0.000000
T 8.061017 -2.687006 0.000000
W 8.061017 0.000000 2.687006
Y 8.061017 -2.687006 5.374012


-3.000000	38150b140
10

Y 0.000000 0.000000 0.000000
Y 2.687006 2.687006 0.000000
D 5.374012 2.687006 2.687006
P 2.687006 5.374012 2.687006
E 0.000000 5.374012 5.374012
T 2.687006 8.061017 5.374012
G 5.374012 8.061017 2.687006
T 2.687006 10.748023 2.687006
W 2.687006 8.061017 0.000000
Y 2.687006 10.748023 -2.687006


-3.000000	927b657a0
10

Y 0.000000 0.000000 0.000000
Y 2.687006 2.687006 0.000000
D 0.000000 2.687006 -2.687006
P 2.687006 0.000000 -2.687006
E 5.374012 0.000000 -5.374012
T 2.687006 -2.687006 -5.374012
G 0.000000 -2.687006 -2.687006
T 2.687006 -5.374012 -2.687006
W 2.687006 -2.687006 0.000000
Y 2.687006 -5.374012 2.687006


-3.000000	38150b110
10

Y 0.000000 0.000000 0.000000
Y 2.687006 2.687006 0.000000
D 0.000000 5.374012 0.000000
P -2.687006 8.061017 0.000000
E -5.374012 8.061017 2.687006
T -2.687006 10.748023 2.687006
G 0.000000 10.748023 0.000000
T -2.687006 13.435029 0.000000
W -2.687006 10.748023 -2.687006
Y -2.687006 13.435029 -5.374012


-3.000000	38150b100
10

Y 0.000000 0.000000 0.000000
Y 2.687006 2.687006 0.000000
D 5.374012 5.374012 0.000000
P 2.687006 8.061017 0.000000
E 0.000000 8.061017 2.687006
T 2.687006 10.748023 2.687006
G 5.374012 10.748023 0.000000
T 2.687006 13.435029 0.000000
W 2.687006 10.748023 -2.687006
Y 2.687006 13.435029 -5.374012


-3.000000	927b65740
10

Y 0.000000 0.000000 0.000000
Y 2.687006 2.687006 0.000000
D 5.374012 2.687006 2.687006
P 8.061017 0.000000 2.687006
E 10.748023 0.000000 0.000000
T 8.061017 -2.687006 0.000000
G 5.374012 -2.687006 2.687006
T 8.061017 -5.374012 2.687006
W 8.061017 -2.687006 5.374012
Y 8.061017 -5.374012 8.061017


-3.000000	38150b1a0
10

Y 0.000000 0.000000 0.000000
Y 2.687006 2.687006 0.000000
D 0.000000 2.687006 -2.687006
P -2.687006 5.374012 -2.687006
E -5.374012 5.374012 0.000000
T -2.687006 8.061017 0.000000
G 0.000000 8.061017 -2.687006
T -2.687006 10.748023 -2.687006
W -2.687006 8.061017 -5.374012
Y -2.687006 10.748023 -8.061017


-3.000000	38150b040
10

Y 0.000000 0.000000 0.000000
Y 2.687006 2.687006 0.000000
D 5.374012 2.687006 2.687006
P 8.061017 5.374012 2.687006
E 5.374012 5.374012 5.374012
T 8.061017 8.061017 5.374012
G 10.748023 8.061017 2.687006
T 8.061017 10.748023 2.687006
W 8.061017 8.061017 0.000000
Y 8.061017 10.748023 -2.687006


-3.000000	927b656a0
10

Y 0.000000 0.000000 0.000000
Y 2.687006 2.687006 0.000000
D 0.000000 2.687006 -2.687006
P -2.687006 0.000000 -2.687006
E 0.000000 0.000000 -5.374012
T -2.687006 -2.687006 -5.374012
G -5.374012 -2.687006 -2.687006
T -2.687006 -5.374012 -2.687006
W -2.687006 -2.687006 0.000000
Y -2.687006 -5.374012 2.687006


-3.000000	38150b010
10

Y 0.000000 0.000000 0.000000
Y 2.687006 2.687006 0.000000
D 0.000000 5.374012 0.000000
P 2.687006 8.061017 0.000000
E 0.000000 8.061017 2.687006
T 2.687006 10.748023 2.687006
G 5.374012 10.748023 0.000000
T 2.687006 13.435029 0.000000
W 2.687006 10.748023 -2.687006
Y 2.687006 13.435029 -5.374012


-3.000000	38150b000
10

Y 0.000000 0.000000 0.000000
Y 2.687006 2.687006 0.000000
D 5.374012 5.374012 0.000000
P 8.061017 8.061017 0.000000
E 5.374012 8.061017 2.687006
T 8.061017 10.748023 2.687006
G 10.748023 10.748023 0.000000
T 8.061017 13.435029 0.000000
W 8.061017 10.748023 -2.687006
Y 8.061017 13.435029 -5.374012


-3.000000	927b65640
10

Y 0.000000 0.000000 0.000000
Y 2.687006 2.687006 0.000000
D 5.374012 2.687006 2.687006
P 2.687006 0.000000 2.687006
E 5.374012 0.000000 0.000000
T 2.687006 -2.687006 0.000000
G 0.000000 -2.687006 2.687006
T 2.687006 -5.374012 2.687006
W 2.687006 -2.687006 5.374012
Y 2.687006 -5.374012 8.061017


-3.000000	38150b0a0
10

Y 0.000000 0.000000 0.000000
Y 2.687006 2.687006 0.000000
D 0.000000 2.687006 -2.687006
P 2.687006 5.374012 -2.687006
E 0.000000 5.374012 0.000000
T 2.687006 8.061017 0.000000
G 5.374012 8.061017 -2.687006
T 2.687006 10.748023 -2.687006
W 2.687006 8.061017 -5.374012
Y 2.687006 10.748023 -8.061017


-3.000000	927b65610
10

Y 0.000000 0.000000 0.000000
Y 2.687006 2.687006 0.000000
D 0.000000 5.374012 0.000000
P -2.687006 2.687006 0.000000
E 0.000000 2.687006 -2.687006
T -2.687006 0.000000 -2.687006
G -5.374012 0.000000 0.000000
T -2.687006 -2.687006 0.000000
W -2.687006 0.000000 2.687006
Y -2.687006 -2.687006 5.374012


-3.000000	38150bb40
10

Y 0.000000 0.000000 0.000000
Y 2.687006 2.687006 0.000000
D 5.374012 2.687006 2.687006
P 2.687006 2.687006 5.374012
E 0.000000 2.687006 8.061017
T 2.687006 5.374012 8.061017
G 5.374012 5.374012 5.374012
T 2.687006 8.061017 5.374012
W 2.687006 5.374012 2.687006
Y 2.687006 8.061017 0.000000


-3.000000	927b655a0
10

Y 0.000000 0.000000 0.000000
Y 2.687006 2.687006 0.000000
D 0.000000 2.687006 -2.687006
P 2.687006 2.687006 -5.374012
E 5.374012 2.687006 -8.061017
T 2.687006 0.000000 -8.061017
G 0.000000 0.000000 -5.374012
T 2.687006 -2.687006 -5.374012
W 2.687006 0.000000 -2.687006
Y 2.687006 -2.687006 0.000000


-3.000000	38150bb10
10

Y 0.000000 0.000000 0.000000
Y 2.687006 2.687006 0.000000
D 0.000000 5.374012 0.000000
P -2.687006 5.374012 2.687006
E -5.374012 5.374012 5.374012
T -2.687006 8.061017 5.374012
G 0.000000 8.061017 2.687006
T -2.687006 10.748023 2.687006
W -2.687006 8.061017 0.000000
Y -2.687006 10.748023 -2.687006


-3.000000	38150bb00
10

Y 0.000000 0.000000 0.000000
Y 2.687006 2.687006 0.000000
D 5.374012 5.374012 0.000000
P 2.687006 5.374012 2.687006
E 0.000000 5.374012 5.374012
T 2.687006 8.061017 5.374012
G 5.374012 8.061017 2.687006
T 2.687006 10.748023 2.687006
W 2.687006 8.061017 0.000000
Y 2.687006 10.748023 -2.687006


-3.000000	927b65540
10

Y 0.000000 0.000000 0.000000
Y 2.687006 2.687006 0.000000
D 5.374012 2.687006 2.687006
P 8.061017 2.687006 0.000000
E 10.748023 2.687006 -2.687006
T 8.061017 0.000000 -2.687006
G 5.374012 0.000000 0.000000
T 8.061017 -2.687006 0.000000
W 8.061017 0.000000 2.687006
Y 8.061017 -2.687006 5.374012


-3.000000	38150bba0
10

Y 0.000000 0.000000 0.000000
Y 2.687006 2.687006 0.000000
D 0.000000 2.687006 -2.687006
P -2.687006 2.687006 0.000000
E -5.374012 2.687006 2.687006
T -2.687006 5.374012 2.687006
G 0.000000 5.374012 0.000000
T -2.687006 8.061017 0.000000
W -2.687006 5.374012 -2.687006
Y -2.687006 8.061017 -5.374012


-3.000000	927b65500
10

Y 0.000000 0.000000 0.000000
Y 2.687006 2.687006 0.000000
D 5.374012 5.374012 0.000000
P 8.061017 5.374012 -2.687006
E 10.748023 5.374012 -5.374012
T 8.061017 2.687006 -5.374012
G 5.374012 2.687006 -2.687006
T 8.061017 0.000000 -2.687006
W 8.061017 2.687006 0.000000
Y 8.061017 0.000000 2.687006


-3.000000	38150ba10
10

Y 0.000000 0.000000 0.000000
Y 2.687006 2.687006 0.000000
D 0.000000 5.374012 0.000000
P -2.687006 5.374012 -2.687006
E -5.374012 5.374012 0.000000
T -2.687006 8.061017 0.000000
G 0.000000 8.061017 -2.687006
T -2.687006 10.748023 -2.687006
W -2.687006 8.061017 -5.374012
Y -2.687006 10.748023 -8.061017


-3.000000	38150ba00
10

Y 0.000000 0.000000 0.000000
Y 2.687006 2.687006 0.000000
D 5.374012 5.374012 0.000000
P 2.687006 5.374012 -2.687006
E 0.000000 5.374012 0.000000
T 2.687006 8.061017 0.000000
G 5.374012 8.061017 -2.687006
T 2.687006 10.748023 -2.687006
W 2.687006 8.061017 -5.374012
Y 2.687006 10.748023 -8.061017


-3.000000	927b65440
10

Y 0.000000 0.000000 0.000000
Y 2.687006 2.687006 0.000000
D 5.374012 2.687006 2.687006
P 8.061017 2.687006 5.374012
E 10.748023 2.687006 2.687006
T 8.061017 0.000000 2.687006
G 5.374012 0.000000 5.374012
T 8.061017 -2.687006 5.374012
W 8.061017 0.000000 8.061017
Y 8.061017 -2.687006 10.748023


-3.000000	38150baa0
10

Y 0.000000 0.000000 0.000000
Y 2.687006 2.687006 0.000000
D 0.000000 2.687006 -2.687006
P -2.687006 2.687006 -5.374012
E -5.374012 2.687006 -2.687006
T -2.687006 5.374012 -2.687006
G 0.000000 5.374012 -5.374012
T -2.687006 8.061017 -5.374012
W -2.687006 5.374012 -8.061017
Y -2.687006 8.061017 -10.748023


-3.000000	927b65400
10

Y 0.000000 0.000000 0.000000
Y 2.687006 2.687006 0.000000
D 5.374012 5.374012 0.000000
P 8.061017 5.374012 2.687006
E 10.748023 5.374012 0.000000
T 8.061017 2.687006 0.000000
G 5.374012 2.687006 2.687006
T 8.061017 0.000000 2.687006
W 8.061017 2.687006 5.374012
Y 8.061017 0.000000 8.061017


-3.000000	38150b700
10

Y 0.000000 0.000000 0.000000
Y 2.687006 2.687006 0.000000
D 5.374012 5.374012 0.000000
P 8.061017 2.687006 0.000000
E 5.374012 2.687006 2.687006
T 8.061017 5.374012 2.687006
G 10.748023 5.374012 0.000000
T 8.061017 8.061017 0.000000
W 8.061017 5.374012 -2.687006
Y 8.061017 8.061017 -5.374012


-3.000000	927b65110
10

Y 0.000000 0.000000 0.000000
Y 2.687006 2.687006 0.000000
D 0.000000 5.374012 0.000000
P -2.687006 8.061017 0.000000
E 0.000000 8.061017 -2.687006
T -2.687006 5.374012 -2.687006
G -5.374012 5.374012 0.000000
T -2.687006 2.687006 0.000000
W -2.687006 5.374012 2.687006
Y -2.687006 2.687006 5.374012


-3.000000	38150b740
10

Y 0.000000 0.000000 0.000000
Y 2.687006 2.687006 0.000000
D 5.374012 2.687006 2.687006
P 8.061017 0.000000 2.687006
E 5.374012 0.000000 5.374012
T 8.061017 2.687006 5.374012
G 10.748023 2.687006 2.687006
T 8.061017 5.374012 2.687006
W 8.061017 2.687006 0.000000
Y 8.061017 5.374012 -2.687006


-3.000000	927b651a0
10

Y 0.000000 0.000000 0.000000
Y 2.687006 2.687006 0.000000
D 0.000000 2.687006 -2.687006
P -2.687006 5.374012 -2.687006
E 0.000000 5.374012 -5.374012
T -2.687006 2.687006 -5.374012
G -5.374012 2.687006 -2.687006
T -2.687006 0.000000 -2.687006
W -2.687006 2.687006 0.000000
Y -2.687006 0.000000 2.687006


-3.000000	381372700
10

Y 0.000000 0.000000 0.000000
Y 2.687006 2.687006 0.000000
D 5.374012 5.374012 0.000000
P 8.061017 2.687006 0.000000
E 8.061017 5.374012 2.687006
T 10.748023 2.687006 2.687006
G 10.748023 5.374012 0.000000
T 8.061017 8.061017 0.000000
W 8.061017 5.374012 -2.687006
Y 8.061017 8.061017 -5.374012


-3.000000	927918110
10

Y 0.000000 0.000000 0.000000
Y 2.687006 2.687006 0.000000
D 0.000000 5.374012 0.000000
P -2.687006 8.061017 0.000000
E -2.687006 5.374012 -2.687006
T -5.374012 8.061017 -2.687006
G -5.374012 5.374012 0.000000
T -2.687006 2.687006 0.000000
W -2.687006 5.374012 2.687006
Y -2.687006 2.687006 5.374012


-3.000000	381372740
10

Y 0.000000 0.000000 0.000000
Y 2.687006 2.687006 0.000000
D 5.374012 2.687006 2.687006
P 8.061017 0.000000 2.687006
E 8.061017 2.687006 5.374012
T 10.748023 0.000000 5.374012
G 10.748023 2.687006 2.687006
T 8.061017 5.374012 2.687006
W 8.061017 2.687006 0.000000
Y 8.061017 5.374012 -2.687006


-3.000000	9279181a0
10

Y 0.000000 0.000000 0.000000
Y 2.687006 2.687006 0.000000
D 0.000000 2.687006 -2.687006
P -2.687006 5.374012 -2.687006
E -2.687006 2.687006 -5.374012
T -5.374012 5.374012 -5.374012
G -5.374012 2.687006 -2.687006
T -2.687006 0.000000 -2.687006
W -2.687006 2.687006 0.000000
Y -2.687006 0.000000 2.687006


-3.000000	927918b40
10

Y 0.000000 0.000000 0.000000
Y 2.687006 2.687006 0.000000
D 5.374012 2.687006 2.687006
P 2.687006 2.687006 5.374012
E 2.687006 0.000000 2.687006
T 0.000000 2.687006 2.687006
G 0.000000 0.000000 5.374012
T 2.687006 -2.687006 5.374012
W 2.687006 0.000000 8.061017
Y 2.687006 -2.687006 10.748023


-3.000000	3813725a0
10

Y 0.000000 0.000000 0.000000
Y 2.687006 2.687006 0.000000
D 0.000000 2.687006 -2.687006
P 2.687006 2.687006 -5.374012
E 2.687006 5.374012 -2.687006
T 5.374012 2.687006 -2.687006
G 5.374012 5.374012 -5.374012
T 2.687006 8.061017 -5.374012
W 2.687006 5.374012 -8.061017
Y 2.687006 8.061017 -10.748023


-3.000000	927918b10
10

Y 0.000000 0.000000 0.000000
Y 2.687006 2.687006 0.000000
D 0.000000 5.374012 0.000000
P -2.687006 5.374012 2.687006
E -2.687006 2.687006 0.000000
T -5.374012 5.374012 0.000000
G -5.374012 2.687006 2.687006
T -2.687006 0.000000 2.687006
W -2.687006 2.687006 5.374012
Y -2.687006 0.000000 8.061017


-3.000000	381372540
10

Y 0.000000 0.000000 0.000000
Y 2.687006 2.687006 0.000000
D 5.374012 2.687006 2.687006
P 8.061017 2.687006 0.000000
E 8.061017 5.374012 2.687006
T 10.748023 2.687006 2.687006
G 10.748023 5.374012 0.000000
T 8.061017 8.061017 0.000000
W 8.061017 5.374012 -2.687006
Y 8.061017 8.061017 -5.374012


-3.000000	927918ba0
10

Y 0.000000 0.000000 0.000000
Y 2.687006 2.687006 0.000000
D 0.000000 2.687006 -2.687006
P -2.687006 2.687006 0.000000
E -2.687006 0.000000 -2.687006
T -5.374012 2.687006 -2.687006
G -5.374012 0.000000 0.000000
T -2.687006 -2.687006 0.000000
W -2.687006 0.000000 2.687006
Y -2.687006 -2.687006 5.374012


-3.000000	381372510
10

Y 0.000000 0.000000 0.000000
Y 2.687006 2.687006 0.000000
D 0.000000 5.374012 0.000000
P 2.687006 5.374012 -2.687006
E 2.687006 8.061017 0.000000
T 5.374012 5.374012 0.000000
G 5.374012 8.061017 -2.687006
T 2.687006 10.748023 -2.687006
W 2.687006 8.061017 -5.374012
Y 2.687006 10.748023 -8.061017


-3.000000	381372500
10

Y 0.000000 0.000000 0.000000
Y 2.687006 2.687006 0.000000
D 5.374012 5.374012 0.000000
P 8.061017 5.374012 -2.687006
E 8.061017 8.061017 0.000000
T 10.748023 5.374012 0.000000
G 10.748023 8.061017 -2.687006
T 8.061017 10.748023 -2.687006
W 8.061017 8.061017 -5.374012
Y 8.061017 10.748023 -8.061017


-3.000000	927918a10
10

Y 0.000000 0.000000 0.000000
Y 2.687006 2.687006 0.000000
D 0.000000 5.374012 0.000000
P -2.687006 5.374012 -2.687006
E -2.687006 2.687006 -5.374012
T -5.374012 5.374012 -5.374012
G -5.374012 2.687006 -2.687006
T -2.687006 0.000000 -2.687006
W -2.687006 2.687006 0.000000
Y -2.687006 0.000000 2.687006


-3.000000	381372440
10

Y 0.000000 0.000000 0.000000
Y 2.687006 2.687006 0.000000
D 5.374012 2.687006 2.687006
P 8.061017 2.687006 5.374012
E 8.061017 5.374012 8.061017
T 10.748023 2.687006 8.061017
G 10.748023 5.374012 5.374012
T 8.061017 8.061017 5.374012
W 8.061017 5.374012 2.687006
Y 8.061017 8.061017 0.000000


-3.000000	927918aa0
10

Y 0.000000 0.000000 0.000000
Y 2.687006 2.687006 0.000000
D 0.000000 2.687006 -2.687006
P -2.687006 2.687006 -5.374012
E -2.687006 0.000000 -8.061017
T -5.374012 2.687006 -8.061017
G -5.374012 0.000000 -5.374012
T -2.687006 -2.687006 -5.374012
W -2.687006 0.000000 -2.687006
Y -2.687006 -2.687006 0.000000


-3.000000	381372410
10

Y 0.000000 0.000000 0.000000
Y 2.687006 2.687006 0.000000
D 0.000000 5.374012 0.000000
P 2.687006 5.374012 2.687006
E 2.687006 8.061017 5.374012
T 5.374012 5.374012 5.374012
G 5.374012 8.061017 2.687006
T 2.687006 10.748023 2.687006
W 2.687006 8.061017 0.000000
Y 2.687006 10.748023 -2.687006


-3.000000	381372400
10

Y 0.000000 0.000000 0.000000
Y 2.687006 2.687006 0.000000
D 5.374012 5.374012 0.000000
P 8.061017 5.374012 2.687006
E 8.061017 8.061017 5.374012
T 10.748023 5.374012 5.374012
G 10.748023 8.061017 2.687006
T 8.061017 10.748023 2.687006
W 8.061017 8.061017 0.000000
Y 8.061017 10.748023 -2.687006


-3.000000	381372340
10

Y 0.000000 0.000000 0.000000
Y 2.687006 2.687006 0.000000
D 5.374012 2.687006 2.687006
P 5.374012 5.374012 0.000000
E 5.374012 8.061017 2.687006
T 8.061017 5.374012 2.687006
G 8.061017 8.061017 0.000000
T 5.374012 10.748023 0.000000
W 5.374012 8.061017 -2.687006
Y 5.374012 10.748023 -5.374012


-3.000000	381372310
10

Y 0.000000 0.000000 0.000000
Y 2.687006 2.687006 0.000000
D 0.000000 5.374012 0.000000
P 0.000000 8.061017 -2.687006
E 0.000000 10.748023 0.000000
T 2.687006 8.061017 0.000000
G 2.687006 10.748023 -2.687006
T 0.000000 13.435029 -2.687006
W 0.000000 10.748023 -5.374012
Y 0.000000 13.435029 -8.061017


-3.000000	381372300
10

Y 0.000000 0.000000 0.000000
Y 2.687006 2.687006 0.000000
D 5.374012 5.374012 0.000000
P 5.374012 8.061017 -2.687006
E 5.374012 10.748023 0.000000
T 8.061017 8.061017 0.000000
G 8.061017 10.748023 -2.687006
T 5.374012 13.435029 -2.687006
W 5.374012 10.748023 -5.374012
Y 5.374012 13.435029 -8.061017


-3.000000	927918940
10

Y 0.000000 0.000000 0.000000
Y 2.687006 2.687006 0.000000
D 5.374012 2.687006 2.687006
P 5.374012 0.000000 5.374012
E 5.374012 -2.687006 2.687006
T 2.687006 0.000000 2.687006
G 2.687006 -2.687006 5.374012
T 5.374012 -5.374012 5.374012
W 5.374012 -2.687006 8.061017
Y 5.374012 -5.374012 10.748023


-3.000000	3813723a0
10

Y 0.000000 0.000000 0.000000
Y 2.687006 2.687006 0.000000
D 0.000000 2.687006 -2.687006
P 0.000000 5.374012 -5.374012
E 0.000000 8.061017 -2.687006
T 2.687006 5.374012 -2.687006
G 2.687006 8.061017 -5.374012
T 0.000000 10.748023 -5.374012
W 0.000000 8.061017 -8.061017
Y 0.000000 10.748023 -10.748023


-3.000000	927918800
10

Y 0.000000 0.000000 0.000000
Y 2.687006 2.687006 0.000000
D 5.374012 5.374012 0.000000
P 5.374012 2.687006 -2.687006
E 5.374012 0.000000 -5.374012
T 2.687006 2.687006 -5.374012
G 2.687006 0.000000 -2.687006
T 5.374012 -2.687006 -2.687006
W 5.374012 0.000000 0.000000
Y 5.374012 -2.687006 2.687006


-3.000000	381372240
10

Y 0.000000 0.000000 0.000000
Y 2.687006 2.687006 0.000000
D 5.374012 2.687006 2.687006
P 5.374012 5.374012 5.374012
E 5.374012 8.061017 8.061017
T 8.061017 5.374012 8.061017
G 8.061017 8.061017 5.374012
T 5.374012 10.748023 5.374012
W 5.374012 8.061017 2.687006
Y 5.374012 10.748023 0.000000


-3.000000	9279188a0
10

Y 0.000000 0.000000 0.000000
Y 2.687006 2.687006 0.000000
D 0.000000 2.687006 -2.687006
P 0.000000 0.000000 -5.374012
E 0.000000 -2.687006 -8.061017
T -2.687006 0.000000 -8.061017
G -2.687006 -2.687006 -5.374012
T 0.000000 -5.374012 -5.374012
W 0.000000 -2.687006 -2.687006
Y 0.000000 -5.374012 0.000000


-3.000000	381372210
10

Y 0.000000 0.000000 0.000000
Y 2.687006 2.687006 0.000000
D 0.000000 5.374012 0.000000
P 0.000000 8.061017 2.687006
E 0.000000 10.748023 5.374012
T 2.687006 8.061017 5.374012
G 2.687006 10.748023 2.687006
T 0.000000 13.435029 2.687006
W 0.000000 10.748023 0.000000
Y 0.000000 13.435029 -2.687006


-3.000000	381372200
10

Y 0.000000 0.000000 0.000000
Y 2.687006 2.687006 0.000000
D 5.374012 5.374012 0.000000
P 5.374012 8.061017 2.687006
E 5.374012 10.748023 5.374012
T 8.061017 8.061017 5.374012
G 8.061017 10.748023 2.687006
T 5.374012 13.435029 2.687006
W 5.374012 10.748023 0.000000
Y 5.374012 13.435029 -2.687006


-3.000000	927918840
10

Y 0.000000 0.000000 0.000000
Y 2.687006 2.687006 0.000000
D 5.374012 2.687006 2.687006
P 5.374012 0.000000 0.000000
E 5.374012 -2.687006 -2.687006
T 2.687006 0.000000 -2.687006
G 2.687006 -2.687006 0.000000
T 5.374012 -5.374012 0.000000
W 5.374012 -2.687006 2.687006
Y 5.374012 -5.374012 5.374012


-3.000000	3813722a0
10

Y 0.000000 0.000000 0.000000
Y 2.687006 2.687006 0.000000
D 0.000000 2.687006 -2.687006
P 0.000000 5.374012 0.000000
E 0.000000 8.061017 2.687006
T 2.687006 5.374012 2.687006
G 2.687006 8.061017 0.000000
T 0.000000 10.748023 0.000000
W 0.000000 8.061017 -2.687006
Y 0.000000 10.748023 -5.374012


-3.000000	927918700
10

Y 0.000000 0.000000 0.000000
Y 2.687006 2.687006 0.000000
D 5.374012 5.374012 0.000000
P 8.061017 2.687006 0.000000
E 8.061017 0.000000 -2.687006
T 5.374012 2.687006 -2.687006
G 5.374012 0.000000 0.000000
T 8.061017 -2.687006 0.000000
W 8.061017 0.000000 2.687006
Y 8.061017 -2.687006 5.374012


-3.000000	381372140
10

Y 0.000000 0.000000 0.000000
Y 2.687006 2.687006 0.000000
D 5.374012 2.687006 2.687006
P 2.687006 5.374012 2.687006
E 2.687006 8.061017 5.374012
T 5.374012 5.374012 5.374012
G 5.374012 8.061017 2.687006
T 2.687006 10.748023 2.687006
W 2.687006 8.061017 0.000000
Y 2.687006 10.748023 -2.687006


-3.000000	9279187a0
10

Y 0.000000 0.000000 0.000000
Y 2.687006 2.687006 0.000000
D 0.000000 2.687006 -2.687006
P 2.687006 0.000000 -2.687006
E 2.687006 -2.687006 -5.374012
T 0.000000 0.000000 -5.374012
G 0.000000 -2.687006 -2.687006
T 2.687006 -5.374012 -2.687006
W 2.687006 -2.687006 0.000000
Y 2.687006 -5.374012 2.687006


-3.000000	381372110
10

Y 0.000000 0.000000 0.000000
Y 2.687006 2.687006 0.000000
D 0.000000 5.374012 0.000000
P -2.687006 8.061017 0.000000
E -2.687006 10.748023 2.687006
T 0.000000 8.061017 2.687006
G 0.000000 10.748023 0.000000
T -2.687006 13.435029 0.000000
W -2.687006 10.748023 -2.687006
Y -2.687006 13.435029 -5.374012


-3.000000	381372100
10

Y 0.000000 0.000000 0.000000
Y 2.687006 2.687006 0.000000
D 5.374012 5.374012 0.000000
P 2.687006 8.061017 0.000000
E 2.687006 10.748023 2.687006
T 5.374012 8.061017 2.687006
G 5.374012 10.748023 0.000000
T 2.687006 13.435029 0.000000
W 2.687006 10.748023 -2.687006
Y 2.687006 13.435029 -5.374012


-3.000000	927918740
10

Y 0.000000 0.000000 0.000000
Y 2.687006 2.687006 0.000000
D 5.374012 2.687006 2.687006
P 8.061017 0.000000 2.687006
E 8.061017 -2.687006 0.000000
T 5.374012 0.000000 0.000000
G 5.374012 -2.687006 2.687006
T 8.061017 -5.374012 2.687006
W 8.061017 -2.687006 5.374012
Y 8.061017 -5.374012 8.061017


-3.000000	3813721a0
10

Y 0.000000 0.000000 0.000000
Y 2.687006 2.687006 0.000000
D 0.000000 2.687006 -2.687006
P -2.687006 5.374012 -2.687006
E -2.687006 8.061017 0.000000
T 0.000000 5.374012 0.000000
G 0.000000 8.061017 -2.687006
T -2.687006 10.748023 -2.687006
W -2.687006 8.061017 -5.374012
Y -2.687006 10.748023 -8.061017


-3.000000	381372040
10

Y 0.000000 0.000000 0.000000
Y 2.687006 2.687006 0.000000
D 5.374012 2.687006 2.687006
P 8.061017 5.374012 2.687006
E 8.061017 8.061017 5.374012
T 10.748023 5.374012 5.374012
G 10.748023 8.061017 2.687006
T 8.061017 10.748023 2.687006
W 8.061017 8.061017 0.000000
Y 8.061017 10.748023 -2.687006


-3.000000	9279186a0
10

Y 0.000000 0.000000 0.000000
Y 2.687006 2.687006 0.000000
D 0.000000 2.687006 -2.687006
P -2.687006 0.000000 -2.687006
E -2.687006 -2.687006 -5.374012
T -5.374012 0.000000 -5.374012
G -5.374012 -2.687006 -2.687006
T -2.687006 -5.374012 -2.687006
W -2.687006 -2.687006 0.000000
Y -2.687006 -5.374012 2.687006


-3.000000	381372010
10

Y 0.000000 0.000000 0.000000
Y 2.687006 2.687006 0.000000
D 0.000000 5.374012 0.000000
P 2.687006 8.061017 0.000000
E 2.687006 10.748023 2.687006
T 5.374012 8.061017 2.687006
G 5.374012 10.748023 0.000000
T 2.687006 13.435029 0.000000
W 2.687006 10.748023 -2.687006
Y 2.687006 13.435029 -5.374012


-3.000000	381372000
10

Y 0.000000 0.000000 0.000000
Y 2.687006 2.687006 0.000000
D 5.374012 5.374012 0.000000
P 8.061017 8.061017 0.000000
E 8.061017 10.748023 2.687006
T 10.748023 8.061017 2.687006
G 10.748023 10.748023 0.000000
T 8.061017 13.435029 0.000000
W 8.061017 10.748023 -2.687006
Y 8.061017 13.435029 -5.374012


-3.000000	3813720a0
10

Y 0.000000 0.000000 0.000000
Y 2.687006 2.687006 0.000000
D 0.000000 2.687006 -2.687006
P 2.687006 5.374012 -2.687006
E 2.687006 8.061017 0.000000
T 5.374012 5.374012 0.000000
G 5.374012 8.061017 -2.687006
T 2.687006 10.748023 -2.687006
W 2.687006 8.061017 -5.374012
Y 2.687006 10.748023 -8.061017


-3.000000	927918610
10

Y 0.000000 0.000000 0.000000
Y 2.687006 2.687006 0.000000
D 0.000000 5.374012 0.000000
P -2.687006 2.687006 0.000000
E -2.687006 0.000000 -2.687006
T -5.374012 2.687006 -2.687006
G -5.374012 0.000000 0.000000
T -2.687006 -2.687006 0.000000
W -2.687006 0.000000 2.687006
Y -2.687006 -2.687006 5.374012


-3.000000	381372b40
10

Y 0.000000 0.000000 0.000000
Y 2.687006 2.687006 0.000000
D 5.374012 2.687006 2.687006
P 2.687006 2.687006 5.374012
E 2.687006 5.374012 8.061017
T 5.374012 2.687006 8.061017
G 5.374012 5.374012 5.374012
T 2.687006 8.061017 5.374012
W 2.687006 5.374012 2.687006
Y 2.687006 8.061017 0.000000


-3.000000	9279185a0
10

Y 0.000000 0.000000 0.000000
Y 2.687006 2.687006 0.000000
D 0.000000 2.687006 -2.687006
P 2.687006 2.687006 -5.374012
E 2.687006 0.000000 -8.061017
T 0.000000 2.687006 -8.061017
G 0.000000 0.000000 -5.374012
T 2.687006 -2.687006 -5.374012
W 2.687006 0.000000 -2.687006
Y 2.687006 -2.687006 0.000000


-3.000000	381372b10
10

Y 0.000000 0.000000 0.000000
Y 2.687006 2.687006 0.000000
D 0.000000 5.374012 0.000000
P -2.687006 5.374012 2.687006
E -2.687006 8.061017 5.374012
T 0.000000 5.374012 5.374012
G 0.000000 8.061017 2.687006
T -2.687006 10.748023 2.687006
W -2.687006 8.061017 0.000000
Y -2.687006 10.748023 -2.687006


-3.000000	381372b00
10

Y 0.000000 0.000000 0.000000
Y 2.687006 2.687006 0.000000
D 5.374012 5.374012 0.000000
P 2.687006 5.374012 2.687006
E 2.687006 8.061017 5.374012
T 5.374012 5.374012 5.374012
G 5.374012 8.061017 2.687006
T 2.687006 10.748023 2.687006
W 2.687006 8.061017 0.000000
Y 2.687006 10.748023 -2.687006


-3.000000	927918540
10

Y 0.000000 0.000000 0.000000
Y 2.687006 2.687006 0.000000
D 5.374012 2.687006 2.687006
P 8.061017 2.687006 0.000000
E 8.061017 0.000000 -2.687006
T 5.374012 2.687006 -2.687006
G 5.374012 0.000000 0.000000
T 8.061017 -2.687006 0.000000
W 8.061017 0.000000 2.687006
Y 8.061017 -2.687006 5.374012


-3.000000	381372ba0
10

Y 0.000000 0.000000 0.000000
Y 2.687006 2.687006 0.000000
D 0.000000 2.687006 -2.687006
P -2.687006 2.687006 0.000000
E -2.687006 5.374012 2.687006
T 0.000000 2.687006 2.687006
G 0.000000 5.374012 0.000000
T -2.687006 8.061017 0.000000
W -2.687006 5.374012 -2.687006
Y -2.687006 8.061017 -5.374012


-3.000000	927918500
10

Y 0.000000 0.000000 0.000000
Y 2.687006 2.687006 0.000000
D 5.374012 5.374012 0.000000
P 8.061017 5.374012 -2.687006
E 8.061017 2.687006 -5.374012
T 5.374012 5.374012 -5.374012
G 5.374012 2.687006 -2.687006
T 8.061017 0.000000 -2.687006
W 8.061017 2.687006 0.000000
Y 8.061017 0.000000 2.687006


-3.000000	9279a5a00
10

Y 0.000000 0.000000 0.000000
Y 2.687006 2.687006 0.000000
D 5.374012 5.374012 0.000000
P 2.687006 5.374012 -2.687006
E 5.374012 5.374012 -5.374012
T 2.687006 5.374012 -8.061017
G 2.687006 2.687006 -5.374012
T 5.374012 0.000000 -5.374012
W 5.374012 2.687006 -2.687006
Y 5.374012 0.000000 0.000000


-3.000000	38134b440
10

Y 0.000000 0.000000 0.000000
Y 2.687006 2.687006 0.000000
D 5.374012 2.687006 2.687006
P 8.061017 2.687006 5.374012
E 5.374012 2.687006 8.061017
T 8.061017 2.687006 10.748023
G 8.061017 5.374012 8.061017
T 5.374012 8.061017 8.061017
W 5.374012 5.374012 5.374012
Y 5.374012 8.061017 2.687006


-3.000000	9279a5aa0
10

Y 0.000000 0.000000 0.000000
Y 2.687006 2.687006 0.000000
D 0.000000 2.687006 -2.687006
P -2.687006 2.687006 -5.374012
E 0.000000 2.687006 -8.061017
T -2.687006 2.687006 -10.748023
G -2.687006 0.000000 -8.061017
T 0.000000 -2.687006 -8.061017
W 0.000000 0.000000 -5.374012
Y 0.000000 -2.687006 -2.687006


-3.000000	38134b410
10

Y 0.000000 0.000000 0.000000
Y 2.687006 2.687006 0.000000
D 0.000000 5.374012 0.000000
P 2.687006 5.374012 2.687006
E 0.000000 5.374012 5.374012
T 2.687006 5.374012 8.061017
G 2.687006 8.061017 5.374012
T 0.000000 10.748023 5.374012
W 0.000000 8.061017 2.687006
Y 0.000000 10.748023 0.000000


-3.000000	38134b400
10

Y 0.000000 0.000000 0.000000
Y 2.687006 2.687006 0.000000
D 5.374012 5.374012 0.000000
P 8.061017 5.374012 2.687006
E 5.374012 5.374012 5.374012
T 8.061017 5.374012 8.061017
G 8.061017 8.061017 5.374012
T 5.374012 10.748023 5.374012
W 5.374012 8.061017 2.687006
Y 5.374012 10.748023 0.000000


-3.000000	9279a5900
10

Y 0.000000 0.000000 0.000000
Y 2.687006 2.687006 0.000000
D 5.374012 5.374012 0.000000
P 5.374012 2.687006 2.687006
E 8.061017 2.687006 0.000000
T 5.374012 2.687006 -2.687006
G 5.374012 0.000000 0.000000
T 8.061017 -2.687006 0.000000
W 8.061017 0.000000 2.687006
Y 8.061017 -2.687006 5.374012


-3.000000	38134b340
10

Y 0.000000 0.000000 0.000000
Y 2.687006 2.687006 0.000000
D 5.374012 2.687006 2.687006
P 5.374012 5.374012 0.000000
E 2.687006 5.374012 2.687006
T 5.374012 5.374012 5.374012
G 5.374012 8.061017 2.687006
T 2.687006 10.748023 2.687006
W 2.687006 8.061017 0.000000
Y 2.687006 10.748023 -2.687006


-3.000000	38134b310
10

Y 0.000000 0.000000 0.000000
Y 2.687006 2.687006 0.000000
D 0.000000 5.374012 0.000000
P 0.000000 8.061017 -2.687006
E -2.687006 8.061017 0.000000
T 0.000000 8.061017 2.687006
G 0.000000 10.748023 0.000000
T -2.687006 13.435029 0.000000
W -2.687006 10.748023 -2.687006
Y -2.687006 13.435029 -5.374012


-3.000000	38134b300
10

Y 0.000000 0.000000 0.000000
Y 2.687006 2.687006 0.000000
D 5.374012 5.374012 0.000000
P 5.374012 8.061017 -2.687006
E 2.687006 8.061017 0.000000
T 5.374012 8.061017 2.687006
G 5.374012 10.748023 0.000000
T 2.687006 13.435029 0.000000
W 2.687006 10.748023 -2.687006
Y 2.687006 13.435029 -5.374012


-3.000000	9279a5940
10

Y 0.000000 0.000000 0.000000
Y 2.687006 2.687006 0.000000
D 5.374012 2.687006 2.687006
P 5.374012 0.000000 5.374012
E 8.061017 0.000000 2.687006
T 5.374012 0.000000 0.000000
G 5.374012 -2.687006 2.687006
T 8.061017 -5.374012 2.687006
W 8.061017 -2.687006 5.374012
Y 8.061017 -5.374012 8.061017


-3.000000	38134b3a0
10

Y 0.000000 0.000000 0.000000
Y 2.687006 2.687006 0.000000
D 0.000000 2.687006 -2.687006
P 0.000000 5.374012 -5.374012
E -2.687006 5.374012 -2.687006
T 0.000000 5.374012 0.000000
G 0.000000 8.061017 -2.687006
T -2.687006 10.748023 -2.687006
W -2.687006 8.061017 -5.374012
Y -2.687006 10.748023 -8.061017


-3.000000	9279a5810
10

Y 0.000000 0.000000 0.000000
Y 2.687006 2.687006 0.000000
D 0.000000 5.374012 0.000000
P 0.000000 2.687006 -2.687006
E 2.687006 2.687006 -5.374012
T 0.000000 2.687006 -8.061017
G 0.000000 0.000000 -5.374012
T 2.687006 -2.687006 -5.374012
W 2.687006 0.000000 -2.687006
Y 2.687006 -2.687006 0.000000


-3.000000	9279a5800
10

Y 0.000000 0.000000 0.000000
Y 2.687006 2.687006 0.000000
D 5.374012 5.374012 0.000000
P 5.374012 2.687006 -2.687006
E 8.061017 2.687006 -5.374012
T 5.374012 2.687006 -8.061017
G 5.374012 0.000000 -5.374012
T 8.061017 -2.687006 -5.374012
W 8.061017 0.000000 -2.687006
Y 8.061017 -2.687006 0.000000


-3.000000	38134b240
10

Y 0.000000 0.000000 0.000000
Y 2.687006 2.687006 0.000000
D 5.374012 2.687006 2.687006
P 5.374012 5.374012 5.374012
E 2.687006 5.374012 8.061017
T 5.374012 5.374012 10.748023
G 5.374012 8.061017 8.061017
T 2.687006 10.748023 8.061017
W 2.687006 8.061017 5.374012
Y 2.687006 10.748023 2.687006


-3.000000	9279a58a0
10

Y 0.000000 0.000000 0.000000
Y 2.687006 2.687006 0.000000
D 0.000000 2.687006 -2.687006
P 0.000000 0.000000 -5.374012
E 2.687006 0.000000 -8.061017
T 0.000000 0.000000 -10.748023
G 0.000000 -2.687006 -8.061017
T 2.687006 -5.374012 -8.061017
W 2.687006 -2.687006 -5.374012
Y 2.687006 -5.374012 -2.687006


-3.000000	38134b210
10

Y 0.000000 0.000000 0.000000
Y 2.687006 2.687006 0.000000
D 0.000000 5.374012 0.000000
P 0.000000 8.061017 2.687006
E -2.687006 8.061017 5.374012
T 0.000000 8.061017 8.061017
G 0.000000 10.748023 5.374012
T -2.687006 13.435029 5.374012
W -2.687006 10.748023 2.687006
Y -2.687006 13.435029 0.000000


-3.000000	38134b200
10

Y 0.000000 0.000000 0.000000
Y 2.687006 2.687006 0.000000
D 5.374012 5.374012 0.000000
P 5.374012 8.061017 2.687006
E 2.687006 8.061017 5.374012
T 5.374012 8.061017 8.061017
G 5.374012 10.748023 5.374012
T 2.687006 13.435029 5.374012
W 2.687006 10.748023 2.687006
Y 2.687006 13.435029 0.000000


-3.000000	9279a5840
10

Y 0.000000 0.000000 0.000000
Y 2.687006 2.687006 0.000000
D 5.374012 2.687006 2.687006
P 5.374012 0.000000 0.000000
E 8.061017 0.000000 -2.687006
T 5.374012 0.000000 -5.374012
G 5.374012 -2.687006 -2.687006
T 8.061017 -5.374012 -2.687006
W 8.061017 -2.687006 0.000000
Y 8.061017 -5.374012 2.687006


-3.000000	38134b2a0
10

Y 0.000000 0.000000 0.000000
Y 2.687006 2.687006 0.000000
D 0.000000 2.687006 -2.687006
P 0.000000 5.374012 0.000000
E -2.687006 5.374012 2.687006
T 0.000000 5.374012 5.374012
G 0.000000 8.061017 2.687006
T -2.687006 10.748023 2.687006
W -2.687006 8.061017 0.000000
Y -2.687006 10.748023 -2.687006


-3.000000	9279a5700
10

Y 0.000000 0.000000 0.000000
Y 2.687006 2.687006 0.000000
D 5.374012 5.374012 0.000000
P 8.061017 2.687006 0.000000
E 10.748023 2.687006 -2.687006
T 8.061017 2.687006 -5.374012
G 8.061017 0.000000 -2.687006
T 10.748023 -2.687006 -2.687006
W 10.748023 0.000000 0.000000
Y 10.748023 -2.687006 2.687006


-3.000000	38134b140
10

Y 0.000000 0.000000 0.000000
Y 2.687006 2.687006 0.000000
D 5.374012 2.687006 2.687006
P 2.687006 5.374012 2.687006
E 0.000000 5.374012 5.374012
T 2.687006 5.374012 8.061017
G 2.687006 8.061017 5.374012
T 0.000000 10.748023 5.374012
W 0.000000 8.061017 2.687006
Y 0.000000 10.748023 0.000000


-3.000000	9279a57a0
10

Y 0.000000 0.000000 0.000000
Y 2.687006 2.687006 0.000000
D 0.000000 2.687006 -2.687006
P 2.687006 0.000000 -2.687006
E 5.374012 0.000000 -5.374012
T 2.687006 0.000000 -8.061017
G 2.687006 -2.687006 -5.374012
T 5.374012 -5.374012 -5.374012
W 5.374012 -2.687006 -2.687006
Y 5.374012 -5.374012 0.000000


-3.000000	38134b110
10

Y 0.000000 0.000000 0.000000
Y 2.687006 2.687006 0.000000
D 0.000000 5.374012 0.000000
P -2.687006 8.061017 0.000000
E -5.374012 8.061017 2.687006
T -2.687006 8.061017 5.374012
G -2.687006 10.748023 2.687006
T -5.374012 13.435029 2.687006
W -5.374012 10.748023 0.000000
Y -5.374012 13.435029 -2.687006


-3.000000	38134b100
10

Y 0.000000 0.000000 0.000000
Y 2.687006 2.687006 0.000000
D 5.374012 5.374012 0.000000
P 2.687006 8.061017 0.000000
E 0.000000 8.061017 2.687006
T 2.687006 8.061017 5.374012
G 2.687006 10.748023 2.687006
T 0.000000 13.435029 2.687006
W 0.000000 10.748023 0.000000
Y 0.000000 13.435029 -2.687006


-3.000000	9279a5740
10

Y 0.000000 0.000000 0.000000
Y 2.687006 2.687006 0.000000
D 5.374012 2.687006 2.687006
P 8.061017 0.000000 2.687006
E 10.748023 0.000000 0.000000
T 8.061017 0.000000 -2.687006
G 8.061017 -2.687006 0.000000
T 10.748023 -5.374012 0.000000
W 10.748023 -2.687006 2.687006
Y 10.748023 -5.374012 5.374012


-3.000000	38134b1a0
10

Y 0.000000 0.000000 0.000000
Y 2.687006 2.687006 0.000000
D 0.000000 2.687006 -2.687006
P -2.687006 5.374012 -2.687006
E -5.374012 5.374012 0.000000
T -2.687006 5.374012 2.687006
G -2.687006 8.061017 0.000000
T -5.374012 10.748023 0.000000
W -5.374012 8.061017 -2.687006
Y -5.374012 10.748023 -5.374012


-3.000000	38134b040
10

Y 0.000000 0.000000 0.000000
Y 2.687006 2.687006 0.000000
D 5.374012 2.687006 2.687006
P 8.061017 5.374012 2.687006
E 5.374012 5.374012 5.374012
T 8.061017 5.374012 8.061017
G 8.061017 8.061017 5.374012
T 5.374012 10.748023 5.374012
W 5.374012 8.061017 2.687006
Y 5.374012 10.748023 0.000000


-3.000000	9279a56a0
10

Y 0.000000 0.000000 0.000000
Y 2.687006 2.687006 0.000000
D 0.000000 2.687006 -2.687006
P -2.687006 0.000000 -2.687006
E 0.000000 0.000000 -5.374012
T -2.687006 0.000000 -8.061017
G -2.687006 -2.687006 -5.374012
T 0.000000 -5.374012 -5.374012
W 0.000000 -2.687006 -2.687006
Y 0.000000 -5.374012 0.000000


-3.000000	38134b010
10

Y 0.000000 0.000000 0.000000
Y 2.687006 2.687006 0.000000
D 0.000000 5.374012 0.000000
P 2.687006 8.061017 0.000000
E 0.000000 8.061017 2.687006
T 2.687006 8.061017 5.374012
G 2.687006 10.748023 2.687006
T 0.000000 13.435029 2.687006
W 0.000000 10.748023 0.000000
Y 0.000000 13.435029 -2.687006


-3.000000	38134b000
10

Y 0.000000 0.000000 0.000000
Y 2.687006 2.687006 0.000000
D 5.374012 5.374012 0.000000
P 8.061017 8.061017 0.000000
E 5.374012 8.061017 2.687006
T 8.061017 8.061017 5.374012
G 8.061017 10.748023 2.687006
T 5.374012 13.435029 2.687006
W 5.374012 10.748023 0.000000
Y 5.374012 13.435029 -2.687006


-3.000000	9279a5640
10

Y 0.000000 0.000000 0.000000
Y 2.687006 2.687006 0.000000
D 5.374012 2.687006 2.687006
P 2.687006 0.000000 2.687006
E 5.374012 0.000000 0.000000
T 2.687006 0.000000 -2.687006
G 2.687006 -2.687006 0.000000
T 5.374012 -5.374012 0.000000
W 5.374012 -2.687006 2.687006
Y 5.374012 -5.374012 5.374012


-3.000000	38134b0a0
10

Y 0.000000 0.000000 0.000000
Y 2.687006 2.687006 0.000000
D 0.000000 2.687006 -2.687006
P 2.687006 5.374012 -2.687006
E 0.000000 5.374012 0.000000
T 2.687006 5.374012 2.687006
G 2.687006 8.061017 0.000000
T 0.000000 10.748023 0.000000
W 0.000000 8.061017 -2.687006
Y 0.000000 10.748023 -5.374012


-3.000000	38134bb40
10

Y 0.000000 0.000000 0.000000
Y 2.687006 2.687006 0.000000
D 5.374012 2.687006 2.687006
P 2.687006 2.687006 5.374012
E 0.000000 2.687006 8.061017
T 2.687006 2.687006 10.748023
G 2.687006 5.374012 8.061017
T 0.000000 8.061017 8.061017
W 0.000000 5.374012 5.374012
Y 0.000000 8.061017 2.687006


-3.000000	9279a55a0
10

Y 0.000000 0.000000 0.000000
Y 2.687006 2.687006 0.000000
D 0.000000 2.687006 -2.687006
P 2.687006 2.687006 -5.374012
E 5.374012 2.687006 -8.061017
T 2.687006 2.687006 -10.748023
G 2.687006 0.000000 -8.061017
T 5.374012 -2.687006 -8.061017
W 5.374012 0.000000 -5.374012
Y 5.374012 -2.687006 -2.687006


-3.000000	38134bb10
10

Y 0.000000 0.000000 0.000000
Y 2.687006 2.687006 0.000000
D 0.000000 5.374012 0.000000
P -2.687006 5.374012 2.687006
E -5.374012 5.374012 5.374012
T -2.687006 5.374012 8.061017
G -2.687006 8.061017 5.374012
T -5.374012 10.748023 5.374012
W -5.374012 8.061017 2.687006
Y -5.374012 10.748023 0.000000


-3.000000	38134bb00
10

Y 0.000000 0.000000 0.000000
Y 2.687006 2.687006 0.000000
D 5.374012 5.374012 0.000000
P 2.687006 5.374012 2.687006
E 0.000000 5.374012 5.374012
T 2.687006 5.374012 8.061017
G 2.687006 8.061017 5.374012
T 0.000000 10.748023 5.374012
W 0.000000 8.061017 2.687006
Y 0.000000 10.748023 0.000000


-3.000000	9279a5540
10

Y 0.000000 0.000000 0.000000
Y 2.687006 2.687006 0.000000
D 5.374012 2.687006 2.687006
P 8.061017 2.687006 0.000000
E 10.748023 2.687006 -2.687006
T 8.061017 2.687006 -5.374012
G 8.061017 0.000000 -2.687006
T 10.748023 -2.687006 -2.687006
W 10.748023 0.000000 0.000000
Y 10.748023 -2.687006 2.687006


-3.000000	38134bba0
10

Y 0.000000 0.000000 0.000000
Y 2.687006 2.687006 0.000000
D 0.000000 2.687006 -2.687006
P -2.687006 2.687006 0.000000
E -5.374012 2.687006 2.687006
T -2.687006 2.687006 5.374012
G -2.687006 5.374012 2.687006
T -5.374012 8.061017 2.687006
W -5.374012 5.374012 0.000000
Y -5.374012 8.061017 -2.687006


-3.000000	9279a5510
10

Y 0.000000 0.000000 0.000000
Y 2.687006 2.687006 0.000000
D 0.000000 5.374012 0.000000
P 2.687006 5.374012 -2.687006
E 5.374012 5.374012 -5.374012
T 2.687006 5.374012 -8.061017
G 2.687006 2.687006 -5.374012
T 5.374012 0.000000 -5.374012
W 5.374012 2.687006 -2.687006
Y 5.374012 0.000000 0.000000


-3.000000	9279a5500
10

Y 0.000000 0.000000 0.000000
Y 2.687006 2.687006 0.000000
D 5.374012 5.374012 0.000000
P 8.061017 5.374012 -2.687006
E 10.748023 5.374012 -5.374012
T 8.061017 5.374012 -8.061017
G 8.061017 2.687006 -5.374012
T 10.748023 0.000000 -5.374012
W 10.748023 2.687006 -2.687006
Y 10.748023 0.000000 0.000000


-3.000000	38134ba10
10

Y 0.000000 0.000000 0.000000
Y 2.687006 2.687006 0.000000
D 0.000000 5.374012 0.000000
P -2.687006 5.374012 -2.687006
E -5.374012 5.374012 0.000000
T -2.687006 5.374012 2.687006
G -2.687006 8.061017 0.000000
T -5.374012 10.748023 0.000000
W -5.374012 8.061017 -2.687006
Y -5.374012 10.748023 -5.374012


-3.000000	38134ba00
10

Y 0.000000 0.000000 0.000000
Y 2.687006 2.687006 0.000000
D 5.374012 5.374012 0.000000
P 2.687006 5.374012 -2.687006
E 0.000000 5.374012 0.000000
T 2.687006 5.374012 2.687006
G 2.687006 8.061017 0.000000
T 0.000000 10.748023 0.000000
W 0.000000 8.061017 -2.687006
Y 0.000000 10.748023 -5.374012


-3.000000	9279a5440
10

Y 0.000000 0.000000 0.000000
Y 2.687006 2.687006 0.000000
D 5.374012 2.687006 2.687006
P 8.061017 2.687006 5.374012
E 10.748023 2.687006 2.687006
T 8.061017 2.687006 0.000000
G 8.061017 0.000000 2.687006
T 10.748023 -2.687006 2.687006
W 10.748023 0.000000 5.374012
Y 10.748023 -2.687006 8.061017


-3.000000	38134baa0
10

Y 0.000000 0.000000 0.000000
Y 2.687006 2.687006 0.000000
D 0.000000 2.687006 -2.687006
P -2.687006 2.687006 -5.374012
E -5.374012 2.687006 -2.687006
T -2.687006 2.687006 0.000000
G -2.687006 5.374012 -2.687006
T -5.374012 8.061017 -2.687006
W -5.374012 5.374012 -5.374012
Y -5.374012 8.061017 -8.061017


-3.000000	9279a5400
10

Y 0.000000 0.000000 0.000000
Y 2.687006 2.687006 0.000000
D 5.374012 5.374012 0.000000
P 8.061017 5.374012 2.687006
E 10.748023 5.374012 0.000000
T 8.061017 5.374012 -2.687006
G 8.061017 2.687006 0.000000
T 10.748023 0.000000 0.000000
W 10.748023 2.687006 2.687006
Y 10.748023 0.000000 5.374012


-3.000000	38134b910
10

Y 0.000000 0.000000 0.000000
Y 2.687006 2.687006 0.000000
D 0.000000 5.374012 0.000000
P 0.000000 2.687006 2.687006
E -2.687006 2.687006 5.374012
T 0.000000 2.687006 8.061017
G 0.000000 5.374012 5.374012
T -2.687006 8.061017 5.374012
W -2.687006 5.374012 2.687006
Y -2.687006 8.061017 0.000000


-3.000000	38134b900
10

Y 0.000000 0.000000 0.000000
Y 2.687006 2.687006 0.000000
D 5.374012 5.374012 0.000000
P 5.374012 2.687006 2.687006
E 2.687006 2.687006 5.374012
T 5.374012 2.687006 8.061017
G 5.374012 5.374012 5.374012
T 2.687006 8.061017 5.374012
W 2.687006 5.374012 2.687006
Y 2.687006 8.061017 0.000000


-3.000000	9279a5340
10

Y 0.000000 0.000000 0.000000
Y 2.687006 2.687006 0.000000
D 5.374012 2.687006 2.687006
P 5.374012 5.374012 0.000000
E 8.061017 5.374012 -2.687006
T 5.374012 5.374012 -5.374012
G 5.374012 2.687006 -2.687006
T 8.061017 0.000000 -2.687006
W 8.061017 2.687006 0.000000
Y 8.061017 0.000000 2.687006


-3.000000	9279a5300
10

Y 0.000000 0.000000 0.000000
Y 2.687006 2.687006 0.000000
D 5.374012 5.374012 0.000000
P 5.374012 8.061017 -2.687006
E 8.061017 8.061017 -5.374012
T 5.374012 8.061017 -8.061017
G 5.374012 5.374012 -5.374012
T 8.061017 2.687006 -5.374012
W 8.061017 5.374012 -2.687006
Y 8.061017 2.687006 0.000000


-3.000000	38134b940
10

Y 0.000000 0.000000 0.000000
Y 2.687006 2.687006 0.000000
D 5.374012 2.687006 2.687006
P 5.374012 0.000000 5.374012
E 2.687006 0.000000 8.061017
T 5.374012 0.000000 10.748023
G 5.374012 2.687006 8.061017
T 2.687006 5.374012 8.061017
W 2.687006 2.687006 5.374012
Y 2.687006 5.374012 2.687006


-3.000000	9279a53a0
10

Y 0.000000 0.000000 0.000000
Y 2.687006 2.687006 0.000000
D 0.000000 2.687006 -2.687006
P 0.000000 5.374012 -5.374012
E 2.687006 5.374012 -8.061017
T 0.000000 5.374012 -10.748023
G 0.000000 2.687006 -8.061017
T 2.687006 0.000000 -8.061017
W 2.687006 2.687006 -5.374012
Y 2.687006 0.000000 -2.687006


-3.000000	9279a5040
10

Y 0.000000 0.000000 0.000000
Y 2.687006 2.687006 0.000000
D 5.374012 2.687006 2.687006
P 8.061017 5.374012 2.687006
E 10.748023 5.374012 0.000000
T 8.061017 5.374012 -2.687006
G 8.061017 2.687006 0.000000
T 10.748023 0.000000 0.000000
W 10.748023 2.687006 2.687006
Y 10.748023 0.000000 5.374012


-3.000000	38134b6a0
10

Y 0.000000 0.000000 0.000000
Y 2.687006 2.687006 0.000000
D 0.000000 2.687006 -2.687006
P -2.687006 0.000000 -2.687006
E -5.374012 0.000000 0.000000
T -2.687006 0.000000 2.687006
G -2.687006 2.687006 0.000000
T -5.374012 5.374012 0.000000
W -5.374012 2.687006 -2.687006
Y -5.374012 5.374012 -5.374012


-3.000000	9279a5010
10

Y 0.000000 0.000000 0.000000
Y 2.687006 2.687006 0.000000
D 0.000000 5.374012 0.000000
P 2.687006 8.061017 0.000000
E 5.374012 8.061017 -2.687006
T 2.687006 8.061017 -5.374012
G 2.687006 5.374012 -2.687006
T 5.374012 2.687006 -2.687006
W 5.374012 5.374012 0.000000
Y 5.374012 2.687006 2.687006


-3.000000	9279a5000
10

Y 0.000000 0.000000 0.000000
Y 2.687006 2.687006 0.000000
D 5.374012 5.374012 0.000000
P 8.061017 8.061017 0.000000
E 10.748023 8.061017 -2.687006
T 8.061017 8.061017 -5.374012
G 8.061017 5.374012 -2.687006
T 10.748023 2.687006 -2.687006
W 10.748023 5.374012 0.000000
Y 10.748023 2.687006 2.687006


-3.000000	38134b640
10

Y 0.000000 0.000000 0.000000
Y 2.687006 2.687006 0.000000
D 5.374012 2.687006 2.687006
P 2.687006 0.000000 2.687006
E 0.000000 0.000000 5.374012
T 2.687006 0.000000 8.061017
G 2.687006 2.687006 5.374012
T 0.000000 5.374012 5.374012
W 0.000000 2.687006 2.687006
Y 0.000000 5.374012 0.000000


-3.000000	9279a50a0
10

Y 0.000000 0.000000 0.000000
Y 2.687006 2.687006 0.000000
D 0.000000 2.687006 -2.687006
P 2.687006 5.374012 -2.687006
E 5.374012 5.374012 -5.374012
T 2.687006 5.374012 -8.061017
G 2.687006 2.687006 -5.374012
T 5.374012 0.000000 -5.374012
W 5.374012 2.687006 -2.687006
Y 5.374012 0.000000 0.000000


-3.000000	38134b610
10

Y 0.000000 0.000000 0.000000
Y 2.687006 2.687006 0.000000
D 0.000000 5.374012 0.000000
P -2.687006 2.687006 0.000000
E -5.374012 2.687006 2.687006
T -2.687006 2.687006 5.374012
G -2.687006 5.374012 2.687006
T -5.374012 8.061017 2.687006
W -5.374012 5.374012 0.000000
Y -5.374012 8.061017 -2.687006


-3.000000	381327040
10

Y 0.000000 0.000000 0.000000
Y 2.687006 2.687006 0.000000
D 5.374012 2.687006 2.687006
P 8.061017 5.374012 2.687006
E 10.748023 2.687006 2.687006
T 10.748023 5.374012 5.374012
G 10.748023 8.061017 2.687006
T 8.061017 10.748023 2.687006
W 8.061017 8.061017 0.000000
Y 8.061017 10.748023 -2.687006


-3.000000	9279816a0
10

Y 0.000000 0.000000 0.000000
Y 2.687006 2.687006 0.000000
D 0.000000 2.687006 -2.687006
P -2.687006 0.000000 -2.687006
E -5.374012 2.687006 -2.687006
T -5.374012 0.000000 -5.374012
G -5.374012 -2.687006 -2.687006
T -2.687006 -5.374012 -2.687006
W -2.687006 -2.687006 0.000000
Y -2.687006 -5.374012 2.687006


-3.000000	381327010
10

Y 0.000000 0.000000 0.000000
Y 2.687006 2.687006 0.000000
D 0.000000 5.374012 0.000000
P 2.687006 8.061017 0.000000
E 5.374012 5.374012 0.000000
T 5.374012 8.061017 2.687006
G 5.374012 10.748023 0.000000
T 2.687006 13.435029 0.000000
W 2.687006 10.748023 -2.687006
Y 2.687006 13.435029 -5.374012


-3.000000	381327000
10

Y 0.000000 0.000000 0.000000
Y 2.687006 2.687006 0.000000
D 5.374012 5.374012 0.000000
P 8.061017 8.061017 0.000000
E 10.748023 5.374012 0.000000
T 10.748023 8.061017 2.687006
G 10.748023 10.748023 0.000000
T 8.061017 13.435029 0.000000
W 8.061017 10.748023 -2.687006
Y 8.061017 13.435029 -5.374012


-3.000000	3813270a0
10

Y 0.000000 0.000000 0.000000
Y 2.687006 2.687006 0.000000
D 0.000000 2.687006 -2.687006
P 2.687006 5.374012 -2.687006
E 5.374012 2.687006 -2.687006
T 5.374012 5.374012 0.000000
G 5.374012 8.061017 -2.687006
T 2.687006 10.748023 -2.687006
W 2.687006 8.061017 -5.374012
Y 2.687006 10.748023 -8.061017


-3.000000	927981610
10

Y 0.000000 0.000000 0.000000
Y 2.687006 2.687006 0.000000
D 0.000000 5.374012 0.000000
P -2.687006 2.687006 0.000000
E -5.374012 5.374012 0.000000
T -5.374012 2.687006 -2.687006
G -5.374012 0.000000 0.000000
T -2.687006 -2.687006 0.000000
W -2.687006 0.000000 2.687006
Y -2.687006 -2.687006 5.374012


-3.000000	381327b40
10

Y 0.000000 0.000000 0.000000
Y 2.687006 2.687006 0.000000
D 5.374012 2.687006 2.687006
P 2.687006 2.687006 5.374012
E 5.374012 0.000000 5.374012
T 5.374012 2.687006 8.061017
G 5.374012 5.374012 5.374012
T 2.687006 8.061017 5.374012
W 2.687006 5.374012 2.687006
Y 2.687006 8.061017 0.000000


-3.000000	9279815a0
10

Y 0.000000 0.000000 0.000000
Y 2.687006 2.687006 0.000000
D 0.000000 2.687006 -2.687006
P 2.687006 2.687006 -5.374012
E 0.000000 5.374012 -5.374012
T 0.000000 2.687006 -8.061017
G 0.000000 0.000000 -5.374012
T 2.687006 -2.687006 -5.374012
W 2.687006 0.000000 -2.687006
Y 2.687006 -2.687006 0.000000


-3.000000	381327b10
10

Y 0.000000 0.000000 0.000000
Y 2.687006 2.687006 0.000000
D 0.000000 5.374012 0.000000
P -2.687006 5.374012 2.687006
E 0.000000 2.687006 2.687006
T 0.000000 5.374012 5.374012
G 0.000000 8.061017 2.687006
T -2.687006 10.748023 2.687006
W -2.687006 8.061017 0.000000
Y -2.687006 10.748023 -2.687006


-3.000000	381327b00
10

Y 0.000000 0.000000 0.000000
Y 2.687006 2.687006 0.000000
D 5.374012 5.374012 0.000000
P 2.687006 5.374012 2.687006
E 5.374012 2.687006 2.687006
T 5.374012 5.374012 5.374012
G 5.374012 8.061017 2.687006
T 2.687006 10.748023 2.687006
W 2.687006 8.061017 0.000000
Y 2.687006 10.748023 -2.687006


-3.000000	927981540
10

Y 0.000000 0.000000 0.000000
Y 2.687006 2.687006 0.000000
D 5.374012 2.687006 2.687006
P 8.061017 2.687006 0.000000
E 5.374012 5.374012 0.000000
T 5.374012 2.687006 -2.687006
G 5.374012 0.000000 0.000000
T 8.061017 -2.687006 0.000000
W 8.061017 0.000000 2.687006
Y 8.061017 -2.687006 5.374012


-3.000000	927981500
10

Y 0.000000 0.000000 0.000000
Y 2.687006 2.687006 0.000000
D 5.374012 5.374012 0.000000
P 8.061017 5.374012 -2.687006
E 5.374012 8.061017 -2.687006
T 5.374012 5.374012 -5.374012
G 5.374012 2.687006 -2.687006
T 8.061017 0.000000 -2.687006
W 8.061017 2.687006 0.000000
Y 8.061017 0.000000 2.687006


-3.000000	381327800
10

Y 0.000000 0.000000 0.000000
Y 2.687006 2.687006 0.000000
D 5.374012 5.374012 0.000000
P 5.374012 2.687006 -2.687006
E 8.061017 0.000000 -2.687006
T 8.061017 2.687006 0.000000
G 8.061017 5.374012 -2.687006
T 5.374012 8.061017 -2.687006
W 5.374012 5.374012 -5.374012
Y 5.374012 8.061017 -8.061017


-3.000000	927981240
10

Y 0.000000 0.000000 0.000000
Y 2.687006 2.687006 0.000000
D 5.374012 2.687006 2.687006
P 5.374012 5.374012 5.374012
E 2.687006 8.061017 5.374012
T 2.687006 5.374012 2.687006
G 2.687006 2.687006 5.374012
T 5.374012 0.000000 5.374012
W 5.374012 2.687006 8.061017
Y 5.374012 0.000000 10.748023


-3.000000	3813278a0
10

Y 0.000000 0.000000 0.000000
Y 2.687006 2.687006 0.000000
D 0.000000 2.687006 -2.687006
P 0.000000 0.000000 -5.374012
E 2.687006 -2.687006 -5.374012
T 2.687006 0.000000 -2.687006
G 2.687006 2.687006 -5.374012
T 0.000000 5.374012 -5.374012
W 0.000000 2.687006 -8.061017
Y 0.000000 5.374012 -10.748023


-3.000000	927981210
10

Y 0.000000 0.000000 0.000000
Y 2.687006 2.687006 0.000000
D 0.000000 5.374012 0.000000
P 0.000000 8.061017 2.687006
E -2.687006 10.748023 2.687006
T -2.687006 8.061017 0.000000
G -2.687006 5.374012 2.687006
T 0.000000 2.687006 2.687006
W 0.000000 5.374012 5.374012
Y 0.000000 2.687006 8.061017


-3.000000	927981200
10

Y 0.000000 0.000000 0.000000
Y 2.687006 2.687006 0.000000
D 5.374012 5.374012 0.000000
P 5.374012 8.061017 2.687006
E 2.687006 10.748023 2.687006
T 2.687006 8.061017 0.000000
G 2.687006 5.374012 2.687006
T 5.374012 2.687006 2.687006
W 5.374012 5.374012 5.374012
Y 5.374012 2.687006 8.061017


-3.000000	381327840
10

Y 0.000000 0.000000 0.000000
Y 2.687006 2.687006 0.000000
D 5.374012 2.687006 2.687006
P 5.374012 0.000000 0.000000
E 8.061017 -2.687006 0.000000
T 8.061017 0.000000 2.687006
G 8.061017 2.687006 0.000000
T 5.374012 5.374012 0.000000
W 5.374012 2.687006 -2.687006
Y 5.374012 5.374012 -5.374012


-3.000000	381327700
10

Y 0.000000 0.000000 0.000000
Y 2.687006 2.687006 0.000000
D 5.374012 5.374012 0.000000
P 8.061017 2.687006 0.000000
E 10.748023 0.000000 0.000000
T 10.748023 2.687006 2.687006
G 10.748023 5.374012 0.000000
T 8.061017 8.061017 0.000000
W 8.061017 5.374012 -2.687006
Y 8.061017 8.061017 -5.374012


-3.000000	927981140
10

Y 0.000000 0.000000 0.000000
Y 2.687006 2.687006 0.000000
D 5.374012 2.687006 2.687006
P 2.687006 5.374012 2.687006
E 0.000000 8.061017 2.687006
T 0.000000 5.374012 0.000000
G 0.000000 2.687006 2.687006
T 2.687006 0.000000 2.687006
W 2.687006 2.687006 5.374012
Y 2.687006 0.000000 8.061017


-3.000000	3813277a0
10

Y 0.000000 0.000000 0.000000
Y 2.687006 2.687006 0.000000
D 0.000000 2.687006 -2.687006
P 2.687006 0.000000 -2.687006
E 5.374012 -2.687006 -2.687006
T 5.374012 0.000000 0.000000
G 5.374012 2.687006 -2.687006
T 2.687006 5.374012 -2.687006
W 2.687006 2.687006 -5.374012
Y 2.687006 5.374012 -8.061017


-3.000000	927981110
10

Y 0.000000 0.000000 0.000000
Y 2.687006 2.687006 0.000000
D 0.000000 5.374012 0.000000
P -2.687006 8.061017 0.000000
E -5.374012 10.748023 0.000000
T -5.374012 8.061017 -2.687006
G -5.374012 5.374012 0.000000
T -2.687006 2.687006 0.000000
W -2.687006 5.374012 2.687006
Y -2.687006 2.687006 5.374012


-3.000000	381327740
10

Y 0.000000 0.000000 0.000000
Y 2.687006 2.687006 0.000000
D 5.374012 2.687006 2.687006
P 8.061017 0.000000 2.687006
E 10.748023 -2.687006 2.687006
T 10.748023 0.000000 5.374012
G 10.748023 2.687006 2.687006
T 8.061017 5.374012 2.687006
W 8.061017 2.687006 0.000000
Y 8.061017 5.374012 -2.687006


-3.000000	9279811a0
10

Y 0.000000 0.000000 0.000000
Y 2.687006 2.687006 0.000000
D 0.000000 2.687006 -2.687006
P -2.687006 5.374012 -2.687006
E -5.374012 8.061017 -2.687006
T -5.374012 5.374012 -5.374012
G -5.374012 2.687006 -2.687006
T -2.687006 0.000000 -2.687006
W -2.687006 2.687006 0.000000
Y -2.687006 0.000000 2.687006


-3.000000	927981b40
10

Y 0.000000 0.000000 0.000000
Y 2.687006 2.687006 0.000000
D 5.374012 2.687006 2.687006
P 2.687006 2.687006 5.374012
E 0.000000 5.374012 5.374012
T 0.000000 2.687006 2.687006
G 0.000000 0.000000 5.374012
T 2.687006 -2.687006 5.374012
W 2.687006 0.000000 8.061017
Y 2.687006 -2.687006 10.748023


-3.000000	3813275a0
10

Y 0.000000 0.000000 0.000000
Y 2.687006 2.687006 0.000000
D 0.000000 2.687006 -2.687006
P 2.687006 2.687006 -5.374012
E 5.374012 0.000000 -5.374012
T 5.374012 2.687006 -2.687006
G 5.374012 5.374012 -5.374012
T 2.687006 8.061017 -5.374012
W 2.687006 5.374012 -8.061017
Y 2.687006 8.061017 -10.748023


-3.000000	927981b10
10

Y 0.000000 0.000000 0.000000
Y 2.687006 2.687006 0.000000
D 0.000000 5.374012 0.000000
P -2.687006 5.374012 2.687006
E -5.374012 8.061017 2.687006
T -5.374012 5.374012 0.000000
G -5.374012 2.687006 2.687006
T -2.687006 0.000000 2.687006
W -2.687006 2.687006 5.374012
Y -2.687006 0.000000 8.061017


-3.000000	927981b00
10

Y 0.000000 0.000000 0.000000
Y 2.687006 2.687006 0.000000
D 5.374012 5.374012 0.000000
P 2.687006 5.374012 2.687006
E 0.000000 8.061017 2.687006
T 0.000000 5.374012 0.000000
G 0.000000 2.687006 2.687006
T 2.687006 0.000000 2.687006
W 2.687006 2.687006 5.374012
Y 2.687006 0.000000 8.061017


-3.000000	381327540
10

Y 0.000000 0.000000 0.000000
Y 2.687006 2.687006 0.000000
D 5.374012 2.687006 2.687006
P 8.061017 2.687006 0.000000
E 10.748023 0.000000 0.000000
T 10.748023 2.687006 2.687006
G 10.748023 5.374012 0.000000
T 8.061017 8.061017 0.000000
W 8.061017 5.374012 -2.687006
Y 8.061017 8.061017 -5.374012


-3.000000	927981ba0
10

Y 0.000000 0.000000 0.000000
Y 2.687006 2.687006 0.000000
D 0.000000 2.687006 -2.687006
P -2.687006 2.687006 0.000000
E -5.374012 5.374012 0.000000
T -5.374012 2.687006 -2.687006
G -5.374012 0.000000 0.000000
T -2.687006 -2.687006 0.000000
W -2.687006 0.000000 2.687006
Y -2.687006 -2.687006 5.374012


-3.000000	381327510
10

Y 0.000000 0.000000 0.000000
Y 2.687006 2.687006 0.000000
D 0.000000 5.374012 0.000000
P 2.687006 5.374012 -2.687006
E 5.374012 2.687006 -2.687006
T 5.374012 5.374012 0.000000
G 5.374012 8.061017 -2.687006
T 2.687006 10.748023 -2.687006
W 2.687006 8.061017 -5.374012
Y 2.687006 10.748023 -8.061017


-3.000000	381327500
10

Y 0.000000 0.000000 0.000000
Y 2.687006 2.687006 0.000000
D 5.374012 5.374012 0.000000
P 8.061017 5.374012 -2.687006
E 10.748023 2.687006 -2.687006
T 10.748023 5.374012 0.000000
G 10.748023 8.061017 -2.687006
T 8.061017 10.748023 -2.687006
W 8.061017 8.061017 -5.374012
Y 8.061017 10.748023 -8.061017


-3.000000	927981a10
10

Y 0.000000 0.000000 0.000000
Y 2.687006 2.687006 0.000000
D 0.000000 5.374012 0.000000
P -2.687006 5.374012 -2.687006
E -5.374012 8.061017 -2.687006
T -5.374012 5.374012 -5.374012
G -5.374012 2.687006 -2.687006
T -2.687006 0.000000 -2.687006
W -2.687006 2.687006 0.000000
Y -2.687006 0.000000 2.687006


-3.000000	381327440
10

Y 0.000000 0.000000 0.000000
Y 2.687006 2.687006 0.000000
D 5.374012 2.687006 2.687006
P 8.061017 2.687006 5.374012
E 10.748023 0.000000 5.374012
T 10.748023 2.687006 8.061017
G 10.748023 5.374012 5.374012
T 8.061017 8.061017 5.374012
W 8.061017 5.374012 2.687006
Y 8.061017 8.061017 0.000000


-3.000000	927981aa0
10

Y 0.000000 0.000000 0.000000
Y 2.687006 2.687006 0.000000
D 0.000000 2.687006 -2.687006
P -2.687006 2.687006 -5.374012
E -5.374012 5.374012 -5.374012
T -5.374012 2.687006 -8.061017
G -5.374012 0.000000 -5.374012
T -2.687006 -2.687006 -5.374012
W -2.687006 0.000000 -2.687006
Y -2.687006 -2.687006 0.000000


-3.000000	381327410
10

Y 0.000000 0.000000 0.000000
Y 2.687006 2.687006 0.000000
D 0.000000 5.374012 0.000000
P 2.687006 5.374012 2.687006
E 5.374012 2.687006 2.687006
T 5.374012 5.374012 5.374012
G 5.374012 8.061017 2.687006
T 2.687006 10.748023 2.687006
W 2.687006 8.061017 0.000000
Y 2.687006 10.748023 -2.687006


-3.000000	381327400
10

Y 0.000000 0.000000 0.000000
Y 2.687006 2.687006 0.000000
D 5.374012 5.374012 0.000000
P 8.061017 5.374012 2.687006
E 10.748023 2.687006 2.687006
T 10.748023 5.374012 5.374012
G 10.748023 8.061017 2.687006
T 8.061017 10.748023 2.687006
W 8.061017 8.061017 0.000000
Y 8.061017 10.748023 -2.687006


-3.000000	927981910
10

Y 0.000000 0.000000 0.000000
Y 2.687006 2.687006 0.000000
D 0.000000 5.374012 0.000000
P 0.000000 2.687006 2.687006
E -2.687006 5.374012 2.687006
T -2.687006 2.687006 0.000000
G -2.687006 0.000000 2.687006
T 0.000000 -2.687006 2.687006
W 0.000000 0.000000 5.374012
Y 0.000000 -2.687006 8.061017


-3.000000	381327340
10

Y 0.000000 0.000000 0.000000
Y 2.687006 2.687006 0.000000
D 5.374012 2.687006 2.687006
P 5.374012 5.374012 0.000000
E 8.061017 2.687006 0.000000
T 8.061017 5.374012 2.687006
G 8.061017 8.061017 0.000000
T 5.374012 10.748023 0.000000
W 5.374012 8.061017 -2.687006
Y 5.374012 10.748023 -5.374012


-3.000000	381327310
10

Y 0.000000 0.000000 0.000000
Y 2.687006 2.687006 0.000000
D 0.000000 5.374012 0.000000
P 0.000000 8.061017 -2.687006
E 2.687006 5.374012 -2.687006
T 2.687006 8.061017 0.000000
G 2.687006 10.748023 -2.687006
T 0.000000 13.435029 -2.687006
W 0.000000 10.748023 -5.374012
Y 0.000000 13.435029 -8.061017


-3.000000	381327300
10

Y 0.000000 0.000000 0.000000
Y 2.687006 2.687006 0.000000
D 5.374012 5.374012 0.000000
P 5.374012 8.061017 -2.687006
E 8.061017 5.374012 -2.687006
T 8.061017 8.061017 0.000000
G 8.061017 10.748023 -2.687006
T 5.374012 13.435029 -2.687006
W 5.374012 10.748023 -5.374012
Y 5.374012 13.435029 -8.061017


-3.000000	927981940
10

Y 0.000000 0.000000 0.000000
Y 2.687006 2.687006 0.000000
D 5.374012 2.687006 2.687006
P 5.374012 0.000000 5.374012
E 2.687006 2.687006 5.374012
T 2.687006 0.000000 2.687006
G 2.687006 -2.687006 5.374012
T 5.374012 -5.374012 5.374012
W 5.374012 -2.687006 8.061017
Y 5.374012 -5.374012 10.748023


-3.000000	3813273a0
10

Y 0.000000 0.000000 0.000000
Y 2.687006 2.687006 0.000000
D 0.000000 2.687006 -2.687006
P 0.000000 5.374012 -5.374012
E 2.687006 2.687006 -5.374012
T 2.687006 5.374012 -2.687006
G 2.687006 8.061017 -5.374012
T 0.000000 10.748023 -5.374012
W 0.000000 8.061017 -8.061017
Y 0.000000 10.748023 -10.748023


-3.000000	927981800
10

Y 0.000000 0.000000 0.000000
Y 2.687006 2.687006 0.000000
D 5.374012 5.374012 0.000000
P 5.374012 2.687006 -2.687006
E 2.687006 5.374012 -2.687006
T 2.687006 2.687006 -5.374012
G 2.687006 0.000000 -2.687006
T 5.374012 -2.687006 -2.687006
W 5.374012 0.000000 0.000000
Y 5.374012 -2.687006 2.687006


-3.000000	381327240
10

Y 0.000000 0.000000 0.000000
Y 2.687006 2.687006 0.000000
D 5.374012 2.687006 2.687006
P 5.374012 5.374012 5.374012
E 8.061017 2.687006 5.374012
T 8.061017 5.374012 8.061017
G 8.061017 8.061017 5.374012
T 5.374012 10.748023 5.374012
W 5.374012 8.061017 2.687006
Y 5.374012 10.748023 0.000000


-3.000000	9279818a0
10

Y 0.000000 0.000000 0.000000
Y 2.687006 2.687006 0.000000
D 0.000000 2.687006 -2.687006
P 0.000000 0.000000 -5.374012
E -2.687006 2.687006 -5.374012
T -2.687006 0.000000 -8.061017
G -2.687006 -2.687006 -5.374012
T 0.000000 -5.374012 -5.374012
W 0.000000 -2.687006 -2.687006
Y 0.000000 -5.374012 0.000000


-3.000000	381327210
10

Y 0.000000 0.000000 0.000000
Y 2.687006 2.687006 0.000000
D 0.000000 5.374012 0.000000
P 0.000000 8.061017 2.687006
E 2.687006 5.374012 2.687006
T 2.687006 8.061017 5.374012
G 2.687006 10.748023 2.687006
T 0.000000 13.435029 2.687006
W 0.000000 10.748023 0.000000
Y 0.000000 13.435029 -2.687006


-3.000000	381327200
10

Y 0.000000 0.000000 0.000000
Y 2.687006 2.687006 0.000000
D 5.374012 5.374012 0.000000
P 5.374012 8.061017 2.687006
E 8.061017 5.374012 2.687006
T 8.061017 8.061017 5.374012
G 8.061017 10.748023 2.687006
T 5.374012 13.435029 2.687006
W 5.374012 10.748023 0.000000
Y 5.374012 13.435029 -2.687006


-3.000000	927983810
10

Y 0.000000 0.000000 0.000000
Y 2.687006 2.687006 0.000000
D 0.000000 5.374012 0.000000
P 0.000000 2.687006 -2.687006
E 0.000000 5.374012 -5.374012
T 0.000000 2.687006 -8.061017
G 0.000000 0.000000 -5.374012
T 2.687006 -2.687006 -5.374012
W 2.687006 0.000000 -2.687006
Y 2.687006 -2.687006 0.000000


-3.000000	927983800
10

Y 0.000000 0.000000 0.000000
Y 2.687006 2.687006 0.000000
D 5.374012 5.374012 0.000000
P 5.374012 2.687006 -2.687006
E 5.374012 5.374012 -5.374012
T 5.374012 2.687006 -8.061017
G 5.374012 0.000000 -5.374012
T 8.061017 -2.687006 -5.374012
W 8.061017 0.000000 -2.687006
Y 8.061017 -2.687006 0.000000


-3.000000	381329240
10

Y 0.000000 0.000000 0.000000
Y 2.687006 2.687006 0.000000
D 5.374012 2.687006 2.687006
P 5.374012 5.374012 5.374012
E 5.374012 2.687006 8.061017
T 5.374012 5.374012 10.748023
G 5.374012 8.061017 8.061017
T 2.687006 10.748023 8.061017
W 2.687006 8.061017 5.374012
Y 2.687006 10.748023 2.687006


-3.000000	9279838a0
10

Y 0.000000 0.000000 0.000000
Y 2.687006 2.687006 0.000000
D 0.000000 2.687006 -2.687006
P 0.000000 0.000000 -5.374012
E 0.000000 2.687006 -8.061017
T 0.000000 0.000000 -10.748023
G 0.000000 -2.687006 -8.061017
T 2.687006 -5.374012 -8.061017
W 2.687006 -2.687006 -5.374012
Y 2.687006 -5.374012 -2.687006


-3.000000	381329210
10

Y 0.000000 0.000000 0.000000
Y 2.687006 2.687006 0.000000
D 0.000000 5.374012 0.000000
P 0.000000 8.061017 2.687006
E 0.000000 5.374012 5.374012
T 0.000000 8.061017 8.061017
G 0.000000 10.748023 5.374012
T -2.687006 13.435029 5.374012
W -2.687006 10.748023 2.687006
Y -2.687006 13.435029 0.000000


-3.000000	381329200
10

Y 0.000000 0.000000 0.000000
Y 2.687006 2.687006 0.000000
D 5.374012 5.374012 0.000000
P 5.374012 8.061017 2.687006
E 5.374012 5.374012 5.374012
T 5.374012 8.061017 8.061017
G 5.374012 10.748023 5.374012
T 2.687006 13.435029 5.374012
W 2.687006 10.748023 2.687006
Y 2.687006 13.435029 0.000000


-3.000000	927983840
10

Y 0.000000 0.000000 0.000000
Y 2.687006 2.687006 0.000000
D 5.374012 2.687006 2.687006
P 5.374012 0.000000 0.000000
E 5.374012 2.687006 -2.687006
T 5.374012 0.000000 -5.374012
G 5.374012 -2.687006 -2.687006
T 8.061017 -5.374012 -2.687006
W 8.061017 -2.687006 0.000000
Y 8.061017 -5.374012 2.687006


-3.000000	3813292a0
10

Y 0.000000 0.000000 0.000000
Y 2.687006 2.687006 0.000000
D 0.000000 2.687006 -2.687006
P 0.000000 5.374012 0.000000
E 0.000000 2.687006 2.687006
T 0.000000 5.374012 5.374012
G 0.000000 8.061017 2.687006
T -2.687006 10.748023 2.687006
W -2.687006 8.061017 0.000000
Y -2.687006 10.748023 -2.687006


-3.000000	927983700
10

Y 0.000000 0.000000 0.000000
Y 2.687006 2.687006 0.000000
D 5.374012 5.374012 0.000000
P 8.061017 2.687006 0.000000
E 8.061017 5.374012 -2.687006
T 8.061017 2.687006 -5.374012
G 8.061017 0.000000 -2.687006
T 10.748023 -2.687006 -2.687006
W 10.748023 0.000000 0.000000
Y 10.748023 -2.687006 2.687006


-3.000000	381329140
10

Y 0.000000 0.000000 0.000000
Y 2.687006 2.687006 0.000000
D 5.374012 2.687006 2.687006
P 2.687006 5.374012 2.687006
E 2.687006 2.687006 5.374012
T 2.687006 5.374012 8.061017
G 2.687006 8.061017 5.374012
T 0.000000 10.748023 5.374012
W 0.000000 8.061017 2.687006
Y 0.000000 10.748023 0.000000


-3.000000	9279837a0
10

Y 0.000000 0.000000 0.000000
Y 2.687006 2.687006 0.000000
D 0.000000 2.687006 -2.687006
P 2.687006 0.000000 -2.687006
E 2.687006 2.687006 -5.374012
T 2.687006 0.000000 -8.061017
G 2.687006 -2.687006 -5.374012
T 5.374012 -5.374012 -5.374012
W 5.374012 -2.687006 -2.687006
Y 5.374012 -5.374012 0.000000


-3.000000	381329110
10

Y 0.000000 0.000000 0.000000
Y 2.687006 2.687006 0.000000
D 0.000000 5.374012 0.000000
P -2.687006 8.061017 0.000000
E -2.687006 5.374012 2.687006
T -2.687006 8.061017 5.374012
G -2.687006 10.748023 2.687006
T -5.374012 13.435029 2.687006
W -5.374012 10.748023 0.000000
Y -5.374012 13.435029 -2.687006


-3.000000	381329100
10

Y 0.000000 0.000000 0.000000
Y 2.687006 2.687006 0.000000
D 5.374012 5.374012 0.000000
P 2.687006 8.061017 0.000000
E 2.687006 5.374012 2.687006
T 2.687006 8.061017 5.374012
G 2.687006 10.748023 2.687006
T 0.000000 13.435029 2.687006
W 0.000000 10.748023 0.000000
Y 0.000000 13.435029 -2.687006


-3.000000	927983740
10

Y 0.000000 0.000000 0.000000
Y 2.687006 2.687006 0.000000
D 5.374012 2.687006 2.687006
P 8.061017 0.000000 2.687006
E 8.061017 2.687006 0.000000
T 8.061017 0.000000 -2.687006
G 8.061017 -2.687006 0.000000
T 10.748023 -5.374012 0.000000
W 10.748023 -2.687006 2.687006
Y 10.748023 -5.374012 5.374012


-3.000000	3813291a0
10

Y 0.000000 0.000000 0.000000
Y 2.687006 2.687006 0.000000
D 0.000000 2.687006 -2.687006
P -2.687006 5.374012 -2.687006
E -2.687006 2.687006 0.000000
T -2.687006 5.374012 2.687006
G -2.687006 8.061017 0.000000
T -5.374012 10.748023 0.000000
W -5.374012 8.061017 -2.687006
Y -5.374012 10.748023 -5.374012


-3.000000	381329040
10

Y 0.000000 0.000000 0.000000
Y 2.687006 2.687006 0.000000
D 5.374012 2.687006 2.687006
P 8.061017 5.374012 2.687006
E 8.061017 2.687006 5.374012
T 8.061017 5.374012 8.061017
G 8.061017 8.061017 5.374012
T 5.374012 10.748023 5.374012
W 5.374012 8.061017 2.687006
Y 5.374012 10.748023 0.000000


-3.000000	9279836a0
10

Y 0.000000 0.000000 0.000000
Y 2.687006 2.687006 0.000000
D 0.000000 2.687006 -2.687006
P -2.687006 0.000000 -2.687006
E -2.687006 2.687006 -5.374012
T -2.687006 0.000000 -8.061017
G -2.687006 -2.687006 -5.374012
T 0.000000 -5.374012 -5.374012
W 0.000000 -2.687006 -2.687006
Y 0.000000 -5.374012 0.000000


-3.000000	381329010
10

Y 0.000000 0.000000 0.000000
Y 2.687006 2.687006 0.000000
D 0.000000 5.374012 0.000000
P 2.687006 8.061017 0.000000
E 2.687006 5.374012 2.687006
T 2.687006 8.061017 5.374012
G 2.687006 10.748023 2.687006
T 0.000000 13.435029 2.687006
W 0.000000 10.748023 0.000000
Y 0.000000 13.435029 -2.687006


-3.000000	381329000
10

Y 0.000000 0.000000 0.000000
Y 2.687006 2.687006 0.000000
D 5.374012 5.374012 0.000000
P 8.061017 8.061017 0.000000
E 8.061017 5.374012 2.687006
T 8.061017 8.061017 5.374012
G 8.061017 10.748023 2.687006
T 5.374012 13.435029 2.687006
W 5.374012 10.748023 0.000000
Y 5.374012 13.435029 -2.687006


-3.000000	381329b40
10

Y 0.000000 0.000000 0.000000
Y 2.687006 2.687006 0.000000
D 5.374012 2.687006 2.687006
P 2.687006 2.687006 5.374012
E 2.687006 0.000000 8.061017
T 2.687006 2.687006 10.748023
G 2.687006 5.374012 8.061017
T 0.000000 8.061017 8.061017
W 0.000000 5.374012 5.374012
Y 0.000000 8.061017 2.687006


-3.000000	9279835a0
10

Y 0.000000 0.000000 0.000000
Y 2.687006 2.687006 0.000000
D 0.000000 2.687006 -2.687006
P 2.687006 2.687006 -5.374012
E 2.687006 5.374012 -8.061017
T 2.687006 2.687006 -10.748023
G 2.687006 0.000000 -8.061017
T 5.374012 -2.687006 -8.061017
W 5.374012 0.000000 -5.374012
Y 5.374012 -2.687006 -2.687006


-3.000000	381329b10
10

Y 0.000000 0.000000 0.000000
Y 2.687006 2.687006 0.000000
D 0.000000 5.374012 0.000000
P -2.687006 5.374012 2.687006
E -2.687006 2.687006 5.374012
T -2.687006 5.374012 8.061017
G -2.687006 8.061017 5.374012
T -5.374012 10.748023 5.374012
W -5.374012 8.061017 2.687006
Y -5.374012 10.748023 0.000000


-3.000000	381329b00
10

Y 0.000000 0.000000 0.000000
Y 2.687006 2.687006 0.000000
D 5.374012 5.374012 0.000000
P 2.687006 5.374012 2.687006
E 2.687006 2.687006 5.374012
T 2.687006 5.374012 8.061017
G 2.687006 8.061017 5.374012
T 0.000000 10.748023 5.374012
W 0.000000 8.061017 2.687006
Y 0.000000 10.748023 0.000000


-3.000000	927983540
10

Y 0.000000 0.000000 0.000000
Y 2.687006 2.687006 0.000000
D 5.374012 2.687006 2.687006
P 8.061017 2.687006 0.000000
E 8.061017 5.374012 -2.687006
T 8.061017 2.687006 -5.374012
G 8.061017 0.000000 -2.687006
T 10.748023 -2.687006 -2.687006
W 10.748023 0.000000 0.000000
Y 10.748023 -2.687006 2.687006


-3.000000	381329ba0
10

Y 0.000000 0.000000 0.000000
Y 2.687006 2.687006 0.000000
D 0.000000 2.687006 -2.687006
P -2.687006 2.687006 0.000000
E -2.687006 0.000000 2.687006
T -2.687006 2.687006 5.374012
G -2.687006 5.374012 2.687006
T -5.374012 8.061017 2.687006
W -5.374012 5.374012 0.000000
Y -5.374012 8.061017 -2.687006


-3.000000	927983510
10

Y 0.000000 0.000000 0.000000
Y 2.687006 2.687006 0.000000
D 0.000000 5.374012 0.000000
P 2.687006 5.374012 -2.687006
E 2.687006 8.061017 -5.374012
T 2.687006 5.374012 -8.061017
G 2.687006 2.687006 -5.374012
T 5.374012 0.000000 -5.374012
W 5.374012 2.687006 -2.687006
Y 5.374012 0.000000 0.000000


-3.000000	927983500
10

Y 0.000000 0.000000 0.000000
Y 2.687006 2.687006 0.000000
D 5.374012 5.374012 0.000000
P 8.061017 5.374012 -2.687006
E 8.061017 8.061017 -5.374012
T 8.061017 5.374012 -8.061017
G 8.061017 2.687006 -5.374012
T 10.748023 0.000000 -5.374012
W 10.748023 2.687006 -2.687006
Y 10.748023 0.000000 0.000000


-3.000000	381329a10
10

Y 0.000000 0.000000 0.000000
Y 2.687006 2.687006 0.000000
D 0.000000 5.374012 0.000000
P -2.687006 5.374012 -2.687006
E -2.687006 2.687006 0.000000
T -2.687006 5.374012 2.687006
G -2.687006 8.061017 0.000000
T -5.374012 10.748023 0.000000
W -5.374012 8.061017 -2.687006
Y -5.374012 10.748023 -5.374012


-3.000000	927983440
10

Y 0.000000 0.000000 0.000000
Y 2.687006 2.687006 0.000000
D 5.374012 2.687006 2.687006
P 8.061017 2.687006 5.374012
E 8.061017 5.374012 2.687006
T 8.061017 2.687006 0.000000
G 8.061017 0.000000 2.687006
T 10.748023 -2.687006 2.687006
W 10.748023 0.000000 5.374012
Y 10.748023 -2.687006 8.061017


-3.000000	381329aa0
10

Y 0.000000 0.000000 0.000000
Y 2.687006 2.687006 0.000000
D 0.000000 2.687006 -2.687006
P -2.687006 2.687006 -5.374012
E -2.687006 0.000000 -2.687006
T -2.687006 2.687006 0.000000
G -2.687006 5.374012 -2.687006
T -5.374012 8.061017 -2.687006
W -5.374012 5.374012 -5.374012
Y -5.374012 8.061017 -8.061017


-3.000000	927983400
10

Y 0.000000 0.000000 0.000000
Y 2.687006 2.687006 0.000000
D 5.374012 5.374012 0.000000
P 8.061017 5.374012 2.687006
E 8.061017 8.061017 0.000000
T 8.061017 5.374012 -2.687006
G 8.061017 2.687006 0.000000
T 10.748023 0.000000 0.000000
W 10.748023 2.687006 2.687006
Y 10.748023 0.000000 5.374012


-3.000000	381329910
10

Y 0.000000 0.000000 0.000000
Y 2.687006 2.687006 0.000000
D 0.000000 5.374012 0.000000
P 0.000000 2.687006 2.687006
E 0.000000 0.000000 5.374012
T 0.000000 2.687006 8.061017
G 0.000000 5.374012 5.374012
T -2.687006 8.061017 5.374012
W -2.687006 5.374012 2.687006
Y -2.687006 8.061017 0.000000


-3.000000	381329900
10

Y 0.000000 0.000000 0.000000
Y 2.687006 2.687006 0.000000
D 5.374012 5.374012 0.000000
P 5.374012 2.687006 2.687006
E 5.374012 0.000000 5.374012
T 5.374012 2.687006 8.061017
G 5.374012 5.374012 5.374012
T 2.687006 8.061017 5.374012
W 2.687006 5.374012 2.687006
Y 2.687006 8.061017 0.000000


-3.000000	927983340
10

Y 0.000000 0.000000 0.000000
Y 2.687006 2.687006 0.000000
D 5.374012 2.687006 2.687006
P 5.374012 5.374012 0.000000
E 5.374012 8.061017 -2.687006
T 5.374012 5.374012 -5.374012
G 5.374012 2.687006 -2.687006
T 8.061017 0.000000 -2.687006
W 8.061017 2.687006 0.000000
Y 8.061017 0.000000 2.687006


-3.000000	927983300
10

Y 0.000000 0.000000 0.000000
Y 2.687006 2.687006 0.000000
D 5.374012 5.374012 0.000000
P 5.374012 8.061017 -2.687006
E 5.374012 10.748023 -5.374012
T 5.374012 8.061017 -8.061017
G 5.374012 5.374012 -5.374012
T 8.061017 2.687006 -5.374012
W 8.061017 5.374012 -2.687006
Y 8.061017 2.687006 0.000000


-3.000000	381329940
10

Y 0.000000 0.000000 0.000000
Y 2.687006 2.687006 0.000000
D 5.374012 2.687006 2.687006
P 5.374012 0.000000 5.374012
E 5.374012 -2.687006 8.061017
T 5.374012 0.000000 10.748023
G 5.374012 2.687006 8.061017
T 2.687006 5.374012 8.061017
W 2.687006 2.687006 5.374012
Y 2.687006 5.374012 2.687006


-3.000000	9279833a0
10

Y 0.000000 0.000000 0.000000
Y 2.687006 2.687006 0.000000
D 0.000000 2.687006 -2.687006
P 0.000000 5.374012 -5.374012
E 0.000000 8.061017 -8.061017
T 0.000000 5.374012 -10.748023
G 0.000000 2.687006 -8.061017
T 2.687006 0.000000 -8.061017
W 2.687006 2.687006 -5.374012
Y 2.687006 0.000000 -2.687006


-3.000000	927983040
10

Y 0.000000 0.000000 0.000000
Y 2.687006 2.687006 0.000000
D 5.374012 2.687006 2.687006
P 8.061017 5.374012 2.687006
E 8.061017 8.061017 0.000000
T 8.061017 5.374012 -2.687006
G 8.061017 2.687006 0.000000
T 10.748023 0.000000 0.000000
W 10.748023 2.687006 2.687006
Y 10.748023 0.000000 5.374012


-3.000000	3813296a0
10

Y 0.000000 0.000000 0.000000
Y 2.687006 2.687006 0.000000
D 0.000000 2.687006 -2.687006
P -2.687006 0.000000 -2.687006
E -2.687006 -2.687006 0.000000
T -2.687006 0.000000 2.687006
G -2.687006 2.687006 0.000000
T -5.374012 5.374012 0.000000
W -5.374012 2.687006 -2.687006
Y -5.374012 5.374012 -5.374012


-3.000000	927983010
10

Y 0.000000 0.000000 0.000000
Y 2.687006 2.687006 0.000000
D 0.000000 5.374012 0.000000
P 2.687006 8.061017 0.000000
E 2.687006 10.748023 -2.687006
T 2.687006 8.061017 -5.374012
G 2.687006 5.374012 -2.687006
T 5.374012 2.687006 -2.687006
W 5.374012 5.374012 0.000000
Y 5.374012 2.687006 2.687006


-3.000000	927983000
10

Y 0.000000 0.000000 0.000000
Y 2.687006 2.687006 0.000000
D 5.374012 5.374012 0.000000
P 8.061017 8.061017 0.000000
E 8.061017 10.748023 -2.687006
T 8.061017 8.061017 -5.374012
G 8.061017 5.374012 -2.687006
T 10.748023 2.687006 -2.687006
W 10.748023 5.374012 0.000000
Y 10.748023 2.687006 2.687006


-3.000000	381329640
10

Y 0.000000 0.000000 0.000000
Y 2.687006 2.687006 0.000000
D 5.374012 2.687006 2.687006
P 2.687006 0.000000 2.687006
E 2.687006 -2.687006 5.374012
T 2.687006 0.000000 8.061017
G 2.687006 2.687006 5.374012
T 0.000000 5.374012 5.374012
W 0.000000 2.687006 2.687006
Y 0.000000 5.374012 0.000000


-3.000000	9279830a0
10

Y 0.000000 0.000000 0.000000
Y 2.687006 2.687006 0.000000
D 0.000000 2.687006 -2.687006
P 2.687006 5.374012 -2.687006
E 2.687006 8.061017 -5.374012
T 2.687006 5.374012 -8.061017
G 2.687006 2.687006 -5.374012
T 5.374012 0.000000 -5.374012
W 5.374012 2.687006 -2.687006
Y 5.374012 0.000000 0.000000


-3.000000	381329610
10

Y 0.000000 0.000000 0.000000
Y 2.687006 2.687006 0.000000
D 0.000000 5.374012 0.000000
P -2.687006 2.687006 0.000000
E -2.687006 0.000000 2.687006
T -2.687006 2.687006 5.374012
G -2.687006 5.374012 2.687006
T -5.374012 8.061017 2.687006
W -5.374012 5.374012 0.000000
Y -5.374012 8.061017 -2.687006


-3.000000	381329540
10

Y 0.000000 0.000000 0.000000
Y 2.687006 2.687006 0.000000
D 5.374012 2.687006 2.687006
P 8.061017 2.687006 0.000000
E 8.061017 0.000000 2.687006
T 8.061017 2.687006 5.374012
G 8.061017 5.374012 2.687006
T 5.374012 8.061017 2.687006
W 5.374012 5.374012 0.000000
Y 5.374012 8.061017 -2.687006


-3.000000	381329500
10

Y 0.000000 0.000000 0.000000
Y 2.687006 2.687006 0.000000
D 5.374012 5.374012 0.000000
P 8.061017 5.374012 -2.687006
E 8.061017 2.687006 0.000000
T 8.061017 5.374012 2.687006
G 8.061017 8.061017 0.000000
T 5.374012 10.748023 0.000000
W 5.374012 8.061017 -2.687006
Y 5.374012 10.748023 -5.374012


-3.000000	927983a00
10

Y 0.000000 0.000000 0.000000
Y 2.687006 2.687006 0.000000
D 5.374012 5.374012 0.000000
P 2.687006 5.374012 -2.687006
E 2.687006 8.061017 -5.374012
T 2.687006 5.374012 -8.061017
G 2.687006 2.687006 -5.374012
T 5.374012 0.000000 -5.374012
W 5.374012 2.687006 -2.687006
Y 5.374012 0.000000 0.000000


-3.000000	381329440
10

Y 0.000000 0.000000 0.000000
Y 2.687006 2.687006 0.000000
D 5.374012 2.687006 2.687006
P 8.061017 2.687006 5.374012
E 8.061017 0.000000 8.061017
T 8.061017 2.687006 10.748023
G 8.061017 5.374012 8.061017
T 5.374012 8.061017 8.061017
W 5.374012 5.374012 5.374012
Y 5.374012 8.061017 2.687006


-3.000000	927983aa0
10

Y 0.000000 0.000000 0.000000
Y 2.687006 2.687006 0.000000
D 0.000000 2.687006 -2.687006
P -2.687006 2.687006 -5.374012
E -2.687006 5.374012 -8.061017
T -2.687006 2.687006 -10.748023
G -2.687006 0.000000 -8.061017
T 0.000000 -2.687006 -8.061017
W 0.000000 0.000000 -5.374012
Y 0.000000 -2.687006 -2.687006


-3.000000	381329410
10

Y 0.000000 0.000000 0.000000
Y 2.687006 2.687006 0.000000
D 0.000000 5.374012 0.000000
P 2.687006 5.374012 2.687006
E 2.687006 2.687006 5.374012
T 2.687006 5.374012 8.061017
G 2.687006 8.061017 5.374012
T 0.000000 10.748023 5.374012
W 0.000000 8.061017 2.687006
Y 0.000000 10.748023 0.000000


-3.000000	381329400
10

Y 0.000000 0.000000 0.000000
Y 2.687006 2.687006 0.000000
D 5.374012 5.374012 0.000000
P 8.061017 5.374012 2.687006
E 8.061017 2.687006 5.374012
T 8.061017 5.374012 8.061017
G 8.061017 8.061017 5.374012
T 5.374012 10.748023 5.374012
W 5.374012 8.061017 2.687006
Y 5.374012 10.748023 0.000000


-3.000000	927963800
10

Y 0.000000 0.000000 0.000000
Y 2.687006 2.687006 0.000000
D 5.374012 5.374012 0.000000
P 5.374012 2.687006 -2.687006
E 5.374012 5.374012 -5.374012
T 2.687006 2.687006 -5.374012
G 2.687006 0.000000 -2.687006
T 5.374012 -2.687006 -2.687006
W 5.374012 0.000000 0.000000
Y 5.374012 -2.687006 2.687006


-3.000000	381309240
10

Y 0.000000 0.000000 0.000000
Y 2.687006 2.687006 0.000000
D 5.374012 2.687006 2.687006
P 5.374012 5.374012 5.374012
E 5.374012 2.687006 8.061017
T 8.061017 5.374012 8.061017
G 8.061017 8.061017 5.374012
T 5.374012 10.748023 5.374012
W 5.374012 8.061017 2.687006
Y 5.374012 10.748023 0.000000


-3.000000	9279638a0
10

Y 0.000000 0.000000 0.000000
Y 2.687006 2.687006 0.000000
D 0.000000 2.687006 -2.687006
P 0.000000 0.000000 -5.374012
E 0.000000 2.687006 -8.061017
T -2.687006 0.000000 -8.061017
G -2.687006 -2.687006 -5.374012
T 0.000000 -5.374012 -5.374012
W 0.000000 -2.687006 -2.687006
Y 0.000000 -5.374012 0.000000


-3.000000	381309210
10

Y 0.000000 0.000000 0.000000
Y 2.687006 2.687006 0.000000
D 0.000000 5.374012 0.000000
P 0.000000 8.061017 2.687006
E 0.000000 5.374012 5.374012
T 2.687006 8.061017 5.374012
G 2.687006 10.748023 2.687006
T 0.000000 13.435029 2.687006
W 0.000000 10.748023 0.000000
Y 0.000000 13.435029 -2.687006


-3.000000	381309200
10

Y 0.000000 0.000000 0.000000
Y 2.687006 2.687006 0.000000
D 5.374012 5.374012 0.000000
P 5.374012 8.061017 2.687006
E 5.374012 5.374012 5.374012
T 8.061017 8.061017 5.374012
G 8.061017 10.748023 2.687006
T 5.374012 13.435029 2.687006
W 5.374012 10.748023 0.000000
Y 5.374012 13.435029 -2.687006


-3.000000	927963840
10

Y 0.000000 0.000000 0.000000
Y 2.687006 2.687006 0.000000
D 5.374012 2.687006 2.687006
P 5.374012 0.000000 0.000000
E 5.374012 2.687006 -2.687006
T 2.687006 0.000000 -2.687006
G 2.687006 -2.687006 0.000000
T 5.374012 -5.374012 0.000000
W 5.374012 -2.687006 2.687006
Y 5.374012 -5.374012 5.374012


-3.000000	3813092a0
10

Y 0.000000 0.000000 0.000000
Y 2.687006 2.687006 0.000000
D 0.000000 2.687006 -2.687006
P 0.000000 5.374012 0.000000
E 0.000000 2.687006 2.687006
T 2.687006 5.374012 2.687006
G 2.687006 8.061017 0.000000
T 0.000000 10.748023 0.000000
W 0.000000 8.061017 -2.687006
Y 0.000000 10.748023 -5.374012


-3.000000	927963700
10

Y 0.000000 0.000000 0.000000
Y 2.687006 2.687006 0.000000
D 5.374012 5.374012 0.000000
P 8.061017 2.687006 0.000000
E 8.061017 5.374012 -2.687006
T 5.374012 2.687006 -2.687006
G 5.374012 0.000000 0.000000
T 8.061017 -2.687006 0.000000
W 8.061017 0.000000 2.687006
Y 8.061017 -2.687006 5.374012


-3.000000	381309140
10

Y 0.000000 0.000000 0.000000
Y 2.687006 2.687006 0.000000
D 5.374012 2.687006 2.687006
P 2.687006 5.374012 2.687006
E 2.687006 2.687006 5.374012
T 5.374012 5.374012 5.374012
G 5.374012 8.061017 2.687006
T 2.687006 10.748023 2.687006
W 2.687006 8.061017 0.000000
Y 2.687006 10.748023 -2.687006


-3.000000	9279637a0
10

Y 0.000000 0.000000 0.000000
Y 2.687006 2.687006 0.000000
D 0.000000 2.687006 -2.687006
P 2.687006 0.000000 -2.687006
E 2.687006 2.687006 -5.374012
T 0.000000 0.000000 -5.374012
G 0.000000 -2.687006 -2.687006
T 2.687006 -5.374012 -2.687006
W 2.687006 -2.687006 0.000000
Y 2.687006 -5.374012 2.687006


-3.000000	381309110
10

Y 0.000000 0.000000 0.000000
Y 2.687006 2.687006 0.000000
D 0.000000 5.374012 0.000000
P -2.687006 8.061017 0.000000
E -2.687006 5.374012 2.687006
T 0.000000 8.061017 2.687006
G 0.000000 10.748023 0.000000
T -2.687006 13.435029 0.000000
W -2.687006 10.748023 -2.687006
Y -2.687006 13.435029 -5.374012


-3.000000	381309100
10

Y 0.000000 0.000000 0.000000
Y 2.687006 2.687006 0.000000
D 5.374012 5.374012 0.000000
P 2.687006 8.061017 0.000000
E 2.687006 5.374012 2.687006
T 5.374012 8.061017 2.687006
G 5.374012 10.748023 0.000000
T 2.687006 13.435029 0.000000
W 2.687006 10.748023 -2.687006
Y 2.687006 13.435029 -5.374012


-3.000000	927963740
10

Y 0.000000 0.000000 0.000000
Y 2.687006 2.687006 0.000000
D 5.374012 2.687006 2.687006
P 8.061017 0.000000 2.687006
E 8.061017 2.687006 0.000000
T 5.374012 0.000000 0.000000
G 5.374012 -2.687006 2.687006
T 8.061017 -5.374012 2.687006
W 8.061017 -2.687006 5.374012
Y 8.061017 -5.374012 8.061017


-3.000000	3813091a0
10

Y 0.000000 0.000000 0.000000
Y 2.687006 2.687006 0.000000
D 0.000000 2.687006 -2.687006
P -2.687006 5.374012 -2.687006
E -2.687006 2.687006 0.000000
T 0.000000 5.374012 0.000000
G 0.000000 8.061017 -2.687006
T -2.687006 10.748023 -2.687006
W -2.687006 8.061017 -5.374012
Y -2.687006 10.748023 -8.061017


-3.000000	381309040
10

Y 0.000000 0.000000 0.000000
Y 2.687006 2.687006 0.000000
D 5.374012 2.687006 2.687006
P 8.061017 5.374012 2.687006
E 8.061017 2.687006 5.374012
T 10.748023 5.374012 5.374012
G 10.748023 8.061017 2.687006
T 8.061017 10.748023 2.687006
W 8.061017 8.061017 0.000000
Y 8.061017 10.748023 -2.687006


-3.000000	9279636a0
10

Y 0.000000 0.000000 0.000000
Y 2.687006 2.687006 0.000000
D 0.000000 2.687006 -2.687006
P -2.687006 0.000000 -2.687006
E -2.687006 2.687006 -5.374012
T -5.374012 0.000000 -5.374012
G -5.374012 -2.687006 -2.687006
T -2.687006 -5.374012 -2.687006
W -2.687006 -2.687006 0.000000
Y -2.687006 -5.374012 2.687006


-3.000000	381309010
10

Y 0.000000 0.000000 0.000000
Y 2.687006 2.687006 0.000000
D 0.000000 5.374012 0.000000
P 2.687006 8.061017 0.000000
E 2.687006 5.374012 2.687006
T 5.374012 8.061017 2.687006
G 5.374012 10.748023 0.000000
T 2.687006 13.435029 0.000000
W 2.687006 10.748023 -2.687006
Y 2.687006 13.435029 -5.374012


-3.000000	381309000
10

Y 0.000000 0.000000 0.000000
Y 2.687006 2.687006 0.000000
D 5.374012 5.374012 0.000000
P 8.061017 8.061017 0.000000
E 8.061017 5.374012 2.687006
T 10.748023 8.061017 2.687006
G 10.748023 10.748023 0.000000
T 8.061017 13.435029 0.000000
W 8.061017 10.748023 -2.687006
Y 8.061017 13.435029 -5.374012


-3.000000	927963610
10

Y 0.000000 0.000000 0.000000
Y 2.687006 2.687006 0.000000
D 0.000000 5.374012 0.000000
P -2.687006 2.687006 0.000000
E -2.687006 5.374012 -2.687006
T -5.374012 2.687006 -2.687006
G -5.374012 0.000000 0.000000
T -2.687006 -2.687006 0.000000
W -2.687006 0.000000 2.687006
Y -2.687006 -2.687006 5.374012


-3.000000	381309b40
10

Y 0.000000 0.000000 0.000000
Y 2.687006 2.687006 0.000000
D 5.374012 2.687006 2.687006
P 2.687006 2.687006 5.374012
E 2.687006 0.000000 8.061017
T 5.374012 2.687006 8.061017
G 5.374012 5.374012 5.374012
T 2.687006 8.061017 5.374012
W 2.687006 5.374012 2.687006
Y 2.687006 8.061017 0.000000


-3.000000	9279635a0
10

Y 0.000000 0.000000 0.000000
Y 2.687006 2.687006 0.000000
D 0.000000 2.687006 -2.687006
P 2.687006 2.687006 -5.374012
E 2.687006 5.374012 -8.061017
T 0.000000 2.687006 -8.061017
G 0.000000 0.000000 -5.374012
T 2.687006 -2.687006 -5.374012
W 2.687006 0.000000 -2.687006
Y 2.687006 -2.687006 0.000000


-3.000000	381309b10
10

Y 0.000000 0.000000 0.000000
Y 2.687006 2.687006 0.000000
D 0.000000 5.374012 0.000000
P -2.687006 5.374012 2.687006
E -2.687006 2.687006 5.374012
T 0.000000 5.374012 5.374012
G 0.000000 8.061017 2.687006
T -2.687006 10.748023 2.687006
W -2.687006 8.061017 0.000000
Y -2.687006 10.748023 -2.687006


-3.000000	381309b00
10

Y 0.000000 0.000000 0.000000
Y 2.687006 2.687006 0.000000
D 5.374012 5.374012 0.000000
P 2.687006 5.374012 2.687006
E 2.687006 2.687006 5.374012
T 5.374012 5.374012 5.374012
G 5.374012 8.061017 2.687006
T 2.687006 10.748023 2.687006
W 2.687006 8.061017 0.000000
Y 2.687006 10.748023 -2.687006


-3.000000	927963540
10

Y 0.000000 0.000000 0.000000
Y 2.687006 2.687006 0.000000
D 5.374012 2.687006 2.687006
P 8.061017 2.687006 0.000000
E 8.061017 5.374012 -2.687006
T 5.374012 2.687006 -2.687006
G 5.374012 0.000000 0.000000
T 8.061017 -2.687006 0.000000
W 8.061017 0.000000 2.687006
Y 8.061017 -2.687006 5.374012


-3.000000	381309ba0
10

Y 0.000000 0.000000 0.000000
Y 2.687006 2.687006 0.000000
D 0.000000 2.687006 -2.687006
P -2.687006 2.687006 0.000000
E -2.687006 0.000000 2.687006
T 0.000000 2.687006 2.687006
G 0.000000 5.374012 0.000000
T -2.687006 8.061017 0.000000
W -2.687006 5.374012 -2.687006
Y -2.687006 8.061017 -5.374012


-3.000000	927963500
10

Y 0.000000 0.000000 0.000000
Y 2.687006 2.687006 0.000000
D 5.374012 5.374012 0.000000
P 8.061017 5.374012 -2.687006
E 8.061017 8.061017 -5.374012
T 5.374012 5.374012 -5.374012
G 5.374012 2.687006 -2.687006
T 8.061017 0.000000 -2.687006
W 8.061017 2.687006 0.000000
Y 8.061017 0.000000 2.687006


-3.000000	381309800
10

Y 0.000000 0.000000 0.000000
Y 2.687006 2.687006 0.000000
D 5.374012 5.374012 0.000000
P 5.374012 2.687006 -2.687006
E 5.374012 0.000000 0.000000
T 8.061017 2.687006 0.000000
G 8.061017 5.374012 -2.687006
T 5.374012 8.061017 -2.687006
W 5.374012 5.374012 -5.374012
Y 5.374012 8.061017 -8.061017


-3.000000	927963240
10

Y 0.000000 0.000000 0.000000
Y 2.687006 2.687006 0.000000
D 5.374012 2.687006 2.687006
P 5.374012 5.374012 5.374012
E 5.374012 8.061017 2.687006
T 2.687006 5.374012 2.687006
G 2.687006 2.687006 5.374012
T 5.374012 0.000000 5.374012
W 5.374012 2.687006 8.061017
Y 5.374012 0.000000 10.748023


-3.000000	3813098a0
10

Y 0.000000 0.000000 0.000000
Y 2.687006 2.687006 0.000000
D 0.000000 2.687006 -2.687006
P 0.000000 0.000000 -5.374012
E 0.000000 -2.687006 -2.687006
T 2.687006 0.000000 -2.687006
G 2.687006 2.687006 -5.374012
T 0.000000 5.374012 -5.374012
W 0.000000 2.687006 -8.061017
Y 0.000000 5.374012 -10.748023


-3.000000	927963210
10

Y 0.000000 0.000000 0.000000
Y 2.687006 2.687006 0.000000
D 0.000000 5.374012 0.000000
P 0.000000 8.061017 2.687006
E 0.000000 10.748023 0.000000
T -2.687006 8.061017 0.000000
G -2.687006 5.374012 2.687006
T 0.000000 2.687006 2.687006
W 0.000000 5.374012 5.374012
Y 0.000000 2.687006 8.061017


-3.000000	927963200
10

Y 0.000000 0.000000 0.000000
Y 2.687006 2.687006 0.000000
D 5.374012 5.374012 0.000000
P 5.374012 8.061017 2.687006
E 5.374012 10.748023 0.000000
T 2.687006 8.061017 0.000000
G 2.687006 5.374012 2.687006
T 5.374012 2.687006 2.687006
W 5.374012 5.374012 5.374012
Y 5.374012 2.687006 8.061017


-3.000000	381309840
10

Y 0.000000 0.000000 0.000000
Y 2.687006 2.687006 0.000000
D 5.374012 2.687006 2.687006
P 5.374012 0.000000 0.000000
E 5.374012 -2.687006 2.687006
T 8.061017 0.000000 2.687006
G 8.061017 2.687006 0.000000
T 5.374012 5.374012 0.000000
W 5.374012 2.687006 -2.687006
Y 5.374012 5.374012 -5.374012


-3.000000	381309700
10

Y 0.000000 0.000000 0.000000
Y 2.687006 2.687006 0.000000
D 5.374012 5.374012 0.000000
P 8.061017 2.687006 0.000000
E 8.061017 0.000000 2.687006
T 10.748023 2.687006 2.687006
G 10.748023 5.374012 0.000000
T 8.061017 8.061017 0.000000
W 8.061017 5.374012 -2.687006
Y 8.061017 8.061017 -5.374012


-3.000000	927963140
10

Y 0.000000 0.000000 0.000000
Y 2.687006 2.687006 0.000000
D 5.374012 2.687006 2.687006
P 2.687006 5.374012 2.687006
E 2.687006 8.061017 0.000000
T 0.000000 5.374012 0.000000
G 0.000000 2.687006 2.687006
T 2.687006 0.000000 2.687006
W 2.687006 2.687006 5.374012
Y 2.687006 0.000000 8.061017


-3.000000	3813097a0
10

Y 0.000000 0.000000 0.000000
Y 2.687006 2.687006 0.000000
D 0.000000 2.687006 -2.687006
P 2.687006 0.000000 -2.687006
E 2.687006 -2.687006 0.000000
T 5.374012 0.000000 0.000000
G 5.374012 2.687006 -2.687006
T 2.687006 5.374012 -2.687006
W 2.687006 2.687006 -5.374012
Y 2.687006 5.374012 -8.061017


-3.000000	927963110
10

Y 0.000000 0.000000 0.000000
Y 2.687006 2.687006 0.000000
D 0.000000 5.374012 0.000000
P -2.687006 8.061017 0.000000
E -2.687006 10.748023 -2.687006
T -5.374012 8.061017 -2.687006
G -5.374012 5.374012 0.000000
T -2.687006 2.687006 0.000000
W -2.687006 5.374012 2.687006
Y -2.687006 2.687006 5.374012


-3.000000	381309740
10

Y 0.000000 0.000000 0.000000
Y 2.687006 2.687006 0.000000
D 5.374012 2.687006 2.687006
P 8.061017 0.000000 2.687006
E 8.061017 -2.687006 5.374012
T 10.748023 0.000000 5.374012
G 10.748023 2.687006 2.687006
T 8.061017 5.374012 2.687006
W 8.061017 2.687006 0.000000
Y 8.061017 5.374012 -2.687006


-3.000000	9279631a0
10

Y 0.000000 0.000000 0.000000
Y 2.687006 2.687006 0.000000
D 0.000000 2.687006 -2.687006
P -2.687006 5.374012 -2.687006
E -2.687006 8.061017 -5.374012
T -5.374012 5.374012 -5.374012
G -5.374012 2.687006 -2.687006
T -2.687006 0.000000 -2.687006
W -2.687006 2.687006 0.000000
Y -2.687006 0.000000 2.687006


-3.000000	927963b40
10

Y 0.000000 0.000000 0.000000
Y 2.687006 2.687006 0.000000
D 5.374012 2.687006 2.687006
P 2.687006 2.687006 5.374012
E 2.687006 5.374012 2.687006
T 0.000000 2.687006 2.687006
G 0.000000 0.000000 5.374012
T 2.687006 -2.687006 5.374012
W 2.687006 0.000000 8.061017
Y 2.687006 -2.687006 10.748023


-3.000000	3813095a0
10

Y 0.000000 0.000000 0.000000
Y 2.687006 2.687006 0.000000
D 0.000000 2.687006 -2.687006
P 2.687006 2.687006 -5.374012
E 2.687006 0.000000 -2.687006
T 5.374012 2.687006 -2.687006
G 5.374012 5.374012 -5.374012
T 2.687006 8.061017 -5.374012
W 2.687006 5.374012 -8.061017
Y 2.687006 8.061017 -10.748023


-3.000000	927963b10
10

Y 0.000000 0.000000 0.000000
Y 2.687006 2.687006 0.000000
D 0.000000 5.374012 0.000000
P -2.687006 5.374012 2.687006
E -2.687006 8.061017 0.000000
T -5.374012 5.374012 0.000000
G -5.374012 2.687006 2.687006
T -2.687006 0.000000 2.687006
W -2.687006 2.687006 5.374012
Y -2.687006 0.000000 8.061017


-3.000000	927963b00
10

Y 0.000000 0.000000 0.000000
Y 2.687006 2.687006 0.000000
D 5.374012 5.374012 0.000000
P 2.687006 5.374012 2.687006
E 2.687006 8.061017 0.000000
T 0.000000 5.374012 0.000000
G 0.000000 2.687006 2.687006
T 2.687006 0.000000 2.687006
W 2.687006 2.687006 5.374012
Y 2.687006 0.000000 8.061017


-3.000000	381309540
10

Y 0.000000 0.000000 0.000000
Y 2.687006 2.687006 0.000000
D 5.374012 2.687006 2.687006
P 8.061017 2.687006 0.000000
E 8.061017 0.000000 2.687006
T 10.748023 2.687006 2.687006
G 10.748023 5.374012 0.000000
T 8.061017 8.061017 0.000000
W 8.061017 5.374012 -2.687006
Y 8.061017 8.061017 -5.374012


-3.000000	927963ba0
10

Y 0.000000 0.000000 0.000000
Y 2.687006 2.687006 0.000000
D 0.000000 2.687006 -2.687006
P -2.687006 2.687006 0.000000
E -2.687006 5.374012 -2.687006
T -5.374012 2.687006 -2.687006
G -5.374012 0.000000 0.000000
T -2.687006 -2.687006 0.000000
W -2.687006 0.000000 2.687006
Y -2.687006 -2.687006 5.374012


-3.000000	381309500
10

Y 0.000000 0.000000 0.000000
Y 2.687006 2.687006 0.000000
D 5.374012 5.374012 0.000000
P 8.061017 5.374012 -2.687006
E 8.061017 2.687006 0.000000
T 10.748023 5.374012 0.000000
G 10.748023 8.061017 -2.687006
T 8.061017 10.748023 -2.687006
W 8.061017 8.061017 -5.374012
Y 8.061017 10.748023 -8.061017


-3.000000	927963a10
10

Y 0.000000 0.000000 0.000000
Y 2.687006 2.687006 0.000000
D 0.000000 5.374012 0.000000
P -2.687006 5.374012 -2.687006
E -2.687006 8.061017 -5.374012
T -5.374012 5.374012 -5.374012
G -5.374012 2.687006 -2.687006
T -2.687006 0.000000 -2.687006
W -2.687006 2.687006 0.000000
Y -2.687006 0.000000 2.687006


-3.000000	381309440
10

Y 0.000000 0.000000 0.000000
Y 2.687006 2.687006 0.000000
D 5.374012 2.687006 2.687006
P 8.061017 2.687006 5.374012
E 8.061017 0.000000 8.061017
T 10.748023 2.687006 8.061017
G 10.748023 5.374012 5.374012
T 8.061017 8.061017 5.374012
W 8.061017 5.374012 2.687006
Y 8.061017 8.061017 0.000000


-3.000000	927963aa0
10

Y 0.000000 0.000000 0.000000
Y 2.687006 2.687006 0.000000
D 0.000000 2.687006 -2.687006
P -2.687006 2.687006 -5.374012
E -2.687006 5.374012 -8.061017
T -5.374012 2.687006 -8.061017
G -5.374012 0.000000 -5.374012
T -2.687006 -2.687006 -5.374012
W -2.687006 0.000000 -2.687006
Y -2.687006 -2.687006 0.000000


-3.000000	381309410
10

Y 0.000000 0.000000 0.000000
Y 2.687006 2.687006 0.000000
D 0.000000 5.374012 0.000000
P 2.687006 5.374012 2.687006
E 2.687006 2.687006 5.374012
T 5.374012 5.374012 5.374012
G 5.374012 8.061017 2.687006
T 2.687006 10.748023 2.687006
W 2.687006 8.061017 0.000000
Y 2.687006 10.748023 -2.687006


-3.000000	381309400
10

Y 0.000000 0.000000 0.000000
Y 2.687006 2.687006 0.000000
D 5.374012 5.374012 0.000000
P 8.061017 5.374012 2.687006
E 8.061017 2.687006 5.374012
T 10.748023 5.374012 5.374012
G 10.748023 8.061017 2.687006
T 8.061017 10.748023 2.687006
W 8.061017 8.061017 0.000000
Y 8.061017 10.748023 -2.687006


-3.000000	3813b4910
10

Y 0.000000 0.000000 0.000000
Y 2.687006 2.687006 0.000000
D 0.000000 5.374012 0.000000
P 0.000000 2.687006 2.687006
E 2.687006 2.687006 5.374012
T 0.000000 2.687006 8.061017
G 0.000000 5.374012 5.374012
T -2.687006 8.061017 5.374012
W -2.687006 5.374012 2.687006
Y -2.687006 8.061017 0.000000


-3.000000	3813b4900
10

Y 0.000000 0.000000 0.000000
Y 2.687006 2.687006 0.000000
D 5.374012 5.374012 0.000000
P 5.374012 2.687006 2.687006
E 8.061017 2.687006 5.374012
T 5.374012 2.687006 8.061017
G 5.374012 5.374012 5.374012
T 2.687006 8.061017 5.374012
W 2.687006 5.374012 2.687006
Y 2.687006 8.061017 0.000000


-3.000000	92795a340
10

Y 0.000000 0.000000 0.000000
Y 2.687006 2.687006 0.000000
D 5.374012 2.687006 2.687006
P 5.374012 5.374012 0.000000
E 2.687006 5.374012 -2.687006
T 5.374012 5.374012 -5.374012
G 5.374012 2.687006 -2.687006
T 8.061017 0.000000 -2.687006
W 8.061017 2.687006 0.000000
Y 8.061017 0.000000 2.687006


-3.000000	92795a300
10

Y 0.000000 0.000000 0.000000
Y 2.687006 2.687006 0.000000
D 5.374012 5.374012 0.000000
P 5.374012 8.061017 -2.687006
E 2.687006 8.061017 -5.374012
T 5.374012 8.061017 -8.061017
G 5.374012 5.374012 -5.374012
T 8.061017 2.687006 -5.374012
W 8.061017 5.374012 -2.687006
Y 8.061017 2.687006 0.000000


-3.000000	3813b4940
10

Y 0.000000 0.000000 0.000000
Y 2.687006 2.687006 0.000000
D 5.374012 2.687006 2.687006
P 5.374012 0.000000 5.374012
E 8.061017 0.000000 8.061017
T 5.374012 0.000000 10.748023
G 5.374012 2.687006 8.061017
T 2.687006 5.374012 8.061017
W 2.687006 2.687006 5.374012
Y 2.687006 5.374012 2.687006


-3.000000	92795a3a0
10

Y 0.000000 0.000000 0.000000
Y 2.687006 2.687006 0.000000
D 0.000000 2.687006 -2.687006
P 0.000000 5.374012 -5.374012
E -2.687006 5.374012 -8.061017
T 0.000000 5.374012 -10.748023
G 0.000000 2.687006 -8.061017
T 2.687006 0.000000 -8.061017
W 2.687006 2.687006 -5.374012
Y 2.687006 0.000000 -2.687006


-3.000000	92795a040
10

Y 0.000000 0.000000 0.000000
Y 2.687006 2.687006 0.000000
D 5.374012 2.687006 2.687006
P 8.061017 5.374012 2.687006
E 5.374012 5.374012 0.000000
T 8.061017 5.374012 -2.687006
G 8.061017 2.687006 0.000000
T 10.748023 0.000000 0.000000
W 10.748023 2.687006 2.687006
Y 10.748023 0.000000 5.374012


-3.000000	92795a010
10

Y 0.000000 0.000000 0.000000
Y 2.687006 2.687006 0.000000
D 0.000000 5.374012 0.000000
P 2.687006 8.061017 0.000000
E 0.000000 8.061017 -2.687006
T 2.687006 8.061017 -5.374012
G 2.687006 5.374012 -2.687006
T 5.374012 2.687006 -2.687006
W 5.374012 5.374012 0.000000
Y 5.374012 2.687006 2.687006


-3.000000	92795a000
10

Y 0.000000 0.000000 0.000000
Y 2.687006 2.687006 0.000000
D 5.374012 5.374012 0.000000
P 8.061017 8.061017 0.000000
E 5.374012 8.061017 -2.687006
T 8.061017 8.061017 -5.374012
G 8.061017 5.374012 -2.687006
T 10.748023 2.687006 -2.687006
W 10.748023 5.374012 0.000000
Y 10.748023 2.687006 2.687006


-3.000000	3813b4640
10

Y 0.000000 0.000000 0.000000
Y 2.687006 2.687006 0.000000
D 5.374012 2.687006 2.687006
P 2.687006 0.000000 2.687006
E 5.374012 0.000000 5.374012
T 2.687006 0.000000 8.061017
G 2.687006 2.687006 5.374012
T 0.000000 5.374012 5.374012
W 0.000000 2.687006 2.687006
Y 0.000000 5.374012 0.000000


-3.000000	92795a0a0
10

Y 0.000000 0.000000 0.000000
Y 2.687006 2.687006 0.000000
D 0.000000 2.687006 -2.687006
P 2.687006 5.374012 -2.687006
E 0.000000 5.374012 -5.374012
T 2.687006 5.374012 -8.061017
G 2.687006 2.687006 -5.374012
T 5.374012 0.000000 -5.374012
W 5.374012 2.687006 -2.687006
Y 5.374012 0.000000 0.000000


-3.000000	3813b4610
10

Y 0.000000 0.000000 0.000000
Y 2.687006 2.687006 0.000000
D 0.000000 5.374012 0.000000
P -2.687006 2.687006 0.000000
E 0.000000 2.687006 2.687006
T -2.687006 2.687006 5.374012
G -2.687006 5.374012 2.687006
T -5.374012 8.061017 2.687006
W -5.374012 5.374012 0.000000
Y -5.374012 8.061017 -2.687006


-3.000000	3813b4540
10

Y 0.000000 0.000000 0.000000
Y 2.687006 2.687006 0.000000
D 5.374012 2.687006 2.687006
P 8.061017 2.687006 0.000000
E 10.748023 2.687006 2.687006
T 8.061017 2.687006 5.374012
G 8.061017 5.374012 2.687006
T 5.374012 8.061017 2.687006
W 5.374012 5.374012 0.000000
Y 5.374012 8.061017 -2.687006


-3.000000	3813b4510
10

Y 0.000000 0.000000 0.000000
Y 2.687006 2.687006 0.000000
D 0.000000 5.374012 0.000000
P 2.687006 5.374012 -2.687006
E 5.374012 5.374012 0.000000
T 2.687006 5.374012 2.687006
G 2.687006 8.061017 0.000000
T 0.000000 10.748023 0.000000
W 0.000000 8.061017 -2.687006
Y 0.000000 10.748023 -5.374012


-3.000000	3813b4500
10

Y 0.000000 0.000000 0.000000
Y 2.687006 2.687006 0.000000
D 5.374012 5.374012 0.000000
P 8.061017 5.374012 -2.687006
E 10.748023 5.374012 0.000000
T 8.061017 5.374012 2.687006
G 8.061017 8.061017 0.000000
T 5.374012 10.748023 0.000000
W 5.374012 8.061017 -2.687006
Y 5.374012 10.748023 -5.374012


-3.000000	92795aa00
10

Y 0.000000 0.000000 0.000000
Y 2.687006 2.687006 0.000000
D 5.374012 5.374012 0.000000
P 2.687006 5.374012 -2.687006
E 0.000000 5.374012 -5.374012
T 2.687006 5.374012 -8.061017
G 2.687006 2.687006 -5.374012
T 5.374012 0.000000 -5.374012
W 5.374012 2.687006 -2.687006
Y 5.374012 0.000000 0.000000


-3.000000	3813b4440
10

Y 0.000000 0.000000 0.000000
Y 2.687006 2.687006 0.000000
D 5.374012 2.687006 2.687006
P 8.061017 2.687006 5.374012
E 10.748023 2.687006 8.061017
T 8.061017 2.687006 10.748023
G 8.061017 5.374012 8.061017
T 5.374012 8.061017 8.061017
W 5.374012 5.374012 5.374012
Y 5.374012 8.061017 2.687006


-3.000000	92795aaa0
10

Y 0.000000 0.000000 0.000000
Y 2.687006 2.687006 0.000000
D 0.000000 2.687006 -2.687006
P -2.687006 2.687006 -5.374012
E -5.374012 2.687006 -8.061017
T -2.687006 2.687006 -10.748023
G -2.687006 0.000000 -8.061017
T 0.000000 -2.687006 -8.061017
W 0.000000 0.000000 -5.374012
Y 0.000000 -2.687006 -2.687006


-3.000000	3813b4410
10

Y 0.000000 0.000000 0.000000
Y 2.687006 2.687006 0.000000
D 0.000000 5.374012 0.000000
P 2.687006 5.374012 2.687006
E 5.374012 5.374012 5.374012
T 2.687006 5.374012 8.061017
G 2.687006 8.061017 5.374012
T 0.000000 10.748023 5.374012
W 0.000000 8.061017 2.687006
Y 0.000000 10.748023 0.000000


-3.000000	3813b4400
10

Y 0.000000 0.000000 0.000000
Y 2.687006 2.687006 0.000000
D 5.374012 5.374012 0.000000
P 8.061017 5.374012 2.687006
E 10.748023 5.374012 5.374012
T 8.061017 5.374012 8.061017
G 8.061017 8.061017 5.374012
T 5.374012 10.748023 5.374012
W 5.374012 8.061017 2.687006
Y 5.374012 10.748023 0.000000


-3.000000	3813b4340
10

Y 0.000000 0.000000 0.000000
Y 2.687006 2.687006 0.000000
D 5.374012 2.687006 2.687006
P 5.374012 5.374012 0.000000
E 8.061017 5.374012 2.687006
T 5.374012 5.374012 5.374012
G 5.374012 8.061017 2.687006
T 2.687006 10.748023 2.687006
W 2.687006 8.061017 0.000000
Y 2.687006 10.748023 -2.687006


-3.000000	3813b4310
10

Y 0.000000 0.000000 0.000000
Y 2.687006 2.687006 0.000000
D 0.000000 5.374012 0.000000
P 0.000000 8.061017 -2.687006
E 2.687006 8.061017 0.000000
T 0.000000 8.061017 2.687006
G 0.000000 10.748023 0.000000
T -2.687006 13.435029 0.000000
W -2.687006 10.748023 -2.687006
Y -2.687006 13.435029 -5.374012


-3.000000	3813b4300
10

Y 0.000000 0.000000 0.000000
Y 2.687006 2.687006 0.000000
D 5.374012 5.374012 0.000000
P 5.374012 8.061017 -2.687006
E 8.061017 8.061017 0.000000
T 5.374012 8.061017 2.687006
G 5.374012 10.748023 0.000000
T 2.687006 13.435029 0.000000
W 2.687006 10.748023 -2.687006
Y 2.687006 13.435029 -5.374012


-3.000000	92795a940
10

Y 0.000000 0.000000 0.000000
Y 2.687006 2.687006 0.000000
D 5.374012 2.687006 2.687006
P 5.374012 0.000000 5.374012
E 2.687006 0.000000 2.687006
T 5.374012 0.000000 0.000000
G 5.374012 -2.687006 2.687006
T 8.061017 -5.374012 2.687006
W 8.061017 -2.687006 5.374012
Y 8.061017 -5.374012 8.061017


-3.000000	3813b43a0
10

Y 0.000000 0.000000 0.000000
Y 2.687006 2.687006 0.000000
D 0.000000 2.687006 -2.687006
P 0.000000 5.374012 -5.374012
E 2.687006 5.374012 -2.687006
T 0.000000 5.374012 0.000000
G 0.000000 8.061017 -2.687006
T -2.687006 10.748023 -2.687006
W -2.687006 8.061017 -5.374012
Y -2.687006 10.748023 -8.061017


-3.000000	92795a810
10

Y 0.000000 0.000000 0.000000
Y 2.687006 2.687006 0.000000
D 0.000000 5.374012 0.000000
P 0.000000 2.687006 -2.687006
E -2.687006 2.687006 -5.374012
T 0.000000 2.687006 -8.061017
G 0.000000 0.000000 -5.374012
T 2.687006 -2.687006 -5.374012
W 2.687006 0.000000 -2.687006
Y 2.687006 -2.687006 0.000000


-3.000000	92795a800
10

Y 0.000000 0.000000 0.000000
Y 2.687006 2.687006 0.000000
D 5.374012 5.374012 0.000000
P 5.374012 2.687006 -2.687006
E 2.687006 2.687006 -5.374012
T 5.374012 2.687006 -8.061017
G 5.374012 0.000000 -5.374012
T 8.061017 -2.687006 -5.374012
W 8.061017 0.000000 -2.687006
Y 8.061017 -2.687006 0.000000


-3.000000	3813b4240
10

Y 0.000000 0.000000 0.000000
Y 2.687006 2.687006 0.000000
D 5.374012 2.687006 2.687006
P 5.374012 5.374012 5.374012
E 8.061017 5.374012 8.061017
T 5.374012 5.374012 10.748023
G 5.374012 8.061017 8.061017
T 2.687006 10.748023 8.061017
W 2.687006 8.061017 5.374012
Y 2.687006 10.748023 2.687006


-3.000000	92795a8a0
10

Y 0.000000 0.000000 0.000000
Y 2.687006 2.687006 0.000000
D 0.000000 2.687006 -2.687006
P 0.000000 0.000000 -5.374012
E -2.687006 0.000000 -8.061017
T 0.000000 0.000000 -10.748023
G 0.000000 -2.687006 -8.061017
T 2.687006 -5.374012 -8.061017
W 2.687006 -2.687006 -5.374012
Y 2.687006 -5.374012 -2.687006


-3.000000	3813b4210
10

Y 0.000000 0.000000 0.000000
Y 2.687006 2.687006 0.000000
D 0.000000 5.374012 0.000000
P 0.000000 8.061017 2.687006
E 2.687006 8.061017 5.374012
T 0.000000 8.061017 8.061017
G 0.000000 10.748023 5.374012
T -2.687006 13.435029 5.374012
W -2.687006 10.748023 2.687006
Y -2.687006 13.435029 0.000000


-3.000000	3813b4200
10

Y 0.000000 0.000000 0.000000
Y 2.687006 2.687006 0.000000
D 5.374012 5.374012 0.000000
P 5.374012 8.061017 2.687006
E 8.061017 8.061017 5.374012
T 5.374012 8.061017 8.061017
G 5.374012 10.748023 5.374012
T 2.687006 13.435029 5.374012
W 2.687006 10.748023 2.687006
Y 2.687006 13.435029 0.000000


-3.000000	92795a840
10

Y 0.000000 0.000000 0.000000
Y 2.687006 2.687006 0.000000
D 5.374012 2.687006 2.687006
P 5.374012 0.000000 0.000000
E 2.687006 0.000000 -2.687006
T 5.374012 0.000000 -5.374012
G 5.374012 -2.687006 -2.687006
T 8.061017 -5.374012 -2.687006
W 8.061017 -2.687006 0.000000
Y 8.061017 -5.374012 2.687006


-3.000000	3813b42a0
10

Y 0.000000 0.000000 0.000000
Y 2.687006 2.687006 0.000000
D 0.000000 2.687006 -2.687006
P 0.000000 5.374012 0.000000
E 2.687006 5.374012 2.687006
T 0.000000 5.374012 5.374012
G 0.000000 8.061017 2.687006
T -2.687006 10.748023 2.687006
W -2.687006 8.061017 0.000000
Y -2.687006 10.748023 -2.687006


-3.000000	92795a700
10

Y 0.000000 0.000000 0.000000
Y 2.687006 2.687006 0.000000
D 5.374012 5.374012 0.000000
P 8.061017 2.687006 0.000000
E 5.374012 2.687006 -2.687006
T 8.061017 2.687006 -5.374012
G 8.061017 0.000000 -2.687006
T 10.748023 -2.687006 -2.687006
W 10.748023 0.000000 0.000000
Y 10.748023 -2.687006 2.687006


-3.000000	3813b4140
10

Y 0.000000 0.000000 0.000000
Y 2.687006 2.687006 0.000000
D 5.374012 2.687006 2.687006
P 2.687006 5.374012 2.687006
E 5.374012 5.374012 5.374012
T 2.687006 5.374012 8.061017
G 2.687006 8.061017 5.374012
T 0.000000 10.748023 5.374012
W 0.000000 8.061017 2.687006
Y 0.000000 10.748023 0.000000


-3.000000	92795a7a0
10

Y 0.000000 0.000000 0.000000
Y 2.687006 2.687006 0.000000
D 0.000000 2.687006 -2.687006
P 2.687006 0.000000 -2.687006
E 0.000000 0.000000 -5.374012
T 2.687006 0.000000 -8.061017
G 2.687006 -2.687006 -5.374012
T 5.374012 -5.374012 -5.374012
W 5.374012 -2.687006 -2.687006
Y 5.374012 -5.374012 0.000000


-3.000000	3813b4110
10

Y 0.000000 0.000000 0.000000
Y 2.687006 2.687006 0.000000
D 0.000000 5.374012 0.000000
P -2.687006 8.061017 0.000000
E 0.000000 8.061017 2.687006
T -2.687006 8.061017 5.374012
G -2.687006 10.748023 2.687006
T -5.374012 13.435029 2.687006
W -5.374012 10.748023 0.000000
Y -5.374012 13.435029 -2.687006


-3.000000	3813b4100
10

Y 0.000000 0.000000 0.000000
Y 2.687006 2.687006 0.000000
D 5.374012 5.374012 0.000000
P 2.687006 8.061017 0.000000
E 5.374012 8.061017 2.687006
T 2.687006 8.061017 5.374012
G 2.687006 10.748023 2.687006
T 0.000000 13.435029 2.687006
W 0.000000 10.748023 0.000000
Y 0.000000 13.435029 -2.687006


-3.000000	92795a740
10

Y 0.000000 0.000000 0.000000
Y 2.687006 2.687006 0.000000
D 5.374012 2.687006 2.687006
P 8.061017 0.000000 2.687006
E 5.374012 0.000000 0.000000
T 8.061017 0.000000 -2.687006
G 8.061017 -2.687006 0.000000
T 10.748023 -5.374012 0.000000
W 10.748023 -2.687006 2.687006
Y 10.748023 -5.374012 5.374012


-3.000000	3813b41a0
10

Y 0.000000 0.000000 0.000000
Y 2.687006 2.687006 0.000000
D 0.000000 2.687006 -2.687006
P -2.687006 5.374012 -2.687006
E 0.000000 5.374012 0.000000
T -2.687006 5.374012 2.687006
G -2.687006 8.061017 0.000000
T -5.374012 10.748023 0.000000
W -5.374012 8.061017 -2.687006
Y -5.374012 10.748023 -5.374012


-3.000000	3813b4040
10

Y 0.000000 0.000000 0.000000
Y 2.687006 2.687006 0.000000
D 5.374012 2.687006 2.687006
P 8.061017 5.374012 2.687006
E 10.748023 5.374012 5.374012
T 8.061017 5.374012 8.061017
G 8.061017 8.061017 5.374012
T 5.374012 10.748023 5.374012
W 5.374012 8.061017 2.687006
Y 5.374012 10.748023 0.000000


-3.000000	92795a6a0
10

Y 0.000000 0.000000 0.000000
Y 2.687006 2.687006 0.000000
D 0.000000 2.687006 -2.687006
P -2.687006 0.000000 -2.687006
E -5.374012 0.000000 -5.374012
T -2.687006 0.000000 -8.061017
G -2.687006 -2.687006 -5.374012
T 0.000000 -5.374012 -5.374012
W 0.000000 -2.687006 -2.687006
Y 0.000000 -5.374012 0.000000


-3.000000	3813b4010
10

Y 0.000000 0.000000 0.000000
Y 2.687006 2.687006 0.000000
D 0.000000 5.374012 0.000000
P 2.687006 8.061017 0.000000
E 5.374012 8.061017 2.687006
T 2.687006 8.061017 5.374012
G 2.687006 10.748023 2.687006
T 0.000000 13.435029 2.687006
W 0.000000 10.748023 0.000000
Y 0.000000 13.435029 -2.687006


-3.000000	3813b4000
10

Y 0.000000 0.000000 0.000000
Y 2.687006 2.687006 0.000000
D 5.374012 5.374012 0.000000
P 8.061017 8.061017 0.000000
E 10.748023 8.061017 2.687006
T 8.061017 8.061017 5.374012
G 8.061017 10.748023 2.687006
T 5.374012 13.435029 2.687006
W 5.374012 10.748023 0.000000
Y 5.374012 13.435029 -2.687006


-3.000000	3813b40a0
10

Y 0.000000 0.000000 0.000000
Y 2.687006 2.687006 0.000000
D 0.000000 2.687006 -2.687006
P 2.687006 5.374012 -2.687006
E 5.374012 5.374012 0.000000
T 2.687006 5.374012 2.687006
G 2.687006 8.061017 0.000000
T 0.000000 10.748023 0.000000
W 0.000000 8.061017 -2.687006
Y 0.000000 10.748023 -5.374012


-3.000000	3813b4b40
10

Y 0.000000 0.000000 0.000000
Y 2.687006 2.687006 0.000000
D 5.374012 2.687006 2.687006
P 2.687006 2.687006 5.374012
E 5.374012 2.687006 8.061017
T 2.687006 2.687006 10.748023
G 2.687006 5.374012 8.061017
T 0.000000 8.061017 8.061017
W 0.000000 5.374012 5.374012
Y 0.000000 8.061017 2.687006


-3.000000	92795a5a0
10

Y 0.000000 0.000000 0.000000
Y 2.687006 2.687006 0.000000
D 0.000000 2.687006 -2.687006
P 2.687006 2.687006 -5.374012
E 0.000000 2.687006 -8.061017
T 2.687006 2.687006 -10.748023
G 2.687006 0.000000 -8.061017
T 5.374012 -2.687006 -8.061017
W 5.374012 0.000000 -5.374012
Y 5.374012 -2.687006 -2.687006


-3.000000	3813b4b10
10

Y 0.000000 0.000000 0.000000
Y 2.687006 2.687006 0.000000
D 0.000000 5.374012 0.000000
P -2.687006 5.374012 2.687006
E 0.000000 5.374012 5.374012
T -2.687006 5.374012 8.061017
G -2.687006 8.061017 5.374012
T -5.374012 10.748023 5.374012
W -5.374012 8.061017 2.687006
Y -5.374012 10.748023 0.000000


-3.000000	3813b4b00
10

Y 0.000000 0.000000 0.000000
Y 2.687006 2.687006 0.000000
D 5.374012 5.374012 0.000000
P 2.687006 5.374012 2.687006
E 5.374012 5.374012 5.374012
T 2.687006 5.374012 8.061017
G 2.687006 8.061017 5.374012
T 0.000000 10.748023 5.374012
W 0.000000 8.061017 2.687006
Y 0.000000 10.748023 0.000000


-3.000000	92795a540
10

Y 0.000000 0.000000 0.000000
Y 2.687006 2.687006 0.000000
D 5.374012 2.687006 2.687006
P 8.061017 2.687006 0.000000
E 5.374012 2.687006 -2.687006
T 8.061017 2.687006 -5.374012
G 8.061017 0.000000 -2.687006
T 10.748023 -2.687006 -2.687006
W 10.748023 0.000000 0.000000
Y 10.748023 -2.687006 2.687006


-3.000000	3813b4ba0
10

Y 0.000000 0.000000 0.000000
Y 2.687006 2.687006 0.000000
D 0.000000 2.687006 -2.687006
P -2.687006 2.687006 0.000000
E 0.000000 2.687006 2.687006
T -2.687006 2.687006 5.374012
G -2.687006 5.374012 2.687006
T -5.374012 8.061017 2.687006
W -5.374012 5.374012 0.000000
Y -5.374012 8.061017 -2.687006


-3.000000	92795a510
10

Y 0.000000 0.000000 0.000000
Y 2.687006 2.687006 0.000000
D 0.000000 5.374012 0.000000
P 2.687006 5.374012 -2.687006
E 0.000000 5.374012 -5.374012
T 2.687006 5.374012 -8.061017
G 2.687006 2.687006 -5.374012
T 5.374012 0.000000 -5.374012
W 5.374012 2.687006 -2.687006
Y 5.374012 0.000000 0.000000


-3.000000	92795a500
10

Y 0.000000 0.000000 0.000000
Y 2.687006 2.687006 0.000000
D 5.374012 5.374012 0.000000
P 8.061017 5.374012 -2.687006
E 5.374012 5.374012 -5.374012
T 8.061017 5.374012 -8.061017
G 8.061017 2.687006 -5.374012
T 10.748023 0.000000 -5.374012
W 10.748023 2.687006 -2.687006
Y 10.748023 0.000000 0.000000


-3.000000	381267b40
10

Y 0.000000 0.000000 0.000000
Y 2.687006 2.687006 0.000000
D 5.374012 2.687006 2.687006
P 2.687006 2.687006 5.374012
E 5.374012 0.000000 5.374012
T 2.687006 -2.687006 5.374012
G 2.687006 0.000000 8.061017
T 0.000000 2.687006 8.061017
W 0.000000 0.000000 5.374012
Y 0.000000 2.687006 2.687006


-3.000000	9278015a0
10

Y 0.000000 0.000000 0.000000
Y 2.687006 2.687006 0.000000
D 0.000000 2.687006 -2.687006
P 2.687006 2.687006 -5.374012
E 0.000000 5.374012 -5.374012
T 2.687006 8.061017 -5.374012
G 2.687006 5.374012 -8.061017
T 5.374012 2.687006 -8.061017
W 5.374012 5.374012 -5.374012
Y 5.374012 2.687006 -2.687006


-3.000000	381267b10
10

Y 0.000000 0.000000 0.000000
Y 2.687006 2.687006 0.000000
D 0.000000 5.374012 0.000000
P -2.687006 5.374012 2.687006
E 0.000000 2.687006 2.687006
T -2.687006 0.000000 2.687006
G -2.687006 2.687006 5.374012
T -5.374012 5.374012 5.374012
W -5.374012 2.687006 2.687006
Y -5.374012 5.374012 0.000000


-3.000000	381267b00
10

Y 0.000000 0.000000 0.000000
Y 2.687006 2.687006 0.000000
D 5.374012 5.374012 0.000000
P 2.687006 5.374012 2.687006
E 5.374012 2.687006 2.687006
T 2.687006 0.000000 2.687006
G 2.687006 2.687006 5.374012
T 0.000000 5.374012 5.374012
W 0.000000 2.687006 2.687006
Y 0.000000 5.374012 0.000000


-3.000000	927801540
10

Y 0.000000 0.000000 0.000000
Y 2.687006 2.687006 0.000000
D 5.374012 2.687006 2.687006
P 8.061017 2.687006 0.000000
E 5.374012 5.374012 0.000000
T 8.061017 8.061017 0.000000
G 8.061017 5.374012 -2.687006
T 10.748023 2.687006 -2.687006
W 10.748023 5.374012 0.000000
Y 10.748023 2.687006 2.687006


-3.000000	927801510
10

Y 0.000000 0.000000 0.000000
Y 2.687006 2.687006 0.000000
D 0.000000 5.374012 0.000000
P 2.687006 5.374012 -2.687006
E 0.000000 8.061017 -2.687006
T 2.687006 10.748023 -2.687006
G 2.687006 8.061017 -5.374012
T 5.374012 5.374012 -5.374012
W 5.374012 8.061017 -2.687006
Y 5.374012 5.374012 0.000000


-3.000000	927801500
10

Y 0.000000 0.000000 0.000000
Y 2.687006 2.687006 0.000000
D 5.374012 5.374012 0.000000
P 8.061017 5.374012 -2.687006
E 5.374012 8.061017 -2.687006
T 8.061017 10.748023 -2.687006
G 8.061017 8.061017 -5.374012
T 10.748023 5.374012 -5.374012
W 10.748023 8.061017 -2.687006
Y 10.748023 5.374012 0.000000


-3.000000	381267a10
10

Y 0.000000 0.000000 0.000000
Y 2.687006 2.687006 0.000000
D 0.000000 5.374012 0.000000
P -2.687006 5.374012 -2.687006
E 0.000000 2.687006 -2.687006
T -2.687006 0.000000 -2.687006
G -2.687006 2.687006 0.000000
T -5.374012 5.374012 0.000000
W -5.374012 2.687006 -2.687006
Y -5.374012 5.374012 -5.374012


-3.000000	927801440
10

Y 0.000000 0.000000 0.000000
Y 2.687006 2.687006 0.000000
D 5.374012 2.687006 2.687006
P 8.061017 2.687006 5.374012
E 5.374012 5.374012 5.374012
T 8.061017 8.061017 5.374012
G 8.061017 5.374012 2.687006
T 10.748023 2.687006 2.687006
W 10.748023 5.374012 5.374012
Y 10.748023 2.687006 8.061017


-3.000000	381267aa0
10

Y 0.000000 0.000000 0.000000
Y 2.687006 2.687006 0.000000
D 0.000000 2.687006 -2.687006
P -2.687006 2.687006 -5.374012
E 0.000000 0.000000 -5.374012
T -2.687006 -2.687006 -5.374012
G -2.687006 0.000000 -2.687006
T -5.374012 2.687006 -2.687006
W -5.374012 0.000000 -5.374012
Y -5.374012 2.687006 -8.061017


-3.000000	927801410
10

Y 0.000000 0.000000 0.000000
Y 2.687006 2.687006 0.000000
D 0.000000 5.374012 0.000000
P 2.687006 5.374012 2.687006
E 0.000000 8.061017 2.687006
T 2.687006 10.748023 2.687006
G 2.687006 8.061017 0.000000
T 5.374012 5.374012 0.000000
W 5.374012 8.061017 2.687006
Y 5.374012 5.374012 5.374012


-3.000000	927801400
10

Y 0.000000 0.000000 0.000000
Y 2.687006 2.687006 0.000000
D 5.374012 5.374012 0.000000
P 8.061017 5.374012 2.687006
E 5.374012 8.061017 2.687006
T 8.061017 10.748023 2.687006
G 8.061017 8.061017 0.000000
T 10.748023 5.374012 0.000000
W 10.748023 8.061017 2.687006
Y 10.748023 5.374012 5.374012


-3.000000	381267910
10

Y 0.000000 0.000000 0.000000
Y 2.687006 2.687006 0.000000
D 0.000000 5.374012 0.000000
P 0.000000 2.687006 2.687006
E 2.687006 0.000000 2.687006
T 0.000000 -2.687006 2.687006
G 0.000000 0.000000 5.374012
T -2.687006 2.687006 5.374012
W -2.687006 0.000000 2.687006
Y -2.687006 2.687006 0.000000


-3.000000	927801340
10

Y 0.000000 0.000000 0.000000
Y 2.687006 2.687006 0.000000
D 5.374012 2.687006 2.687006
P 5.374012 5.374012 0.000000
E 2.687006 8.061017 0.000000
T 5.374012 10.748023 0.000000
G 5.374012 8.061017 -2.687006
T 8.061017 5.374012 -2.687006
W 8.061017 8.061017 0.000000
Y 8.061017 5.374012 2.687006


-3.000000	927801310
10

Y 0.000000 0.000000 0.000000
Y 2.687006 2.687006 0.000000
D 0.000000 5.374012 0.000000
P 0.000000 8.061017 -2.687006
E -2.687006 10.748023 -2.687006
T 0.000000 13.435029 -2.687006
G 0.000000 10.748023 -5.374012
T 2.687006 8.061017 -5.374012
W 2.687006 10.748023 -2.687006
Y 2.687006 8.061017 0.000000


-3.000000	927801300
10

Y 0.000000 0.000000 0.000000
Y 2.687006 2.687006 0.000000
D 5.374012 5.374012 0.000000
P 5.374012 8.061017 -2.687006
E 2.687006 10.748023 -2.687006
T 5.374012 13.435029 -2.687006
G 5.374012 10.748023 -5.374012
T 8.061017 8.061017 -5.374012
W 8.061017 10.748023 -2.687006
Y 8.061017 8.061017 0.000000


-3.000000	381267940
10

Y 0.000000 0.000000 0.000000
Y 2.687006 2.687006 0.000000
D 5.374012 2.687006 2.687006
P 5.374012 0.000000 5.374012
E 8.061017 -2.687006 5.374012
T 5.374012 -5.374012 5.374012
G 5.374012 -2.687006 8.061017
T 2.687006 0.000000 8.061017
W 2.687006 -2.687006 5.374012
Y 2.687006 0.000000 2.687006


-3.000000	9278013a0
10

Y 0.000000 0.000000 0.000000
Y 2.687006 2.687006 0.000000
D 0.000000 2.687006 -2.687006
P 0.000000 5.374012 -5.374012
E -2.687006 8.061017 -5.374012
T 0.000000 10.748023 -5.374012
G 0.000000 8.061017 -8.061017
T 2.687006 5.374012 -8.061017
W 2.687006 8.061017 -5.374012
Y 2.687006 5.374012 -2.687006


-3.000000	927801240
10

Y 0.000000 0.000000 0.000000
Y 2.687006 2.687006 0.000000
D 5.374012 2.687006 2.687006
P 5.374012 5.374012 5.374012
E 2.687006 8.061017 5.374012
T 5.374012 10.748023 5.374012
G 5.374012 8.061017 2.687006
T 8.061017 5.374012 2.687006
W 8.061017 8.061017 5.374012
Y 8.061017 5.374012 8.061017


-3.000000	3812678a0
10

Y 0.000000 0.000000 0.000000
Y 2.687006 2.687006 0.000000
D 0.000000 2.687006 -2.687006
P 0.000000 0.000000 -5.374012
E 2.687006 -2.687006 -5.374012
T 0.000000 -5.374012 -5.374012
G 0.000000 -2.687006 -2.687006
T -2.687006 0.000000 -2.687006
W -2.687006 -2.687006 -5.374012
Y -2.687006 0.000000 -8.061017


-3.000000	927801210
10

Y 0.000000 0.000000 0.000000
Y 2.687006 2.687006 0.000000
D 0.000000 5.374012 0.000000
P 0.000000 8.061017 2.687006
E -2.687006 10.748023 2.687006
T 0.000000 13.435029 2.687006
G 0.000000 10.748023 0.000000
T 2.687006 8.061017 0.000000
W 2.687006 10.748023 2.687006
Y 2.687006 8.061017 5.374012


-3.000000	927801200
10

Y 0.000000 0.000000 0.000000
Y 2.687006 2.687006 0.000000
D 5.374012 5.374012 0.000000
P 5.374012 8.061017 2.687006
E 2.687006 10.748023 2.687006
T 5.374012 13.435029 2.687006
G 5.374012 10.748023 0.000000
T 8.061017 8.061017 0.000000
W 8.061017 10.748023 2.687006
Y 8.061017 8.061017 5.374012


-3.000000	381267840
10

Y 0.000000 0.000000 0.000000
Y 2.687006 2.687006 0.000000
D 5.374012 2.687006 2.687006
P 5.374012 0.000000 0.000000
E 8.061017 -2.687006 0.000000
T 5.374012 -5.374012 0.000000
G 5.374012 -2.687006 2.687006
T 2.687006 0.000000 2.687006
W 2.687006 -2.687006 0.000000
Y 2.687006 0.000000 -2.687006


-3.000000	9278012a0
10

Y 0.000000 0.000000 0.000000
Y 2.687006 2.687006 0.000000
D 0.000000 2.687006 -2.687006
P 0.000000 5.374012 0.000000
E -2.687006 8.061017 0.000000
T 0.000000 10.748023 0.000000
G 0.000000 8.061017 -2.687006
T 2.687006 5.374012 -2.687006
W 2.687006 8.061017 0.000000
Y 2.687006 5.374012 2.687006


-3.000000	381267700
10

Y 0.000000 0.000000 0.000000
Y 2.687006 2.687006 0.000000
D 5.374012 5.374012 0.000000
P 8.061017 2.687006 0.000000
E 10.748023 0.000000 0.000000
T 8.061017 -2.687006 0.000000
G 8.061017 0.000000 2.687006
T 5.374012 2.687006 2.687006
W 5.374012 0.000000 0.000000
Y 5.374012 2.687006 -2.687006


-3.000000	927801140
10

Y 0.000000 0.000000 0.000000
Y 2.687006 2.687006 0.000000
D 5.374012 2.687006 2.687006
P 2.687006 5.374012 2.687006
E 0.000000 8.061017 2.687006
T 2.687006 10.748023 2.687006
G 2.687006 8.061017 0.000000
T 5.374012 5.374012 0.000000
W 5.374012 8.061017 2.687006
Y 5.374012 5.374012 5.374012


-3.000000	927801110
10

Y 0.000000 0.000000 0.000000
Y 2.687006 2.687006 0.000000
D 0.000000 5.374012 0.000000
P -2.687006 8.061017 0.000000
E -5.374012 10.748023 0.000000
T -2.687006 13.435029 0.000000
G -2.687006 10.748023 -2.687006
T 0.000000 8.061017 -2.687006
W 0.000000 10.748023 0.000000
Y 0.000000 8.061017 2.687006


-3.000000	927801100
10

Y 0.000000 0.000000 0.000000
Y 2.687006 2.687006 0.000000
D 5.374012 5.374012 0.000000
P 2.687006 8.061017 0.000000
E 0.000000 10.748023 0.000000
T 2.687006 13.435029 0.000000
G 2.687006 10.748023 -2.687006
T 5.374012 8.061017 -2.687006
W 5.374012 10.748023 0.000000
Y 5.374012 8.061017 2.687006


-3.000000	381267740
10

Y 0.000000 0.000000 0.000000
Y 2.687006 2.687006 0.000000
D 5.374012 2.687006 2.687006
P 8.061017 0.000000 2.687006
E 10.748023 -2.687006 2.687006
T 8.061017 -5.374012 2.687006
G 8.061017 -2.687006 5.374012
T 5.374012 0.000000 5.374012
W 5.374012 -2.687006 2.687006
Y 5.374012 0.000000 0.000000


-3.000000	9278011a0
10

Y 0.000000 0.000000 0.000000
Y 2.687006 2.687006 0.000000
D 0.000000 2.687006 -2.687006
P -2.687006 5.374012 -2.687006
E -5.374012 8.061017 -2.687006
T -2.687006 10.748023 -2.687006
G -2.687006 8.061017 -5.374012
T 0.000000 5.374012 -5.374012
W 0.000000 8.061017 -2.687006
Y 0.000000 5.374012 0.000000


-3.000000	927801040
10

Y 0.000000 0.000000 0.000000
Y 2.687006 2.687006 0.000000
D 5.374012 2.687006 2.687006
P 8.061017 5.374012 2.687006
E 5.374012 8.061017 2.687006
T 8.061017 10.748023 2.687006
G 8.061017 8.061017 0.000000
T 10.748023 5.374012 0.000000
W 10.748023 8.061017 2.687006
Y 10.748023 5.374012 5.374012


-3.000000	3812676a0
10

Y 0.000000 0.000000 0.000000
Y 2.687006 2.687006 0.000000
D 0.000000 2.687006 -2.687006
P -2.687006 0.000000 -2.687006
E 0.000000 -2.687006 -2.687006
T -2.687006 -5.374012 -2.687006
G -2.687006 -2.687006 0.000000
T -5.374012 0.000000 0.000000
W -5.374012 -2.687006 -2.687006
Y -5.374012 0.000000 -5.374012


-3.000000	927801010
10

Y 0.000000 0.000000 0.000000
Y 2.687006 2.687006 0.000000
D 0.000000 5.374012 0.000000
P 2.687006 8.061017 0.000000
E 0.000000 10.748023 0.000000
T 2.687006 13.435029 0.000000
G 2.687006 10.748023 -2.687006
T 5.374012 8.061017 -2.687006
W 5.374012 10.748023 0.000000
Y 5.374012 8.061017 2.687006


-3.000000	927801000
10

Y 0.000000 0.000000 0.000000
Y 2.687006 2.687006 0.000000
D 5.374012 5.374012 0.000000
P 8.061017 8.061017 0.000000
E 5.374012 10.748023 0.000000
T 8.061017 13.435029 0.000000
G 8.061017 10.748023 -2.687006
T 10.748023 8.061017 -2.687006
W 10.748023 10.748023 0.000000
Y 10.748023 8.061017 2.687006


-3.000000	9278010a0
10

Y 0.000000 0.000000 0.000000
Y 2.687006 2.687006 0.000000
D 0.000000 2.687006 -2.687006
P 2.687006 5.374012 -2.687006
E 0.000000 8.061017 -2.687006
T 2.687006 10.748023 -2.687006
G 2.687006 8.061017 -5.374012
T 5.374012 5.374012 -5.374012
W 5.374012 8.061017 -2.687006
Y 5.374012 5.374012 0.000000


-3.000000	927801800
10

Y 0.000000 0.000000 0.000000
Y 2.687006 2.687006 0.000000
D 5.374012 5.374012 0.000000
P 5.374012 2.687006 -2.687006
E 2.687006 5.374012 -2.687006
T 5.374012 8.061017 -2.687006
G 5.374012 5.374012 -5.374012
T 8.061017 2.687006 -5.374012
W 8.061017 5.374012 -2.687006
Y 8.061017 2.687006 0.000000


-3.000000	381267240
10

Y 0.000000 0.000000 0.000000
Y 2.687006 2.687006 0.000000
D 5.374012 2.687006 2.687006
P 5.374012 5.374012 5.374012
E 8.061017 2.687006 5.374012
T 5.374012 0.000000 5.374012
G 5.374012 2.687006 8.061017
T 2.687006 5.374012 8.061017
W 2.687006 2.687006 5.374012
Y 2.687006 5.374012 2.687006


-3.000000	9278018a0
10

Y 0.000000 0.000000 0.000000
Y 2.687006 2.687006 0.000000
D 0.000000 2.687006 -2.687006
P 0.000000 0.000000 -5.374012
E -2.687006 2.687006 -5.374012
T 0.000000 5.374012 -5.374012
G 0.000000 2.687006 -8.061017
T 2.687006 0.000000 -8.061017
W 2.687006 2.687006 -5.374012
Y 2.687006 0.000000 -2.687006


-3.000000	381267210
10

Y 0.000000 0.000000 0.000000
Y 2.687006 2.687006 0.000000
D 0.000000 5.374012 0.000000
P 0.000000 8.061017 2.687006
E 2.687006 5.374012 2.687006
T 0.000000 2.687006 2.687006
G 0.000000 5.374012 5.374012
T -2.687006 8.061017 5.374012
W -2.687006 5.374012 2.687006
Y -2.687006 8.061017 0.000000


-3.000000	381267200
10

Y 0.000000 0.000000 0.000000
Y 2.687006 2.687006 0.000000
D 5.374012 5.374012 0.000000
P 5.374012 8.061017 2.687006
E 8.061017 5.374012 2.687006
T 5.374012 2.687006 2.687006
G 5.374012 5.374012 5.374012
T 2.687006 8.061017 5.374012
W 2.687006 5.374012 2.687006
Y 2.687006 8.061017 0.000000


-3.000000	381237040
10

Y 0.000000 0.000000 0.000000
Y 2.687006 2.687006 0.000000
D 5.374012 2.687006 2.687006
P 8.061017 5.374012 2.687006
E 10.748023 2.687006 2.687006
T 10.748023 5.374012 0.000000
G 10.748023 8.061017 2.687006
T 8.061017 10.748023 2.687006
W 8.061017 8.061017 0.000000
Y 8.061017 10.748023 -2.687006


-3.000000	9278916a0
10

Y 0.000000 0.000000 0.000000
Y 2.687006 2.687006 0.000000
D 0.000000 2.687006 -2.687006
P -2.687006 0.000000 -2.687006
E -5.374012 2.687006 -2.687006
T -5.374012 0.000000 0.000000
G -5.374012 -2.687006 -2.687006
T -2.687006 -5.374012 -2.687006
W -2.687006 -2.687006 0.000000
Y -2.687006 -5.374012 2.687006


-3.000000	381237010
10

Y 0.000000 0.000000 0.000000
Y 2.687006 2.687006 0.000000
D 0.000000 5.374012 0.000000
P 2.687006 8.061017 0.000000
E 5.374012 5.374012 0.000000
T 5.374012 8.061017 -2.687006
G 5.374012 10.748023 0.000000
T 2.687006 13.435029 0.000000
W 2.687006 10.748023 -2.687006
Y 2.687006 13.435029 -5.374012


-3.000000	381237000
10

Y 0.000000 0.000000 0.000000
Y 2.687006 2.687006 0.000000
D 5.374012 5.374012 0.000000
P 8.061017 8.061017 0.000000
E 10.748023 5.374012 0.000000
T 10.748023 8.061017 -2.687006
G 10.748023 10.748023 0.000000
T 8.061017 13.435029 0.000000
W 8.061017 10.748023 -2.687006
Y 8.061017 13.435029 -5.374012


-3.000000	927891640
10

Y 0.000000 0.000000 0.000000
Y 2.687006 2.687006 0.000000
D 5.374012 2.687006 2.687006
P 2.687006 0.000000 2.687006
E 0.000000 2.687006 2.687006
T 0.000000 0.000000 5.374012
G 0.000000 -2.687006 2.687006
T 2.687006 -5.374012 2.687006
W 2.687006 -2.687006 5.374012
Y 2.687006 -5.374012 8.061017


-3.000000	3812370a0
10

Y 0.000000 0.000000 0.000000
Y 2.687006 2.687006 0.000000
D 0.000000 2.687006 -2.687006
P 2.687006 5.374012 -2.687006
E 5.374012 2.687006 -2.687006
T 5.374012 5.374012 -5.374012
G 5.374012 8.061017 -2.687006
T 2.687006 10.748023 -2.687006
W 2.687006 8.061017 -5.374012
Y 2.687006 10.748023 -8.061017


-3.000000	927891610
10

Y 0.000000 0.000000 0.000000
Y 2.687006 2.687006 0.000000
D 0.000000 5.374012 0.000000
P -2.687006 2.687006 0.000000
E -5.374012 5.374012 0.000000
T -5.374012 2.687006 2.687006
G -5.374012 0.000000 0.000000
T -2.687006 -2.687006 0.000000
W -2.687006 0.000000 2.687006
Y -2.687006 -2.687006 5.374012


-3.000000	381237a10
10

Y 0.000000 0.000000 0.000000
Y 2.687006 2.687006 0.000000
D 0.000000 5.374012 0.000000
P -2.687006 5.374012 -2.687006
E 0.000000 2.687006 -2.687006
T 0.000000 5.374012 -5.374012
G 0.000000 8.061017 -2.687006
T -2.687006 10.748023 -2.687006
W -2.687006 8.061017 -5.374012
Y -2.687006 10.748023 -8.061017


-3.000000	381237a00
10

Y 0.000000 0.000000 0.000000
Y 2.687006 2.687006 0.000000
D 5.374012 5.374012 0.000000
P 2.687006 5.374012 -2.687006
E 5.374012 2.687006 -2.687006
T 5.374012 5.374012 -5.374012
G 5.374012 8.061017 -2.687006
T 2.687006 10.748023 -2.687006
W 2.687006 8.061017 -5.374012
Y 2.687006 10.748023 -8.061017


-3.000000	927891440
10

Y 0.000000 0.000000 0.000000
Y 2.687006 2.687006 0.000000
D 5.374012 2.687006 2.687006
P 8.061017 2.687006 5.374012
E 5.374012 5.374012 5.374012
T 5.374012 2.687006 8.061017
G 5.374012 0.000000 5.374012
T 8.061017 -2.687006 5.374012
W 8.061017 0.000000 8.061017
Y 8.061017 -2.687006 10.748023


-3.000000	381237aa0
10

Y 0.000000 0.000000 0.000000
Y 2.687006 2.687006 0.000000
D 0.000000 2.687006 -2.687006
P -2.687006 2.687006 -5.374012
E 0.000000 0.000000 -5.374012
T 0.000000 2.687006 -8.061017
G 0.000000 5.374012 -5.374012
T -2.687006 8.061017 -5.374012
W -2.687006 5.374012 -8.061017
Y -2.687006 8.061017 -10.748023


-3.000000	927891410
10

Y 0.000000 0.000000 0.000000
Y 2.687006 2.687006 0.000000
D 0.000000 5.374012 0.000000
P 2.687006 5.374012 2.687006
E 0.000000 8.061017 2.687006
T 0.000000 5.374012 5.374012
G 0.000000 2.687006 2.687006
T 2.687006 0.000000 2.687006
W 2.687006 2.687006 5.374012
Y 2.687006 0.000000 8.061017


-3.000000	927891400
10

Y 0.000000 0.000000 0.000000
Y 2.687006 2.687006 0.000000
D 5.374012 5.374012 0.000000
P 8.061017 5.374012 2.687006
E 5.374012 8.061017 2.687006
T 5.374012 5.374012 5.374012
G 5.374012 2.687006 2.687006
T 8.061017 0.000000 2.687006
W 8.061017 2.687006 5.374012
Y 8.061017 0.000000 8.061017


-3.000000	381237810
10

Y 0.000000 0.000000 0.000000
Y 2.687006 2.687006 0.000000
D 0.000000 5.374012 0.000000
P 0.000000 2.687006 -2.687006
E 2.687006 0.000000 -2.687006
T 2.687006 2.687006 -5.374012
G 2.687006 5.374012 -2.687006
T 0.000000 8.061017 -2.687006
W 0.000000 5.374012 -5.374012
Y 0.000000 8.061017 -8.061017


-3.000000	381237800
10

Y 0.000000 0.000000 0.000000
Y 2.687006 2.687006 0.000000
D 5.374012 5.374012 0.000000
P 5.374012 2.687006 -2.687006
E 8.061017 0.000000 -2.687006
T 8.061017 2.687006 -5.374012
G 8.061017 5.374012 -2.687006
T 5.374012 8.061017 -2.687006
W 5.374012 5.374012 -5.374012
Y 5.374012 8.061017 -8.061017


-3.000000	927891240
10

Y 0.000000 0.000000 0.000000
Y 2.687006 2.687006 0.000000
D 5.374012 2.687006 2.687006
P 5.374012 5.374012 5.374012
E 2.687006 8.061017 5.374012
T 2.687006 5.374012 8.061017
G 2.687006 2.687006 5.374012
T 5.374012 0.000000 5.374012
W 5.374012 2.687006 8.061017
Y 5.374012 0.000000 10.748023


-3.000000	3812378a0
10

Y 0.000000 0.000000 0.000000
Y 2.687006 2.687006 0.000000
D 0.000000 2.687006 -2.687006
P 0.000000 0.000000 -5.374012
E 2.687006 -2.687006 -5.374012
T 2.687006 0.000000 -8.061017
G 2.687006 2.687006 -5.374012
T 0.000000 5.374012 -5.374012
W 0.000000 2.687006 -8.061017
Y 0.000000 5.374012 -10.748023


-3.000000	927891210
10

Y 0.000000 0.000000 0.000000
Y 2.687006 2.687006 0.000000
D 0.000000 5.374012 0.000000
P 0.000000 8.061017 2.687006
E -2.687006 10.748023 2.687006
T -2.687006 8.061017 5.374012
G -2.687006 5.374012 2.687006
T 0.000000 2.687006 2.687006
W 0.000000 5.374012 5.374012
Y 0.000000 2.687006 8.061017


-3.000000	927891200
10

Y 0.000000 0.000000 0.000000
Y 2.687006 2.687006 0.000000
D 5.374012 5.374012 0.000000
P 5.374012 8.061017 2.687006
E 2.687006 10.748023 2.687006
T 2.687006 8.061017 5.374012
G 2.687006 5.374012 2.687006
T 5.374012 2.687006 2.687006
W 5.374012 5.374012 5.374012
Y 5.374012 2.687006 8.061017


-3.000000	381237840
10

Y 0.000000 0.000000 0.000000
Y 2.687006 2.687006 0.000000
D 5.374012 2.687006 2.687006
P 5.374012 0.000000 0.000000
E 8.061017 -2.687006 0.000000
T 8.061017 0.000000 -2.687006
G 8.061017 2.687006 0.000000
T 5.374012 5.374012 0.000000
W 5.374012 2.687006 -2.687006
Y 5.374012 5.374012 -5.374012


-3.000000	381237700
10

Y 0.000000 0.000000 0.000000
Y 2.687006 2.687006 0.000000
D 5.374012 5.374012 0.000000
P 8.061017 2.687006 0.000000
E 10.748023 0.000000 0.000000
T 10.748023 2.687006 -2.687006
G 10.748023 5.374012 0.000000
T 8.061017 8.061017 0.000000
W 8.061017 5.374012 -2.687006
Y 8.061017 8.061017 -5.374012


-3.000000	927891140
10

Y 0.000000 0.000000 0.000000
Y 2.687006 2.687006 0.000000
D 5.374012 2.687006 2.687006
P 2.687006 5.374012 2.687006
E 0.000000 8.061017 2.687006
T 0.000000 5.374012 5.374012
G 0.000000 2.687006 2.687006
T 2.687006 0.000000 2.687006
W 2.687006 2.687006 5.374012
Y 2.687006 0.000000 8.061017


-3.000000	3812377a0
10

Y 0.000000 0.000000 0.000000
Y 2.687006 2.687006 0.000000
D 0.000000 2.687006 -2.687006
P 2.687006 0.000000 -2.687006
E 5.374012 -2.687006 -2.687006
T 5.374012 0.000000 -5.374012
G 5.374012 2.687006 -2.687006
T 2.687006 5.374012 -2.687006
W 2.687006 2.687006 -5.374012
Y 2.687006 5.374012 -8.061017


-3.000000	927891110
10

Y 0.000000 0.000000 0.000000
Y 2.687006 2.687006 0.000000
D 0.000000 5.374012 0.000000
P -2.687006 8.061017 0.000000
E -5.374012 10.748023 0.000000
T -5.374012 8.061017 2.687006
G -5.374012 5.374012 0.000000
T -2.687006 2.687006 0.000000
W -2.687006 5.374012 2.687006
Y -2.687006 2.687006 5.374012


-3.000000	381237740
10

Y 0.000000 0.000000 0.000000
Y 2.687006 2.687006 0.000000
D 5.374012 2.687006 2.687006
P 8.061017 0.000000 2.687006
E 10.748023 -2.687006 2.687006
T 10.748023 0.000000 0.000000
G 10.748023 2.687006 2.687006
T 8.061017 5.374012 2.687006
W 8.061017 2.687006 0.000000
Y 8.061017 5.374012 -2.687006


-3.000000	9278911a0
10

Y 0.000000 0.000000 0.000000
Y 2.687006 2.687006 0.000000
D 0.000000 2.687006 -2.687006
P -2.687006 5.374012 -2.687006
E -5.374012 8.061017 -2.687006
T -5.374012 5.374012 0.000000
G -5.374012 2.687006 -2.687006
T -2.687006 0.000000 -2.687006
W -2.687006 2.687006 0.000000
Y -2.687006 0.000000 2.687006


-3.000000	927891b40
10

Y 0.000000 0.000000 0.000000
Y 2.687006 2.687006 0.000000
D 5.374012 2.687006 2.687006
P 2.687006 2.687006 5.374012
E 0.000000 5.374012 5.374012
T 0.000000 2.687006 8.061017
G 0.000000 0.000000 5.374012
T 2.687006 -2.687006 5.374012
W 2.687006 0.000000 8.061017
Y 2.687006 -2.687006 10.748023


-3.000000	3812375a0
10

Y 0.000000 0.000000 0.000000
Y 2.687006 2.687006 0.000000
D 0.000000 2.687006 -2.687006
P 2.687006 2.687006 -5.374012
E 5.374012 0.000000 -5.374012
T 5.374012 2.687006 -8.061017
G 5.374012 5.374012 -5.374012
T 2.687006 8.061017 -5.374012
W 2.687006 5.374012 -8.061017
Y 2.687006 8.061017 -10.748023


-3.000000	927891b10
10

Y 0.000000 0.000000 0.000000
Y 2.687006 2.687006 0.000000
D 0.000000 5.374012 0.000000
P -2.687006 5.374012 2.687006
E -5.374012 8.061017 2.687006
T -5.374012 5.374012 5.374012
G -5.374012 2.687006 2.687006
T -2.687006 0.000000 2.687006
W -2.687006 2.687006 5.374012
Y -2.687006 0.000000 8.061017


-3.000000	927891b00
10

Y 0.000000 0.000000 0.000000
Y 2.687006 2.687006 0.000000
D 5.374012 5.374012 0.000000
P 2.687006 5.374012 2.687006
E 0.000000 8.061017 2.687006
T 0.000000 5.374012 5.374012
G 0.000000 2.687006 2.687006
T 2.687006 0.000000 2.687006
W 2.687006 2.687006 5.374012
Y 2.687006 0.000000 8.061017


-3.000000	381237540
10

Y 0.000000 0.000000 0.000000
Y 2.687006 2.687006 0.000000
D 5.374012 2.687006 2.687006
P 8.061017 2.687006 0.000000
E 10.748023 0.000000 0.000000
T 10.748023 2.687006 -2.687006
G 10.748023 5.374012 0.000000
T 8.061017 8.061017 0.000000
W 8.061017 5.374012 -2.687006
Y 8.061017 8.061017 -5.374012


-3.000000	927891ba0
10

Y 0.000000 0.000000 0.000000
Y 2.687006 2.687006 0.000000
D 0.000000 2.687006 -2.687006
P -2.687006 2.687006 0.000000
E -5.374012 5.374012 0.000000
T -5.374012 2.687006 2.687006
G -5.374012 0.000000 0.000000
T -2.687006 -2.687006 0.000000
W -2.687006 0.000000 2.687006
Y -2.687006 -2.687006 5.374012


-3.000000	381237510
10

Y 0.000000 0.000000 0.000000
Y 2.687006 2.687006 0.000000
D 0.000000 5.374012 0.000000
P 2.687006 5.374012 -2.687006
E 5.374012 2.687006 -2.687006
T 5.374012 5.374012 -5.374012
G 5.374012 8.061017 -2.687006
T 2.687006 10.748023 -2.687006
W 2.687006 8.061017 -5.374012
Y 2.687006 10.748023 -8.061017


-3.000000	381237500
10

Y 0.000000 0.000000 0.000000
Y 2.687006 2.687006 0.000000
D 5.374012 5.374012 0.000000
P 8.061017 5.374012 -2.687006
E 10.748023 2.687006 -2.687006
T 10.748023 5.374012 -5.374012
G 10.748023 8.061017 -2.687006
T 8.061017 10.748023 -2.687006
W 8.061017 8.061017 -5.374012
Y 8.061017 10.748023 -8.061017


-3.000000	927891a10
10

Y 0.000000 0.000000 0.000000
Y 2.687006 2.687006 0.000000
D 0.000000 5.374012 0.000000
P -2.687006 5.374012 -2.687006
E -5.374012 8.061017 -2.687006
T -5.374012 5.374012 0.000000
G -5.374012 2.687006 -2.687006
T -2.687006 0.000000 -2.687006
W -2.687006 2.687006 0.000000
Y -2.687006 0.000000 2.687006


-3.000000	381237440
10

Y 0.000000 0.000000 0.000000
Y 2.687006 2.687006 0.000000
D 5.374012 2.687006 2.687006
P 8.061017 2.687006 5.374012
E 10.748023 0.000000 5.374012
T 10.748023 2.687006 2.687006
G 10.748023 5.374012 5.374012
T 8.061017 8.061017 5.374012
W 8.061017 5.374012 2.687006
Y 8.061017 8.061017 0.000000


-3.000000	927891aa0
10

Y 0.000000 0.000000 0.000000
Y 2.687006 2.687006 0.000000
D 0.000000 2.687006 -2.687006
P -2.687006 2.687006 -5.374012
E -5.374012 5.374012 -5.374012
T -5.374012 2.687006 -2.687006
G -5.374012 0.000000 -5.374012
T -2.687006 -2.687006 -5.374012
W -2.687006 0.000000 -2.687006
Y -2.687006 -2.687006 0.000000


-3.000000	381237410
10

Y 0.000000 0.000000 0.000000
Y 2.687006 2.687006 0.000000
D 0.000000 5.374012 0.000000
P 2.687006 5.374012 2.687006
E 5.374012 2.687006 2.687006
T 5.374012 5.374012 0.000000
G 5.374012 8.061017 2.687006
T 2.687006 10.748023 2.687006
W 2.687006 8.061017 0.000000
Y 2.687006 10.748023 -2.687006


-3.000000	381237400
10

Y 0.000000 0.000000 0.000000
Y 2.687006 2.687006 0.000000
D 5.374012 5.374012 0.000000
P 8.061017 5.374012 2.687006
E 10.748023 2.687006 2.687006
T 10.748023 5.374012 0.000000
G 10.748023 8.061017 2.687006
T 8.061017 10.748023 2.687006
W 8.061017 8.061017 0.000000
Y 8.061017 10.748023 -2.687006


-3.000000	927891910
10

Y 0.000000 0.000000 0.000000
Y 2.687006 2.687006 0.000000
D 0.000000 5.374012 0.000000
P 0.000000 2.687006 2.687006
E -2.687006 5.374012 2.687006
T -2.687006 2.687006 5.374012
G -2.687006 0.000000 2.687006
T 0.000000 -2.687006 2.687006
W 0.000000 0.000000 5.374012
Y 0.000000 -2.687006 8.061017


-3.000000	927891900
10

Y 0.000000 0.000000 0.000000
Y 2.687006 2.687006 0.000000
D 5.374012 5.374012 0.000000
P 5.374012 2.687006 2.687006
E 2.687006 5.374012 2.687006
T 2.687006 2.687006 5.374012
G 2.687006 0.000000 2.687006
T 5.374012 -2.687006 2.687006
W 5.374012 0.000000 5.374012
Y 5.374012 -2.687006 8.061017


-3.000000	381237340
10

Y 0.000000 0.000000 0.000000
Y 2.687006 2.687006 0.000000
D 5.374012 2.687006 2.687006
P 5.374012 5.374012 0.000000
E 8.061017 2.687006 0.000000
T 8.061017 5.374012 -2.687006
G 8.061017 8.061017 0.000000
T 5.374012 10.748023 0.000000
W 5.374012 8.061017 -2.687006
Y 5.374012 10.748023 -5.374012


-3.000000	381237310
10

Y 0.000000 0.000000 0.000000
Y 2.687006 2.687006 0.000000
D 0.000000 5.374012 0.000000
P 0.000000 8.061017 -2.687006
E 2.687006 5.374012 -2.687006
T 2.687006 8.061017 -5.374012
G 2.687006 10.748023 -2.687006
T 0.000000 13.435029 -2.687006
W 0.000000 10.748023 -5.374012
Y 0.000000 13.435029 -8.061017


-3.000000	381237300
10

Y 0.000000 0.000000 0.000000
Y 2.687006 2.687006 0.000000
D 5.374012 5.374012 0.000000
P 5.374012 8.061017 -2.687006
E 8.061017 5.374012 -2.687006
T 8.061017 8.061017 -5.374012
G 8.061017 10.748023 -2.687006
T 5.374012 13.435029 -2.687006
W 5.374012 10.748023 -5.374012
Y 5.374012 13.435029 -8.061017


-3.000000	927891940
10

Y 0.000000 0.000000 0.000000
Y 2.687006 2.687006 0.000000
D 5.374012 2.687006 2.687006
P 5.374012 0.000000 5.374012
E 2.687006 2.687006 5.374012
T 2.687006 0.000000 8.061017
G 2.687006 -2.687006 5.374012
T 5.374012 -5.374012 5.374012
W 5.374012 -2.687006 8.061017
Y 5.374012 -5.374012 10.748023


-3.000000	3812373a0
10

Y 0.000000 0.000000 0.000000
Y 2.687006 2.687006 0.000000
D 0.000000 2.687006 -2.687006
P 0.000000 5.374012 -5.374012
E 2.687006 2.687006 -5.374012
T 2.687006 5.374012 -8.061017
G 2.687006 8.061017 -5.374012
T 0.000000 10.748023 -5.374012
W 0.000000 8.061017 -8.061017
Y 0.000000 10.748023 -10.748023


-3.000000	381237240
10

Y 0.000000 0.000000 0.000000
Y 2.687006 2.687006 0.000000
D 5.374012 2.687006 2.687006
P 5.374012 5.374012 5.374012
E 8.061017 2.687006 5.374012
T 8.061017 5.374012 2.687006
G 8.061017 8.061017 5.374012
T 5.374012 10.748023 5.374012
W 5.374012 8.061017 2.687006
Y 5.374012 10.748023 0.000000


-3.000000	9278918a0
10

Y 0.000000 0.000000 0.000000
Y 2.687006 2.687006 0.000000
D 0.000000 2.687006 -2.687006
P 0.000000 0.000000 -5.374012
E -2.687006 2.687006 -5.374012
T -2.687006 0.000000 -2.687006
G -2.687006 -2.687006 -5.374012
T 0.000000 -5.374012 -5.374012
W 0.000000 -2.687006 -2.687006
Y 0.000000 -5.374012 0.000000


-3.000000	381237210
10

Y 0.000000 0.000000 0.000000
Y 2.687006 2.687006 0.000000
D 0.000000 5.374012 0.000000
P 0.000000 8.061017 2.687006
E 2.687006 5.374012 2.687006
T 2.687006 8.061017 0.000000
G 2.687006 10.748023 2.687006
T 0.000000 13.435029 2.687006
W 0.000000 10.748023 0.000000
Y 0.000000 13.435029 -2.687006


-3.000000	381237200
10

Y 0.000000 0.000000 0.000000
Y 2.687006 2.687006 0.000000
D 5.374012 5.374012 0.000000
P 5.374012 8.061017 2.687006
E 8.061017 5.374012 2.687006
T 8.061017 8.061017 0.000000
G 8.061017 10.748023 2.687006
T 5.374012 13.435029 2.687006
W 5.374012 10.748023 0.000000
Y 5.374012 13.435029 -2.687006


-3.000000	927862700
10

Y 0.000000 0.000000 0.000000
Y 2.687006 2.687006 0.000000
D 5.374012 5.374012 0.000000
P 8.061017 2.687006 0.000000
E 8.061017 5.374012 2.687006
T 5.374012 2.687006 2.687006
G 5.374012 0.000000 0.000000
T 8.061017 -2.687006 0.000000
W 8.061017 0.000000 2.687006
Y 8.061017 -2.687006 5.374012


-3.000000	381208110
10

Y 0.000000 0.000000 0.000000
Y 2.687006 2.687006 0.000000
D 0.000000 5.374012 0.000000
P -2.687006 8.061017 0.000000
E -2.687006 5.374012 -2.687006
T 0.000000 8.061017 -2.687006
G 0.000000 10.748023 0.000000
T -2.687006 13.435029 0.000000
W -2.687006 10.748023 -2.687006
Y -2.687006 13.435029 -5.374012


-3.000000	381208100
10

Y 0.000000 0.000000 0.000000
Y 2.687006 2.687006 0.000000
D 5.374012 5.374012 0.000000
P 2.687006 8.061017 0.000000
E 2.687006 5.374012 -2.687006
T 5.374012 8.061017 -2.687006
G 5.374012 10.748023 0.000000
T 2.687006 13.435029 0.000000
W 2.687006 10.748023 -2.687006
Y 2.687006 13.435029 -5.374012


-3.000000	927862740
10

Y 0.000000 0.000000 0.000000
Y 2.687006 2.687006 0.000000
D 5.374012 2.687006 2.687006
P 8.061017 0.000000 2.687006
E 8.061017 2.687006 5.374012
T 5.374012 0.000000 5.374012
G 5.374012 -2.687006 2.687006
T 8.061017 -5.374012 2.687006
W 8.061017 -2.687006 5.374012
Y 8.061017 -5.374012 8.061017


-3.000000	3812081a0
10

Y 0.000000 0.000000 0.000000
Y 2.687006 2.687006 0.000000
D 0.000000 2.687006 -2.687006
P -2.687006 5.374012 -2.687006
E -2.687006 2.687006 -5.374012
T 0.000000 5.374012 -5.374012
G 0.000000 8.061017 -2.687006
T -2.687006 10.748023 -2.687006
W -2.687006 8.061017 -5.374012
Y -2.687006 10.748023 -8.061017


-3.000000	381208040
10

Y 0.000000 0.000000 0.000000
Y 2.687006 2.687006 0.000000
D 5.374012 2.687006 2.687006
P 8.061017 5.374012 2.687006
E 8.061017 2.687006 0.000000
T 10.748023 5.374012 0.000000
G 10.748023 8.061017 2.687006
T 8.061017 10.748023 2.687006
W 8.061017 8.061017 0.000000
Y 8.061017 10.748023 -2.687006


-3.000000	9278626a0
10

Y 0.000000 0.000000 0.000000
Y 2.687006 2.687006 0.000000
D 0.000000 2.687006 -2.687006
P -2.687006 0.000000 -2.687006
E -2.687006 2.687006 0.000000
T -5.374012 0.000000 0.000000
G -5.374012 -2.687006 -2.687006
T -2.687006 -5.374012 -2.687006
W -2.687006 -2.687006 0.000000
Y -2.687006 -5.374012 2.687006


-3.000000	381208010
10

Y 0.000000 0.000000 0.000000
Y 2.687006 2.687006 0.000000
D 0.000000 5.374012 0.000000
P 2.687006 8.061017 0.000000
E 2.687006 5.374012 -2.687006
T 5.374012 8.061017 -2.687006
G 5.374012 10.748023 0.000000
T 2.687006 13.435029 0.000000
W 2.687006 10.748023 -2.687006
Y 2.687006 13.435029 -5.374012


-3.000000	381208000
10

Y 0.000000 0.000000 0.000000
Y 2.687006 2.687006 0.000000
D 5.374012 5.374012 0.000000
P 8.061017 8.061017 0.000000
E 8.061017 5.374012 -2.687006
T 10.748023 8.061017 -2.687006
G 10.748023 10.748023 0.000000
T 8.061017 13.435029 0.000000
W 8.061017 10.748023 -2.687006
Y 8.061017 13.435029 -5.374012


-3.000000	927862640
10

Y 0.000000 0.000000 0.000000
Y 2.687006 2.687006 0.000000
D 5.374012 2.687006 2.687006
P 2.687006 0.000000 2.687006
E 2.687006 2.687006 5.374012
T 0.000000 0.000000 5.374012
G 0.000000 -2.687006 2.687006
T 2.687006 -5.374012 2.687006
W 2.687006 -2.687006 5.374012
Y 2.687006 -5.374012 8.061017


-3.000000	3812080a0
10

Y 0.000000 0.000000 0.000000
Y 2.687006 2.687006 0.000000
D 0.000000 2.687006 -2.687006
P 2.687006 5.374012 -2.687006
E 2.687006 2.687006 -5.374012
T 5.374012 5.374012 -5.374012
G 5.374012 8.061017 -2.687006
T 2.687006 10.748023 -2.687006
W 2.687006 8.061017 -5.374012
Y 2.687006 10.748023 -8.061017


-3.000000	927862610
10

Y 0.000000 0.000000 0.000000
Y 2.687006 2.687006 0.000000
D 0.000000 5.374012 0.000000
P -2.687006 2.687006 0.000000
E -2.687006 5.374012 2.687006
T -5.374012 2.687006 2.687006
G -5.374012 0.000000 0.000000
T -2.687006 -2.687006 0.000000
W -2.687006 0.000000 2.687006
Y -2.687006 -2.687006 5.374012


-3.000000	381208a10
10

Y 0.000000 0.000000 0.000000
Y 2.687006 2.687006 0.000000
D 0.000000 5.374012 0.000000
P -2.687006 5.374012 -2.687006
E -2.687006 2.687006 -5.374012
T 0.000000 5.374012 -5.374012
G 0.000000 8.061017 -2.687006
T -2.687006 10.748023 -2.687006
W -2.687006 8.061017 -5.374012
Y -2.687006 10.748023 -8.061017


-3.000000	381208a00
10

Y 0.000000 0.000000 0.000000
Y 2.687006 2.687006 0.000000
D 5.374012 5.374012 0.000000
P 2.687006 5.374012 -2.687006
E 2.687006 2.687006 -5.374012
T 5.374012 5.374012 -5.374012
G 5.374012 8.061017 -2.687006
T 2.687006 10.748023 -2.687006
W 2.687006 8.061017 -5.374012
Y 2.687006 10.748023 -8.061017


-3.000000	927862440
10

Y 0.000000 0.000000 0.000000
Y 2.687006 2.687006 0.000000
D 5.374012 2.687006 2.687006
P 8.061017 2.687006 5.374012
E 8.061017 5.374012 8.061017
T 5.374012 2.687006 8.061017
G 5.374012 0.000000 5.374012
T 8.061017 -2.687006 5.374012
W 8.061017 0.000000 8.061017
Y 8.061017 -2.687006 10.748023


-3.000000	381208aa0
10

Y 0.000000 0.000000 0.000000
Y 2.687006 2.687006 0.000000
D 0.000000 2.687006 -2.687006
P -2.687006 2.687006 -5.374012
E -2.687006 0.000000 -8.061017
T 0.000000 2.687006 -8.061017
G 0.000000 5.374012 -5.374012
T -2.687006 8.061017 -5.374012
W -2.687006 5.374012 -8.061017
Y -2.687006 8.061017 -10.748023


-3.000000	927862410
10

Y 0.000000 0.000000 0.000000
Y 2.687006 2.687006 0.000000
D 0.000000 5.374012 0.000000
P 2.687006 5.374012 2.687006
E 2.687006 8.061017 5.374012
T 0.000000 5.374012 5.374012
G 0.000000 2.687006 2.687006
T 2.687006 0.000000 2.687006
W 2.687006 2.687006 5.374012
Y 2.687006 0.000000 8.061017


-3.000000	927862400
10

Y 0.000000 0.000000 0.000000
Y 2.687006 2.687006 0.000000
D 5.374012 5.374012 0.000000
P 8.061017 5.374012 2.687006
E 8.061017 8.061017 5.374012
T 5.374012 5.374012 5.374012
G 5.374012 2.687006 2.687006
T 8.061017 0.000000 2.687006
W 8.061017 2.687006 5.374012
Y 8.061017 0.000000 8.061017


-3.000000	381208810
10

Y 0.000000 0.000000 0.000000
Y 2.687006 2.687006 0.000000
D 0.000000 5.374012 0.000000
P 0.000000 2.687006 -2.687006
E 0.000000 0.000000 -5.374012
T 2.687006 2.687006 -5.374012
G 2.687006 5.374012 -2.687006
T 0.000000 8.061017 -2.687006
W 0.000000 5.374012 -5.374012
Y 0.000000 8.061017 -8.061017


-3.000000	381208800
10

Y 0.000000 0.000000 0.000000
Y 2.687006 2.687006 0.000000
D 5.374012 5.374012 0.000000
P 5.374012 2.687006 -2.687006
E 5.374012 0.000000 -5.374012
T 8.061017 2.687006 -5.374012
G 8.061017 5.374012 -2.687006
T 5.374012 8.061017 -2.687006
W 5.374012 5.374012 -5.374012
Y 5.374012 8.061017 -8.061017


-3.000000	927862240
10

Y 0.000000 0.000000 0.000000
Y 2.687006 2.687006 0.000000
D 5.374012 2.687006 2.687006
P 5.374012 5.374012 5.374012
E 5.374012 8.061017 8.061017
T 2.687006 5.374012 8.061017
G 2.687006 2.687006 5.374012
T 5.374012 0.000000 5.374012
W 5.374012 2.687006 8.061017
Y 5.374012 0.000000 10.748023


-3.000000	3812088a0
10

Y 0.000000 0.000000 0.000000
Y 2.687006 2.687006 0.000000
D 0.000000 2.687006 -2.687006
P 0.000000 0.000000 -5.374012
E 0.000000 -2.687006 -8.061017
T 2.687006 0.000000 -8.061017
G 2.687006 2.687006 -5.374012
T 0.000000 5.374012 -5.374012
W 0.000000 2.687006 -8.061017
Y 0.000000 5.374012 -10.748023


-3.000000	927862210
10

Y 0.000000 0.000000 0.000000
Y 2.687006 2.687006 0.000000
D 0.000000 5.374012 0.000000
P 0.000000 8.061017 2.687006
E 0.000000 10.748023 5.374012
T -2.687006 8.061017 5.374012
G -2.687006 5.374012 2.687006
T 0.000000 2.687006 2.687006
W 0.000000 5.374012 5.374012
Y 0.000000 2.687006 8.061017


-3.000000	927862200
10

Y 0.000000 0.000000 0.000000
Y 2.687006 2.687006 0.000000
D 5.374012 5.374012 0.000000
P 5.374012 8.061017 2.687006
E 5.374012 10.748023 5.374012
T 2.687006 8.061017 5.374012
G 2.687006 5.374012 2.687006
T 5.374012 2.687006 2.687006
W 5.374012 5.374012 5.374012
Y 5.374012 2.687006 8.061017


-3.000000	381208840
10

Y 0.000000 0.000000 0.000000
Y 2.687006 2.687006 0.000000
D 5.374012 2.687006 2.687006
P 5.374012 0.000000 0.000000
E 5.374012 -2.687006 -2.687006
T 8.061017 0.000000 -2.687006
G 8.061017 2.687006 0.000000
T 5.374012 5.374012 0.000000
W 5.374012 2.687006 -2.687006
Y 5.374012 5.374012 -5.374012


-3.000000	381208700
10

Y 0.000000 0.000000 0.000000
Y 2.687006 2.687006 0.000000
D 5.374012 5.374012 0.000000
P 8.061017 2.687006 0.000000
E 8.061017 0.000000 -2.687006
T 10.748023 2.687006 -2.687006
G 10.748023 5.374012 0.000000
T 8.061017 8.061017 0.000000
W 8.061017 5.374012 -2.687006
Y 8.061017 8.061017 -5.374012


-3.000000	927862140
10

Y 0.000000 0.000000 0.000000
Y 2.687006 2.687006 0.000000
D 5.374012 2.687006 2.687006
P 2.687006 5.374012 2.687006
E 2.687006 8.061017 5.374012
T 0.000000 5.374012 5.374012
G 0.000000 2.687006 2.687006
T 2.687006 0.000000 2.687006
W 2.687006 2.687006 5.374012
Y 2.687006 0.000000 8.061017


-3.000000	3812087a0
10

Y 0.000000 0.000000 0.000000
Y 2.687006 2.687006 0.000000
D 0.000000 2.687006 -2.687006
P 2.687006 0.000000 -2.687006
E 2.687006 -2.687006 -5.374012
T 5.374012 0.000000 -5.374012
G 5.374012 2.687006 -2.687006
T 2.687006 5.374012 -2.687006
W 2.687006 2.687006 -5.374012
Y 2.687006 5.374012 -8.061017


-3.000000	927862110
10

Y 0.000000 0.000000 0.000000
Y 2.687006 2.687006 0.000000
D 0.000000 5.374012 0.000000
P -2.687006 8.061017 0.000000
E -2.687006 10.748023 2.687006
T -5.374012 8.061017 2.687006
G -5.374012 5.374012 0.000000
T -2.687006 2.687006 0.000000
W -2.687006 5.374012 2.687006
Y -2.687006 2.687006 5.374012


-3.000000	381208740
10

Y 0.000000 0.000000 0.000000
Y 2.687006 2.687006 0.000000
D 5.374012 2.687006 2.687006
P 8.061017 0.000000 2.687006
E 8.061017 -2.687006 0.000000
T 10.748023 0.000000 0.000000
G 10.748023 2.687006 2.687006
T 8.061017 5.374012 2.687006
W 8.061017 2.687006 0.000000
Y 8.061017 5.374012 -2.687006


-3.000000	9278621a0
10

Y 0.000000 0.000000 0.000000
Y 2.687006 2.687006 0.000000
D 0.000000 2.687006 -2.687006
P -2.687006 5.374012 -2.687006
E -2.687006 8.061017 0.000000
T -5.374012 5.374012 0.000000
G -5.374012 2.687006 -2.687006
T -2.687006 0.000000 -2.687006
W -2.687006 2.687006 0.000000
Y -2.687006 0.000000 2.687006


-3.000000	927862b40
10

Y 0.000000 0.000000 0.000000
Y 2.687006 2.687006 0.000000
D 5.374012 2.687006 2.687006
P 2.687006 2.687006 5.374012
E 2.687006 5.374012 8.061017
T 0.000000 2.687006 8.061017
G 0.000000 0.000000 5.374012
T 2.687006 -2.687006 5.374012
W 2.687006 0.000000 8.061017
Y 2.687006 -2.687006 10.748023


-3.000000	3812085a0
10

Y 0.000000 0.000000 0.000000
Y 2.687006 2.687006 0.000000
D 0.000000 2.687006 -2.687006
P 2.687006 2.687006 -5.374012
E 2.687006 0.000000 -8.061017
T 5.374012 2.687006 -8.061017
G 5.374012 5.374012 -5.374012
T 2.687006 8.061017 -5.374012
W 2.687006 5.374012 -8.061017
Y 2.687006 8.061017 -10.748023


-3.000000	927862b10
10

Y 0.000000 0.000000 0.000000
Y 2.687006 2.687006 0.000000
D 0.000000 5.374012 0.000000
P -2.687006 5.374012 2.687006
E -2.687006 8.061017 5.374012
T -5.374012 5.374012 5.374012
G -5.374012 2.687006 2.687006
T -2.687006 0.000000 2.687006
W -2.687006 2.687006 5.374012
Y -2.687006 0.000000 8.061017


-3.000000	927862b00
10

Y 0.000000 0.000000 0.000000
Y 2.687006 2.687006 0.000000
D 5.374012 5.374012 0.000000
P 2.687006 5.374012 2.687006
E 2.687006 8.061017 5.374012
T 0.000000 5.374012 5.374012
G 0.000000 2.687006 2.687006
T 2.687006 0.000000 2.687006
W 2.687006 2.687006 5.374012
Y 2.687006 0.000000 8.061017


-3.000000	381208540
10

Y 0.000000 0.000000 0.000000
Y 2.687006 2.687006 0.000000
D 5.374012 2.687006 2.687006
P 8.061017 2.687006 0.000000
E 8.061017 0.000000 -2.687006
T 10.748023 2.687006 -2.687006
G 10.748023 5.374012 0.000000
T 8.061017 8.061017 0.000000
W 8.061017 5.374012 -2.687006
Y 8.061017 8.061017 -5.374012


-3.000000	927862ba0
10

Y 0.000000 0.000000 0.000000
Y 2.687006 2.687006 0.000000
D 0.000000 2.687006 -2.687006
P -2.687006 2.687006 0.000000
E -2.687006 5.374012 2.687006
T -5.374012 2.687006 2.687006
G -5.374012 0.000000 0.000000
T -2.687006 -2.687006 0.000000
W -2.687006 0.000000 2.687006
Y -2.687006 -2.687006 5.374012


-3.000000	381208510
10

Y 0.000000 0.000000 0.000000
Y 2.687006 2.687006 0.000000
D 0.000000 5.374012 0.000000
P 2.687006 5.374012 -2.687006
E 2.687006 2.687006 -5.374012
T 5.374012 5.374012 -5.374012
G 5.374012 8.061017 -2.687006
T 2.687006 10.748023 -2.687006
W 2.687006 8.061017 -5.374012
Y 2.687006 10.748023 -8.061017


-3.000000	381208500
10

Y 0.000000 0.000000 0.000000
Y 2.687006 2.687006 0.000000
D 5.374012 5.374012 0.000000
P 8.061017 5.374012 -2.687006
E 8.061017 2.687006 -5.374012
T 10.748023 5.374012 -5.374012
G 10.748023 8.061017 -2.687006
T 8.061017 10.748023 -2.687006
W 8.061017 8.061017 -5.374012
Y 8.061017 10.748023 -8.061017


-3.000000	927862a10
10

Y 0.000000 0.000000 0.000000
Y 2.687006 2.687006 0.000000
D 0.000000 5.374012 0.000000
P -2.687006 5.374012 -2.687006
E -2.687006 8.061017 0.000000
T -5.374012 5.374012 0.000000
G -5.374012 2.687006 -2.687006
T -2.687006 0.000000 -2.687006
W -2.687006 2.687006 0.000000
Y -2.687006 0.000000 2.687006


-3.000000	381208440
10

Y 0.000000 0.000000 0.000000
Y 2.687006 2.687006 0.000000
D 5.374012 2.687006 2.687006
P 8.061017 2.687006 5.374012
E 8.061017 0.000000 2.687006
T 10.748023 2.687006 2.687006
G 10.748023 5.374012 5.374012
T 8.061017 8.061017 5.374012
W 8.061017 5.374012 2.687006
Y 8.061017 8.061017 0.000000


-3.000000	927862aa0
10

Y 0.000000 0.000000 0.000000
Y 2.687006 2.687006 0.000000
D 0.000000 2.687006 -2.687006
P -2.687006 2.687006 -5.374012
E -2.687006 5.374012 -2.687006
T -5.374012 2.687006 -2.687006
G -5.374012 0.000000 -5.374012
T -2.687006 -2.687006 -5.374012
W -2.687006 0.000000 -2.687006
Y -2.687006 -2.687006 0.000000


-3.000000	381208400
10

Y 0.000000 0.000000 0.000000
Y 2.687006 2.687006 0.000000
D 5.374012 5.374012 0.000000
P 8.061017 5.374012 2.687006
E 8.061017 2.687006 0.000000
T 10.748023 5.374012 0.000000
G 10.748023 8.061017 2.687006
T 8.061017 10.748023 2.687006
W 8.061017 8.061017 0.000000
Y 8.061017 10.748023 -2.687006


-3.000000	927862910
10

Y 0.000000 0.000000 0.000000
Y 2.687006 2.687006 0.000000
D 0.000000 5.374012 0.000000
P 0.000000 2.687006 2.687006
E 0.000000 5.374012 5.374012
T -2.687006 2.687006 5.374012
G -2.687006 0.000000 2.687006
T 0.000000 -2.687006 2.687006
W 0.000000 0.000000 5.374012
Y 0.000000 -2.687006 8.061017


-3.000000	927862900
10

Y 0.000000 0.000000 0.000000
Y 2.687006 2.687006 0.000000
D 5.374012 5.374012 0.000000
P 5.374012 2.687006 2.687006
E 5.374012 5.374012 5.374012
T 2.687006 2.687006 5.374012
G 2.687006 0.000000 2.687006
T 5.374012 -2.687006 2.687006
W 5.374012 0.000000 5.374012
Y 5.374012 -2.687006 8.061017


-3.000000	381208340
10

Y 0.000000 0.000000 0.000000
Y 2.687006 2.687006 0.000000
D 5.374012 2.687006 2.687006
P 5.374012 5.374012 0.000000
E 5.374012 2.687006 -2.687006
T 8.061017 5.374012 -2.687006
G 8.061017 8.061017 0.000000
T 5.374012 10.748023 0.000000
W 5.374012 8.061017 -2.687006
Y 5.374012 10.748023 -5.374012


-3.000000	381208310
10

Y 0.000000 0.000000 0.000000
Y 2.687006 2.687006 0.000000
D 0.000000 5.374012 0.000000
P 0.000000 8.061017 -2.687006
E 0.000000 5.374012 -5.374012
T 2.687006 8.061017 -5.374012
G 2.687006 10.748023 -2.687006
T 0.000000 13.435029 -2.687006
W 0.000000 10.748023 -5.374012
Y 0.000000 13.435029 -8.061017


-3.000000	381208300
10

Y 0.000000 0.000000 0.000000
Y 2.687006 2.687006 0.000000
D 5.374012 5.374012 0.000000
P 5.374012 8.061017 -2.687006
E 5.374012 5.374012 -5.374012
T 8.061017 8.061017 -5.374012
G 8.061017 10.748023 -2.687006
T 5.374012 13.435029 -2.687006
W 5.374012 10.748023 -5.374012
Y 5.374012 13.435029 -8.061017


-3.000000	927862940
10

Y 0.000000 0.000000 0.000000
Y 2.687006 2.687006 0.000000
D 5.374012 2.687006 2.687006
P 5.374012 0.000000 5.374012
E 5.374012 2.687006 8.061017
T 2.687006 0.000000 8.061017
G 2.687006 -2.687006 5.374012
T 5.374012 -5.374012 5.374012
W 5.374012 -2.687006 8.061017
Y 5.374012 -5.374012 10.748023


-3.000000	3812083a0
10

Y 0.000000 0.000000 0.000000
Y 2.687006 2.687006 0.000000
D 0.000000 2.687006 -2.687006
P 0.000000 5.374012 -5.374012
E 0.000000 2.687006 -8.061017
T 2.687006 5.374012 -8.061017
G 2.687006 8.061017 -5.374012
T 0.000000 10.748023 -5.374012
W 0.000000 8.061017 -8.061017
Y 0.000000 10.748023 -10.748023


-3.000000	927832700
10

Y 0.000000 0.000000 0.000000
Y 2.687006 2.687006 0.000000
D 5.374012 5.374012 0.000000
P 8.061017 2.687006 0.000000
E 8.061017 5.374012 2.687006
T 8.061017 8.061017 0.000000
G 8.061017 5.374012 -2.687006
T 10.748023 2.687006 -2.687006
W 10.748023 5.374012 0.000000
Y 10.748023 2.687006 2.687006


-3.000000	381298110
10

Y 0.000000 0.000000 0.000000
Y 2.687006 2.687006 0.000000
D 0.000000 5.374012 0.000000
P -2.687006 8.061017 0.000000
E -2.687006 5.374012 -2.687006
T -2.687006 2.687006 0.000000
G -2.687006 5.374012 2.687006
T -5.374012 8.061017 2.687006
W -5.374012 5.374012 0.000000
Y -5.374012 8.061017 -2.687006


-3.000000	927832740
10

Y 0.000000 0.000000 0.000000
Y 2.687006 2.687006 0.000000
D 5.374012 2.687006 2.687006
P 8.061017 0.000000 2.687006
E 8.061017 2.687006 5.374012
T 8.061017 5.374012 2.687006
G 8.061017 2.687006 0.000000
T 10.748023 0.000000 0.000000
W 10.748023 2.687006 2.687006
Y 10.748023 0.000000 5.374012


-3.000000	3812981a0
10

Y 0.000000 0.000000 0.000000
Y 2.687006 2.687006 0.000000
D 0.000000 2.687006 -2.687006
P -2.687006 5.374012 -2.687006
E -2.687006 2.687006 -5.374012
T -2.687006 0.000000 -2.687006
G -2.687006 2.687006 0.000000
T -5.374012 5.374012 0.000000
W -5.374012 2.687006 -2.687006
Y -5.374012 5.374012 -5.374012


-3.000000	381298b40
10

Y 0.000000 0.000000 0.000000
Y 2.687006 2.687006 0.000000
D 5.374012 2.687006 2.687006
P 2.687006 2.687006 5.374012
E 2.687006 0.000000 2.687006
T 2.687006 -2.687006 5.374012
G 2.687006 0.000000 8.061017
T 0.000000 2.687006 8.061017
W 0.000000 0.000000 5.374012
Y 0.000000 2.687006 2.687006


-3.000000	9278325a0
10

Y 0.000000 0.000000 0.000000
Y 2.687006 2.687006 0.000000
D 0.000000 2.687006 -2.687006
P 2.687006 2.687006 -5.374012
E 2.687006 5.374012 -2.687006
T 2.687006 8.061017 -5.374012
G 2.687006 5.374012 -8.061017
T 5.374012 2.687006 -8.061017
W 5.374012 5.374012 -5.374012
Y 5.374012 2.687006 -2.687006


-3.000000	381298b10
10

Y 0.000000 0.000000 0.000000
Y 2.687006 2.687006 0.000000
D 0.000000 5.374012 0.000000
P -2.687006 5.374012 2.687006
E -2.687006 2.687006 0.000000
T -2.687006 0.000000 2.687006
G -2.687006 2.687006 5.374012
T -5.374012 5.374012 5.374012
W -5.374012 2.687006 2.687006
Y -5.374012 5.374012 0.000000


-3.000000	927832540
10

Y 0.000000 0.000000 0.000000
Y 2.687006 2.687006 0.000000
D 5.374012 2.687006 2.687006
P 8.061017 2.687006 0.000000
E 8.061017 5.374012 2.687006
T 8.061017 8.061017 0.000000
G 8.061017 5.374012 -2.687006
T 10.748023 2.687006 -2.687006
W 10.748023 5.374012 0.000000
Y 10.748023 2.687006 2.687006


-3.000000	381298ba0
10

Y 0.000000 0.000000 0.000000
Y 2.687006 2.687006 0.000000
D 0.000000 2.687006 -2.687006
P -2.687006 2.687006 0.000000
E -2.687006 0.000000 -2.687006
T -2.687006 -2.687006 0.000000
G -2.687006 0.000000 2.687006
T -5.374012 2.687006 2.687006
W -5.374012 0.000000 0.000000
Y -5.374012 2.687006 -2.687006


-3.000000	927832510
10

Y 0.000000 0.000000 0.000000
Y 2.687006 2.687006 0.000000
D 0.000000 5.374012 0.000000
P 2.687006 5.374012 -2.687006
E 2.687006 8.061017 0.000000
T 2.687006 10.748023 -2.687006
G 2.687006 8.061017 -5.374012
T 5.374012 5.374012 -5.374012
W 5.374012 8.061017 -2.687006
Y 5.374012 5.374012 0.000000


-3.000000	927832500
10

Y 0.000000 0.000000 0.000000
Y 2.687006 2.687006 0.000000
D 5.374012 5.374012 0.000000
P 8.061017 5.374012 -2.687006
E 8.061017 8.061017 0.000000
T 8.061017 10.748023 -2.687006
G 8.061017 8.061017 -5.374012
T 10.748023 5.374012 -5.374012
W 10.748023 8.061017 -2.687006
Y 10.748023 5.374012 0.000000


-3.000000	381298a10
10

Y 0.000000 0.000000 0.000000
Y 2.687006 2.687006 0.000000
D 0.000000 5.374012 0.000000
P -2.687006 5.374012 -2.687006
E -2.687006 2.687006 -5.374012
T -2.687006 0.000000 -2.687006
G -2.687006 2.687006 0.000000
T -5.374012 5.374012 0.000000
W -5.374012 2.687006 -2.687006
Y -5.374012 5.374012 -5.374012


-3.000000	927832440
10

Y 0.000000 0.000000 0.000000
Y 2.687006 2.687006 0.000000
D 5.374012 2.687006 2.687006
P 8.061017 2.687006 5.374012
E 8.061017 5.374012 8.061017
T 8.061017 8.061017 5.374012
G 8.061017 5.374012 2.687006
T 10.748023 2.687006 2.687006
W 10.748023 5.374012 5.374012
Y 10.748023 2.687006 8.061017


-3.000000	381298aa0
10

Y 0.000000 0.000000 0.000000
Y 2.687006 2.687006 0.000000
D 0.000000 2.687006 -2.687006
P -2.687006 2.687006 -5.374012
E -2.687006 0.000000 -8.061017
T -2.687006 -2.687006 -5.374012
G -2.687006 0.000000 -2.687006
T -5.374012 2.687006 -2.687006
W -5.374012 0.000000 -5.374012
Y -5.374012 2.687006 -8.061017


-3.000000	927832410
10

Y 0.000000 0.000000 0.000000
Y 2.687006 2.687006 0.000000
D 0.000000 5.374012 0.000000
P 2.687006 5.374012 2.687006
E 2.687006 8.061017 5.374012
T 2.687006 10.748023 2.687006
G 2.687006 8.061017 0.000000
T 5.374012 5.374012 0.000000
W 5.374012 8.061017 2.687006
Y 5.374012 5.374012 5.374012


-3.000000	927832400
10

Y 0.000000 0.000000 0.000000
Y 2.687006 2.687006 0.000000
D 5.374012 5.374012 0.000000
P 8.061017 5.374012 2.687006
E 8.061017 8.061017 5.374012
T 8.061017 10.748023 2.687006
G 8.061017 8.061017 0.000000
T 10.748023 5.374012 0.000000
W 10.748023 8.061017 2.687006
Y 10.748023 5.374012 5.374012


-3.000000	927832340
10

Y 0.000000 0.000000 0.000000
Y 2.687006 2.687006 0.000000
D 5.374012 2.687006 2.687006
P 5.374012 5.374012 0.000000
E 5.374012 8.061017 2.687006
T 5.374012 10.748023 0.000000
G 5.374012 8.061017 -2.687006
T 8.061017 5.374012 -2.687006
W 8.061017 8.061017 0.000000
Y 8.061017 5.374012 2.687006


-3.000000	927832310
10

Y 0.000000 0.000000 0.000000
Y 2.687006 2.687006 0.000000
D 0.000000 5.374012 0.000000
P 0.000000 8.061017 -2.687006
E 0.000000 10.748023 0.000000
T 0.000000 13.435029 -2.687006
G 0.000000 10.748023 -5.374012
T 2.687006 8.061017 -5.374012
W 2.687006 10.748023 -2.687006
Y 2.687006 8.061017 0.000000


-3.000000	927832300
10

Y 0.000000 0.000000 0.000000
Y 2.687006 2.687006 0.000000
D 5.374012 5.374012 0.000000
P 5.374012 8.061017 -2.687006
E 5.374012 10.748023 0.000000
T 5.374012 13.435029 -2.687006
G 5.374012 10.748023 -5.374012
T 8.061017 8.061017 -5.374012
W 8.061017 10.748023 -2.687006
Y 8.061017 8.061017 0.000000


-3.000000	381298940
10

Y 0.000000 0.000000 0.000000
Y 2.687006 2.687006 0.000000
D 5.374012 2.687006 2.687006
P 5.374012 0.000000 5.374012
E 5.374012 -2.687006 2.687006
T 5.374012 -5.374012 5.374012
G 5.374012 -2.687006 8.061017
T 2.687006 0.000000 8.061017
W 2.687006 -2.687006 5.374012
Y 2.687006 0.000000 2.687006


-3.000000	9278323a0
10

Y 0.000000 0.000000 0.000000
Y 2.687006 2.687006 0.000000
D 0.000000 2.687006 -2.687006
P 0.000000 5.374012 -5.374012
E 0.000000 8.061017 -2.687006
T 0.000000 10.748023 -5.374012
G 0.000000 8.061017 -8.061017
T 2.687006 5.374012 -8.061017
W 2.687006 8.061017 -5.374012
Y 2.687006 5.374012 -2.687006


-3.000000	927832240
10

Y 0.000000 0.000000 0.000000
Y 2.687006 2.687006 0.000000
D 5.374012 2.687006 2.687006
P 5.374012 5.374012 5.374012
E 5.374012 8.061017 8.061017
T 5.374012 10.748023 5.374012
G 5.374012 8.061017 2.687006
T 8.061017 5.374012 2.687006
W 8.061017 8.061017 5.374012
Y 8.061017 5.374012 8.061017


-3.000000	3812988a0
10

Y 0.000000 0.000000 0.000000
Y 2.687006 2.687006 0.000000
D 0.000000 2.687006 -2.687006
P 0.000000 0.000000 -5.374012
E 0.000000 -2.687006 -8.061017
T 0.000000 -5.374012 -5.374012
G 0.000000 -2.687006 -2.687006
T -2.687006 0.000000 -2.687006
W -2.687006 -2.687006 -5.374012
Y -2.687006 0.000000 -8.061017


-3.000000	927832210
10

Y 0.000000 0.000000 0.000000
Y 2.687006 2.687006 0.000000
D 0.000000 5.374012 0.000000
P 0.000000 8.061017 2.687006
E 0.000000 10.748023 5.374012
T 0.000000 13.435029 2.687006
G 0.000000 10.748023 0.000000
T 2.687006 8.061017 0.000000
W 2.687006 10.748023 2.687006
Y 2.687006 8.061017 5.374012


-3.000000	927832200
10

Y 0.000000 0.000000 0.000000
Y 2.687006 2.687006 0.000000
D 5.374012 5.374012 0.000000
P 5.374012 8.061017 2.687006
E 5.374012 10.748023 5.374012
T 5.374012 13.435029 2.687006
G 5.374012 10.748023 0.000000
T 8.061017 8.061017 0.000000
W 8.061017 10.748023 2.687006
Y 8.061017 8.061017 5.374012


-3.000000	381298840
10

Y 0.000000 0.000000 0.000000
Y 2.687006 2.687006 0.000000
D 5.374012 2.687006 2.687006
P 5.374012 0.000000 0.000000
E 5.374012 -2.687006 -2.687006
T 5.374012 -5.374012 0.000000
G 5.374012 -2.687006 2.687006
T 2.687006 0.000000 2.687006
W 2.687006 -2.687006 0.000000
Y 2.687006 0.000000 -2.687006


-3.000000	9278322a0
10

Y 0.000000 0.000000 0.000000
Y 2.687006 2.687006 0.000000
D 0.000000 2.687006 -2.687006
P 0.000000 5.374012 0.000000
E 0.000000 8.061017 2.687006
T 0.000000 10.748023 0.000000
G 0.000000 8.061017 -2.687006
T 2.687006 5.374012 -2.687006
W 2.687006 8.061017 0.000000
Y 2.687006 5.374012 2.687006


-3.000000	381298700
10

Y 0.000000 0.000000 0.000000
Y 2.687006 2.687006 0.000000
D 5.374012 5.374012 0.000000
P 8.061017 2.687006 0.000000
E 8.061017 0.000000 -2.687006
T 8.061017 -2.687006 0.000000
G 8.061017 0.000000 2.687006
T 5.374012 2.687006 2.687006
W 5.374012 0.000000 0.000000
Y 5.374012 2.687006 -2.687006


-3.000000	927832140
10

Y 0.000000 0.000000 0.000000
Y 2.687006 2.687006 0.000000
D 5.374012 2.687006 2.687006
P 2.687006 5.374012 2.687006
E 2.687006 8.061017 5.374012
T 2.687006 10.748023 2.687006
G 2.687006 8.061017 0.000000
T 5.374012 5.374012 0.000000
W 5.374012 8.061017 2.687006
Y 5.374012 5.374012 5.374012


-3.000000	927832110
10

Y 0.000000 0.000000 0.000000
Y 2.687006 2.687006 0.000000
D 0.000000 5.374012 0.000000
P -2.687006 8.061017 0.000000
E -2.687006 10.748023 2.687006
T -2.687006 13.435029 0.000000
G -2.687006 10.748023 -2.687006
T 0.000000 8.061017 -2.687006
W 0.000000 10.748023 0.000000
Y 0.000000 8.061017 2.687006


-3.000000	927832100
10

Y 0.000000 0.000000 0.000000
Y 2.687006 2.687006 0.000000
D 5.374012 5.374012 0.000000
P 2.687006 8.061017 0.000000
E 2.687006 10.748023 2.687006
T 2.687006 13.435029 0.000000
G 2.687006 10.748023 -2.687006
T 5.374012 8.061017 -2.687006
W 5.374012 10.748023 0.000000
Y 5.374012 8.061017 2.687006


-3.000000	381298740
10

Y 0.000000 0.000000 0.000000
Y 2.687006 2.687006 0.000000
D 5.374012 2.687006 2.687006
P 8.061017 0.000000 2.687006
E 8.061017 -2.687006 0.000000
T 8.061017 -5.374012 2.687006
G 8.061017 -2.687006 5.374012
T 5.374012 0.000000 5.374012
W 5.374012 -2.687006 2.687006
Y 5.374012 0.000000 0.000000


-3.000000	9278321a0
10

Y 0.000000 0.000000 0.000000
Y 2.687006 2.687006 0.000000
D 0.000000 2.687006 -2.687006
P -2.687006 5.374012 -2.687006
E -2.687006 8.061017 0.000000
T -2.687006 10.748023 -2.687006
G -2.687006 8.061017 -5.374012
T 0.000000 5.374012 -5.374012
W 0.000000 8.061017 -2.687006
Y 0.000000 5.374012 0.000000


-3.000000	927832040
10

Y 0.000000 0.000000 0.000000
Y 2.687006 2.687006 0.000000
D 5.374012 2.687006 2.687006
P 8.061017 5.374012 2.687006
E 8.061017 8.061017 5.374012
T 8.061017 10.748023 2.687006
G 8.061017 8.061017 0.000000
T 10.748023 5.374012 0.000000
W 10.748023 8.061017 2.687006
Y 10.748023 5.374012 5.374012


-3.000000	3812986a0
10

Y 0.000000 0.000000 0.000000
Y 2.687006 2.687006 0.000000
D 0.000000 2.687006 -2.687006
P -2.687006 0.000000 -2.687006
E -2.687006 -2.687006 -5.374012
T -2.687006 -5.374012 -2.687006
G -2.687006 -2.687006 0.000000
T -5.374012 0.000000 0.000000
W -5.374012 -2.687006 -2.687006
Y -5.374012 0.000000 -5.374012


-3.000000	927832010
10

Y 0.000000 0.000000 0.000000
Y 2.687006 2.687006 0.000000
D 0.000000 5.374012 0.000000
P 2.687006 8.061017 0.000000
E 2.687006 10.748023 2.687006
T 2.687006 13.435029 0.000000
G 2.687006 10.748023 -2.687006
T 5.374012 8.061017 -2.687006
W 5.374012 10.748023 0.000000
Y 5.374012 8.061017 2.687006


-3.000000	927832000
10

Y 0.000000 0.000000 0.000000
Y 2.687006 2.687006 0.000000
D 5.374012 5.374012 0.000000
P 8.061017 8.061017 0.000000
E 8.061017 10.748023 2.687006
T 8.061017 13.435029 0.000000
G 8.061017 10.748023 -2.687006
T 10.748023 8.061017 -2.687006
W 10.748023 10.748023 0.000000
Y 10.748023 8.061017 2.687006


-3.000000	9278320a0
10

Y 0.000000 0.000000 0.000000
Y 2.687006 2.687006 0.000000
D 0.000000 2.687006 -2.687006
P 2.687006 5.374012 -2.687006
E 2.687006 8.061017 0.000000
T 2.687006 10.748023 -2.687006
G 2.687006 8.061017 -5.374012
T 5.374012 5.374012 -5.374012
W 5.374012 8.061017 -2.687006
Y 5.374012 5.374012 0.000000


-3.000000	381298610
10

Y 0.000000 0.000000 0.000000
Y 2.687006 2.687006 0.000000
D 0.000000 5.374012 0.000000
P -2.687006 2.687006 0.000000
E -2.687006 0.000000 -2.687006
T -2.687006 -2.687006 0.000000
G -2.687006 0.000000 2.687006
T -5.374012 2.687006 2.687006
W -5.374012 0.000000 0.000000
Y -5.374012 2.687006 -2.687006


-3.000000	381154800
10

Y 0.000000 0.000000 0.000000
Y 2.687006 2.687006 0.000000
D 5.374012 5.374012 0.000000
P 5.374012 2.687006 -2.687006
E 8.061017 2.687006 0.000000
T 10.748023 2.687006 -2.687006
G 8.061017 5.374012 -2.687006
T 5.374012 8.061017 -2.687006
W 5.374012 5.374012 -5.374012
Y 5.374012 8.061017 -8.061017


-3.000000	9277ba240
10

Y 0.000000 0.000000 0.000000
Y 2.687006 2.687006 0.000000
D 5.374012 2.687006 2.687006
P 5.374012 5.374012 5.374012
E 2.687006 5.374012 2.687006
T 0.000000 5.374012 5.374012
G 2.687006 2.687006 5.374012
T 5.374012 0.000000 5.374012
W 5.374012 2.687006 8.061017
Y 5.374012 0.000000 10.748023


-3.000000	3811548a0
10

Y 0.000000 0.000000 0.000000
Y 2.687006 2.687006 0.000000
D 0.000000 2.687006 -2.687006
P 0.000000 0.000000 -5.374012
E 2.687006 0.000000 -2.687006
T 5.374012 0.000000 -5.374012
G 2.687006 2.687006 -5.374012
T 0.000000 5.374012 -5.374012
W 0.000000 2.687006 -8.061017
Y 0.000000 5.374012 -10.748023


-3.000000	9277ba210
10

Y 0.000000 0.000000 0.000000
Y 2.687006 2.687006 0.000000
D 0.000000 5.374012 0.000000
P 0.000000 8.061017 2.687006
E -2.687006 8.061017 0.000000
T -5.374012 8.061017 2.687006
G -2.687006 5.374012 2.687006
T 0.000000 2.687006 2.687006
W 0.000000 5.374012 5.374012
Y 0.000000 2.687006 8.061017


-3.000000	9277ba200
10

Y 0.000000 0.000000 0.000000
Y 2.687006 2.687006 0.000000
D 5.374012 5.374012 0.000000
P 5.374012 8.061017 2.687006
E 2.687006 8.061017 0.000000
T 0.000000 8.061017 2.687006
G 2.687006 5.374012 2.687006
T 5.374012 2.687006 2.687006
W 5.374012 5.374012 5.374012
Y 5.374012 2.687006 8.061017


-3.000000	381154840
10

Y 0.000000 0.000000 0.000000
Y 2.687006 2.687006 0.000000
D 5.374012 2.687006 2.687006
P 5.374012 0.000000 0.000000
E 8.061017 0.000000 2.687006
T 10.748023 0.000000 0.000000
G 8.061017 2.687006 0.000000
T 5.374012 5.374012 0.000000
W 5.374012 2.687006 -2.687006
Y 5.374012 5.374012 -5.374012


-3.000000	381154700
10

Y 0.000000 0.000000 0.000000
Y 2.687006 2.687006 0.000000
D 5.374012 5.374012 0.000000
P 8.061017 2.687006 0.000000
E 10.748023 2.687006 2.687006
T 13.435029 2.687006 0.000000
G 10.748023 5.374012 0.000000
T 8.061017 8.061017 0.000000
W 8.061017 5.374012 -2.687006
Y 8.061017 8.061017 -5.374012


-3.000000	9277ba140
10

Y 0.000000 0.000000 0.000000
Y 2.687006 2.687006 0.000000
D 5.374012 2.687006 2.687006
P 2.687006 5.374012 2.687006
E 0.000000 5.374012 0.000000
T -2.687006 5.374012 2.687006
G 0.000000 2.687006 2.687006
T 2.687006 0.000000 2.687006
W 2.687006 2.687006 5.374012
Y 2.687006 0.000000 8.061017


-3.000000	3811547a0
10

Y 0.000000 0.000000 0.000000
Y 2.687006 2.687006 0.000000
D 0.000000 2.687006 -2.687006
P 2.687006 0.000000 -2.687006
E 5.374012 0.000000 0.000000
T 8.061017 0.000000 -2.687006
G 5.374012 2.687006 -2.687006
T 2.687006 5.374012 -2.687006
W 2.687006 2.687006 -5.374012
Y 2.687006 5.374012 -8.061017


-3.000000	9277ba110
10

Y 0.000000 0.000000 0.000000
Y 2.687006 2.687006 0.000000
D 0.000000 5.374012 0.000000
P -2.687006 8.061017 0.000000
E -5.374012 8.061017 -2.687006
T -8.061017 8.061017 0.000000
G -5.374012 5.374012 0.000000
T -2.687006 2.687006 0.000000
W -2.687006 5.374012 2.687006
Y -2.687006 2.687006 5.374012


-3.000000	381154740
10

Y 0.000000 0.000000 0.000000
Y 2.687006 2.687006 0.000000
D 5.374012 2.687006 2.687006
P 8.061017 0.000000 2.687006
E 10.748023 0.000000 5.374012
T 13.435029 0.000000 2.687006
G 10.748023 2.687006 2.687006
T 8.061017 5.374012 2.687006
W 8.061017 2.687006 0.000000
Y 8.061017 5.374012 -2.687006


-3.000000	9277ba1a0
10

Y 0.000000 0.000000 0.000000
Y 2.687006 2.687006 0.000000
D 0.000000 2.687006 -2.687006
P -2.687006 5.374012 -2.687006
E -5.374012 5.374012 -5.374012
T -8.061017 5.374012 -2.687006
G -5.374012 2.687006 -2.687006
T -2.687006 0.000000 -2.687006
W -2.687006 2.687006 0.000000
Y -2.687006 0.000000 2.687006


-3.000000	9277bab40
10

Y 0.000000 0.000000 0.000000
Y 2.687006 2.687006 0.000000
D 5.374012 2.687006 2.687006
P 2.687006 2.687006 5.374012
E 0.000000 2.687006 2.687006
T -2.687006 2.687006 5.374012
G 0.000000 0.000000 5.374012
T 2.687006 -2.687006 5.374012
W 2.687006 0.000000 8.061017
Y 2.687006 -2.687006 10.748023


-3.000000	3811545a0
10

Y 0.000000 0.000000 0.000000
Y 2.687006 2.687006 0.000000
D 0.000000 2.687006 -2.687006
P 2.687006 2.687006 -5.374012
E 5.374012 2.687006 -2.687006
T 8.061017 2.687006 -5.374012
G 5.374012 5.374012 -5.374012
T 2.687006 8.061017 -5.374012
W 2.687006 5.374012 -8.061017
Y 2.687006 8.061017 -10.748023


-3.000000	9277bab10
10

Y 0.000000 0.000000 0.000000
Y 2.687006 2.687006 0.000000
D 0.000000 5.374012 0.000000
P -2.687006 5.374012 2.687006
E -5.374012 5.374012 0.000000
T -8.061017 5.374012 2.687006
G -5.374012 2.687006 2.687006
T -2.687006 0.000000 2.687006
W -2.687006 2.687006 5.374012
Y -2.687006 0.000000 8.061017


-3.000000	9277bab00
10

Y 0.000000 0.000000 0.000000
Y 2.687006 2.687006 0.000000
D 5.374012 5.374012 0.000000
P 2.687006 5.374012 2.687006
E 0.000000 5.374012 0.000000
T -2.687006 5.374012 2.687006
G 0.000000 2.687006 2.687006
T 2.687006 0.000000 2.687006
W 2.687006 2.687006 5.374012
Y 2.687006 0.000000 8.061017


-3.000000	381154540
10

Y 0.000000 0.000000 0.000000
Y 2.687006 2.687006 0.000000
D 5.374012 2.687006 2.687006
P 8.061017 2.687006 0.000000
E 10.748023 2.687006 2.687006
T 13.435029 2.687006 0.000000
G 10.748023 5.374012 0.000000
T 8.061017 8.061017 0.000000
W 8.061017 5.374012 -2.687006
Y 8.061017 8.061017 -5.374012


-3.000000	9277baba0
10

Y 0.000000 0.000000 0.000000
Y 2.687006 2.687006 0.000000
D 0.000000 2.687006 -2.687006
P -2.687006 2.687006 0.000000
E -5.374012 2.687006 -2.687006
T -8.061017 2.687006 0.000000
G -5.374012 0.000000 0.000000
T -2.687006 -2.687006 0.000000
W -2.687006 0.000000 2.687006
Y -2.687006 -2.687006 5.374012


-3.000000	381154510
10

Y 0.000000 0.000000 0.000000
Y 2.687006 2.687006 0.000000
D 0.000000 5.374012 0.000000
P 2.687006 5.374012 -2.687006
E 5.374012 5.374012 0.000000
T 8.061017 5.374012 -2.687006
G 5.374012 8.061017 -2.687006
T 2.687006 10.748023 -2.687006
W 2.687006 8.061017 -5.374012
Y 2.687006 10.748023 -8.061017


-3.000000	381154500
10

Y 0.000000 0.000000 0.000000
Y 2.687006 2.687006 0.000000
D 5.374012 5.374012 0.000000
P 8.061017 5.374012 -2.687006
E 10.748023 5.374012 0.000000
T 13.435029 5.374012 -2.687006
G 10.748023 8.061017 -2.687006
T 8.061017 10.748023 -2.687006
W 8.061017 8.061017 -5.374012
Y 8.061017 10.748023 -8.061017


-3.000000	9277baa10
10

Y 0.000000 0.000000 0.000000
Y 2.687006 2.687006 0.000000
D 0.000000 5.374012 0.000000
P -2.687006 5.374012 -2.687006
E -5.374012 5.374012 -5.374012
T -8.061017 5.374012 -2.687006
G -5.374012 2.687006 -2.687006
T -2.687006 0.000000 -2.687006
W -2.687006 2.687006 0.000000
Y -2.687006 0.000000 2.687006


-3.000000	381154440
10

Y 0.000000 0.000000 0.000000
Y 2.687006 2.687006 0.000000
D 5.374012 2.687006 2.687006
P 8.061017 2.687006 5.374012
E 10.748023 2.687006 8.061017
T 13.435029 2.687006 5.374012
G 10.748023 5.374012 5.374012
T 8.061017 8.061017 5.374012
W 8.061017 5.374012 2.687006
Y 8.061017 8.061017 0.000000


-3.000000	9277baaa0
10

Y 0.000000 0.000000 0.000000
Y 2.687006 2.687006 0.000000
D 0.000000 2.687006 -2.687006
P -2.687006 2.687006 -5.374012
E -5.374012 2.687006 -8.061017
T -8.061017 2.687006 -5.374012
G -5.374012 0.000000 -5.374012
T -2.687006 -2.687006 -5.374012
W -2.687006 0.000000 -2.687006
Y -2.687006 -2.687006 0.000000


-3.000000	381154410
10

Y 0.000000 0.000000 0.000000
Y 2.687006 2.687006 0.000000
D 0.000000 5.374012 0.000000
P 2.687006 5.374012 2.687006
E 5.374012 5.374012 5.374012
T 8.061017 5.374012 2.687006
G 5.374012 8.061017 2.687006
T 2.687006 10.748023 2.687006
W 2.687006 8.061017 0.000000
Y 2.687006 10.748023 -2.687006


-3.000000	381154400
10

Y 0.000000 0.000000 0.000000
Y 2.687006 2.687006 0.000000
D 5.374012 5.374012 0.000000
P 8.061017 5.374012 2.687006
E 10.748023 5.374012 5.374012
T 13.435029 5.374012 2.687006
G 10.748023 8.061017 2.687006
T 8.061017 10.748023 2.687006
W 8.061017 8.061017 0.000000
Y 8.061017 10.748023 -2.687006


-3.000000	9277ba910
10

Y 0.000000 0.000000 0.000000
Y 2.687006 2.687006 0.000000
D 0.000000 5.374012 0.000000
P 0.000000 2.687006 2.687006
E -2.687006 2.687006 0.000000
T -5.374012 2.687006 2.687006
G -2.687006 0.000000 2.687006
T 0.000000 -2.687006 2.687006
W 0.000000 0.000000 5.374012
Y 0.000000 -2.687006 8.061017


-3.000000	381154340
10

Y 0.000000 0.000000 0.000000
Y 2.687006 2.687006 0.000000
D 5.374012 2.687006 2.687006
P 5.374012 5.374012 0.000000
E 8.061017 5.374012 2.687006
T 10.748023 5.374012 0.000000
G 8.061017 8.061017 0.000000
T 5.374012 10.748023 0.000000
W 5.374012 8.061017 -2.687006
Y 5.374012 10.748023 -5.374012


-3.000000	381154310
10

Y 0.000000 0.000000 0.000000
Y 2.687006 2.687006 0.000000
D 0.000000 5.374012 0.000000
P 0.000000 8.061017 -2.687006
E 2.687006 8.061017 0.000000
T 5.374012 8.061017 -2.687006
G 2.687006 10.748023 -2.687006
T 0.000000 13.435029 -2.687006
W 0.000000 10.748023 -5.374012
Y 0.000000 13.435029 -8.061017


-3.000000	381154300
10

Y 0.000000 0.000000 0.000000
Y 2.687006 2.687006 0.000000
D 5.374012 5.374012 0.000000
P 5.374012 8.061017 -2.687006
E 8.061017 8.061017 0.000000
T 10.748023 8.061017 -2.687006
G 8.061017 10.748023 -2.687006
T 5.374012 13.435029 -2.687006
W 5.374012 10.748023 -5.374012
Y 5.374012 13.435029 -8.061017


-3.000000	9277ba940
10

Y 0.000000 0.000000 0.000000
Y 2.687006 2.687006 0.000000
D 5.374012 2.687006 2.687006
P 5.374012 0.000000 5.374012
E 2.687006 0.000000 2.687006
T 0.000000 0.000000 5.374012
G 2.687006 -2.687006 5.374012
T 5.374012 -5.374012 5.374012
W 5.374012 -2.687006 8.061017
Y 5.374012 -5.374012 10.748023


-3.000000	3811543a0
10

Y 0.000000 0.000000 0.000000
Y 2.687006 2.687006 0.000000
D 0.000000 2.687006 -2.687006
P 0.000000 5.374012 -5.374012
E 2.687006 5.374012 -2.687006
T 5.374012 5.374012 -5.374012
G 2.687006 8.061017 -5.374012
T 0.000000 10.748023 -5.374012
W 0.000000 8.061017 -8.061017
Y 0.000000 10.748023 -10.748023


-3.000000	9277ba800
10

Y 0.000000 0.000000 0.000000
Y 2.687006 2.687006 0.000000
D 5.374012 5.374012 0.000000
P 5.374012 2.687006 -2.687006
E 2.687006 2.687006 -5.374012
T 0.000000 2.687006 -2.687006
G 2.687006 0.000000 -2.687006
T 5.374012 -2.687006 -2.687006
W 5.374012 0.000000 0.000000
Y 5.374012 -2.687006 2.687006


-3.000000	381154240
10

Y 0.000000 0.000000 0.000000
Y 2.687006 2.687006 0.000000
D 5.374012 2.687006 2.687006
P 5.374012 5.374012 5.374012
E 8.061017 5.374012 8.061017
T 10.748023 5.374012 5.374012
G 8.061017 8.061017 5.374012
T 5.374012 10.748023 5.374012
W 5.374012 8.061017 2.687006
Y 5.374012 10.748023 0.000000


-3.000000	9277ba8a0
10

Y 0.000000 0.000000 0.000000
Y 2.687006 2.687006 0.000000
D 0.000000 2.687006 -2.687006
P 0.000000 0.000000 -5.374012
E -2.687006 0.000000 -8.061017
T -5.374012 0.000000 -5.374012
G -2.687006 -2.687006 -5.374012
T 0.000000 -5.374012 -5.374012
W 0.000000 -2.687006 -2.687006
Y 0.000000 -5.374012 0.000000


-3.000000	381154210
10

Y 0.000000 0.000000 0.000000
Y 2.687006 2.687006 0.000000
D 0.000000 5.374012 0.000000
P 0.000000 8.061017 2.687006
E 2.687006 8.061017 5.374012
T 5.374012 8.061017 2.687006
G 2.687006 10.748023 2.687006
T 0.000000 13.435029 2.687006
W 0.000000 10.748023 0.000000
Y 0.000000 13.435029 -2.687006


-3.000000	381154200
10

Y 0.000000 0.000000 0.000000
Y 2.687006 2.687006 0.000000
D 5.374012 5.374012 0.000000
P 5.374012 8.061017 2.687006
E 8.061017 8.061017 5.374012
T 10.748023 8.061017 2.687006
G 8.061017 10.748023 2.687006
T 5.374012 13.435029 2.687006
W 5.374012 10.748023 0.000000
Y 5.374012 13.435029 -2.687006


-3.000000	3811542a0
10

Y 0.000000 0.000000 0.000000
Y 2.687006 2.687006 0.000000
D 0.000000 2.687006 -2.687006
P 0.000000 5.374012 0.000000
E 2.687006 5.374012 2.687006
T 5.374012 5.374012 0.000000
G 2.687006 8.061017 0.000000
T 0.000000 10.748023 0.000000
W 0.000000 8.061017 -2.687006
Y 0.000000 10.748023 -5.374012


-3.000000	381154140
10

Y 0.000000 0.000000 0.000000
Y 2.687006 2.687006 0.000000
D 5.374012 2.687006 2.687006
P 2.687006 5.374012 2.687006
E 5.374012 5.374012 5.374012
T 8.061017 5.374012 2.687006
G 5.374012 8.061017 2.687006
T 2.687006 10.748023 2.687006
W 2.687006 8.061017 0.000000
Y 2.687006 10.748023 -2.687006


-3.000000	9277ba7a0
10

Y 0.000000 0.000000 0.000000
Y 2.687006 2.687006 0.000000
D 0.000000 2.687006 -2.687006
P 2.687006 0.000000 -2.687006
E 0.000000 0.000000 -5.374012
T -2.687006 0.000000 -2.687006
G 0.000000 -2.687006 -2.687006
T 2.687006 -5.374012 -2.687006
W 2.687006 -2.687006 0.000000
Y 2.687006 -5.374012 2.687006


-3.000000	381154110
10

Y 0.000000 0.000000 0.000000
Y 2.687006 2.687006 0.000000
D 0.000000 5.374012 0.000000
P -2.687006 8.061017 0.000000
E 0.000000 8.061017 2.687006
T 2.687006 8.061017 0.000000
G 0.000000 10.748023 0.000000
T -2.687006 13.435029 0.000000
W -2.687006 10.748023 -2.687006
Y -2.687006 13.435029 -5.374012


-3.000000	381154100
10

Y 0.000000 0.000000 0.000000
Y 2.687006 2.687006 0.000000
D 5.374012 5.374012 0.000000
P 2.687006 8.061017 0.000000
E 5.374012 8.061017 2.687006
T 8.061017 8.061017 0.000000
G 5.374012 10.748023 0.000000
T 2.687006 13.435029 0.000000
W 2.687006 10.748023 -2.687006
Y 2.687006 13.435029 -5.374012


-3.000000	9277ba740
10

Y 0.000000 0.000000 0.000000
Y 2.687006 2.687006 0.000000
D 5.374012 2.687006 2.687006
P 8.061017 0.000000 2.687006
E 5.374012 0.000000 0.000000
T 2.687006 0.000000 2.687006
G 5.374012 -2.687006 2.687006
T 8.061017 -5.374012 2.687006
W 8.061017 -2.687006 5.374012
Y 8.061017 -5.374012 8.061017


-3.000000	3811541a0
10

Y 0.000000 0.000000 0.000000
Y 2.687006 2.687006 0.000000
D 0.000000 2.687006 -2.687006
P -2.687006 5.374012 -2.687006
E 0.000000 5.374012 0.000000
T 2.687006 5.374012 -2.687006
G 0.000000 8.061017 -2.687006
T -2.687006 10.748023 -2.687006
W -2.687006 8.061017 -5.374012
Y -2.687006 10.748023 -8.061017


-3.000000	381154040
10

Y 0.000000 0.000000 0.000000
Y 2.687006 2.687006 0.000000
D 5.374012 2.687006 2.687006
P 8.061017 5.374012 2.687006
E 10.748023 5.374012 5.374012
T 13.435029 5.374012 2.687006
G 10.748023 8.061017 2.687006
T 8.061017 10.748023 2.687006
W 8.061017 8.061017 0.000000
Y 8.061017 10.748023 -2.687006


-3.000000	9277ba6a0
10

Y 0.000000 0.000000 0.000000
Y 2.687006 2.687006 0.000000
D 0.000000 2.687006 -2.687006
P -2.687006 0.000000 -2.687006
E -5.374012 0.000000 -5.374012
T -8.061017 0.000000 -2.687006
G -5.374012 -2.687006 -2.687006
T -2.687006 -5.374012 -2.687006
W -2.687006 -2.687006 0.000000
Y -2.687006 -5.374012 2.687006


-3.000000	381154010
10

Y 0.000000 0.000000 0.000000
Y 2.687006 2.687006 0.000000
D 0.000000 5.374012 0.000000
P 2.687006 8.061017 0.000000
E 5.374012 8.061017 2.687006
T 8.061017 8.061017 0.000000
G 5.374012 10.748023 0.000000
T 2.687006 13.435029 0.000000
W 2.687006 10.748023 -2.687006
Y 2.687006 13.435029 -5.374012


-3.000000	381154000
10

Y 0.000000 0.000000 0.000000
Y 2.687006 2.687006 0.000000
D 5.374012 5.374012 0.000000
P 8.061017 8.061017 0.000000
E 10.748023 8.061017 2.687006
T 13.435029 8.061017 0.000000
G 10.748023 10.748023 0.000000
T 8.061017 13.435029 0.000000
W 8.061017 10.748023 -2.687006
Y 8.061017 13.435029 -5.374012


-3.000000	3811540a0
10

Y 0.000000 0.000000 0.000000
Y 2.687006 2.687006 0.000000
D 0.000000 2.687006 -2.687006
P 2.687006 5.374012 -2.687006
E 5.374012 5.374012 0.000000
T 8.061017 5.374012 -2.687006
G 5.374012 8.061017 -2.687006
T 2.687006 10.748023 -2.687006
W 2.687006 8.061017 -5.374012
Y 2.687006 10.748023 -8.061017


-3.000000	9277ba610
10

Y 0.000000 0.000000 0.000000
Y 2.687006 2.687006 0.000000
D 0.000000 5.374012 0.000000
P -2.687006 2.687006 0.000000
E -5.374012 2.687006 -2.687006
T -8.061017 2.687006 0.000000
G -5.374012 0.000000 0.000000
T -2.687006 -2.687006 0.000000
W -2.687006 0.000000 2.687006
Y -2.687006 -2.687006 5.374012


-3.000000	381154b40
10

Y 0.000000 0.000000 0.000000
Y 2.687006 2.687006 0.000000
D 5.374012 2.687006 2.687006
P 2.687006 2.687006 5.374012
E 5.374012 2.687006 8.061017
T 8.061017 2.687006 5.374012
G 5.374012 5.374012 5.374012
T 2.687006 8.061017 5.374012
W 2.687006 5.374012 2.687006
Y 2.687006 8.061017 0.000000


-3.000000	9277ba5a0
10

Y 0.000000 0.000000 0.000000
Y 2.687006 2.687006 0.000000
D 0.000000 2.687006 -2.687006
P 2.687006 2.687006 -5.374012
E 0.000000 2.687006 -8.061017
T -2.687006 2.687006 -5.374012
G 0.000000 0.000000 -5.374012
T 2.687006 -2.687006 -5.374012
W 2.687006 0.000000 -2.687006
Y 2.687006 -2.687006 0.000000


-3.000000	381154b10
10

Y 0.000000 0.000000 0.000000
Y 2.687006 2.687006 0.000000
D 0.000000 5.374012 0.000000
P -2.687006 5.374012 2.687006
E 0.000000 5.374012 5.374012
T 2.687006 5.374012 2.687006
G 0.000000 8.061017 2.687006
T -2.687006 10.748023 2.687006
W -2.687006 8.061017 0.000000
Y -2.687006 10.748023 -2.687006


-3.000000	381154b00
10

Y 0.000000 0.000000 0.000000
Y 2.687006 2.687006 0.000000
D 5.374012 5.374012 0.000000
P 2.687006 5.374012 2.687006
E 5.374012 5.374012 5.374012
T 8.061017 5.374012 2.687006
G 5.374012 8.061017 2.687006
T 2.687006 10.748023 2.687006
W 2.687006 8.061017 0.000000
Y 2.687006 10.748023 -2.687006


-3.000000	9277ba500
10

Y 0.000000 0.000000 0.000000
Y 2.687006 2.687006 0.000000
D 5.374012 5.374012 0.000000
P 8.061017 5.374012 -2.687006
E 5.374012 5.374012 -5.374012
T 2.687006 5.374012 -2.687006
G 5.374012 2.687006 -2.687006
T 8.061017 0.000000 -2.687006
W 8.061017 2.687006 0.000000
Y 8.061017 0.000000 2.687006


-3.000000	381145a10
10

Y 0.000000 0.000000 0.000000
Y 2.687006 2.687006 0.000000
D 0.000000 5.374012 0.000000
P -2.687006 5.374012 -2.687006
E 0.000000 5.374012 -5.374012
T 2.687006 5.374012 -2.687006
G 0.000000 8.061017 -2.687006
T -2.687006 10.748023 -2.687006
W -2.687006 8.061017 -5.374012
Y -2.687006 10.748023 -8.061017


-3.000000	381145a00
10

Y 0.000000 0.000000 0.000000
Y 2.687006 2.687006 0.000000
D 5.374012 5.374012 0.000000
P 2.687006 5.374012 -2.687006
E 5.374012 5.374012 -5.374012
T 8.061017 5.374012 -2.687006
G 5.374012 8.061017 -2.687006
T 2.687006 10.748023 -2.687006
W 2.687006 8.061017 -5.374012
Y 2.687006 10.748023 -8.061017


-3.000000	9277ab440
10

Y 0.000000 0.000000 0.000000
Y 2.687006 2.687006 0.000000
D 5.374012 2.687006 2.687006
P 8.061017 2.687006 5.374012
E 5.374012 2.687006 8.061017
T 2.687006 2.687006 5.374012
G 5.374012 0.000000 5.374012
T 8.061017 -2.687006 5.374012
W 8.061017 0.000000 8.061017
Y 8.061017 -2.687006 10.748023


-3.000000	381145aa0
10

Y 0.000000 0.000000 0.000000
Y 2.687006 2.687006 0.000000
D 0.000000 2.687006 -2.687006
P -2.687006 2.687006 -5.374012
E 0.000000 2.687006 -8.061017
T 2.687006 2.687006 -5.374012
G 0.000000 5.374012 -5.374012
T -2.687006 8.061017 -5.374012
W -2.687006 5.374012 -8.061017
Y -2.687006 8.061017 -10.748023


-3.000000	9277ab410
10

Y 0.000000 0.000000 0.000000
Y 2.687006 2.687006 0.000000
D 0.000000 5.374012 0.000000
P 2.687006 5.374012 2.687006
E 0.000000 5.374012 5.374012
T -2.687006 5.374012 2.687006
G 0.000000 2.687006 2.687006
T 2.687006 0.000000 2.687006
W 2.687006 2.687006 5.374012
Y 2.687006 0.000000 8.061017


-3.000000	9277ab400
10

Y 0.000000 0.000000 0.000000
Y 2.687006 2.687006 0.000000
D 5.374012 5.374012 0.000000
P 8.061017 5.374012 2.687006
E 5.374012 5.374012 5.374012
T 2.687006 5.374012 2.687006
G 5.374012 2.687006 2.687006
T 8.061017 0.000000 2.687006
W 8.061017 2.687006 5.374012
Y 8.061017 0.000000 8.061017


-3.000000	381145810
10

Y 0.000000 0.000000 0.000000
Y 2.687006 2.687006 0.000000
D 0.000000 5.374012 0.000000
P 0.000000 2.687006 -2.687006
E 2.687006 2.687006 -5.374012
T 5.374012 2.687006 -2.687006
G 2.687006 5.374012 -2.687006
T 0.000000 8.061017 -2.687006
W 0.000000 5.374012 -5.374012
Y 0.000000 8.061017 -8.061017


-3.000000	381145800
10

Y 0.000000 0.000000 0.000000
Y 2.687006 2.687006 0.000000
D 5.374012 5.374012 0.000000
P 5.374012 2.687006 -2.687006
E 8.061017 2.687006 -5.374012
T 10.748023 2.687006 -2.687006
G 8.061017 5.374012 -2.687006
T 5.374012 8.061017 -2.687006
W 5.374012 5.374012 -5.374012
Y 5.374012 8.061017 -8.061017


-3.000000	9277ab240
10

Y 0.000000 0.000000 0.000000
Y 2.687006 2.687006 0.000000
D 5.374012 2.687006 2.687006
P 5.374012 5.374012 5.374012
E 2.687006 5.374012 8.061017
T 0.000000 5.374012 5.374012
G 2.687006 2.687006 5.374012
T 5.374012 0.000000 5.374012
W 5.374012 2.687006 8.061017
Y 5.374012 0.000000 10.748023


-3.000000	3811458a0
10

Y 0.000000 0.000000 0.000000
Y 2.687006 2.687006 0.000000
D 0.000000 2.687006 -2.687006
P 0.000000 0.000000 -5.374012
E 2.687006 0.000000 -8.061017
T 5.374012 0.000000 -5.374012
G 2.687006 2.687006 -5.374012
T 0.000000 5.374012 -5.374012
W 0.000000 2.687006 -8.061017
Y 0.000000 5.374012 -10.748023


-3.000000	9277ab210
10

Y 0.000000 0.000000 0.000000
Y 2.687006 2.687006 0.000000
D 0.000000 5.374012 0.000000
P 0.000000 8.061017 2.687006
E -2.687006 8.061017 5.374012
T -5.374012 8.061017 2.687006
G -2.687006 5.374012 2.687006
T 0.000000 2.687006 2.687006
W 0.000000 5.374012 5.374012
Y 0.000000 2.687006 8.061017


-3.000000	9277ab200
10

Y 0.000000 0.000000 0.000000
Y 2.687006 2.687006 0.000000
D 5.374012 5.374012 0.000000
P 5.374012 8.061017 2.687006
E 2.687006 8.061017 5.374012
T 0.000000 8.061017 2.687006
G 2.687006 5.374012 2.687006
T 5.374012 2.687006 2.687006
W 5.374012 5.374012 5.374012
Y 5.374012 2.687006 8.061017


-3.000000	381145840
10

Y 0.000000 0.000000 0.000000
Y 2.687006 2.687006 0.000000
D 5.374012 2.687006 2.687006
P 5.374012 0.000000 0.000000
E 8.061017 0.000000 -2.687006
T 10.748023 0.000000 0.000000
G 8.061017 2.687006 0.000000
T 5.374012 5.374012 0.000000
W 5.374012 2.687006 -2.687006
Y 5.374012 5.374012 -5.374012


-3.000000	381145700
10

Y 0.000000 0.000000 0.000000
Y 2.687006 2.687006 0.000000
D 5.374012 5.374012 0.000000
P 8.061017 2.687006 0.000000
E 10.748023 2.687006 -2.687006
T 13.435029 2.687006 0.000000
G 10.748023 5.374012 0.000000
T 8.061017 8.061017 0.000000
W 8.061017 5.374012 -2.687006
Y 8.061017 8.061017 -5.374012


-3.000000	9277ab140
10

Y 0.000000 0.000000 0.000000
Y 2.687006 2.687006 0.000000
D 5.374012 2.687006 2.687006
P 2.687006 5.374012 2.687006
E 0.000000 5.374012 5.374012
T -2.687006 5.374012 2.687006
G 0.000000 2.687006 2.687006
T 2.687006 0.000000 2.687006
W 2.687006 2.687006 5.374012
Y 2.687006 0.000000 8.061017


-3.000000	3811457a0
10

Y 0.000000 0.000000 0.000000
Y 2.687006 2.687006 0.000000
D 0.000000 2.687006 -2.687006
P 2.687006 0.000000 -2.687006
E 5.374012 0.000000 -5.374012
T 8.061017 0.000000 -2.687006
G 5.374012 2.687006 -2.687006
T 2.687006 5.374012 -2.687006
W 2.687006 2.687006 -5.374012
Y 2.687006 5.374012 -8.061017


-3.000000	9277ab110
10

Y 0.000000 0.000000 0.000000
Y 2.687006 2.687006 0.000000
D 0.000000 5.374012 0.000000
P -2.687006 8.061017 0.000000
E -5.374012 8.061017 2.687006
T -8.061017 8.061017 0.000000
G -5.374012 5.374012 0.000000
T -2.687006 2.687006 0.000000
W -2.687006 5.374012 2.687006
Y -2.687006 2.687006 5.374012


-3.000000	381145740
10

Y 0.000000 0.000000 0.000000
Y 2.687006 2.687006 0.000000
D 5.374012 2.687006 2.687006
P 8.061017 0.000000 2.687006
E 10.748023 0.000000 0.000000
T 13.435029 0.000000 2.687006
G 10.748023 2.687006 2.687006
T 8.061017 5.374012 2.687006
W 8.061017 2.687006 0.000000
Y 8.061017 5.374012 -2.687006


-3.000000	9277ab1a0
10

Y 0.000000 0.000000 0.000000
Y 2.687006 2.687006 0.000000
D 0.000000 2.687006 -2.687006
P -2.687006 5.374012 -2.687006
E -5.374012 5.374012 0.000000
T -8.061017 5.374012 -2.687006
G -5.374012 2.687006 -2.687006
T -2.687006 0.000000 -2.687006
W -2.687006 2.687006 0.000000
Y -2.687006 0.000000 2.687006


-3.000000	9277abb40
10

Y 0.000000 0.000000 0.000000
Y 2.687006 2.687006 0.000000
D 5.374012 2.687006 2.687006
P 2.687006 2.687006 5.374012
E 0.000000 2.687006 8.061017
T -2.687006 2.687006 5.374012
G 0.000000 0.000000 5.374012
T 2.687006 -2.687006 5.374012
W 2.687006 0.000000 8.061017
Y 2.687006 -2.687006 10.748023


-3.000000	3811455a0
10

Y 0.000000 0.000000 0.000000
Y 2.687006 2.687006 0.000000
D 0.000000 2.687006 -2.687006
P 2.687006 2.687006 -5.374012
E 5.374012 2.687006 -8.061017
T 8.061017 2.687006 -5.374012
G 5.374012 5.374012 -5.374012
T 2.687006 8.061017 -5.374012
W 2.687006 5.374012 -8.061017
Y 2.687006 8.061017 -10.748023


-3.000000	9277abb10
10

Y 0.000000 0.000000 0.000000
Y 2.687006 2.687006 0.000000
D 0.000000 5.374012 0.000000
P -2.687006 5.374012 2.687006
E -5.374012 5.374012 5.374012
T -8.061017 5.374012 2.687006
G -5.374012 2.687006 2.687006
T -2.687006 0.000000 2.687006
W -2.687006 2.687006 5.374012
Y -2.687006 0.000000 8.061017


-3.000000	9277abb00
10

Y 0.000000 0.000000 0.000000
Y 2.687006 2.687006 0.000000
D 5.374012 5.374012 0.000000
P 2.687006 5.374012 2.687006
E 0.000000 5.374012 5.374012
T -2.687006 5.374012 2.687006
G 0.000000 2.687006 2.687006
T 2.687006 0.000000 2.687006
W 2.687006 2.687006 5.374012
Y 2.687006 0.000000 8.061017


-3.000000	381145540
10

Y 0.000000 0.000000 0.000000
Y 2.687006 2.687006 0.000000
D 5.374012 2.687006 2.687006
P 8.061017 2.687006 0.000000
E 10.748023 2.687006 -2.687006
T 13.435029 2.687006 0.000000
G 10.748023 5.374012 0.000000
T 8.061017 8.061017 0.000000
W 8.061017 5.374012 -2.687006
Y 8.061017 8.061017 -5.374012


-3.000000	9277abba0
10

Y 0.000000 0.000000 0.000000
Y 2.687006 2.687006 0.000000
D 0.000000 2.687006 -2.687006
P -2.687006 2.687006 0.000000
E -5.374012 2.687006 2.687006
T -8.061017 2.687006 0.000000
G -5.374012 0.000000 0.000000
T -2.687006 -2.687006 0.000000
W -2.687006 0.000000 2.687006
Y -2.687006 -2.687006 5.374012


-3.000000	381145510
10

Y 0.000000 0.000000 0.000000
Y 2.687006 2.687006 0.000000
D 0.000000 5.374012 0.000000
P 2.687006 5.374012 -2.687006
E 5.374012 5.374012 -5.374012
T 8.061017 5.374012 -2.687006
G 5.374012 8.061017 -2.687006
T 2.687006 10.748023 -2.687006
W 2.687006 8.061017 -5.374012
Y 2.687006 10.748023 -8.061017


-3.000000	381145500
10

Y 0.000000 0.000000 0.000000
Y 2.687006 2.687006 0.000000
D 5.374012 5.374012 0.000000
P 8.061017 5.374012 -2.687006
E 10.748023 5.374012 -5.374012
T 13.435029 5.374012 -2.687006
G 10.748023 8.061017 -2.687006
T 8.061017 10.748023 -2.687006
W 8.061017 8.061017 -5.374012
Y 8.061017 10.748023 -8.061017


-3.000000	9277aba10
10

Y 0.000000 0.000000 0.000000
Y 2.687006 2.687006 0.000000
D 0.000000 5.374012 0.000000
P -2.687006 5.374012 -2.687006
E -5.374012 5.374012 0.000000
T -8.061017 5.374012 -2.687006
G -5.374012 2.687006 -2.687006
T -2.687006 0.000000 -2.687006
W -2.687006 2.687006 0.000000
Y -2.687006 0.000000 2.687006


-3.000000	381145440
10

Y 0.000000 0.000000 0.000000
Y 2.687006 2.687006 0.000000
D 5.374012 2.687006 2.687006
P 8.061017 2.687006 5.374012
E 10.748023 2.687006 2.687006
T 13.435029 2.687006 5.374012
G 10.748023 5.374012 5.374012
T 8.061017 8.061017 5.374012
W 8.061017 5.374012 2.687006
Y 8.061017 8.061017 0.000000


-3.000000	9277abaa0
10

Y 0.000000 0.000000 0.000000
Y 2.687006 2.687006 0.000000
D 0.000000 2.687006 -2.687006
P -2.687006 2.687006 -5.374012
E -5.374012 2.687006 -2.687006
T -8.061017 2.687006 -5.374012
G -5.374012 0.000000 -5.374012
T -2.687006 -2.687006 -5.374012
W -2.687006 0.000000 -2.687006
Y -2.687006 -2.687006 0.000000


-3.000000	381145410
10

Y 0.000000 0.000000 0.000000
Y 2.687006 2.687006 0.000000
D 0.000000 5.374012 0.000000
P 2.687006 5.374012 2.687006
E 5.374012 5.374012 0.000000
T 8.061017 5.374012 2.687006
G 5.374012 8.061017 2.687006
T 2.687006 10.748023 2.687006
W 2.687006 8.061017 0.000000
Y 2.687006 10.748023 -2.687006


-3.000000	381145400
10

Y 0.000000 0.000000 0.000000
Y 2.687006 2.687006 0.000000
D 5.374012 5.374012 0.000000
P 8.061017 5.374012 2.687006
E 10.748023 5.374012 0.000000
T 13.435029 5.374012 2.687006
G 10.748023 8.061017 2.687006
T 8.061017 10.748023 2.687006
W 8.061017 8.061017 0.000000
Y 8.061017 10.748023 -2.687006


-3.000000	9277ab910
10

Y 0.000000 0.000000 0.000000
Y 2.687006 2.687006 0.000000
D 0.000000 5.374012 0.000000
P 0.000000 2.687006 2.687006
E -2.687006 2.687006 5.374012
T -5.374012 2.687006 2.687006
G -2.687006 0.000000 2.687006
T 0.000000 -2.687006 2.687006
W 0.000000 0.000000 5.374012
Y 0.000000 -2.687006 8.061017


-3.000000	9277ab900
10

Y 0.000000 0.000000 0.000000
Y 2.687006 2.687006 0.000000
D 5.374012 5.374012 0.000000
P 5.374012 2.687006 2.687006
E 2.687006 2.687006 5.374012
T 0.000000 2.687006 2.687006
G 2.687006 0.000000 2.687006
T 5.374012 -2.687006 2.687006
W 5.374012 0.000000 5.374012
Y 5.374012 -2.687006 8.061017


-3.000000	381145340
10

Y 0.000000 0.000000 0.000000
Y 2.687006 2.687006 0.000000
D 5.374012 2.687006 2.687006
P 5.374012 5.374012 0.000000
E 8.061017 5.374012 -2.687006
T 10.748023 5.374012 0.000000
G 8.061017 8.061017 0.000000
T 5.374012 10.748023 0.000000
W 5.374012 8.061017 -2.687006
Y 5.374012 10.748023 -5.374012


-3.000000	381145310
10

Y 0.000000 0.000000 0.000000
Y 2.687006 2.687006 0.000000
D 0.000000 5.374012 0.000000
P 0.000000 8.061017 -2.687006
E 2.687006 8.061017 -5.374012
T 5.374012 8.061017 -2.687006
G 2.687006 10.748023 -2.687006
T 0.000000 13.435029 -2.687006
W 0.000000 10.748023 -5.374012
Y 0.000000 13.435029 -8.061017


-3.000000	381145300
10

Y 0.000000 0.000000 0.000000
Y 2.687006 2.687006 0.000000
D 5.374012 5.374012 0.000000
P 5.374012 8.061017 -2.687006
E 8.061017 8.061017 -5.374012
T 10.748023 8.061017 -2.687006
G 8.061017 10.748023 -2.687006
T 5.374012 13.435029 -2.687006
W 5.374012 10.748023 -5.374012
Y 5.374012 13.435029 -8.061017


-3.000000	9277ab940
10

Y 0.000000 0.000000 0.000000
Y 2.687006 2.687006 0.000000
D 5.374012 2.687006 2.687006
P 5.374012 0.000000 5.374012
E 2.687006 0.000000 8.061017
T 0.000000 0.000000 5.374012
G 2.687006 -2.687006 5.374012
T 5.374012 -5.374012 5.374012
W 5.374012 -2.687006 8.061017
Y 5.374012 -5.374012 10.748023


-3.000000	3811453a0
10

Y 0.000000 0.000000 0.000000
Y 2.687006 2.687006 0.000000
D 0.000000 2.687006 -2.687006
P 0.000000 5.374012 -5.374012
E 2.687006 5.374012 -8.061017
T 5.374012 5.374012 -5.374012
G 2.687006 8.061017 -5.374012
T 0.000000 10.748023 -5.374012
W 0.000000 8.061017 -8.061017
Y 0.000000 10.748023 -10.748023


-3.000000	381145240
10

Y 0.000000 0.000000 0.000000
Y 2.687006 2.687006 0.000000
D 5.374012 2.687006 2.687006
P 5.374012 5.374012 5.374012
E 8.061017 5.374012 2.687006
T 10.748023 5.374012 5.374012
G 8.061017 8.061017 5.374012
T 5.374012 10.748023 5.374012
W 5.374012 8.061017 2.687006
Y 5.374012 10.748023 0.000000


-3.000000	9277ab8a0
10

Y 0.000000 0.000000 0.000000
Y 2.687006 2.687006 0.000000
D 0.000000 2.687006 -2.687006
P 0.000000 0.000000 -5.374012
E -2.687006 0.000000 -2.687006
T -5.374012 0.000000 -5.374012
G -2.687006 -2.687006 -5.374012
T 0.000000 -5.374012 -5.374012
W 0.000000 -2.687006 -2.687006
Y 0.000000 -5.374012 0.000000


-3.000000	381145210
10

Y 0.000000 0.000000 0.000000
Y 2.687006 2.687006 0.000000
D 0.000000 5.374012 0.000000
P 0.000000 8.061017 2.687006
E 2.687006 8.061017 0.000000
T 5.374012 8.061017 2.687006
G 2.687006 10.748023 2.687006
T 0.000000 13.435029 2.687006
W 0.000000 10.748023 0.000000
Y 0.000000 13.435029 -2.687006


-3.000000	381145200
10

Y 0.000000 0.000000 0.000000
Y 2.687006 2.687006 0.000000
D 5.374012 5.374012 0.000000
P 5.374012 8.061017 2.687006
E 8.061017 8.061017 0.000000
T 10.748023 8.061017 2.687006
G 8.061017 10.748023 2.687006
T 5.374012 13.435029 2.687006
W 5.374012 10.748023 0.000000
Y 5.374012 13.435029 -2.687006


-3.000000	3811452a0
10

Y 0.000000 0.000000 0.000000
Y 2.687006 2.687006 0.000000
D 0.000000 2.687006 -2.687006
P 0.000000 5.374012 0.000000
E 2.687006 5.374012 -2.687006
T 5.374012 5.374012 0.000000
G 2.687006 8.061017 0.000000
T 0.000000 10.748023 0.000000
W 0.000000 8.061017 -2.687006
Y 0.000000 10.748023 -5.374012


-3.000000	381145140
10

Y 0.000000 0.000000 0.000000
Y 2.687006 2.687006 0.000000
D 5.374012 2.687006 2.687006
P 2.687006 5.374012 2.687006
E 5.374012 5.374012 0.000000
T 8.061017 5.374012 2.687006
G 5.374012 8.061017 2.687006
T 2.687006 10.748023 2.687006
W 2.687006 8.061017 0.000000
Y 2.687006 10.748023 -2.687006


-3.000000	381145110
10

Y 0.000000 0.000000 0.000000
Y 2.687006 2.687006 0.000000
D 0.000000 5.374012 0.000000
P -2.687006 8.061017 0.000000
E 0.000000 8.061017 -2.687006
T 2.687006 8.061017 0.000000
G 0.000000 10.748023 0.000000
T -2.687006 13.435029 0.000000
W -2.687006 10.748023 -2.687006
Y -2.687006 13.435029 -5.374012


-3.000000	381145100
10

Y 0.000000 0.000000 0.000000
Y 2.687006 2.687006 0.000000
D 5.374012 5.374012 0.000000
P 2.687006 8.061017 0.000000
E 5.374012 8.061017 -2.687006
T 8.061017 8.061017 0.000000
G 5.374012 10.748023 0.000000
T 2.687006 13.435029 0.000000
W 2.687006 10.748023 -2.687006
Y 2.687006 13.435029 -5.374012


-3.000000	9277ab740
10

Y 0.000000 0.000000 0.000000
Y 2.687006 2.687006 0.000000
D 5.374012 2.687006 2.687006
P 8.061017 0.000000 2.687006
E 5.374012 0.000000 5.374012
T 2.687006 0.000000 2.687006
G 5.374012 -2.687006 2.687006
T 8.061017 -5.374012 2.687006
W 8.061017 -2.687006 5.374012
Y 8.061017 -5.374012 8.061017


-3.000000	3811451a0
10

Y 0.000000 0.000000 0.000000
Y 2.687006 2.687006 0.000000
D 0.000000 2.687006 -2.687006
P -2.687006 5.374012 -2.687006
E 0.000000 5.374012 -5.374012
T 2.687006 5.374012 -2.687006
G 0.000000 8.061017 -2.687006
T -2.687006 10.748023 -2.687006
W -2.687006 8.061017 -5.374012
Y -2.687006 10.748023 -8.061017


-3.000000	381145040
10

Y 0.000000 0.000000 0.000000
Y 2.687006 2.687006 0.000000
D 5.374012 2.687006 2.687006
P 8.061017 5.374012 2.687006
E 10.748023 5.374012 0.000000
T 13.435029 5.374012 2.687006
G 10.748023 8.061017 2.687006
T 8.061017 10.748023 2.687006
W 8.061017 8.061017 0.000000
Y 8.061017 10.748023 -2.687006


-3.000000	9277ab6a0
10

Y 0.000000 0.000000 0.000000
Y 2.687006 2.687006 0.000000
D 0.000000 2.687006 -2.687006
P -2.687006 0.000000 -2.687006
E -5.374012 0.000000 0.000000
T -8.061017 0.000000 -2.687006
G -5.374012 -2.687006 -2.687006
T -2.687006 -5.374012 -2.687006
W -2.687006 -2.687006 0.000000
Y -2.687006 -5.374012 2.687006


-3.000000	381145010
10

Y 0.000000 0.000000 0.000000
Y 2.687006 2.687006 0.000000
D 0.000000 5.374012 0.000000
P 2.687006 8.061017 0.000000
E 5.374012 8.061017 -2.687006
T 8.061017 8.061017 0.000000
G 5.374012 10.748023 0.000000
T 2.687006 13.435029 0.000000
W 2.687006 10.748023 -2.687006
Y 2.687006 13.435029 -5.374012


-3.000000	381145000
10

Y 0.000000 0.000000 0.000000
Y 2.687006 2.687006 0.000000
D 5.374012 5.374012 0.000000
P 8.061017 8.061017 0.000000
E 10.748023 8.061017 -2.687006
T 13.435029 8.061017 0.000000
G 10.748023 10.748023 0.000000
T 8.061017 13.435029 0.000000
W 8.061017 10.748023 -2.687006
Y 8.061017 13.435029 -5.374012


-3.000000	9277ab640
10

Y 0.000000 0.000000 0.000000
Y 2.687006 2.687006 0.000000
D 5.374012 2.687006 2.687006
P 2.687006 0.000000 2.687006
E 0.000000 0.000000 5.374012
T -2.687006 0.000000 2.687006
G 0.000000 -2.687006 2.687006
T 2.687006 -5.374012 2.687006
W 2.687006 -2.687006 5.374012
Y 2.687006 -5.374012 8.061017


-3.000000	3811450a0
10

Y 0.000000 0.000000 0.000000
Y 2.687006 2.687006 0.000000
D 0.000000 2.687006 -2.687006
P 2.687006 5.374012 -2.687006
E 5.374012 5.374012 -5.374012
T 8.061017 5.374012 -2.687006
G 5.374012 8.061017 -2.687006
T 2.687006 10.748023 -2.687006
W 2.687006 8.061017 -5.374012
Y 2.687006 10.748023 -8.061017


-3.000000	9277ab610
10

Y 0.000000 0.000000 0.000000
Y 2.687006 2.687006 0.000000
D 0.000000 5.374012 0.000000
P -2.687006 2.687006 0.000000
E -5.374012 2.687006 2.687006
T -8.061017 2.687006 0.000000
G -5.374012 0.000000 0.000000
T -2.687006 -2.687006 0.000000
W -2.687006 0.000000 2.687006
Y -2.687006 -2.687006 5.374012


-3.000000	381127040
10

Y 0.000000 0.000000 0.000000
Y 2.687006 2.687006 0.000000
D 5.374012 2.687006 2.687006
P 8.061017 5.374012 2.687006
E 10.748023 2.687006 2.687006
T 10.748023 5.374012 5.374012
G 8.061017 8.061017 5.374012
T 5.374012 10.748023 5.374012
W 5.374012 8.061017 2.687006
Y 5.374012 10.748023 0.000000


-3.000000	9277816a0
10

Y 0.000000 0.000000 0.000000
Y 2.687006 2.687006 0.000000
D 0.000000 2.687006 -2.687006
P -2.687006 0.000000 -2.687006
E -5.374012 2.687006 -2.687006
T -5.374012 0.000000 -5.374012
G -2.687006 -2.687006 -5.374012
T 0.000000 -5.374012 -5.374012
W 0.000000 -2.687006 -2.687006
Y 0.000000 -5.374012 0.000000


-3.000000	381127010
10

Y 0.000000 0.000000 0.000000
Y 2.687006 2.687006 0.000000
D 0.000000 5.374012 0.000000
P 2.687006 8.061017 0.000000
E 5.374012 5.374012 0.000000
T 5.374012 8.061017 2.687006
G 2.687006 10.748023 2.687006
T 0.000000 13.435029 2.687006
W 0.000000 10.748023 0.000000
Y 0.000000 13.435029 -2.687006


-3.000000	381127000
10

Y 0.000000 0.000000 0.000000
Y 2.687006 2.687006 0.000000
D 5.374012 5.374012 0.000000
P 8.061017 8.061017 0.000000
E 10.748023 5.374012 0.000000
T 10.748023 8.061017 2.687006
G 8.061017 10.748023 2.687006
T 5.374012 13.435029 2.687006
W 5.374012 10.748023 0.000000
Y 5.374012 13.435029 -2.687006


-3.000000	3811270a0
10

Y 0.000000 0.000000 0.000000
Y 2.687006 2.687006 0.000000
D 0.000000 2.687006 -2.687006
P 2.687006 5.374012 -2.687006
E 5.374012 2.687006 -2.687006
T 5.374012 5.374012 0.000000
G 2.687006 8.061017 0.000000
T 0.000000 10.748023 0.000000
W 0.000000 8.061017 -2.687006
Y 0.000000 10.748023 -5.374012


-3.000000	381127b40
10

Y 0.000000 0.000000 0.000000
Y 2.687006 2.687006 0.000000
D 5.374012 2.687006 2.687006
P 2.687006 2.687006 5.374012
E 5.374012 0.000000 5.374012
T 5.374012 2.687006 8.061017
G 2.687006 5.374012 8.061017
T 0.000000 8.061017 8.061017
W 0.000000 5.374012 5.374012
Y 0.000000 8.061017 2.687006


-3.000000	9277815a0
10

Y 0.000000 0.000000 0.000000
Y 2.687006 2.687006 0.000000
D 0.000000 2.687006 -2.687006
P 2.687006 2.687006 -5.374012
E 0.000000 5.374012 -5.374012
T 0.000000 2.687006 -8.061017
G 2.687006 0.000000 -8.061017
T 5.374012 -2.687006 -8.061017
W 5.374012 0.000000 -5.374012
Y 5.374012 -2.687006 -2.687006


-3.000000	381127b10
10

Y 0.000000 0.000000 0.000000
Y 2.687006 2.687006 0.000000
D 0.000000 5.374012 0.000000
P -2.687006 5.374012 2.687006
E 0.000000 2.687006 2.687006
T 0.000000 5.374012 5.374012
G -2.687006 8.061017 5.374012
T -5.374012 10.748023 5.374012
W -5.374012 8.061017 2.687006
Y -5.374012 10.748023 0.000000


-3.000000	381127b00
10

Y 0.000000 0.000000 0.000000
Y 2.687006 2.687006 0.000000
D 5.374012 5.374012 0.000000
P 2.687006 5.374012 2.687006
E 5.374012 2.687006 2.687006
T 5.374012 5.374012 5.374012
G 2.687006 8.061017 5.374012
T 0.000000 10.748023 5.374012
W 0.000000 8.061017 2.687006
Y 0.000000 10.748023 0.000000


-3.000000	927781540
10

Y 0.000000 0.000000 0.000000
Y 2.687006 2.687006 0.000000
D 5.374012 2.687006 2.687006
P 8.061017 2.687006 0.000000
E 5.374012 5.374012 0.000000
T 5.374012 2.687006 -2.687006
G 8.061017 0.000000 -2.687006
T 10.748023 -2.687006 -2.687006
W 10.748023 0.000000 0.000000
Y 10.748023 -2.687006 2.687006


-3.000000	927781510
10

Y 0.000000 0.000000 0.000000
Y 2.687006 2.687006 0.000000
D 0.000000 5.374012 0.000000
P 2.687006 5.374012 -2.687006
E 0.000000 8.061017 -2.687006
T 0.000000 5.374012 -5.374012
G 2.687006 2.687006 -5.374012
T 5.374012 0.000000 -5.374012
W 5.374012 2.687006 -2.687006
Y 5.374012 0.000000 0.000000


-3.000000	927781500
10

Y 0.000000 0.000000 0.000000
Y 2.687006 2.687006 0.000000
D 5.374012 5.374012 0.000000
P 8.061017 5.374012 -2.687006
E 5.374012 8.061017 -2.687006
T 5.374012 5.374012 -5.374012
G 8.061017 2.687006 -5.374012
T 10.748023 0.000000 -5.374012
W 10.748023 2.687006 -2.687006
Y 10.748023 0.000000 0.000000


-3.000000	381127910
10

Y 0.000000 0.000000 0.000000
Y 2.687006 2.687006 0.000000
D 0.000000 5.374012 0.000000
P 0.000000 2.687006 2.687006
E 2.687006 0.000000 2.687006
T 2.687006 2.687006 5.374012
G 0.000000 5.374012 5.374012
T -2.687006 8.061017 5.374012
W -2.687006 5.374012 2.687006
Y -2.687006 8.061017 0.000000


-3.000000	381127900
10

Y 0.000000 0.000000 0.000000
Y 2.687006 2.687006 0.000000
D 5.374012 5.374012 0.000000
P 5.374012 2.687006 2.687006
E 8.061017 0.000000 2.687006
T 8.061017 2.687006 5.374012
G 5.374012 5.374012 5.374012
T 2.687006 8.061017 5.374012
W 2.687006 5.374012 2.687006
Y 2.687006 8.061017 0.000000


-3.000000	927781340
10

Y 0.000000 0.000000 0.000000
Y 2.687006 2.687006 0.000000
D 5.374012 2.687006 2.687006
P 5.374012 5.374012 0.000000
E 2.687006 8.061017 0.000000
T 2.687006 5.374012 -2.687006
G 5.374012 2.687006 -2.687006
T 8.061017 0.000000 -2.687006
W 8.061017 2.687006 0.000000
Y 8.061017 0.000000 2.687006


-3.000000	927781300
10

Y 0.000000 0.000000 0.000000
Y 2.687006 2.687006 0.000000
D 5.374012 5.374012 0.000000
P 5.374012 8.061017 -2.687006
E 2.687006 10.748023 -2.687006
T 2.687006 8.061017 -5.374012
G 5.374012 5.374012 -5.374012
T 8.061017 2.687006 -5.374012
W 8.061017 5.374012 -2.687006
Y 8.061017 2.687006 0.000000


-3.000000	381127940
10

Y 0.000000 0.000000 0.000000
Y 2.687006 2.687006 0.000000
D 5.374012 2.687006 2.687006
P 5.374012 0.000000 5.374012
E 8.061017 -2.687006 5.374012
T 8.061017 0.000000 8.061017
G 5.374012 2.687006 8.061017
T 2.687006 5.374012 8.061017
W 2.687006 2.687006 5.374012
Y 2.687006 5.374012 2.687006


-3.000000	9277813a0
10

Y 0.000000 0.000000 0.000000
Y 2.687006 2.687006 0.000000
D 0.000000 2.687006 -2.687006
P 0.000000 5.374012 -5.374012
E -2.687006 8.061017 -5.374012
T -2.687006 5.374012 -8.061017
G 0.000000 2.687006 -8.061017
T 2.687006 0.000000 -8.061017
W 2.687006 2.687006 -5.374012
Y 2.687006 0.000000 -2.687006


-3.000000	927781040
10

Y 0.000000 0.000000 0.000000
Y 2.687006 2.687006 0.000000
D 5.374012 2.687006 2.687006
P 8.061017 5.374012 2.687006
E 5.374012 8.061017 2.687006
T 5.374012 5.374012 0.000000
G 8.061017 2.687006 0.000000
T 10.748023 0.000000 0.000000
W 10.748023 2.687006 2.687006
Y 10.748023 0.000000 5.374012


-3.000000	927781010
10

Y 0.000000 0.000000 0.000000
Y 2.687006 2.687006 0.000000
D 0.000000 5.374012 0.000000
P 2.687006 8.061017 0.000000
E 0.000000 10.748023 0.000000
T 0.000000 8.061017 -2.687006
G 2.687006 5.374012 -2.687006
T 5.374012 2.687006 -2.687006
W 5.374012 5.374012 0.000000
Y 5.374012 2.687006 2.687006


-3.000000	927781000
10

Y 0.000000 0.000000 0.000000
Y 2.687006 2.687006 0.000000
D 5.374012 5.374012 0.000000
P 8.061017 8.061017 0.000000
E 5.374012 10.748023 0.000000
T 5.374012 8.061017 -2.687006
G 8.061017 5.374012 -2.687006
T 10.748023 2.687006 -2.687006
W 10.748023 5.374012 0.000000
Y 10.748023 2.687006 2.687006


-3.000000	381127640
10

Y 0.000000 0.000000 0.000000
Y 2.687006 2.687006 0.000000
D 5.374012 2.687006 2.687006
P 2.687006 0.000000 2.687006
E 5.374012 -2.687006 2.687006
T 5.374012 0.000000 5.374012
G 2.687006 2.687006 5.374012
T 0.000000 5.374012 5.374012
W 0.000000 2.687006 2.687006
Y 0.000000 5.374012 0.000000


-3.000000	9277810a0
10

Y 0.000000 0.000000 0.000000
Y 2.687006 2.687006 0.000000
D 0.000000 2.687006 -2.687006
P 2.687006 5.374012 -2.687006
E 0.000000 8.061017 -2.687006
T 0.000000 5.374012 -5.374012
G 2.687006 2.687006 -5.374012
T 5.374012 0.000000 -5.374012
W 5.374012 2.687006 -2.687006
Y 5.374012 0.000000 0.000000


-3.000000	927781b40
10

Y 0.000000 0.000000 0.000000
Y 2.687006 2.687006 0.000000
D 5.374012 2.687006 2.687006
P 2.687006 2.687006 5.374012
E 0.000000 5.374012 5.374012
T 0.000000 2.687006 2.687006
G 2.687006 0.000000 2.687006
T 5.374012 -2.687006 2.687006
W 5.374012 0.000000 5.374012
Y 5.374012 -2.687006 8.061017


-3.000000	3811275a0
10

Y 0.000000 0.000000 0.000000
Y 2.687006 2.687006 0.000000
D 0.000000 2.687006 -2.687006
P 2.687006 2.687006 -5.374012
E 5.374012 0.000000 -5.374012
T 5.374012 2.687006 -2.687006
G 2.687006 5.374012 -2.687006
T 0.000000 8.061017 -2.687006
W 0.000000 5.374012 -5.374012
Y 0.000000 8.061017 -8.061017


-3.000000	381127540
10

Y 0.000000 0.000000 0.000000
Y 2.687006 2.687006 0.000000
D 5.374012 2.687006 2.687006
P 8.061017 2.687006 0.000000
E 10.748023 0.000000 0.000000
T 10.748023 2.687006 2.687006
G 8.061017 5.374012 2.687006
T 5.374012 8.061017 2.687006
W 5.374012 5.374012 0.000000
Y 5.374012 8.061017 -2.687006


-3.000000	381127510
10

Y 0.000000 0.000000 0.000000
Y 2.687006 2.687006 0.000000
D 0.000000 5.374012 0.000000
P 2.687006 5.374012 -2.687006
E 5.374012 2.687006 -2.687006
T 5.374012 5.374012 0.000000
G 2.687006 8.061017 0.000000
T 0.000000 10.748023 0.000000
W 0.000000 8.061017 -2.687006
Y 0.000000 10.748023 -5.374012


-3.000000	381127500
10

Y 0.000000 0.000000 0.000000
Y 2.687006 2.687006 0.000000
D 5.374012 5.374012 0.000000
P 8.061017 5.374012 -2.687006
E 10.748023 2.687006 -2.687006
T 10.748023 5.374012 0.000000
G 8.061017 8.061017 0.000000
T 5.374012 10.748023 0.000000
W 5.374012 8.061017 -2.687006
Y 5.374012 10.748023 -5.374012


-3.000000	927781a00
10

Y 0.000000 0.000000 0.000000
Y 2.687006 2.687006 0.000000
D 5.374012 5.374012 0.000000
P 2.687006 5.374012 -2.687006
E 0.000000 8.061017 -2.687006
T 0.000000 5.374012 -5.374012
G 2.687006 2.687006 -5.374012
T 5.374012 0.000000 -5.374012
W 5.374012 2.687006 -2.687006
Y 5.374012 0.000000 0.000000


-3.000000	381127440
10

Y 0.000000 0.000000 0.000000
Y 2.687006 2.687006 0.000000
D 5.374012 2.687006 2.687006
P 8.061017 2.687006 5.374012
E 10.748023 0.000000 5.374012
T 10.748023 2.687006 8.061017
G 8.061017 5.374012 8.061017
T 5.374012 8.061017 8.061017
W 5.374012 5.374012 5.374012
Y 5.374012 8.061017 2.687006


-3.000000	927781aa0
10

Y 0.000000 0.000000 0.000000
Y 2.687006 2.687006 0.000000
D 0.000000 2.687006 -2.687006
P -2.687006 2.687006 -5.374012
E -5.374012 5.374012 -5.374012
T -5.374012 2.687006 -8.061017
G -2.687006 0.000000 -8.061017
T 0.000000 -2.687006 -8.061017
W 0.000000 0.000000 -5.374012
Y 0.000000 -2.687006 -2.687006


-3.000000	381127410
10

Y 0.000000 0.000000 0.000000
Y 2.687006 2.687006 0.000000
D 0.000000 5.374012 0.000000
P 2.687006 5.374012 2.687006
E 5.374012 2.687006 2.687006
T 5.374012 5.374012 5.374012
G 2.687006 8.061017 5.374012
T 0.000000 10.748023 5.374012
W 0.000000 8.061017 2.687006
Y 0.000000 10.748023 0.000000


-3.000000	381127400
10

Y 0.000000 0.000000 0.000000
Y 2.687006 2.687006 0.000000
D 5.374012 5.374012 0.000000
P 8.061017 5.374012 2.687006
E 10.748023 2.687006 2.687006
T 10.748023 5.374012 5.374012
G 8.061017 8.061017 5.374012
T 5.374012 10.748023 5.374012
W 5.374012 8.061017 2.687006
Y 5.374012 10.748023 0.000000


-3.000000	381127340
10

Y 0.000000 0.000000 0.000000
Y 2.687006 2.687006 0.000000
D 5.374012 2.687006 2.687006
P 5.374012 5.374012 0.000000
E 8.061017 2.687006 0.000000
T 8.061017 5.374012 2.687006
G 5.374012 8.061017 2.687006
T 2.687006 10.748023 2.687006
W 2.687006 8.061017 0.000000
Y 2.687006 10.748023 -2.687006


