1	2
1	17
1	257
2	3
2	18
2	258
3	4
3	19
3	259
4	5
4	20
4	260
5	6
5	21
5	261
6	7
6	22
6	262
7	8
7	23
7	263
8	9
8	24
8	264
9	10
9	25
9	265
10	11
10	26
10	266
11	12
11	27
11	267
12	13
12	28
12	268
13	14
13	29
13	269
14	15
14	30
14	270
15	16
15	31
15	271
16	32
16	272
17	18
17	33
17	273
18	19
18	34
18	274
19	20
19	35
19	275
20	21
20	36
20	276
21	22
21	37
21	277
22	23
22	38
22	278
23	24
23	39
23	279
24	25
24	40
24	280
25	26
25	41
25	281
26	27
26	42
26	282
27	28
27	43
27	283
28	29
28	44
28	284
29	30
29	45
29	285
30	31
30	46
30	286
31	32
31	47
31	287
32	48
32	288
33	34
33	49
33	289
34	35
34	50
34	290
35	36
35	51
35	291
36	37
36	52
36	292
37	38
37	53
37	293
38	39
38	54
38	294
39	40
39	55
39	295
40	41
40	56
40	296
41	42
41	57
41	297
42	43
42	58
42	298
43	44
43	59
43	299
44	45
44	60
44	300
45	46
45	61
45	301
46	47
46	62
46	302
47	48
47	63
47	303
48	64
48	304
49	50
49	65
49	305
50	51
50	66
50	306
51	52
51	67
51	307
52	53
52	68
52	308
53	54
53	69
53	309
54	55
54	70
54	310
55	56
55	71
55	311
56	57
56	72
56	312
57	58
57	73
57	313
58	59
58	74
58	314
59	60
59	75
59	315
60	61
60	76
60	316
61	62
61	77
61	317
62	63
62	78
62	318
63	64
63	79
63	319
64	80
64	320
65	66
65	81
65	321
66	67
66	82
66	322
67	68
67	83
67	323
68	69
68	84
68	324
69	70
69	85
69	325
70	71
70	86
70	326
71	72
71	87
71	327
72	73
72	88
72	328
73	74
73	89
73	329
74	75
74	90
74	330
75	76
75	91
75	331
76	77
76	92
76	332
77	78
77	93
77	333
78	79
78	94
78	334
79	80
79	95
79	335
80	96
80	336
81	82
81	97
81	337
82	83
82	98
82	338
83	84
83	99
83	339
84	85
84	100
84	340
85	86
85	101
85	341
86	87
86	102
86	342
87	88
87	103
87	343
88	89
88	104
88	344
89	90
89	105
89	345
90	91
90	106
90	346
91	92
91	107
91	347
92	93
92	108
92	348
93	94
93	109
93	349
94	95
94	110
94	350
95	96
95	111
95	351
96	112
96	352
97	98
97	113
97	353
98	99
98	114
98	354
99	100
99	115
99	355
100	101
100	116
100	356
101	102
101	117
101	357
102	103
102	118
102	358
103	104
103	119
103	359
104	105
104	120
104	360
105	106
105	121
105	361
106	107
106	122
106	362
107	108
107	123
107	363
108	109
108	124
108	364
109	110
109	125
109	365
110	111
110	126
110	366
111	112
111	127
111	367
112	128
112	368
113	114
113	129
113	369
114	115
114	130
114	370
115	116
115	131
115	371
116	117
116	132
116	372
117	118
117	133
117	373
118	119
118	134
118	374
119	120
119	135
119	375
120	121
120	136
120	376
121	122
121	137
121	377
122	123
122	138
122	378
123	124
123	139
123	379
124	125
124	140
124	380
125	126
125	141
125	381
126	127
126	142
126	382
127	128
127	143
127	383
128	144
128	384
129	130
129	145
129	385
130	131
130	146
130	386
131	132
131	147
131	387
132	133
132	148
132	388
133	134
133	149
133	389
134	135
134	150
134	390
135	136
135	151
135	391
136	137
136	152
136	392
137	138
137	153
137	393
138	139
138	154
138	394
139	140
139	155
139	395
140	141
140	156
140	396
141	142
141	157
141	397
142	143
142	158
142	398
143	144
143	159
143	399
144	160
144	400
145	146
145	161
145	401
146	147
146	162
146	402
147	148
147	163
147	403
148	149
148	164
148	404
149	150
149	165
149	405
150	151
150	166
150	406
151	152
151	167
151	407
152	153
152	168
152	408
153	154
153	169
153	409
154	155
154	170
154	410
155	156
155	171
155	411
156	157
156	172
156	412
157	158
157	173
157	413
158	159
158	174
158	414
159	160
159	175
159	415
160	176
160	416
161	162
161	177
161	417
162	163
162	178
162	418
163	164
163	179
163	419
164	165
164	180
164	420
165	166
165	181
165	421
166	167
166	182
166	422
167	168
167	183
167	423
168	169
168	184
168	424
169	170
169	185
169	425
170	171
170	186
170	426
171	172
171	187
171	427
172	173
172	188
172	428
173	174
173	189
173	429
174	175
174	190
174	430
175	176
175	191
175	431
176	192
176	432
177	178
177	193
177	433
178	179
178	194
178	434
179	180
179	195
179	435
180	181
180	196
180	436
181	182
181	197
181	437
182	183
182	198
182	438
183	184
183	199
183	439
184	185
184	200
184	440
185	186
185	201
185	441
186	187
186	202
186	442
187	188
187	203
187	443
188	189
188	204
188	444
189	190
189	205
189	445
190	191
190	206
190	446
191	192
191	207
191	447
192	208
192	448
193	194
193	209
193	449
194	195
194	210
194	450
195	196
195	211
195	451
196	197
196	212
196	452
197	198
197	213
197	453
198	199
198	214
198	454
199	200
199	215
199	455
200	201
200	216
200	456
201	202
201	217
201	457
202	203
202	218
202	458
203	204
203	219
203	459
204	205
204	220
204	460
205	206
205	221
205	461
206	207
206	222
206	462
207	208
207	223
207	463
208	224
208	464
209	210
209	225
209	465
210	211
210	226
210	466
211	212
211	227
211	467
212	213
212	228
212	468
213	214
213	229
213	469
214	215
214	230
214	470
215	216
215	231
215	471
216	217
216	232
216	472
217	218
217	233
217	473
218	219
218	234
218	474
219	220
219	235
219	475
220	221
220	236
220	476
221	222
221	237
221	477
222	223
222	238
222	478
223	224
223	239
223	479
224	240
224	480
225	226
225	241
225	481
226	227
226	242
226	482
227	228
227	243
227	483
228	229
228	244
228	484
229	230
229	245
229	485
230	231
230	246
230	486
231	232
231	247
231	487
232	233
232	248
232	488
233	234
233	249
233	489
234	235
234	250
234	490
235	236
235	251
235	491
236	237
236	252
236	492
237	238
237	253
237	493
238	239
238	254
238	494
239	240
239	255
239	495
240	256
240	496
241	242
241	497
242	243
242	498
243	244
243	499
244	245
244	500
245	246
245	501
246	247
246	502
247	248
247	503
248	249
248	504
249	250
249	505
250	251
250	506
251	252
251	507
252	253
252	508
253	254
253	509
254	255
254	510
255	256
255	511
256	512
257	258
257	273
257	513
258	259
258	274
258	514
259	260
259	275
259	515
260	261
260	276
260	516
261	262
261	277
261	517
262	263
262	278
262	518
263	264
263	279
263	519
264	265
264	280
264	520
265	266
265	281
265	521
266	267
266	282
266	522
267	268
267	283
267	523
268	269
268	284
268	524
269	270
269	285
269	525
270	271
270	286
270	526
271	272
271	287
271	527
272	288
272	528
273	274
273	289
273	529
274	275
274	290
274	530
275	276
275	291
275	531
276	277
276	292
276	532
277	278
277	293
277	533
278	279
278	294
278	534
279	280
279	295
279	535
280	281
280	296
280	536
281	282
281	297
281	537
282	283
282	298
282	538
283	284
283	299
283	539
284	285
284	300
284	540
285	286
285	301
285	541
286	287
286	302
286	542
287	288
287	303
287	543
288	304
288	544
289	290
289	305
289	545
290	291
290	306
290	546
291	292
291	307
291	547
292	293
292	308
292	548
293	294
293	309
293	549
294	295
294	310
294	550
295	296
295	311
295	551
296	297
296	312
296	552
297	298
297	313
297	553
298	299
298	314
298	554
299	300
299	315
299	555
300	301
300	316
300	556
301	302
301	317
301	557
302	303
302	318
302	558
303	304
303	319
303	559
304	320
304	560
305	306
305	321
305	561
306	307
306	322
306	562
307	308
307	323
307	563
308	309
308	324
308	564
309	310
309	325
309	565
310	311
310	326
310	566
311	312
311	327
311	567
312	313
312	328
312	568
313	314
313	329
313	569
314	315
314	330
314	570
315	316
315	331
315	571
316	317
316	332
316	572
317	318
317	333
317	573
318	319
318	334
318	574
319	320
319	335
319	575
320	336
320	576
321	322
321	337
321	577
322	323
322	338
322	578
323	324
323	339
323	579
324	325
324	340
324	580
325	326
325	341
325	581
326	327
326	342
326	582
327	328
327	343
327	583
328	329
328	344
328	584
329	330
329	345
329	585
330	331
330	346
330	586
331	332
331	347
331	587
332	333
332	348
332	588
333	334
333	349
333	589
334	335
334	350
334	590
335	336
335	351
335	591
336	352
336	592
337	338
337	353
337	593
338	339
338	354
338	594
339	340
339	355
339	595
340	341
340	356
340	596
341	342
341	357
341	597
342	343
342	358
342	598
343	344
343	359
343	599
344	345
344	360
344	600
345	346
345	361
345	601
346	347
346	362
346	602
347	348
347	363
347	603
348	349
348	364
348	604
349	350
349	365
349	605
350	351
350	366
350	606
351	352
351	367
351	607
352	368
352	608
353	354
353	369
353	609
354	355
354	370
354	610
355	356
355	371
355	611
356	357
356	372
356	612
357	358
357	373
357	613
358	359
358	374
358	614
359	360
359	375
359	615
360	361
360	376
360	616
361	362
361	377
361	617
362	363
362	378
362	618
363	364
363	379
363	619
364	365
364	380
364	620
365	366
365	381
365	621
366	367
366	382
366	622
367	368
367	383
367	623
368	384
368	624
369	370
369	385
369	625
370	371
370	386
370	626
371	372
371	387
371	627
372	373
372	388
372	628
373	374
373	389
373	629
374	375
374	390
374	630
375	376
375	391
375	631
376	377
376	392
376	632
377	378
377	393
377	633
378	379
378	394
378	634
379	380
379	395
379	635
380	381
380	396
380	636
381	382
381	397
381	637
382	383
382	398
382	638
383	384
383	399
383	639
384	400
384	640
385	386
385	401
385	641
386	387
386	402
386	642
387	388
387	403
387	643
388	389
388	404
388	644
389	390
389	405
389	645
390	391
390	406
390	646
391	392
391	407
391	647
392	393
392	408
392	648
393	394
393	409
393	649
394	395
394	410
394	650
395	396
395	411
395	651
396	397
396	412
396	652
397	398
397	413
397	653
398	399
398	414
398	654
399	400
399	415
399	655
400	416
400	656
401	402
401	417
401	657
402	403
402	418
402	658
403	404
403	419
403	659
404	405
404	420
404	660
405	406
405	421
405	661
406	407
406	422
406	662
407	408
407	423
407	663
408	409
408	424
408	664
409	410
409	425
409	665
410	411
410	426
410	666
411	412
411	427
411	667
412	413
412	428
412	668
413	414
413	429
413	669
414	415
414	430
414	670
415	416
415	431
415	671
416	432
416	672
417	418
417	433
417	673
418	419
418	434
418	674
419	420
419	435
419	675
420	421
420	436
420	676
421	422
421	437
421	677
422	423
422	438
422	678
423	424
423	439
423	679
424	425
424	440
424	680
425	426
425	441
425	681
426	427
426	442
426	682
427	428
427	443
427	683
428	429
428	444
428	684
429	430
429	445
429	685
430	431
430	446
430	686
431	432
431	447
431	687
432	448
432	688
433	434
433	449
433	689
434	435
434	450
434	690
435	436
435	451
435	691
436	437
436	452
436	692
437	438
437	453
437	693
438	439
438	454
438	694
439	440
439	455
439	695
440	441
440	456
440	696
441	442
441	457
441	697
442	443
442	458
442	698
443	444
443	459
443	699
444	445
444	460
444	700
445	446
445	461
445	701
446	447
446	462
446	702
447	448
447	463
447	703
448	464
448	704
449	450
449	465
449	705
450	451
450	466
450	706
451	452
451	467
451	707
452	453
452	468
452	708
453	454
453	469
453	709
454	455
454	470
454	710
455	456
455	471
455	711
456	457
456	472
456	712
457	458
457	473
457	713
458	459
458	474
458	714
459	460
459	475
459	715
460	461
460	476
460	716
461	462
461	477
461	717
462	463
462	478
462	718
463	464
463	479
463	719
464	480
464	720
465	466
465	481
465	721
466	467
466	482
466	722
467	468
467	483
467	723
468	469
468	484
468	724
469	470
469	485
469	725
470	471
470	486
470	726
471	472
471	487
471	727
472	473
472	488
472	728
473	474
473	489
473	729
474	475
474	490
474	730
475	476
475	491
475	731
476	477
476	492
476	732
477	478
477	493
477	733
478	479
478	494
478	734
479	480
479	495
479	735
480	496
480	736
481	482
481	497
481	737
482	483
482	498
482	738
483	484
483	499
483	739
484	485
484	500
484	740
485	486
485	501
485	741
486	487
486	502
486	742
487	488
487	503
487	743
488	489
488	504
488	744
489	490
489	505
489	745
490	491
490	506
490	746
491	492
491	507
491	747
492	493
492	508
492	748
493	494
493	509
493	749
494	495
494	510
494	750
495	496
495	511
495	751
496	512
496	752
497	498
497	753
498	499
498	754
499	500
499	755
500	501
500	756
501	502
501	757
502	503
502	758
503	504
503	759
504	505
504	760
505	506
505	761
506	507
506	762
507	508
507	763
508	509
508	764
509	510
509	765
510	511
510	766
511	512
511	767
512	768
513	514
513	529
513	769
514	515
514	530
514	770
515	516
515	531
515	771
516	517
516	532
516	772
517	518
517	533
517	773
518	519
518	534
518	774
519	520
519	535
519	775
520	521
520	536
520	776
521	522
521	537
521	777
522	523
522	538
522	778
523	524
523	539
523	779
524	525
524	540
524	780
525	526
525	541
525	781
526	527
526	542
526	782
527	528
527	543
527	783
528	544
528	784
529	530
529	545
529	785
530	531
530	546
530	786
531	532
531	547
531	787
532	533
532	548
532	788
533	534
533	549
533	789
534	535
534	550
534	790
535	536
535	551
535	791
536	537
536	552
536	792
537	538
537	553
537	793
538	539
538	554
538	794
539	540
539	555
539	795
540	541
540	556
540	796
541	542
541	557
541	797
542	543
542	558
542	798
543	544
543	559
543	799
544	560
544	800
545	546
545	561
545	801
546	547
546	562
546	802
547	548
547	563
547	803
548	549
548	564
548	804
549	550
549	565
549	805
550	551
550	566
550	806
551	552
551	567
551	807
552	553
552	568
552	808
553	554
553	569
553	809
554	555
554	570
554	810
555	556
555	571
555	811
556	557
556	572
556	812
557	558
557	573
557	813
558	559
558	574
558	814
559	560
559	575
559	815
560	576
560	816
561	562
561	577
561	817
562	563
562	578
562	818
563	564
563	579
563	819
564	565
564	580
564	820
565	566
565	581
565	821
566	567
566	582
566	822
567	568
567	583
567	823
568	569
568	584
568	824
569	570
569	585
569	825
570	571
570	586
570	826
571	572
571	587
571	827
572	573
572	588
572	828
573	574
573	589
573	829
574	575
574	590
574	830
575	576
575	591
575	831
576	592
576	832
577	578
577	593
577	833
578	579
578	594
578	834
579	580
579	595
579	835
580	581
580	596
580	836
581	582
581	597
581	837
582	583
582	598
582	838
583	584
583	599
583	839
584	585
584	600
584	840
585	586
585	601
585	841
586	587
586	602
586	842
587	588
587	603
587	843
588	589
588	604
588	844
589	590
589	605
589	845
590	591
590	606
590	846
591	592
591	607
591	847
592	608
592	848
593	594
593	609
593	849
594	595
594	610
594	850
595	596
595	611
595	851
596	597
596	612
596	852
597	598
597	613
597	853
598	599
598	614
598	854
599	600
599	615
599	855
600	601
600	616
600	856
601	602
601	617
601	857
602	603
602	618
602	858
603	604
603	619
603	859
604	605
604	620
604	860
605	606
605	621
605	861
606	607
606	622
606	862
607	608
607	623
607	863
608	624
608	864
609	610
609	625
609	865
610	611
610	626
610	866
611	612
611	627
611	867
612	613
612	628
612	868
613	614
613	629
613	869
614	615
614	630
614	870
615	616
615	631
615	871
616	617
616	632
616	872
617	618
617	633
617	873
618	619
618	634
618	874
619	620
619	635
619	875
620	621
620	636
620	876
621	622
621	637
621	877
622	623
622	638
622	878
623	624
623	639
623	879
624	640
624	880
625	626
625	641
625	881
626	627
626	642
626	882
627	628
627	643
627	883
628	629
628	644
628	884
629	630
629	645
629	885
630	631
630	646
630	886
631	632
631	647
631	887
632	633
632	648
632	888
633	634
633	649
633	889
634	635
634	650
634	890
635	636
635	651
635	891
636	637
636	652
636	892
637	638
637	653
637	893
638	639
638	654
638	894
639	640
639	655
639	895
640	656
640	896
641	642
641	657
641	897
642	643
642	658
642	898
643	644
643	659
643	899
644	645
644	660
644	900
645	646
645	661
645	901
646	647
646	662
646	902
647	648
647	663
647	903
648	649
648	664
648	904
649	650
649	665
649	905
650	651
650	666
650	906
651	652
651	667
651	907
652	653
652	668
652	908
653	654
653	669
653	909
654	655
654	670
654	910
655	656
655	671
655	911
656	672
656	912
657	658
657	673
657	913
658	659
658	674
658	914
659	660
659	675
659	915
660	661
660	676
660	916
661	662
661	677
661	917
662	663
662	678
662	918
663	664
663	679
663	919
664	665
664	680
664	920
665	666
665	681
665	921
666	667
666	682
666	922
667	668
667	683
667	923
668	669
668	684
668	924
669	670
669	685
669	925
670	671
670	686
670	926
671	672
671	687
671	927
672	688
672	928
673	674
673	689
673	929
674	675
674	690
674	930
675	676
675	691
675	931
676	677
676	692
676	932
677	678
677	693
677	933
678	679
678	694
678	934
679	680
679	695
679	935
680	681
680	696
680	936
681	682
681	697
681	937
682	683
682	698
682	938
683	684
683	699
683	939
684	685
684	700
684	940
685	686
685	701
685	941
686	687
686	702
686	942
687	688
687	703
687	943
688	704
688	944
689	690
689	705
689	945
690	691
690	706
690	946
691	692
691	707
691	947
692	693
692	708
692	948
693	694
693	709
693	949
694	695
694	710
694	950
695	696
695	711
695	951
696	697
696	712
696	952
697	698
697	713
697	953
698	699
698	714
698	954
699	700
699	715
699	955
700	701
700	716
700	956
701	702
701	717
701	957
702	703
702	718
702	958
703	704
703	719
703	959
704	720
704	960
705	706
705	721
705	961
706	707
706	722
706	962
707	708
707	723
707	963
708	709
708	724
708	964
709	710
709	725
709	965
710	711
710	726
710	966
711	712
711	727
711	967
712	713
712	728
712	968
713	714
713	729
713	969
714	715
714	730
714	970
715	716
715	731
715	971
716	717
716	732
716	972
717	718
717	733
717	973
718	719
718	734
718	974
719	720
719	735
719	975
720	736
720	976
721	722
721	737
721	977
722	723
722	738
722	978
723	724
723	739
723	979
724	725
724	740
724	980
725	726
725	741
725	981
726	727
726	742
726	982
727	728
727	743
727	983
728	729
728	744
728	984
729	730
729	745
729	985
730	731
730	746
730	986
731	732
731	747
731	987
732	733
732	748
732	988
733	734
733	749
733	989
734	735
734	750
734	990
735	736
735	751
735	991
736	752
736	992
737	738
737	753
737	993
738	739
738	754
738	994
739	740
739	755
739	995
740	741
740	756
740	996
741	742
741	757
741	997
742	743
742	758
742	998
743	744
743	759
743	999
744	745
744	760
744	1000
745	746
745	761
745	1001
746	747
746	762
746	1002
747	748
747	763
747	1003
748	749
748	764
748	1004
749	750
749	765
749	1005
750	751
750	766
750	1006
751	752
751	767
751	1007
752	768
752	1008
753	754
753	1009
754	755
754	1010
755	756
755	1011
756	757
756	1012
757	758
757	1013
758	759
758	1014
759	760
759	1015
760	761
760	1016
761	762
761	1017
762	763
762	1018
763	764
763	1019
764	765
764	1020
765	766
765	1021
766	767
766	1022
767	768
767	1023
768	1024
769	770
769	785
769	1025
770	771
770	786
770	1026
771	772
771	787
771	1027
772	773
772	788
772	1028
773	774
773	789
773	1029
774	775
774	790
774	1030
775	776
775	791
775	1031
776	777
776	792
776	1032
777	778
777	793
777	1033
778	779
778	794
778	1034
779	780
779	795
779	1035
780	781
780	796
780	1036
781	782
781	797
781	1037
782	783
782	798
782	1038
783	784
783	799
783	1039
784	800
784	1040
785	786
785	801
785	1041
786	787
786	802
786	1042
787	788
787	803
787	1043
788	789
788	804
788	1044
789	790
789	805
789	1045
790	791
790	806
790	1046
791	792
791	807
791	1047
792	793
792	808
792	1048
793	794
793	809
793	1049
794	795
794	810
794	1050
795	796
795	811
795	1051
796	797
796	812
796	1052
797	798
797	813
797	1053
798	799
798	814
798	1054
799	800
799	815
799	1055
800	816
800	1056
801	802
801	817
801	1057
802	803
802	818
802	1058
803	804
803	819
803	1059
804	805
804	820
804	1060
805	806
805	821
805	1061
806	807
806	822
806	1062
807	808
807	823
807	1063
808	809
808	824
808	1064
809	810
809	825
809	1065
810	811
810	826
810	1066
811	812
811	827
811	1067
812	813
812	828
812	1068
813	814
813	829
813	1069
814	815
814	830
814	1070
815	816
815	831
815	1071
816	832
816	1072
817	818
817	833
817	1073
818	819
818	834
818	1074
819	820
819	835
819	1075
820	821
820	836
820	1076
821	822
821	837
821	1077
822	823
822	838
822	1078
823	824
823	839
823	1079
824	825
824	840
824	1080
825	826
825	841
825	1081
826	827
826	842
826	1082
827	828
827	843
827	1083
828	829
828	844
828	1084
829	830
829	845
829	1085
830	831
830	846
830	1086
831	832
831	847
831	1087
832	848
832	1088
833	834
833	849
833	1089
834	835
834	850
834	1090
835	836
835	851
835	1091
836	837
836	852
836	1092
837	838
837	853
837	1093
838	839
838	854
838	1094
839	840
839	855
839	1095
840	841
840	856
840	1096
841	842
841	857
841	1097
842	843
842	858
842	1098
843	844
843	859
843	1099
844	845
844	860
844	1100
845	846
845	861
845	1101
846	847
846	862
846	1102
847	848
847	863
847	1103
848	864
848	1104
849	850
849	865
849	1105
850	851
850	866
850	1106
851	852
851	867
851	1107
852	853
852	868
852	1108
853	854
853	869
853	1109
854	855
854	870
854	1110
855	856
855	871
855	1111
856	857
856	872
856	1112
857	858
857	873
857	1113
858	859
858	874
858	1114
859	860
859	875
859	1115
860	861
860	876
860	1116
861	862
861	877
861	1117
862	863
862	878
862	1118
863	864
863	879
863	1119
864	880
864	1120
865	866
865	881
865	1121
866	867
866	882
866	1122
867	868
867	883
867	1123
868	869
868	884
868	1124
869	870
869	885
869	1125
870	871
870	886
870	1126
871	872
871	887
871	1127
872	873
872	888
872	1128
873	874
873	889
873	1129
874	875
874	890
874	1130
875	876
875	891
875	1131
876	877
876	892
876	1132
877	878
877	893
877	1133
878	879
878	894
878	1134
879	880
879	895
879	1135
880	896
880	1136
881	882
881	897
881	1137
882	883
882	898
882	1138
883	884
883	899
883	1139
884	885
884	900
884	1140
885	886
885	901
885	1141
886	887
886	902
886	1142
887	888
887	903
887	1143
888	889
888	904
888	1144
889	890
889	905
889	1145
890	891
890	906
890	1146
891	892
891	907
891	1147
892	893
892	908
892	1148
893	894
893	909
893	1149
894	895
894	910
894	1150
895	896
895	911
895	1151
896	912
896	1152
897	898
897	913
897	1153
898	899
898	914
898	1154
899	900
899	915
899	1155
900	901
900	916
900	1156
901	902
901	917
901	1157
902	903
902	918
902	1158
903	904
903	919
903	1159
904	905
904	920
904	1160
905	906
905	921
905	1161
906	907
906	922
906	1162
907	908
907	923
907	1163
908	909
908	924
908	1164
909	910
909	925
909	1165
910	911
910	926
910	1166
911	912
911	927
911	1167
912	928
912	1168
913	914
913	929
913	1169
914	915
914	930
914	1170
915	916
915	931
915	1171
916	917
916	932
916	1172
917	918
917	933
917	1173
918	919
918	934
918	1174
919	920
919	935
919	1175
920	921
920	936
920	1176
921	922
921	937
921	1177
922	923
922	938
922	1178
923	924
923	939
923	1179
924	925
924	940
924	1180
925	926
925	941
925	1181
926	927
926	942
926	1182
927	928
927	943
927	1183
928	944
928	1184
929	930
929	945
929	1185
930	931
930	946
930	1186
931	932
931	947
931	1187
932	933
932	948
932	1188
933	934
933	949
933	1189
934	935
934	950
934	1190
935	936
935	951
935	1191
936	937
936	952
936	1192
937	938
937	953
937	1193
938	939
938	954
938	1194
939	940
939	955
939	1195
940	941
940	956
940	1196
941	942
941	957
941	1197
942	943
942	958
942	1198
943	944
943	959
943	1199
944	960
944	1200
945	946
945	961
945	1201
946	947
946	962
946	1202
947	948
947	963
947	1203
948	949
948	964
948	1204
949	950
949	965
949	1205
950	951
950	966
950	1206
951	952
951	967
951	1207
952	953
952	968
952	1208
953	954
953	969
953	1209
954	955
954	970
954	1210
955	956
955	971
955	1211
956	957
956	972
956	1212
957	958
957	973
957	1213
958	959
958	974
958	1214
959	960
959	975
959	1215
960	976
960	1216
961	962
961	977
961	1217
962	963
962	978
962	1218
963	964
963	979
963	1219
964	965
964	980
964	1220
965	966
965	981
965	1221
966	967
966	982
966	1222
967	968
967	983
967	1223
968	969
968	984
968	1224
969	970
969	985
969	1225
970	971
970	986
970	1226
971	972
971	987
971	1227
972	973
972	988
972	1228
973	974
973	989
973	1229
974	975
974	990
974	1230
975	976
975	991
975	1231
976	992
976	1232
977	978
977	993
977	1233
978	979
978	994
978	1234
979	980
979	995
979	1235
980	981
980	996
980	1236
981	982
981	997
981	1237
982	983
982	998
982	1238
983	984
983	999
983	1239
984	985
984	1000
984	1240
985	986
985	1001
985	1241
986	987
986	1002
986	1242
987	988
987	1003
987	1243
988	989
988	1004
988	1244
989	990
989	1005
989	1245
990	991
990	1006
990	1246
991	992
991	1007
991	1247
992	1008
992	1248
993	994
993	1009
993	1249
994	995
994	1010
994	1250
995	996
995	1011
995	1251
996	997
996	1012
996	1252
997	998
997	1013
997	1253
998	999
998	1014
998	1254
999	1000
999	1015
999	1255
1000	1001
1000	1016
1000	1256
1001	1002
1001	1017
1001	1257
1002	1003
1002	1018
1002	1258
1003	1004
1003	1019
1003	1259
1004	1005
1004	1020
1004	1260
1005	1006
1005	1021
1005	1261
1006	1007
1006	1022
1006	1262
1007	1008
1007	1023
1007	1263
1008	1024
1008	1264
1009	1010
1009	1265
1010	1011
1010	1266
1011	1012
1011	1267
1012	1013
1012	1268
1013	1014
1013	1269
1014	1015
1014	1270
1015	1016
1015	1271
1016	1017
1016	1272
1017	1018
1017	1273
1018	1019
1018	1274
1019	1020
1019	1275
1020	1021
1020	1276
1021	1022
1021	1277
1022	1023
1022	1278
1023	1024
1023	1279
1024	1280
1025	1026
1025	1041
1025	1281
1026	1027
1026	1042
1026	1282
1027	1028
1027	1043
1027	1283
1028	1029
1028	1044
1028	1284
1029	1030
1029	1045
1029	1285
1030	1031
1030	1046
1030	1286
1031	1032
1031	1047
1031	1287
1032	1033
1032	1048
1032	1288
1033	1034
1033	1049
1033	1289
1034	1035
1034	1050
1034	1290
1035	1036
1035	1051
1035	1291
1036	1037
1036	1052
1036	1292
1037	1038
1037	1053
1037	1293
1038	1039
1038	1054
1038	1294
1039	1040
1039	1055
1039	1295
1040	1056
1040	1296
1041	1042
1041	1057
1041	1297
1042	1043
1042	1058
1042	1298
1043	1044
1043	1059
1043	1299
1044	1045
1044	1060
1044	1300
1045	1046
1045	1061
1045	1301
1046	1047
1046	1062
1046	1302
1047	1048
1047	1063
1047	1303
1048	1049
1048	1064
1048	1304
1049	1050
1049	1065
1049	1305
1050	1051
1050	1066
1050	1306
1051	1052
1051	1067
1051	1307
1052	1053
1052	1068
1052	1308
1053	1054
1053	1069
1053	1309
1054	1055
1054	1070
1054	1310
1055	1056
1055	1071
1055	1311
1056	1072
1056	1312
1057	1058
1057	1073
1057	1313
1058	1059
1058	1074
1058	1314
1059	1060
1059	1075
1059	1315
1060	1061
1060	1076
1060	1316
1061	1062
1061	1077
1061	1317
1062	1063
1062	1078
1062	1318
1063	1064
1063	1079
1063	1319
1064	1065
1064	1080
1064	1320
1065	1066
1065	1081
1065	1321
1066	1067
1066	1082
1066	1322
1067	1068
1067	1083
1067	1323
1068	1069
1068	1084
1068	1324
1069	1070
1069	1085
1069	1325
1070	1071
1070	1086
1070	1326
1071	1072
1071	1087
1071	1327
1072	1088
1072	1328
1073	1074
1073	1089
1073	1329
1074	1075
1074	1090
1074	1330
1075	1076
1075	1091
1075	1331
1076	1077
1076	1092
1076	1332
1077	1078
1077	1093
1077	1333
1078	1079
1078	1094
1078	1334
1079	1080
1079	1095
1079	1335
1080	1081
1080	1096
1080	1336
1081	1082
1081	1097
1081	1337
1082	1083
1082	1098
1082	1338
1083	1084
1083	1099
1083	1339
1084	1085
1084	1100
1084	1340
1085	1086
1085	1101
1085	1341
1086	1087
1086	1102
1086	1342
1087	1088
1087	1103
1087	1343
1088	1104
1088	1344
1089	1090
1089	1105
1089	1345
1090	1091
1090	1106
1090	1346
1091	1092
1091	1107
1091	1347
1092	1093
1092	1108
1092	1348
1093	1094
1093	1109
1093	1349
1094	1095
1094	1110
1094	1350
1095	1096
1095	1111
1095	1351
1096	1097
1096	1112
1096	1352
1097	1098
1097	1113
1097	1353
1098	1099
1098	1114
1098	1354
1099	1100
1099	1115
1099	1355
1100	1101
1100	1116
1100	1356
1101	1102
1101	1117
1101	1357
1102	1103
1102	1118
1102	1358
1103	1104
1103	1119
1103	1359
1104	1120
1104	1360
1105	1106
1105	1121
1105	1361
1106	1107
1106	1122
1106	1362
1107	1108
1107	1123
1107	1363
1108	1109
1108	1124
1108	1364
1109	1110
1109	1125
1109	1365
1110	1111
1110	1126
1110	1366
1111	1112
1111	1127
1111	1367
1112	1113
1112	1128
1112	1368
1113	1114
1113	1129
1113	1369
1114	1115
1114	1130
1114	1370
1115	1116
1115	1131
1115	1371
1116	1117
1116	1132
1116	1372
1117	1118
1117	1133
1117	1373
1118	1119
1118	1134
1118	1374
1119	1120
1119	1135
1119	1375
1120	1136
1120	1376
1121	1122
1121	1137
1121	1377
1122	1123
1122	1138
1122	1378
1123	1124
1123	1139
1123	1379
1124	1125
1124	1140
1124	1380
1125	1126
1125	1141
1125	1381
1126	1127
1126	1142
1126	1382
1127	1128
1127	1143
1127	1383
1128	1129
1128	1144
1128	1384
1129	1130
1129	1145
1129	1385
1130	1131
1130	1146
1130	1386
1131	1132
1131	1147
1131	1387
1132	1133
1132	1148
1132	1388
1133	1134
1133	1149
1133	1389
1134	1135
1134	1150
1134	1390
1135	1136
1135	1151
1135	1391
1136	1152
1136	1392
1137	1138
1137	1153
1137	1393
1138	1139
1138	1154
1138	1394
1139	1140
1139	1155
1139	1395
1140	1141
1140	1156
1140	1396
1141	1142
1141	1157
1141	1397
1142	1143
1142	1158
1142	1398
1143	1144
1143	1159
1143	1399
1144	1145
1144	1160
1144	1400
1145	1146
1145	1161
1145	1401
1146	1147
1146	1162
1146	1402
1147	1148
1147	1163
1147	1403
1148	1149
1148	1164
1148	1404
1149	1150
1149	1165
1149	1405
1150	1151
1150	1166
1150	1406
1151	1152
1151	1167
1151	1407
1152	1168
1152	1408
1153	1154
1153	1169
1153	1409
1154	1155
1154	1170
1154	1410
1155	1156
1155	1171
1155	1411
1156	1157
1156	1172
1156	1412
1157	1158
1157	1173
1157	1413
1158	1159
1158	1174
1158	1414
1159	1160
1159	1175
1159	1415
1160	1161
1160	1176
1160	1416
1161	1162
1161	1177
1161	1417
1162	1163
1162	1178
1162	1418
1163	1164
1163	1179
1163	1419
1164	1165
1164	1180
1164	1420
1165	1166
1165	1181
1165	1421
1166	1167
1166	1182
1166	1422
1167	1168
1167	1183
1167	1423
1168	1184
1168	1424
1169	1170
1169	1185
1169	1425
1170	1171
1170	1186
1170	1426
1171	1172
1171	1187
1171	1427
1172	1173
1172	1188
1172	1428
1173	1174
1173	1189
1173	1429
1174	1175
1174	1190
1174	1430
1175	1176
1175	1191
1175	1431
1176	1177
1176	1192
1176	1432
1177	1178
1177	1193
1177	1433
1178	1179
1178	1194
1178	1434
1179	1180
1179	1195
1179	1435
1180	1181
1180	1196
1180	1436
1181	1182
1181	1197
1181	1437
1182	1183
1182	1198
1182	1438
1183	1184
1183	1199
1183	1439
1184	1200
1184	1440
1185	1186
1185	1201
1185	1441
1186	1187
1186	1202
1186	1442
1187	1188
1187	1203
1187	1443
1188	1189
1188	1204
1188	1444
1189	1190
1189	1205
1189	1445
1190	1191
1190	1206
1190	1446
1191	1192
1191	1207
1191	1447
1192	1193
1192	1208
1192	1448
1193	1194
1193	1209
1193	1449
1194	1195
1194	1210
1194	1450
1195	1196
1195	1211
1195	1451
1196	1197
1196	1212
1196	1452
1197	1198
1197	1213
1197	1453
1198	1199
1198	1214
1198	1454
1199	1200
1199	1215
1199	1455
1200	1216
1200	1456
1201	1202
1201	1217
1201	1457
1202	1203
1202	1218
1202	1458
1203	1204
1203	1219
1203	1459
1204	1205
1204	1220
1204	1460
1205	1206
1205	1221
1205	1461
1206	1207
1206	1222
1206	1462
1207	1208
1207	1223
1207	1463
1208	1209
1208	1224
1208	1464
1209	1210
1209	1225
1209	1465
1210	1211
1210	1226
1210	1466
1211	1212
1211	1227
1211	1467
1212	1213
1212	1228
1212	1468
1213	1214
1213	1229
1213	1469
1214	1215
1214	1230
1214	1470
1215	1216
1215	1231
1215	1471
1216	1232
1216	1472
1217	1218
1217	1233
1217	1473
1218	1219
1218	1234
1218	1474
1219	1220
1219	1235
1219	1475
1220	1221
1220	1236
1220	1476
1221	1222
1221	1237
1221	1477
1222	1223
1222	1238
1222	1478
1223	1224
1223	1239
1223	1479
1224	1225
1224	1240
1224	1480
1225	1226
1225	1241
1225	1481
1226	1227
1226	1242
1226	1482
1227	1228
1227	1243
1227	1483
1228	1229
1228	1244
1228	1484
1229	1230
1229	1245
1229	1485
1230	1231
1230	1246
1230	1486
1231	1232
1231	1247
1231	1487
1232	1248
1232	1488
1233	1234
1233	1249
1233	1489
1234	1235
1234	1250
1234	1490
1235	1236
1235	1251
1235	1491
1236	1237
1236	1252
1236	1492
1237	1238
1237	1253
1237	1493
1238	1239
1238	1254
1238	1494
1239	1240
1239	1255
1239	1495
1240	1241
1240	1256
1240	1496
1241	1242
1241	1257
1241	1497
1242	1243
1242	1258
1242	1498
1243	1244
1243	1259
1243	1499
1244	1245
1244	1260
1244	1500
1245	1246
1245	1261
1245	1501
1246	1247
1246	1262
1246	1502
1247	1248
1247	1263
1247	1503
1248	1264
1248	1504
1249	1250
1249	1265
1249	1505
1250	1251
1250	1266
1250	1506
1251	1252
1251	1267
1251	1507
1252	1253
1252	1268
1252	1508
1253	1254
1253	1269
1253	1509
1254	1255
1254	1270
1254	1510
1255	1256
1255	1271
1255	1511
1256	1257
1256	1272
1256	1512
1257	1258
1257	1273
1257	1513
1258	1259
1258	1274
1258	1514
1259	1260
1259	1275
1259	1515
1260	1261
1260	1276
1260	1516
1261	1262
1261	1277
1261	1517
1262	1263
1262	1278
1262	1518
1263	1264
1263	1279
1263	1519
1264	1280
1264	1520
1265	1266
1265	1521
1266	1267
1266	1522
1267	1268
1267	1523
1268	1269
1268	1524
1269	1270
1269	1525
1270	1271
1270	1526
1271	1272
1271	1527
1272	1273
1272	1528
1273	1274
1273	1529
1274	1275
1274	1530
1275	1276
1275	1531
1276	1277
1276	1532
1277	1278
1277	1533
1278	1279
1278	1534
1279	1280
1279	1535
1280	1536
1281	1282
1281	1297
1281	1537
1282	1283
1282	1298
1282	1538
1283	1284
1283	1299
1283	1539
1284	1285
1284	1300
1284	1540
1285	1286
1285	1301
1285	1541
1286	1287
1286	1302
1286	1542
1287	1288
1287	1303
1287	1543
1288	1289
1288	1304
1288	1544
1289	1290
1289	1305
1289	1545
1290	1291
1290	1306
1290	1546
1291	1292
1291	1307
1291	1547
1292	1293
1292	1308
1292	1548
1293	1294
1293	1309
1293	1549
1294	1295
1294	1310
1294	1550
1295	1296
1295	1311
1295	1551
1296	1312
1296	1552
1297	1298
1297	1313
1297	1553
1298	1299
1298	1314
1298	1554
1299	1300
1299	1315
1299	1555
1300	1301
1300	1316
1300	1556
1301	1302
1301	1317
1301	1557
1302	1303
1302	1318
1302	1558
1303	1304
1303	1319
1303	1559
1304	1305
1304	1320
1304	1560
1305	1306
1305	1321
1305	1561
1306	1307
1306	1322
1306	1562
1307	1308
1307	1323
1307	1563
1308	1309
1308	1324
1308	1564
1309	1310
1309	1325
1309	1565
1310	1311
1310	1326
1310	1566
1311	1312
1311	1327
1311	1567
1312	1328
1312	1568
1313	1314
1313	1329
1313	1569
1314	1315
1314	1330
1314	1570
1315	1316
1315	1331
1315	1571
1316	1317
1316	1332
1316	1572
1317	1318
1317	1333
1317	1573
1318	1319
1318	1334
1318	1574
1319	1320
1319	1335
1319	1575
1320	1321
1320	1336
1320	1576
1321	1322
1321	1337
1321	1577
1322	1323
1322	1338
1322	1578
1323	1324
1323	1339
1323	1579
1324	1325
1324	1340
1324	1580
1325	1326
1325	1341
1325	1581
1326	1327
1326	1342
1326	1582
1327	1328
1327	1343
1327	1583
1328	1344
1328	1584
1329	1330
1329	1345
1329	1585
1330	1331
1330	1346
1330	1586
1331	1332
1331	1347
1331	1587
1332	1333
1332	1348
1332	1588
1333	1334
1333	1349
1333	1589
1334	1335
1334	1350
1334	1590
1335	1336
1335	1351
1335	1591
1336	1337
1336	1352
1336	1592
1337	1338
1337	1353
1337	1593
1338	1339
1338	1354
1338	1594
1339	1340
1339	1355
1339	1595
1340	1341
1340	1356
1340	1596
1341	1342
1341	1357
1341	1597
1342	1343
1342	1358
1342	1598
1343	1344
1343	1359
1343	1599
1344	1360
1344	1600
1345	1346
1345	1361
1345	1601
1346	1347
1346	1362
1346	1602
1347	1348
1347	1363
1347	1603
1348	1349
1348	1364
1348	1604
1349	1350
1349	1365
1349	1605
1350	1351
1350	1366
1350	1606
1351	1352
1351	1367
1351	1607
1352	1353
1352	1368
1352	1608
1353	1354
1353	1369
1353	1609
1354	1355
1354	1370
1354	1610
1355	1356
1355	1371
1355	1611
1356	1357
1356	1372
1356	1612
1357	1358
1357	1373
1357	1613
1358	1359
1358	1374
1358	1614
1359	1360
1359	1375
1359	1615
1360	1376
1360	1616
1361	1362
1361	1377
1361	1617
1362	1363
1362	1378
1362	1618
1363	1364
1363	1379
1363	1619
1364	1365
1364	1380
1364	1620
1365	1366
1365	1381
1365	1621
1366	1367
1366	1382
1366	1622
1367	1368
1367	1383
1367	1623
1368	1369
1368	1384
1368	1624
1369	1370
1369	1385
1369	1625
1370	1371
1370	1386
1370	1626
1371	1372
1371	1387
1371	1627
1372	1373
1372	1388
1372	1628
1373	1374
1373	1389
1373	1629
1374	1375
1374	1390
1374	1630
1375	1376
1375	1391
1375	1631
1376	1392
1376	1632
1377	1378
1377	1393
1377	1633
1378	1379
1378	1394
1378	1634
1379	1380
1379	1395
1379	1635
1380	1381
1380	1396
1380	1636
1381	1382
1381	1397
1381	1637
1382	1383
1382	1398
1382	1638
1383	1384
1383	1399
1383	1639
1384	1385
1384	1400
1384	1640
1385	1386
1385	1401
1385	1641
1386	1387
1386	1402
1386	1642
1387	1388
1387	1403
1387	1643
1388	1389
1388	1404
1388	1644
1389	1390
1389	1405
1389	1645
1390	1391
1390	1406
1390	1646
1391	1392
1391	1407
1391	1647
1392	1408
1392	1648
1393	1394
1393	1409
1393	1649
1394	1395
1394	1410
1394	1650
1395	1396
1395	1411
1395	1651
1396	1397
1396	1412
1396	1652
1397	1398
1397	1413
1397	1653
1398	1399
1398	1414
1398	1654
1399	1400
1399	1415
1399	1655
1400	1401
1400	1416
1400	1656
1401	1402
1401	1417
1401	1657
1402	1403
1402	1418
1402	1658
1403	1404
1403	1419
1403	1659
1404	1405
1404	1420
1404	1660
1405	1406
1405	1421
1405	1661
1406	1407
1406	1422
1406	1662
1407	1408
1407	1423
1407	1663
1408	1424
1408	1664
1409	1410
1409	1425
1409	1665
1410	1411
1410	1426
1410	1666
1411	1412
1411	1427
1411	1667
1412	1413
1412	1428
1412	1668
1413	1414
1413	1429
1413	1669
1414	1415
1414	1430
1414	1670
1415	1416
1415	1431
1415	1671
1416	1417
1416	1432
1416	1672
1417	1418
1417	1433
1417	1673
1418	1419
1418	1434
1418	1674
1419	1420
1419	1435
1419	1675
1420	1421
1420	1436
1420	1676
1421	1422
1421	1437
1421	1677
1422	1423
1422	1438
1422	1678
1423	1424
1423	1439
1423	1679
1424	1440
1424	1680
1425	1426
1425	1441
1425	1681
1426	1427
1426	1442
1426	1682
1427	1428
1427	1443
1427	1683
1428	1429
1428	1444
1428	1684
1429	1430
1429	1445
1429	1685
1430	1431
1430	1446
1430	1686
1431	1432
1431	1447
1431	1687
1432	1433
1432	1448
1432	1688
1433	1434
1433	1449
1433	1689
1434	1435
1434	1450
1434	1690
1435	1436
1435	1451
1435	1691
1436	1437
1436	1452
1436	1692
1437	1438
1437	1453
1437	1693
1438	1439
1438	1454
1438	1694
1439	1440
1439	1455
1439	1695
1440	1456
1440	1696
1441	1442
1441	1457
1441	1697
1442	1443
1442	1458
1442	1698
1443	1444
1443	1459
1443	1699
1444	1445
1444	1460
1444	1700
1445	1446
1445	1461
1445	1701
1446	1447
1446	1462
1446	1702
1447	1448
1447	1463
1447	1703
1448	1449
1448	1464
1448	1704
1449	1450
1449	1465
1449	1705
1450	1451
1450	1466
1450	1706
1451	1452
1451	1467
1451	1707
1452	1453
1452	1468
1452	1708
1453	1454
1453	1469
1453	1709
1454	1455
1454	1470
1454	1710
1455	1456
1455	1471
1455	1711
1456	1472
1456	1712
1457	1458
1457	1473
1457	1713
1458	1459
1458	1474
1458	1714
1459	1460
1459	1475
1459	1715
1460	1461
1460	1476
1460	1716
1461	1462
1461	1477
1461	1717
1462	1463
1462	1478
1462	1718
1463	1464
1463	1479
1463	1719
1464	1465
1464	1480
1464	1720
1465	1466
1465	1481
1465	1721
1466	1467
1466	1482
1466	1722
1467	1468
1467	1483
1467	1723
1468	1469
1468	1484
1468	1724
1469	1470
1469	1485
1469	1725
1470	1471
1470	1486
1470	1726
1471	1472
1471	1487
1471	1727
1472	1488
1472	1728
1473	1474
1473	1489
1473	1729
1474	1475
1474	1490
1474	1730
1475	1476
1475	1491
1475	1731
1476	1477
1476	1492
1476	1732
1477	1478
1477	1493
1477	1733
1478	1479
1478	1494
1478	1734
1479	1480
1479	1495
1479	1735
1480	1481
1480	1496
1480	1736
1481	1482
1481	1497
1481	1737
1482	1483
1482	1498
1482	1738
1483	1484
1483	1499
1483	1739
1484	1485
1484	1500
1484	1740
1485	1486
1485	1501
1485	1741
1486	1487
1486	1502
1486	1742
1487	1488
1487	1503
1487	1743
1488	1504
1488	1744
1489	1490
1489	1505
1489	1745
1490	1491
1490	1506
1490	1746
1491	1492
1491	1507
1491	1747
1492	1493
1492	1508
1492	1748
1493	1494
1493	1509
1493	1749
1494	1495
1494	1510
1494	1750
1495	1496
1495	1511
1495	1751
1496	1497
1496	1512
1496	1752
1497	1498
1497	1513
1497	1753
1498	1499
1498	1514
1498	1754
1499	1500
1499	1515
1499	1755
1500	1501
1500	1516
1500	1756
1501	1502
1501	1517
1501	1757
1502	1503
1502	1518
1502	1758
1503	1504
1503	1519
1503	1759
1504	1520
1504	1760
1505	1506
1505	1521
1505	1761
1506	1507
1506	1522
1506	1762
1507	1508
1507	1523
1507	1763
1508	1509
1508	1524
1508	1764
1509	1510
1509	1525
1509	1765
1510	1511
1510	1526
1510	1766
1511	1512
1511	1527
1511	1767
1512	1513
1512	1528
1512	1768
1513	1514
1513	1529
1513	1769
1514	1515
1514	1530
1514	1770
1515	1516
1515	1531
1515	1771
1516	1517
1516	1532
1516	1772
1517	1518
1517	1533
1517	1773
1518	1519
1518	1534
1518	1774
1519	1520
1519	1535
1519	1775
1520	1536
1520	1776
1521	1522
1521	1777
1522	1523
1522	1778
1523	1524
1523	1779
1524	1525
1524	1780
1525	1526
1525	1781
1526	1527
1526	1782
1527	1528
1527	1783
1528	1529
1528	1784
1529	1530
1529	1785
1530	1531
1530	1786
1531	1532
1531	1787
1532	1533
1532	1788
1533	1534
1533	1789
1534	1535
1534	1790
1535	1536
1535	1791
1536	1792
1537	1538
1537	1553
1537	1793
1538	1539
1538	1554
1538	1794
1539	1540
1539	1555
1539	1795
1540	1541
1540	1556
1540	1796
1541	1542
1541	1557
1541	1797
1542	1543
1542	1558
1542	1798
1543	1544
1543	1559
1543	1799
1544	1545
1544	1560
1544	1800
1545	1546
1545	1561
1545	1801
1546	1547
1546	1562
1546	1802
1547	1548
1547	1563
1547	1803
1548	1549
1548	1564
1548	1804
1549	1550
1549	1565
1549	1805
1550	1551
1550	1566
1550	1806
1551	1552
1551	1567
1551	1807
1552	1568
1552	1808
1553	1554
1553	1569
1553	1809
1554	1555
1554	1570
1554	1810
1555	1556
1555	1571
1555	1811
1556	1557
1556	1572
1556	1812
1557	1558
1557	1573
1557	1813
1558	1559
1558	1574
1558	1814
1559	1560
1559	1575
1559	1815
1560	1561
1560	1576
1560	1816
1561	1562
1561	1577
1561	1817
1562	1563
1562	1578
1562	1818
1563	1564
1563	1579
1563	1819
1564	1565
1564	1580
1564	1820
1565	1566
1565	1581
1565	1821
1566	1567
1566	1582
1566	1822
1567	1568
1567	1583
1567	1823
1568	1584
1568	1824
1569	1570
1569	1585
1569	1825
1570	1571
1570	1586
1570	1826
1571	1572
1571	1587
1571	1827
1572	1573
1572	1588
1572	1828
1573	1574
1573	1589
1573	1829
1574	1575
1574	1590
1574	1830
1575	1576
1575	1591
1575	1831
1576	1577
1576	1592
1576	1832
1577	1578
1577	1593
1577	1833
1578	1579
1578	1594
1578	1834
1579	1580
1579	1595
1579	1835
1580	1581
1580	1596
1580	1836
1581	1582
1581	1597
1581	1837
1582	1583
1582	1598
1582	1838
1583	1584
1583	1599
1583	1839
1584	1600
1584	1840
1585	1586
1585	1601
1585	1841
1586	1587
1586	1602
1586	1842
1587	1588
1587	1603
1587	1843
1588	1589
1588	1604
1588	1844
1589	1590
1589	1605
1589	1845
1590	1591
1590	1606
1590	1846
1591	1592
1591	1607
1591	1847
1592	1593
1592	1608
1592	1848
1593	1594
1593	1609
1593	1849
1594	1595
1594	1610
1594	1850
1595	1596
1595	1611
1595	1851
1596	1597
1596	1612
1596	1852
1597	1598
1597	1613
1597	1853
1598	1599
1598	1614
1598	1854
1599	1600
1599	1615
1599	1855
1600	1616
1600	1856
1601	1602
1601	1617
1601	1857
1602	1603
1602	1618
1602	1858
1603	1604
1603	1619
1603	1859
1604	1605
1604	1620
1604	1860
1605	1606
1605	1621
1605	1861
1606	1607
1606	1622
1606	1862
1607	1608
1607	1623
1607	1863
1608	1609
1608	1624
1608	1864
1609	1610
1609	1625
1609	1865
1610	1611
1610	1626
1610	1866
1611	1612
1611	1627
1611	1867
1612	1613
1612	1628
1612	1868
1613	1614
1613	1629
1613	1869
1614	1615
1614	1630
1614	1870
1615	1616
1615	1631
1615	1871
1616	1632
1616	1872
1617	1618
1617	1633
1617	1873
1618	1619
1618	1634
1618	1874
1619	1620
1619	1635
1619	1875
1620	1621
1620	1636
1620	1876
1621	1622
1621	1637
1621	1877
1622	1623
1622	1638
1622	1878
1623	1624
1623	1639
1623	1879
1624	1625
1624	1640
1624	1880
1625	1626
1625	1641
1625	1881
1626	1627
1626	1642
1626	1882
1627	1628
1627	1643
1627	1883
1628	1629
1628	1644
1628	1884
1629	1630
1629	1645
1629	1885
1630	1631
1630	1646
1630	1886
1631	1632
1631	1647
1631	1887
1632	1648
1632	1888
1633	1634
1633	1649
1633	1889
1634	1635
1634	1650
1634	1890
1635	1636
1635	1651
1635	1891
1636	1637
1636	1652
1636	1892
1637	1638
1637	1653
1637	1893
1638	1639
1638	1654
1638	1894
1639	1640
1639	1655
1639	1895
1640	1641
1640	1656
1640	1896
1641	1642
1641	1657
1641	1897
1642	1643
1642	1658
1642	1898
1643	1644
1643	1659
1643	1899
1644	1645
1644	1660
1644	1900
1645	1646
1645	1661
1645	1901
1646	1647
1646	1662
1646	1902
1647	1648
1647	1663
1647	1903
1648	1664
1648	1904
1649	1650
1649	1665
1649	1905
1650	1651
1650	1666
1650	1906
1651	1652
1651	1667
1651	1907
1652	1653
1652	1668
1652	1908
1653	1654
1653	1669
1653	1909
1654	1655
1654	1670
1654	1910
1655	1656
1655	1671
1655	1911
1656	1657
1656	1672
1656	1912
1657	1658
1657	1673
1657	1913
1658	1659
1658	1674
1658	1914
1659	1660
1659	1675
1659	1915
1660	1661
1660	1676
1660	1916
1661	1662
1661	1677
1661	1917
1662	1663
1662	1678
1662	1918
1663	1664
1663	1679
1663	1919
1664	1680
1664	1920
1665	1666
1665	1681
1665	1921
1666	1667
1666	1682
1666	1922
1667	1668
1667	1683
1667	1923
1668	1669
1668	1684
1668	1924
1669	1670
1669	1685
1669	1925
1670	1671
1670	1686
1670	1926
1671	1672
1671	1687
1671	1927
1672	1673
1672	1688
1672	1928
1673	1674
1673	1689
1673	1929
1674	1675
1674	1690
1674	1930
1675	1676
1675	1691
1675	1931
1676	1677
1676	1692
1676	1932
1677	1678
1677	1693
1677	1933
1678	1679
1678	1694
1678	1934
1679	1680
1679	1695
1679	1935
1680	1696
1680	1936
1681	1682
1681	1697
1681	1937
1682	1683
1682	1698
1682	1938
1683	1684
1683	1699
1683	1939
1684	1685
1684	1700
1684	1940
1685	1686
1685	1701
1685	1941
1686	1687
1686	1702
1686	1942
1687	1688
1687	1703
1687	1943
1688	1689
1688	1704
1688	1944
1689	1690
1689	1705
1689	1945
1690	1691
1690	1706
1690	1946
1691	1692
1691	1707
1691	1947
1692	1693
1692	1708
1692	1948
1693	1694
1693	1709
1693	1949
1694	1695
1694	1710
1694	1950
1695	1696
1695	1711
1695	1951
1696	1712
1696	1952
1697	1698
1697	1713
1697	1953
1698	1699
1698	1714
1698	1954
1699	1700
1699	1715
1699	1955
1700	1701
1700	1716
1700	1956
1701	1702
1701	1717
1701	1957
1702	1703
1702	1718
1702	1958
1703	1704
1703	1719
1703	1959
1704	1705
1704	1720
1704	1960
1705	1706
1705	1721
1705	1961
1706	1707
1706	1722
1706	1962
1707	1708
1707	1723
1707	1963
1708	1709
1708	1724
1708	1964
1709	1710
1709	1725
1709	1965
1710	1711
1710	1726
1710	1966
1711	1712
1711	1727
1711	1967
1712	1728
1712	1968
1713	1714
1713	1729
1713	1969
1714	1715
1714	1730
1714	1970
1715	1716
1715	1731
1715	1971
1716	1717
1716	1732
1716	1972
1717	1718
1717	1733
1717	1973
1718	1719
1718	1734
1718	1974
1719	1720
1719	1735
1719	1975
1720	1721
1720	1736
1720	1976
1721	1722
1721	1737
1721	1977
1722	1723
1722	1738
1722	1978
1723	1724
1723	1739
1723	1979
1724	1725
1724	1740
1724	1980
1725	1726
1725	1741
1725	1981
1726	1727
1726	1742
1726	1982
1727	1728
1727	1743
1727	1983
1728	1744
1728	1984
1729	1730
1729	1745
1729	1985
1730	1731
1730	1746
1730	1986
1731	1732
1731	1747
1731	1987
1732	1733
1732	1748
1732	1988
1733	1734
1733	1749
1733	1989
1734	1735
1734	1750
1734	1990
1735	1736
1735	1751
1735	1991
1736	1737
1736	1752
1736	1992
1737	1738
1737	1753
1737	1993
1738	1739
1738	1754
1738	1994
1739	1740
1739	1755
1739	1995
1740	1741
1740	1756
1740	1996
1741	1742
1741	1757
1741	1997
1742	1743
1742	1758
1742	1998
1743	1744
1743	1759
1743	1999
1744	1760
1744	2000
1745	1746
1745	1761
1745	2001
1746	1747
1746	1762
1746	2002
1747	1748
1747	1763
1747	2003
1748	1749
1748	1764
1748	2004
1749	1750
1749	1765
1749	2005
1750	1751
1750	1766
1750	2006
1751	1752
1751	1767
1751	2007
1752	1753
1752	1768
1752	2008
1753	1754
1753	1769
1753	2009
1754	1755
1754	1770
1754	2010
1755	1756
1755	1771
1755	2011
1756	1757
1756	1772
1756	2012
1757	1758
1757	1773
1757	2013
1758	1759
1758	1774
1758	2014
1759	1760
1759	1775
1759	2015
1760	1776
1760	2016
1761	1762
1761	1777
1761	2017
1762	1763
1762	1778
1762	2018
1763	1764
1763	1779
1763	2019
1764	1765
1764	1780
1764	2020
1765	1766
1765	1781
1765	2021
1766	1767
1766	1782
1766	2022
1767	1768
1767	1783
1767	2023
1768	1769
1768	1784
1768	2024
1769	1770
1769	1785
1769	2025
1770	1771
1770	1786
1770	2026
1771	1772
1771	1787
1771	2027
1772	1773
1772	1788
1772	2028
1773	1774
1773	1789
1773	2029
1774	1775
1774	1790
1774	2030
1775	1776
1775	1791
1775	2031
1776	1792
1776	2032
1777	1778
1777	2033
1778	1779
1778	2034
1779	1780
1779	2035
1780	1781
1780	2036
1781	1782
1781	2037
1782	1783
1782	2038
1783	1784
1783	2039
1784	1785
1784	2040
1785	1786
1785	2041
1786	1787
1786	2042
1787	1788
1787	2043
1788	1789
1788	2044
1789	1790
1789	2045
1790	1791
1790	2046
1791	1792
1791	2047
1792	2048
1793	1794
1793	1809
1793	2049
1794	1795
1794	1810
1794	2050
1795	1796
1795	1811
1795	2051
1796	1797
1796	1812
1796	2052
1797	1798
1797	1813
1797	2053
1798	1799
1798	1814
1798	2054
1799	1800
1799	1815
1799	2055
1800	1801
1800	1816
1800	2056
1801	1802
1801	1817
1801	2057
1802	1803
1802	1818
1802	2058
1803	1804
1803	1819
1803	2059
1804	1805
1804	1820
1804	2060
1805	1806
1805	1821
1805	2061
1806	1807
1806	1822
1806	2062
1807	1808
1807	1823
1807	2063
1808	1824
1808	2064
1809	1810
1809	1825
1809	2065
1810	1811
1810	1826
1810	2066
1811	1812
1811	1827
1811	2067
1812	1813
1812	1828
1812	2068
1813	1814
1813	1829
1813	2069
1814	1815
1814	1830
1814	2070
1815	1816
1815	1831
1815	2071
1816	1817
1816	1832
1816	2072
1817	1818
1817	1833
1817	2073
1818	1819
1818	1834
1818	2074
1819	1820
1819	1835
1819	2075
1820	1821
1820	1836
1820	2076
1821	1822
1821	1837
1821	2077
1822	1823
1822	1838
1822	2078
1823	1824
1823	1839
1823	2079
1824	1840
1824	2080
1825	1826
1825	1841
1825	2081
1826	1827
1826	1842
1826	2082
1827	1828
1827	1843
1827	2083
1828	1829
1828	1844
1828	2084
1829	1830
1829	1845
1829	2085
1830	1831
1830	1846
1830	2086
1831	1832
1831	1847
1831	2087
1832	1833
1832	1848
1832	2088
1833	1834
1833	1849
1833	2089
1834	1835
1834	1850
1834	2090
1835	1836
1835	1851
1835	2091
1836	1837
1836	1852
1836	2092
1837	1838
1837	1853
1837	2093
1838	1839
1838	1854
1838	2094
1839	1840
1839	1855
1839	2095
1840	1856
1840	2096
1841	1842
1841	1857
1841	2097
1842	1843
1842	1858
1842	2098
1843	1844
1843	1859
1843	2099
1844	1845
1844	1860
1844	2100
1845	1846
1845	1861
1845	2101
1846	1847
1846	1862
1846	2102
1847	1848
1847	1863
1847	2103
1848	1849
1848	1864
1848	2104
1849	1850
1849	1865
1849	2105
1850	1851
1850	1866
1850	2106
1851	1852
1851	1867
1851	2107
1852	1853
1852	1868
1852	2108
1853	1854
1853	1869
1853	2109
1854	1855
1854	1870
1854	2110
1855	1856
1855	1871
1855	2111
1856	1872
1856	2112
1857	1858
1857	1873
1857	2113
1858	1859
1858	1874
1858	2114
1859	1860
1859	1875
1859	2115
1860	1861
1860	1876
1860	2116
1861	1862
1861	1877
1861	2117
1862	1863
1862	1878
1862	2118
1863	1864
1863	1879
1863	2119
1864	1865
1864	1880
1864	2120
1865	1866
1865	1881
1865	2121
1866	1867
1866	1882
1866	2122
1867	1868
1867	1883
1867	2123
1868	1869
1868	1884
1868	2124
1869	1870
1869	1885
1869	2125
1870	1871
1870	1886
1870	2126
1871	1872
1871	1887
1871	2127
1872	1888
1872	2128
1873	1874
1873	1889
1873	2129
1874	1875
1874	1890
1874	2130
1875	1876
1875	1891
1875	2131
1876	1877
1876	1892
1876	2132
1877	1878
1877	1893
1877	2133
1878	1879
1878	1894
1878	2134
1879	1880
1879	1895
1879	2135
1880	1881
1880	1896
1880	2136
1881	1882
1881	1897
1881	2137
1882	1883
1882	1898
1882	2138
1883	1884
1883	1899
1883	2139
1884	1885
1884	1900
1884	2140
1885	1886
1885	1901
1885	2141
1886	1887
1886	1902
1886	2142
1887	1888
1887	1903
1887	2143
1888	1904
1888	2144
1889	1890
1889	1905
1889	2145
1890	1891
1890	1906
1890	2146
1891	1892
1891	1907
1891	2147
1892	1893
1892	1908
1892	2148
1893	1894
1893	1909
1893	2149
1894	1895
1894	1910
1894	2150
1895	1896
1895	1911
1895	2151
1896	1897
1896	1912
1896	2152
1897	1898
1897	1913
1897	2153
1898	1899
1898	1914
1898	2154
1899	1900
1899	1915
1899	2155
1900	1901
1900	1916
1900	2156
1901	1902
1901	1917
1901	2157
1902	1903
1902	1918
1902	2158
1903	1904
1903	1919
1903	2159
1904	1920
1904	2160
1905	1906
1905	1921
1905	2161
1906	1907
1906	1922
1906	2162
1907	1908
1907	1923
1907	2163
1908	1909
1908	1924
1908	2164
1909	1910
1909	1925
1909	2165
1910	1911
1910	1926
1910	2166
1911	1912
1911	1927
1911	2167
1912	1913
1912	1928
1912	2168
1913	1914
1913	1929
1913	2169
1914	1915
1914	1930
1914	2170
1915	1916
1915	1931
1915	2171
1916	1917
1916	1932
1916	2172
1917	1918
1917	1933
1917	2173
1918	1919
1918	1934
1918	2174
1919	1920
1919	1935
1919	2175
1920	1936
1920	2176
1921	1922
1921	1937
1921	2177
1922	1923
1922	1938
1922	2178
1923	1924
1923	1939
1923	2179
1924	1925
1924	1940
1924	2180
1925	1926
1925	1941
1925	2181
1926	1927
1926	1942
1926	2182
1927	1928
1927	1943
1927	2183
1928	1929
1928	1944
1928	2184
1929	1930
1929	1945
1929	2185
1930	1931
1930	1946
1930	2186
1931	1932
1931	1947
1931	2187
1932	1933
1932	1948
1932	2188
1933	1934
1933	1949
1933	2189
1934	1935
1934	1950
1934	2190
1935	1936
1935	1951
1935	2191
1936	1952
1936	2192
1937	1938
1937	1953
1937	2193
1938	1939
1938	1954
1938	2194
1939	1940
1939	1955
1939	2195
1940	1941
1940	1956
1940	2196
1941	1942
1941	1957
1941	2197
1942	1943
1942	1958
1942	2198
1943	1944
1943	1959
1943	2199
1944	1945
1944	1960
1944	2200
1945	1946
1945	1961
1945	2201
1946	1947
1946	1962
1946	2202
1947	1948
1947	1963
1947	2203
1948	1949
1948	1964
1948	2204
1949	1950
1949	1965
1949	2205
1950	1951
1950	1966
1950	2206
1951	1952
1951	1967
1951	2207
1952	1968
1952	2208
1953	1954
1953	1969
1953	2209
1954	1955
1954	1970
1954	2210
1955	1956
1955	1971
1955	2211
1956	1957
1956	1972
1956	2212
1957	1958
1957	1973
1957	2213
1958	1959
1958	1974
1958	2214
1959	1960
1959	1975
1959	2215
1960	1961
1960	1976
1960	2216
1961	1962
1961	1977
1961	2217
1962	1963
1962	1978
1962	2218
1963	1964
1963	1979
1963	2219
1964	1965
1964	1980
1964	2220
1965	1966
1965	1981
1965	2221
1966	1967
1966	1982
1966	2222
1967	1968
1967	1983
1967	2223
1968	1984
1968	2224
1969	1970
1969	1985
1969	2225
1970	1971
1970	1986
1970	2226
1971	1972
1971	1987
1971	2227
1972	1973
1972	1988
1972	2228
1973	1974
1973	1989
1973	2229
1974	1975
1974	1990
1974	2230
1975	1976
1975	1991
1975	2231
1976	1977
1976	1992
1976	2232
1977	1978
1977	1993
1977	2233
1978	1979
1978	1994
1978	2234
1979	1980
1979	1995
1979	2235
1980	1981
1980	1996
1980	2236
1981	1982
1981	1997
1981	2237
1982	1983
1982	1998
1982	2238
1983	1984
1983	1999
1983	2239
1984	2000
1984	2240
1985	1986
1985	2001
1985	2241
1986	1987
1986	2002
1986	2242
1987	1988
1987	2003
1987	2243
1988	1989
1988	2004
1988	2244
1989	1990
1989	2005
1989	2245
1990	1991
1990	2006
1990	2246
1991	1992
1991	2007
1991	2247
1992	1993
1992	2008
1992	2248
1993	1994
1993	2009
1993	2249
1994	1995
1994	2010
1994	2250
1995	1996
1995	2011
1995	2251
1996	1997
1996	2012
1996	2252
1997	1998
1997	2013
1997	2253
1998	1999
1998	2014
1998	2254
1999	2000
1999	2015
1999	2255
2000	2016
2000	2256
2001	2002
2001	2017
2001	2257
2002	2003
2002	2018
2002	2258
2003	2004
2003	2019
2003	2259
2004	2005
2004	2020
2004	2260
2005	2006
2005	2021
2005	2261
2006	2007
2006	2022
2006	2262
2007	2008
2007	2023
2007	2263
2008	2009
2008	2024
2008	2264
2009	2010
2009	2025
2009	2265
2010	2011
2010	2026
2010	2266
2011	2012
2011	2027
2011	2267
2012	2013
2012	2028
2012	2268
2013	2014
2013	2029
2013	2269
2014	2015
2014	2030
2014	2270
2015	2016
2015	2031
2015	2271
2016	2032
2016	2272
2017	2018
2017	2033
2017	2273
2018	2019
2018	2034
2018	2274
2019	2020
2019	2035
2019	2275
2020	2021
2020	2036
2020	2276
2021	2022
2021	2037
2021	2277
2022	2023
2022	2038
2022	2278
2023	2024
2023	2039
2023	2279
2024	2025
2024	2040
2024	2280
2025	2026
2025	2041
2025	2281
2026	2027
2026	2042
2026	2282
2027	2028
2027	2043
2027	2283
2028	2029
2028	2044
2028	2284
2029	2030
2029	2045
2029	2285
2030	2031
2030	2046
2030	2286
2031	2032
2031	2047
2031	2287
2032	2048
2032	2288
2033	2034
2033	2289
2034	2035
2034	2290
2035	2036
2035	2291
2036	2037
2036	2292
2037	2038
2037	2293
2038	2039
2038	2294
2039	2040
2039	2295
2040	2041
2040	2296
2041	2042
2041	2297
2042	2043
2042	2298
2043	2044
2043	2299
2044	2045
2044	2300
2045	2046
2045	2301
2046	2047
2046	2302
2047	2048
2047	2303
2048	2304
2049	2050
2049	2065
2049	2305
2050	2051
2050	2066
2050	2306
2051	2052
2051	2067
2051	2307
2052	2053
2052	2068
2052	2308
2053	2054
2053	2069
2053	2309
2054	2055
2054	2070
2054	2310
2055	2056
2055	2071
2055	2311
2056	2057
2056	2072
2056	2312
2057	2058
2057	2073
2057	2313
2058	2059
2058	2074
2058	2314
2059	2060
2059	2075
2059	2315
2060	2061
2060	2076
2060	2316
2061	2062
2061	2077
2061	2317
2062	2063
2062	2078
2062	2318
2063	2064
2063	2079
2063	2319
2064	2080
2064	2320
2065	2066
2065	2081
2065	2321
2066	2067
2066	2082
2066	2322
2067	2068
2067	2083
2067	2323
2068	2069
2068	2084
2068	2324
2069	2070
2069	2085
2069	2325
2070	2071
2070	2086
2070	2326
2071	2072
2071	2087
2071	2327
2072	2073
2072	2088
2072	2328
2073	2074
2073	2089
2073	2329
2074	2075
2074	2090
2074	2330
2075	2076
2075	2091
2075	2331
2076	2077
2076	2092
2076	2332
2077	2078
2077	2093
2077	2333
2078	2079
2078	2094
2078	2334
2079	2080
2079	2095
2079	2335
2080	2096
2080	2336
2081	2082
2081	2097
2081	2337
2082	2083
2082	2098
2082	2338
2083	2084
2083	2099
2083	2339
2084	2085
2084	2100
2084	2340
2085	2086
2085	2101
2085	2341
2086	2087
2086	2102
2086	2342
2087	2088
2087	2103
2087	2343
2088	2089
2088	2104
2088	2344
2089	2090
2089	2105
2089	2345
2090	2091
2090	2106
2090	2346
2091	2092
2091	2107
2091	2347
2092	2093
2092	2108
2092	2348
2093	2094
2093	2109
2093	2349
2094	2095
2094	2110
2094	2350
2095	2096
2095	2111
2095	2351
2096	2112
2096	2352
2097	2098
2097	2113
2097	2353
2098	2099
2098	2114
2098	2354
2099	2100
2099	2115
2099	2355
2100	2101
2100	2116
2100	2356
2101	2102
2101	2117
2101	2357
2102	2103
2102	2118
2102	2358
2103	2104
2103	2119
2103	2359
2104	2105
2104	2120
2104	2360
2105	2106
2105	2121
2105	2361
2106	2107
2106	2122
2106	2362
2107	2108
2107	2123
2107	2363
2108	2109
2108	2124
2108	2364
2109	2110
2109	2125
2109	2365
2110	2111
2110	2126
2110	2366
2111	2112
2111	2127
2111	2367
2112	2128
2112	2368
2113	2114
2113	2129
2113	2369
2114	2115
2114	2130
2114	2370
2115	2116
2115	2131
2115	2371
2116	2117
2116	2132
2116	2372
2117	2118
2117	2133
2117	2373
2118	2119
2118	2134
2118	2374
2119	2120
2119	2135
2119	2375
2120	2121
2120	2136
2120	2376
2121	2122
2121	2137
2121	2377
2122	2123
2122	2138
2122	2378
2123	2124
2123	2139
2123	2379
2124	2125
2124	2140
2124	2380
2125	2126
2125	2141
2125	2381
2126	2127
2126	2142
2126	2382
2127	2128
2127	2143
2127	2383
2128	2144
2128	2384
2129	2130
2129	2145
2129	2385
2130	2131
2130	2146
2130	2386
2131	2132
2131	2147
2131	2387
2132	2133
2132	2148
2132	2388
2133	2134
2133	2149
2133	2389
2134	2135
2134	2150
2134	2390
2135	2136
2135	2151
2135	2391
2136	2137
2136	2152
2136	2392
2137	2138
2137	2153
2137	2393
2138	2139
2138	2154
2138	2394
2139	2140
2139	2155
2139	2395
2140	2141
2140	2156
2140	2396
2141	2142
2141	2157
2141	2397
2142	2143
2142	2158
2142	2398
2143	2144
2143	2159
2143	2399
2144	2160
2144	2400
2145	2146
2145	2161
2145	2401
2146	2147
2146	2162
2146	2402
2147	2148
2147	2163
2147	2403
2148	2149
2148	2164
2148	2404
2149	2150
2149	2165
2149	2405
2150	2151
2150	2166
2150	2406
2151	2152
2151	2167
2151	2407
2152	2153
2152	2168
2152	2408
2153	2154
2153	2169
2153	2409
2154	2155
2154	2170
2154	2410
2155	2156
2155	2171
2155	2411
2156	2157
2156	2172
2156	2412
2157	2158
2157	2173
2157	2413
2158	2159
2158	2174
2158	2414
2159	2160
2159	2175
2159	2415
2160	2176
2160	2416
2161	2162
2161	2177
2161	2417
2162	2163
2162	2178
2162	2418
2163	2164
2163	2179
2163	2419
2164	2165
2164	2180
2164	2420
2165	2166
2165	2181
2165	2421
2166	2167
2166	2182
2166	2422
2167	2168
2167	2183
2167	2423
2168	2169
2168	2184
2168	2424
2169	2170
2169	2185
2169	2425
2170	2171
2170	2186
2170	2426
2171	2172
2171	2187
2171	2427
2172	2173
2172	2188
2172	2428
2173	2174
2173	2189
2173	2429
2174	2175
2174	2190
2174	2430
2175	2176
2175	2191
2175	2431
2176	2192
2176	2432
2177	2178
2177	2193
2177	2433
2178	2179
2178	2194
2178	2434
2179	2180
2179	2195
2179	2435
2180	2181
2180	2196
2180	2436
2181	2182
2181	2197
2181	2437
2182	2183
2182	2198
2182	2438
2183	2184
2183	2199
2183	2439
2184	2185
2184	2200
2184	2440
2185	2186
2185	2201
2185	2441
2186	2187
2186	2202
2186	2442
2187	2188
2187	2203
2187	2443
2188	2189
2188	2204
2188	2444
2189	2190
2189	2205
2189	2445
2190	2191
2190	2206
2190	2446
2191	2192
2191	2207
2191	2447
2192	2208
2192	2448
2193	2194
2193	2209
2193	2449
2194	2195
2194	2210
2194	2450
2195	2196
2195	2211
2195	2451
2196	2197
2196	2212
2196	2452
2197	2198
2197	2213
2197	2453
2198	2199
2198	2214
2198	2454
2199	2200
2199	2215
2199	2455
2200	2201
2200	2216
2200	2456
2201	2202
2201	2217
2201	2457
2202	2203
2202	2218
2202	2458
2203	2204
2203	2219
2203	2459
2204	2205
2204	2220
2204	2460
2205	2206
2205	2221
2205	2461
2206	2207
2206	2222
2206	2462
2207	2208
2207	2223
2207	2463
2208	2224
2208	2464
2209	2210
2209	2225
2209	2465
2210	2211
2210	2226
2210	2466
2211	2212
2211	2227
2211	2467
2212	2213
2212	2228
2212	2468
2213	2214
2213	2229
2213	2469
2214	2215
2214	2230
2214	2470
2215	2216
2215	2231
2215	2471
2216	2217
2216	2232
2216	2472
2217	2218
2217	2233
2217	2473
2218	2219
2218	2234
2218	2474
2219	2220
2219	2235
2219	2475
2220	2221
2220	2236
2220	2476
2221	2222
2221	2237
2221	2477
2222	2223
2222	2238
2222	2478
2223	2224
2223	2239
2223	2479
2224	2240
2224	2480
2225	2226
2225	2241
2225	2481
2226	2227
2226	2242
2226	2482
2227	2228
2227	2243
2227	2483
2228	2229
2228	2244
2228	2484
2229	2230
2229	2245
2229	2485
2230	2231
2230	2246
2230	2486
2231	2232
2231	2247
2231	2487
2232	2233
2232	2248
2232	2488
2233	2234
2233	2249
2233	2489
2234	2235
2234	2250
2234	2490
2235	2236
2235	2251
2235	2491
2236	2237
2236	2252
2236	2492
2237	2238
2237	2253
2237	2493
2238	2239
2238	2254
2238	2494
2239	2240
2239	2255
2239	2495
2240	2256
2240	2496
2241	2242
2241	2257
2241	2497
2242	2243
2242	2258
2242	2498
2243	2244
2243	2259
2243	2499
2244	2245
2244	2260
2244	2500
2245	2246
2245	2261
2245	2501
2246	2247
2246	2262
2246	2502
2247	2248
2247	2263
2247	2503
2248	2249
2248	2264
2248	2504
2249	2250
2249	2265
2249	2505
2250	2251
2250	2266
2250	2506
2251	2252
2251	2267
2251	2507
2252	2253
2252	2268
2252	2508
2253	2254
2253	2269
2253	2509
2254	2255
2254	2270
2254	2510
2255	2256
2255	2271
2255	2511
2256	2272
2256	2512
2257	2258
2257	2273
2257	2513
2258	2259
2258	2274
2258	2514
2259	2260
2259	2275
2259	2515
2260	2261
2260	2276
2260	2516
2261	2262
2261	2277
2261	2517
2262	2263
2262	2278
2262	2518
2263	2264
2263	2279
2263	2519
2264	2265
2264	2280
2264	2520
2265	2266
2265	2281
2265	2521
2266	2267
2266	2282
2266	2522
2267	2268
2267	2283
2267	2523
2268	2269
2268	2284
2268	2524
2269	2270
2269	2285
2269	2525
2270	2271
2270	2286
2270	2526
2271	2272
2271	2287
2271	2527
2272	2288
2272	2528
2273	2274
2273	2289
2273	2529
2274	2275
2274	2290
2274	2530
2275	2276
2275	2291
2275	2531
2276	2277
2276	2292
2276	2532
2277	2278
2277	2293
2277	2533
2278	2279
2278	2294
2278	2534
2279	2280
2279	2295
2279	2535
2280	2281
2280	2296
2280	2536
2281	2282
2281	2297
2281	2537
2282	2283
2282	2298
2282	2538
2283	2284
2283	2299
2283	2539
2284	2285
2284	2300
2284	2540
2285	2286
2285	2301
2285	2541
2286	2287
2286	2302
2286	2542
2287	2288
2287	2303
2287	2543
2288	2304
2288	2544
2289	2290
2289	2545
2290	2291
2290	2546
2291	2292
2291	2547
2292	2293
2292	2548
2293	2294
2293	2549
2294	2295
2294	2550
2295	2296
2295	2551
2296	2297
2296	2552
2297	2298
2297	2553
2298	2299
2298	2554
2299	2300
2299	2555
2300	2301
2300	2556
2301	2302
2301	2557
2302	2303
2302	2558
2303	2304
2303	2559
2304	2560
2305	2306
2305	2321
2305	2561
2306	2307
2306	2322
2306	2562
2307	2308
2307	2323
2307	2563
2308	2309
2308	2324
2308	2564
2309	2310
2309	2325
2309	2565
2310	2311
2310	2326
2310	2566
2311	2312
2311	2327
2311	2567
2312	2313
2312	2328
2312	2568
2313	2314
2313	2329
2313	2569
2314	2315
2314	2330
2314	2570
2315	2316
2315	2331
2315	2571
2316	2317
2316	2332
2316	2572
2317	2318
2317	2333
2317	2573
2318	2319
2318	2334
2318	2574
2319	2320
2319	2335
2319	2575
2320	2336
2320	2576
2321	2322
2321	2337
2321	2577
2322	2323
2322	2338
2322	2578
2323	2324
2323	2339
2323	2579
2324	2325
2324	2340
2324	2580
2325	2326
2325	2341
2325	2581
2326	2327
2326	2342
2326	2582
2327	2328
2327	2343
2327	2583
2328	2329
2328	2344
2328	2584
2329	2330
2329	2345
2329	2585
2330	2331
2330	2346
2330	2586
2331	2332
2331	2347
2331	2587
2332	2333
2332	2348
2332	2588
2333	2334
2333	2349
2333	2589
2334	2335
2334	2350
2334	2590
2335	2336
2335	2351
2335	2591
2336	2352
2336	2592
2337	2338
2337	2353
2337	2593
2338	2339
2338	2354
2338	2594
2339	2340
2339	2355
2339	2595
2340	2341
2340	2356
2340	2596
2341	2342
2341	2357
2341	2597
2342	2343
2342	2358
2342	2598
2343	2344
2343	2359
2343	2599
2344	2345
2344	2360
2344	2600
2345	2346
2345	2361
2345	2601
2346	2347
2346	2362
2346	2602
2347	2348
2347	2363
2347	2603
2348	2349
2348	2364
2348	2604
2349	2350
2349	2365
2349	2605
2350	2351
2350	2366
2350	2606
2351	2352
2351	2367
2351	2607
2352	2368
2352	2608
2353	2354
2353	2369
2353	2609
2354	2355
2354	2370
2354	2610
2355	2356
2355	2371
2355	2611
2356	2357
2356	2372
2356	2612
2357	2358
2357	2373
2357	2613
2358	2359
2358	2374
2358	2614
2359	2360
2359	2375
2359	2615
2360	2361
2360	2376
2360	2616
2361	2362
2361	2377
2361	2617
2362	2363
2362	2378
2362	2618
2363	2364
2363	2379
2363	2619
2364	2365
2364	2380
2364	2620
2365	2366
2365	2381
2365	2621
2366	2367
2366	2382
2366	2622
2367	2368
2367	2383
2367	2623
2368	2384
2368	2624
2369	2370
2369	2385
2369	2625
2370	2371
2370	2386
2370	2626
2371	2372
2371	2387
2371	2627
2372	2373
2372	2388
2372	2628
2373	2374
2373	2389
2373	2629
2374	2375
2374	2390
2374	2630
2375	2376
2375	2391
2375	2631
2376	2377
2376	2392
2376	2632
2377	2378
2377	2393
2377	2633
2378	2379
2378	2394
2378	2634
2379	2380
2379	2395
2379	2635
2380	2381
2380	2396
2380	2636
2381	2382
2381	2397
2381	2637
2382	2383
2382	2398
2382	2638
2383	2384
2383	2399
2383	2639
2384	2400
2384	2640
2385	2386
2385	2401
2385	2641
2386	2387
2386	2402
2386	2642
2387	2388
2387	2403
2387	2643
2388	2389
2388	2404
2388	2644
2389	2390
2389	2405
2389	2645
2390	2391
2390	2406
2390	2646
2391	2392
2391	2407
2391	2647
2392	2393
2392	2408
2392	2648
2393	2394
2393	2409
2393	2649
2394	2395
2394	2410
2394	2650
2395	2396
2395	2411
2395	2651
2396	2397
2396	2412
2396	2652
2397	2398
2397	2413
2397	2653
2398	2399
2398	2414
2398	2654
2399	2400
2399	2415
2399	2655
2400	2416
2400	2656
2401	2402
2401	2417
2401	2657
2402	2403
2402	2418
2402	2658
2403	2404
2403	2419
2403	2659
2404	2405
2404	2420
2404	2660
2405	2406
2405	2421
2405	2661
2406	2407
2406	2422
2406	2662
2407	2408
2407	2423
2407	2663
2408	2409
2408	2424
2408	2664
2409	2410
2409	2425
2409	2665
2410	2411
2410	2426
2410	2666
2411	2412
2411	2427
2411	2667
2412	2413
2412	2428
2412	2668
2413	2414
2413	2429
2413	2669
2414	2415
2414	2430
2414	2670
2415	2416
2415	2431
2415	2671
2416	2432
2416	2672
2417	2418
2417	2433
2417	2673
2418	2419
2418	2434
2418	2674
2419	2420
2419	2435
2419	2675
2420	2421
2420	2436
2420	2676
2421	2422
2421	2437
2421	2677
2422	2423
2422	2438
2422	2678
2423	2424
2423	2439
2423	2679
2424	2425
2424	2440
2424	2680
2425	2426
2425	2441
2425	2681
2426	2427
2426	2442
2426	2682
2427	2428
2427	2443
2427	2683
2428	2429
2428	2444
2428	2684
2429	2430
2429	2445
2429	2685
2430	2431
2430	2446
2430	2686
2431	2432
2431	2447
2431	2687
2432	2448
2432	2688
2433	2434
2433	2449
2433	2689
2434	2435
2434	2450
2434	2690
2435	2436
2435	2451
2435	2691
2436	2437
2436	2452
2436	2692
2437	2438
2437	2453
2437	2693
2438	2439
2438	2454
2438	2694
2439	2440
2439	2455
2439	2695
2440	2441
2440	2456
2440	2696
2441	2442
2441	2457
2441	2697
2442	2443
2442	2458
2442	2698
2443	2444
2443	2459
2443	2699
2444	2445
2444	2460
2444	2700
2445	2446
2445	2461
2445	2701
2446	2447
2446	2462
2446	2702
2447	2448
2447	2463
2447	2703
2448	2464
2448	2704
2449	2450
2449	2465
2449	2705
2450	2451
2450	2466
2450	2706
2451	2452
2451	2467
2451	2707
2452	2453
2452	2468
2452	2708
2453	2454
2453	2469
2453	2709
2454	2455
2454	2470
2454	2710
2455	2456
2455	2471
2455	2711
2456	2457
2456	2472
2456	2712
2457	2458
2457	2473
2457	2713
2458	2459
2458	2474
2458	2714
2459	2460
2459	2475
2459	2715
2460	2461
2460	2476
2460	2716
2461	2462
2461	2477
2461	2717
2462	2463
2462	2478
2462	2718
2463	2464
2463	2479
2463	2719
2464	2480
2464	2720
2465	2466
2465	2481
2465	2721
2466	2467
2466	2482
2466	2722
2467	2468
2467	2483
2467	2723
2468	2469
2468	2484
2468	2724
2469	2470
2469	2485
2469	2725
2470	2471
2470	2486
2470	2726
2471	2472
2471	2487
2471	2727
2472	2473
2472	2488
2472	2728
2473	2474
2473	2489
2473	2729
2474	2475
2474	2490
2474	2730
2475	2476
2475	2491
2475	2731
2476	2477
2476	2492
2476	2732
2477	2478
2477	2493
2477	2733
2478	2479
2478	2494
2478	2734
2479	2480
2479	2495
2479	2735
2480	2496
2480	2736
2481	2482
2481	2497
2481	2737
2482	2483
2482	2498
2482	2738
2483	2484
2483	2499
2483	2739
2484	2485
2484	2500
2484	2740
2485	2486
2485	2501
2485	2741
2486	2487
2486	2502
2486	2742
2487	2488
2487	2503
2487	2743
2488	2489
2488	2504
2488	2744
2489	2490
2489	2505
2489	2745
2490	2491
2490	2506
2490	2746
2491	2492
2491	2507
2491	2747
2492	2493
2492	2508
2492	2748
2493	2494
2493	2509
2493	2749
2494	2495
2494	2510
2494	2750
2495	2496
2495	2511
2495	2751
2496	2512
2496	2752
2497	2498
2497	2513
2497	2753
2498	2499
2498	2514
2498	2754
2499	2500
2499	2515
2499	2755
2500	2501
2500	2516
2500	2756
2501	2502
2501	2517
2501	2757
2502	2503
2502	2518
2502	2758
2503	2504
2503	2519
2503	2759
2504	2505
2504	2520
2504	2760
2505	2506
2505	2521
2505	2761
2506	2507
2506	2522
2506	2762
2507	2508
2507	2523
2507	2763
2508	2509
2508	2524
2508	2764
2509	2510
2509	2525
2509	2765
2510	2511
2510	2526
2510	2766
2511	2512
2511	2527
2511	2767
2512	2528
2512	2768
2513	2514
2513	2529
2513	2769
2514	2515
2514	2530
2514	2770
2515	2516
2515	2531
2515	2771
2516	2517
2516	2532
2516	2772
2517	2518
2517	2533
2517	2773
2518	2519
2518	2534
2518	2774
2519	2520
2519	2535
2519	2775
2520	2521
2520	2536
2520	2776
2521	2522
2521	2537
2521	2777
2522	2523
2522	2538
2522	2778
2523	2524
2523	2539
2523	2779
2524	2525
2524	2540
2524	2780
2525	2526
2525	2541
2525	2781
2526	2527
2526	2542
2526	2782
2527	2528
2527	2543
2527	2783
2528	2544
2528	2784
2529	2530
2529	2545
2529	2785
2530	2531
2530	2546
2530	2786
2531	2532
2531	2547
2531	2787
2532	2533
2532	2548
2532	2788
2533	2534
2533	2549
2533	2789
2534	2535
2534	2550
2534	2790
2535	2536
2535	2551
2535	2791
2536	2537
2536	2552
2536	2792
2537	2538
2537	2553
2537	2793
2538	2539
2538	2554
2538	2794
2539	2540
2539	2555
2539	2795
2540	2541
2540	2556
2540	2796
2541	2542
2541	2557
2541	2797
2542	2543
2542	2558
2542	2798
2543	2544
2543	2559
2543	2799
2544	2560
2544	2800
2545	2546
2545	2801
2546	2547
2546	2802
2547	2548
2547	2803
2548	2549
2548	2804
2549	2550
2549	2805
2550	2551
2550	2806
2551	2552
2551	2807
2552	2553
2552	2808
2553	2554
2553	2809
2554	2555
2554	2810
2555	2556
2555	2811
2556	2557
2556	2812
2557	2558
2557	2813
2558	2559
2558	2814
2559	2560
2559	2815
2560	2816
2561	2562
2561	2577
2561	2817
2562	2563
2562	2578
2562	2818
2563	2564
2563	2579
2563	2819
2564	2565
2564	2580
2564	2820
2565	2566
2565	2581
2565	2821
2566	2567
2566	2582
2566	2822
2567	2568
2567	2583
2567	2823
2568	2569
2568	2584
2568	2824
2569	2570
2569	2585
2569	2825
2570	2571
2570	2586
2570	2826
2571	2572
2571	2587
2571	2827
2572	2573
2572	2588
2572	2828
2573	2574
2573	2589
2573	2829
2574	2575
2574	2590
2574	2830
2575	2576
2575	2591
2575	2831
2576	2592
2576	2832
2577	2578
2577	2593
2577	2833
2578	2579
2578	2594
2578	2834
2579	2580
2579	2595
2579	2835
2580	2581
2580	2596
2580	2836
2581	2582
2581	2597
2581	2837
2582	2583
2582	2598
2582	2838
2583	2584
2583	2599
2583	2839
2584	2585
2584	2600
2584	2840
2585	2586
2585	2601
2585	2841
2586	2587
2586	2602
2586	2842
2587	2588
2587	2603
2587	2843
2588	2589
2588	2604
2588	2844
2589	2590
2589	2605
2589	2845
2590	2591
2590	2606
2590	2846
2591	2592
2591	2607
2591	2847
2592	2608
2592	2848
2593	2594
2593	2609
2593	2849
2594	2595
2594	2610
2594	2850
2595	2596
2595	2611
2595	2851
2596	2597
2596	2612
2596	2852
2597	2598
2597	2613
2597	2853
2598	2599
2598	2614
2598	2854
2599	2600
2599	2615
2599	2855
2600	2601
2600	2616
2600	2856
2601	2602
2601	2617
2601	2857
2602	2603
2602	2618
2602	2858
2603	2604
2603	2619
2603	2859
2604	2605
2604	2620
2604	2860
2605	2606
2605	2621
2605	2861
2606	2607
2606	2622
2606	2862
2607	2608
2607	2623
2607	2863
2608	2624
2608	2864
2609	2610
2609	2625
2609	2865
2610	2611
2610	2626
2610	2866
2611	2612
2611	2627
2611	2867
2612	2613
2612	2628
2612	2868
2613	2614
2613	2629
2613	2869
2614	2615
2614	2630
2614	2870
2615	2616
2615	2631
2615	2871
2616	2617
2616	2632
2616	2872
2617	2618
2617	2633
2617	2873
2618	2619
2618	2634
2618	2874
2619	2620
2619	2635
2619	2875
2620	2621
2620	2636
2620	2876
2621	2622
2621	2637
2621	2877
2622	2623
2622	2638
2622	2878
2623	2624
2623	2639
2623	2879
2624	2640
2624	2880
2625	2626
2625	2641
2625	2881
2626	2627
2626	2642
2626	2882
2627	2628
2627	2643
2627	2883
2628	2629
2628	2644
2628	2884
2629	2630
2629	2645
2629	2885
2630	2631
2630	2646
2630	2886
2631	2632
2631	2647
2631	2887
2632	2633
2632	2648
2632	2888
2633	2634
2633	2649
2633	2889
2634	2635
2634	2650
2634	2890
2635	2636
2635	2651
2635	2891
2636	2637
2636	2652
2636	2892
2637	2638
2637	2653
2637	2893
2638	2639
2638	2654
2638	2894
2639	2640
2639	2655
2639	2895
2640	2656
2640	2896
2641	2642
2641	2657
2641	2897
2642	2643
2642	2658
2642	2898
2643	2644
2643	2659
2643	2899
2644	2645
2644	2660
2644	2900
2645	2646
2645	2661
2645	2901
2646	2647
2646	2662
2646	2902
2647	2648
2647	2663
2647	2903
2648	2649
2648	2664
2648	2904
2649	2650
2649	2665
2649	2905
2650	2651
2650	2666
2650	2906
2651	2652
2651	2667
2651	2907
2652	2653
2652	2668
2652	2908
2653	2654
2653	2669
2653	2909
2654	2655
2654	2670
2654	2910
2655	2656
2655	2671
2655	2911
2656	2672
2656	2912
2657	2658
2657	2673
2657	2913
2658	2659
2658	2674
2658	2914
2659	2660
2659	2675
2659	2915
2660	2661
2660	2676
2660	2916
2661	2662
2661	2677
2661	2917
2662	2663
2662	2678
2662	2918
2663	2664
2663	2679
2663	2919
2664	2665
2664	2680
2664	2920
2665	2666
2665	2681
2665	2921
2666	2667
2666	2682
2666	2922
2667	2668
2667	2683
2667	2923
2668	2669
2668	2684
2668	2924
2669	2670
2669	2685
2669	2925
2670	2671
2670	2686
2670	2926
2671	2672
2671	2687
2671	2927
2672	2688
2672	2928
2673	2674
2673	2689
2673	2929
2674	2675
2674	2690
2674	2930
2675	2676
2675	2691
2675	2931
2676	2677
2676	2692
2676	2932
2677	2678
2677	2693
2677	2933
2678	2679
2678	2694
2678	2934
2679	2680
2679	2695
2679	2935
2680	2681
2680	2696
2680	2936
2681	2682
2681	2697
2681	2937
2682	2683
2682	2698
2682	2938
2683	2684
2683	2699
2683	2939
2684	2685
2684	2700
2684	2940
2685	2686
2685	2701
2685	2941
2686	2687
2686	2702
2686	2942
2687	2688
2687	2703
2687	2943
2688	2704
2688	2944
2689	2690
2689	2705
2689	2945
2690	2691
2690	2706
2690	2946
2691	2692
2691	2707
2691	2947
2692	2693
2692	2708
2692	2948
2693	2694
2693	2709
2693	2949
2694	2695
2694	2710
2694	2950
2695	2696
2695	2711
2695	2951
2696	2697
2696	2712
2696	2952
2697	2698
2697	2713
2697	2953
2698	2699
2698	2714
2698	2954
2699	2700
2699	2715
2699	2955
2700	2701
2700	2716
2700	2956
2701	2702
2701	2717
2701	2957
2702	2703
2702	2718
2702	2958
2703	2704
2703	2719
2703	2959
2704	2720
2704	2960
2705	2706
2705	2721
2705	2961
2706	2707
2706	2722
2706	2962
2707	2708
2707	2723
2707	2963
2708	2709
2708	2724
2708	2964
2709	2710
2709	2725
2709	2965
2710	2711
2710	2726
2710	2966
2711	2712
2711	2727
2711	2967
2712	2713
2712	2728
2712	2968
2713	2714
2713	2729
2713	2969
2714	2715
2714	2730
2714	2970
2715	2716
2715	2731
2715	2971
2716	2717
2716	2732
2716	2972
2717	2718
2717	2733
2717	2973
2718	2719
2718	2734
2718	2974
2719	2720
2719	2735
2719	2975
2720	2736
2720	2976
2721	2722
2721	2737
2721	2977
2722	2723
2722	2738
2722	2978
2723	2724
2723	2739
2723	2979
2724	2725
2724	2740
2724	2980
2725	2726
2725	2741
2725	2981
2726	2727
2726	2742
2726	2982
2727	2728
2727	2743
2727	2983
2728	2729
2728	2744
2728	2984
2729	2730
2729	2745
2729	2985
2730	2731
2730	2746
2730	2986
2731	2732
2731	2747
2731	2987
2732	2733
2732	2748
2732	2988
2733	2734
2733	2749
2733	2989
2734	2735
2734	2750
2734	2990
2735	2736
2735	2751
2735	2991
2736	2752
2736	2992
2737	2738
2737	2753
2737	2993
2738	2739
2738	2754
2738	2994
2739	2740
2739	2755
2739	2995
2740	2741
2740	2756
2740	2996
2741	2742
2741	2757
2741	2997
2742	2743
2742	2758
2742	2998
2743	2744
2743	2759
2743	2999
2744	2745
2744	2760
2744	3000
2745	2746
2745	2761
2745	3001
2746	2747
2746	2762
2746	3002
2747	2748
2747	2763
2747	3003
2748	2749
2748	2764
2748	3004
2749	2750
2749	2765
2749	3005
2750	2751
2750	2766
2750	3006
2751	2752
2751	2767
2751	3007
2752	2768
2752	3008
2753	2754
2753	2769
2753	3009
2754	2755
2754	2770
2754	3010
2755	2756
2755	2771
2755	3011
2756	2757
2756	2772
2756	3012
2757	2758
2757	2773
2757	3013
2758	2759
2758	2774
2758	3014
2759	2760
2759	2775
2759	3015
2760	2761
2760	2776
2760	3016
2761	2762
2761	2777
2761	3017
2762	2763
2762	2778
2762	3018
2763	2764
2763	2779
2763	3019
2764	2765
2764	2780
2764	3020
2765	2766
2765	2781
2765	3021
2766	2767
2766	2782
2766	3022
2767	2768
2767	2783
2767	3023
2768	2784
2768	3024
2769	2770
2769	2785
2769	3025
2770	2771
2770	2786
2770	3026
2771	2772
2771	2787
2771	3027
2772	2773
2772	2788
2772	3028
2773	2774
2773	2789
2773	3029
2774	2775
2774	2790
2774	3030
2775	2776
2775	2791
2775	3031
2776	2777
2776	2792
2776	3032
2777	2778
2777	2793
2777	3033
2778	2779
2778	2794
2778	3034
2779	2780
2779	2795
2779	3035
2780	2781
2780	2796
2780	3036
2781	2782
2781	2797
2781	3037
2782	2783
2782	2798
2782	3038
2783	2784
2783	2799
2783	3039
2784	2800
2784	3040
2785	2786
2785	2801
2785	3041
2786	2787
2786	2802
2786	3042
2787	2788
2787	2803
2787	3043
2788	2789
2788	2804
2788	3044
2789	2790
2789	2805
2789	3045
2790	2791
2790	2806
2790	3046
2791	2792
2791	2807
2791	3047
2792	2793
2792	2808
2792	3048
2793	2794
2793	2809
2793	3049
2794	2795
2794	2810
2794	3050
2795	2796
2795	2811
2795	3051
2796	2797
2796	2812
2796	3052
2797	2798
2797	2813
2797	3053
2798	2799
2798	2814
2798	3054
2799	2800
2799	2815
2799	3055
2800	2816
2800	3056
2801	2802
2801	3057
2802	2803
2802	3058
2803	2804
2803	3059
2804	2805
2804	3060
2805	2806
2805	3061
2806	2807
2806	3062
2807	2808
2807	3063
2808	2809
2808	3064
2809	2810
2809	3065
2810	2811
2810	3066
2811	2812
2811	3067
2812	2813
2812	3068
2813	2814
2813	3069
2814	2815
2814	3070
2815	2816
2815	3071
2816	3072
2817	2818
2817	2833
2817	3073
2818	2819
2818	2834
2818	3074
2819	2820
2819	2835
2819	3075
2820	2821
2820	2836
2820	3076
2821	2822
2821	2837
2821	3077
2822	2823
2822	2838
2822	3078
2823	2824
2823	2839
2823	3079
2824	2825
2824	2840
2824	3080
2825	2826
2825	2841
2825	3081
2826	2827
2826	2842
2826	3082
2827	2828
2827	2843
2827	3083
2828	2829
2828	2844
2828	3084
2829	2830
2829	2845
2829	3085
2830	2831
2830	2846
2830	3086
2831	2832
2831	2847
2831	3087
2832	2848
2832	3088
2833	2834
2833	2849
2833	3089
2834	2835
2834	2850
2834	3090
2835	2836
2835	2851
2835	3091
2836	2837
2836	2852
2836	3092
2837	2838
2837	2853
2837	3093
2838	2839
2838	2854
2838	3094
2839	2840
2839	2855
2839	3095
2840	2841
2840	2856
2840	3096
2841	2842
2841	2857
2841	3097
2842	2843
2842	2858
2842	3098
2843	2844
2843	2859
2843	3099
2844	2845
2844	2860
2844	3100
2845	2846
2845	2861
2845	3101
2846	2847
2846	2862
2846	3102
2847	2848
2847	2863
2847	3103
2848	2864
2848	3104
2849	2850
2849	2865
2849	3105
2850	2851
2850	2866
2850	3106
2851	2852
2851	2867
2851	3107
2852	2853
2852	2868
2852	3108
2853	2854
2853	2869
2853	3109
2854	2855
2854	2870
2854	3110
2855	2856
2855	2871
2855	3111
2856	2857
2856	2872
2856	3112
2857	2858
2857	2873
2857	3113
2858	2859
2858	2874
2858	3114
2859	2860
2859	2875
2859	3115
2860	2861
2860	2876
2860	3116
2861	2862
2861	2877
2861	3117
2862	2863
2862	2878
2862	3118
2863	2864
2863	2879
2863	3119
2864	2880
2864	3120
2865	2866
2865	2881
2865	3121
2866	2867
2866	2882
2866	3122
2867	2868
2867	2883
2867	3123
2868	2869
2868	2884
2868	3124
2869	2870
2869	2885
2869	3125
2870	2871
2870	2886
2870	3126
2871	2872
2871	2887
2871	3127
2872	2873
2872	2888
2872	3128
2873	2874
2873	2889
2873	3129
2874	2875
2874	2890
2874	3130
2875	2876
2875	2891
2875	3131
2876	2877
2876	2892
2876	3132
2877	2878
2877	2893
2877	3133
2878	2879
2878	2894
2878	3134
2879	2880
2879	2895
2879	3135
2880	2896
2880	3136
2881	2882
2881	2897
2881	3137
2882	2883
2882	2898
2882	3138
2883	2884
2883	2899
2883	3139
2884	2885
2884	2900
2884	3140
2885	2886
2885	2901
2885	3141
2886	2887
2886	2902
2886	3142
2887	2888
2887	2903
2887	3143
2888	2889
2888	2904
2888	3144
2889	2890
2889	2905
2889	3145
2890	2891
2890	2906
2890	3146
2891	2892
2891	2907
2891	3147
2892	2893
2892	2908
2892	3148
2893	2894
2893	2909
2893	3149
2894	2895
2894	2910
2894	3150
2895	2896
2895	2911
2895	3151
2896	2912
2896	3152
2897	2898
2897	2913
2897	3153
2898	2899
2898	2914
2898	3154
2899	2900
2899	2915
2899	3155
2900	2901
2900	2916
2900	3156
2901	2902
2901	2917
2901	3157
2902	2903
2902	2918
2902	3158
2903	2904
2903	2919
2903	3159
2904	2905
2904	2920
2904	3160
2905	2906
2905	2921
2905	3161
2906	2907
2906	2922
2906	3162
2907	2908
2907	2923
2907	3163
2908	2909
2908	2924
2908	3164
2909	2910
2909	2925
2909	3165
2910	2911
2910	2926
2910	3166
2911	2912
2911	2927
2911	3167
2912	2928
2912	3168
2913	2914
2913	2929
2913	3169
2914	2915
2914	2930
2914	3170
2915	2916
2915	2931
2915	3171
2916	2917
2916	2932
2916	3172
2917	2918
2917	2933
2917	3173
2918	2919
2918	2934
2918	3174
2919	2920
2919	2935
2919	3175
2920	2921
2920	2936
2920	3176
2921	2922
2921	2937
2921	3177
2922	2923
2922	2938
2922	3178
2923	2924
2923	2939
2923	3179
2924	2925
2924	2940
2924	3180
2925	2926
2925	2941
2925	3181
2926	2927
2926	2942
2926	3182
2927	2928
2927	2943
2927	3183
2928	2944
2928	3184
2929	2930
2929	2945
2929	3185
2930	2931
2930	2946
2930	3186
2931	2932
2931	2947
2931	3187
2932	2933
2932	2948
2932	3188
2933	2934
2933	2949
2933	3189
2934	2935
2934	2950
2934	3190
2935	2936
2935	2951
2935	3191
2936	2937
2936	2952
2936	3192
2937	2938
2937	2953
2937	3193
2938	2939
2938	2954
2938	3194
2939	2940
2939	2955
2939	3195
2940	2941
2940	2956
2940	3196
2941	2942
2941	2957
2941	3197
2942	2943
2942	2958
2942	3198
2943	2944
2943	2959
2943	3199
2944	2960
2944	3200
2945	2946
2945	2961
2945	3201
2946	2947
2946	2962
2946	3202
2947	2948
2947	2963
2947	3203
2948	2949
2948	2964
2948	3204
2949	2950
2949	2965
2949	3205
2950	2951
2950	2966
2950	3206
2951	2952
2951	2967
2951	3207
2952	2953
2952	2968
2952	3208
2953	2954
2953	2969
2953	3209
2954	2955
2954	2970
2954	3210
2955	2956
2955	2971
2955	3211
2956	2957
2956	2972
2956	3212
2957	2958
2957	2973
2957	3213
2958	2959
2958	2974
2958	3214
2959	2960
2959	2975
2959	3215
2960	2976
2960	3216
2961	2962
2961	2977
2961	3217
2962	2963
2962	2978
2962	3218
2963	2964
2963	2979
2963	3219
2964	2965
2964	2980
2964	3220
2965	2966
2965	2981
2965	3221
2966	2967
2966	2982
2966	3222
2967	2968
2967	2983
2967	3223
2968	2969
2968	2984
2968	3224
2969	2970
2969	2985
2969	3225
2970	2971
2970	2986
2970	3226
2971	2972
2971	2987
2971	3227
2972	2973
2972	2988
2972	3228
2973	2974
2973	2989
2973	3229
2974	2975
2974	2990
2974	3230
2975	2976
2975	2991
2975	3231
2976	2992
2976	3232
2977	2978
2977	2993
2977	3233
2978	2979
2978	2994
2978	3234
2979	2980
2979	2995
2979	3235
2980	2981
2980	2996
2980	3236
2981	2982
2981	2997
2981	3237
2982	2983
2982	2998
2982	3238
2983	2984
2983	2999
2983	3239
2984	2985
2984	3000
2984	3240
2985	2986
2985	3001
2985	3241
2986	2987
2986	3002
2986	3242
2987	2988
2987	3003
2987	3243
2988	2989
2988	3004
2988	3244
2989	2990
2989	3005
2989	3245
2990	2991
2990	3006
2990	3246
2991	2992
2991	3007
2991	3247
2992	3008
2992	3248
2993	2994
2993	3009
2993	3249
2994	2995
2994	3010
2994	3250
2995	2996
2995	3011
2995	3251
2996	2997
2996	3012
2996	3252
2997	2998
2997	3013
2997	3253
2998	2999
2998	3014
2998	3254
2999	3000
2999	3015
2999	3255
3000	3001
3000	3016
3000	3256
3001	3002
3001	3017
3001	3257
3002	3003
3002	3018
3002	3258
3003	3004
3003	3019
3003	3259
3004	3005
3004	3020
3004	3260
3005	3006
3005	3021
3005	3261
3006	3007
3006	3022
3006	3262
3007	3008
3007	3023
3007	3263
3008	3024
3008	3264
3009	3010
3009	3025
3009	3265
3010	3011
3010	3026
3010	3266
3011	3012
3011	3027
3011	3267
3012	3013
3012	3028
3012	3268
3013	3014
3013	3029
3013	3269
3014	3015
3014	3030
3014	3270
3015	3016
3015	3031
3015	3271
3016	3017
3016	3032
3016	3272
3017	3018
3017	3033
3017	3273
3018	3019
3018	3034
3018	3274
3019	3020
3019	3035
3019	3275
3020	3021
3020	3036
3020	3276
3021	3022
3021	3037
3021	3277
3022	3023
3022	3038
3022	3278
3023	3024
3023	3039
3023	3279
3024	3040
3024	3280
3025	3026
3025	3041
3025	3281
3026	3027
3026	3042
3026	3282
3027	3028
3027	3043
3027	3283
3028	3029
3028	3044
3028	3284
3029	3030
3029	3045
3029	3285
3030	3031
3030	3046
3030	3286
3031	3032
3031	3047
3031	3287
3032	3033
3032	3048
3032	3288
3033	3034
3033	3049
3033	3289
3034	3035
3034	3050
3034	3290
3035	3036
3035	3051
3035	3291
3036	3037
3036	3052
3036	3292
3037	3038
3037	3053
3037	3293
3038	3039
3038	3054
3038	3294
3039	3040
3039	3055
3039	3295
3040	3056
3040	3296
3041	3042
3041	3057
3041	3297
3042	3043
3042	3058
3042	3298
3043	3044
3043	3059
3043	3299
3044	3045
3044	3060
3044	3300
3045	3046
3045	3061
3045	3301
3046	3047
3046	3062
3046	3302
3047	3048
3047	3063
3047	3303
3048	3049
3048	3064
3048	3304
3049	3050
3049	3065
3049	3305
3050	3051
3050	3066
3050	3306
3051	3052
3051	3067
3051	3307
3052	3053
3052	3068
3052	3308
3053	3054
3053	3069
3053	3309
3054	3055
3054	3070
3054	3310
3055	3056
3055	3071
3055	3311
3056	3072
3056	3312
3057	3058
3057	3313
3058	3059
3058	3314
3059	3060
3059	3315
3060	3061
3060	3316
3061	3062
3061	3317
3062	3063
3062	3318
3063	3064
3063	3319
3064	3065
3064	3320
3065	3066
3065	3321
3066	3067
3066	3322
3067	3068
3067	3323
3068	3069
3068	3324
3069	3070
3069	3325
3070	3071
3070	3326
3071	3072
3071	3327
3072	3328
3073	3074
3073	3089
3073	3329
3074	3075
3074	3090
3074	3330
3075	3076
3075	3091
3075	3331
3076	3077
3076	3092
3076	3332
3077	3078
3077	3093
3077	3333
3078	3079
3078	3094
3078	3334
3079	3080
3079	3095
3079	3335
3080	3081
3080	3096
3080	3336
3081	3082
3081	3097
3081	3337
3082	3083
3082	3098
3082	3338
3083	3084
3083	3099
3083	3339
3084	3085
3084	3100
3084	3340
3085	3086
3085	3101
3085	3341
3086	3087
3086	3102
3086	3342
3087	3088
3087	3103
3087	3343
3088	3104
3088	3344
3089	3090
3089	3105
3089	3345
3090	3091
3090	3106
3090	3346
3091	3092
3091	3107
3091	3347
3092	3093
3092	3108
3092	3348
3093	3094
3093	3109
3093	3349
3094	3095
3094	3110
3094	3350
3095	3096
3095	3111
3095	3351
3096	3097
3096	3112
3096	3352
3097	3098
3097	3113
3097	3353
3098	3099
3098	3114
3098	3354
3099	3100
3099	3115
3099	3355
3100	3101
3100	3116
3100	3356
3101	3102
3101	3117
3101	3357
3102	3103
3102	3118
3102	3358
3103	3104
3103	3119
3103	3359
3104	3120
3104	3360
3105	3106
3105	3121
3105	3361
3106	3107
3106	3122
3106	3362
3107	3108
3107	3123
3107	3363
3108	3109
3108	3124
3108	3364
3109	3110
3109	3125
3109	3365
3110	3111
3110	3126
3110	3366
3111	3112
3111	3127
3111	3367
3112	3113
3112	3128
3112	3368
3113	3114
3113	3129
3113	3369
3114	3115
3114	3130
3114	3370
3115	3116
3115	3131
3115	3371
3116	3117
3116	3132
3116	3372
3117	3118
3117	3133
3117	3373
3118	3119
3118	3134
3118	3374
3119	3120
3119	3135
3119	3375
3120	3136
3120	3376
3121	3122
3121	3137
3121	3377
3122	3123
3122	3138
3122	3378
3123	3124
3123	3139
3123	3379
3124	3125
3124	3140
3124	3380
3125	3126
3125	3141
3125	3381
3126	3127
3126	3142
3126	3382
3127	3128
3127	3143
3127	3383
3128	3129
3128	3144
3128	3384
3129	3130
3129	3145
3129	3385
3130	3131
3130	3146
3130	3386
3131	3132
3131	3147
3131	3387
3132	3133
3132	3148
3132	3388
3133	3134
3133	3149
3133	3389
3134	3135
3134	3150
3134	3390
3135	3136
3135	3151
3135	3391
3136	3152
3136	3392
3137	3138
3137	3153
3137	3393
3138	3139
3138	3154
3138	3394
3139	3140
3139	3155
3139	3395
3140	3141
3140	3156
3140	3396
3141	3142
3141	3157
3141	3397
3142	3143
3142	3158
3142	3398
3143	3144
3143	3159
3143	3399
3144	3145
3144	3160
3144	3400
3145	3146
3145	3161
3145	3401
3146	3147
3146	3162
3146	3402
3147	3148
3147	3163
3147	3403
3148	3149
3148	3164
3148	3404
3149	3150
3149	3165
3149	3405
3150	3151
3150	3166
3150	3406
3151	3152
3151	3167
3151	3407
3152	3168
3152	3408
3153	3154
3153	3169
3153	3409
3154	3155
3154	3170
3154	3410
3155	3156
3155	3171
3155	3411
3156	3157
3156	3172
3156	3412
3157	3158
3157	3173
3157	3413
3158	3159
3158	3174
3158	3414
3159	3160
3159	3175
3159	3415
3160	3161
3160	3176
3160	3416
3161	3162
3161	3177
3161	3417
3162	3163
3162	3178
3162	3418
3163	3164
3163	3179
3163	3419
3164	3165
3164	3180
3164	3420
3165	3166
3165	3181
3165	3421
3166	3167
3166	3182
3166	3422
3167	3168
3167	3183
3167	3423
3168	3184
3168	3424
3169	3170
3169	3185
3169	3425
3170	3171
3170	3186
3170	3426
3171	3172
3171	3187
3171	3427
3172	3173
3172	3188
3172	3428
3173	3174
3173	3189
3173	3429
3174	3175
3174	3190
3174	3430
3175	3176
3175	3191
3175	3431
3176	3177
3176	3192
3176	3432
3177	3178
3177	3193
3177	3433
3178	3179
3178	3194
3178	3434
3179	3180
3179	3195
3179	3435
3180	3181
3180	3196
3180	3436
3181	3182
3181	3197
3181	3437
3182	3183
3182	3198
3182	3438
3183	3184
3183	3199
3183	3439
3184	3200
3184	3440
3185	3186
3185	3201
3185	3441
3186	3187
3186	3202
3186	3442
3187	3188
3187	3203
3187	3443
3188	3189
3188	3204
3188	3444
3189	3190
3189	3205
3189	3445
3190	3191
3190	3206
3190	3446
3191	3192
3191	3207
3191	3447
3192	3193
3192	3208
3192	3448
3193	3194
3193	3209
3193	3449
3194	3195
3194	3210
3194	3450
3195	3196
3195	3211
3195	3451
3196	3197
3196	3212
3196	3452
3197	3198
3197	3213
3197	3453
3198	3199
3198	3214
3198	3454
3199	3200
3199	3215
3199	3455
3200	3216
3200	3456
3201	3202
3201	3217
3201	3457
3202	3203
3202	3218
3202	3458
3203	3204
3203	3219
3203	3459
3204	3205
3204	3220
3204	3460
3205	3206
3205	3221
3205	3461
3206	3207
3206	3222
3206	3462
3207	3208
3207	3223
3207	3463
3208	3209
3208	3224
3208	3464
3209	3210
3209	3225
3209	3465
3210	3211
3210	3226
3210	3466
3211	3212
3211	3227
3211	3467
3212	3213
3212	3228
3212	3468
3213	3214
3213	3229
3213	3469
3214	3215
3214	3230
3214	3470
3215	3216
3215	3231
3215	3471
3216	3232
3216	3472
3217	3218
3217	3233
3217	3473
3218	3219
3218	3234
3218	3474
3219	3220
3219	3235
3219	3475
3220	3221
3220	3236
3220	3476
3221	3222
3221	3237
3221	3477
3222	3223
3222	3238
3222	3478
3223	3224
3223	3239
3223	3479
3224	3225
3224	3240
3224	3480
3225	3226
3225	3241
3225	3481
3226	3227
3226	3242
3226	3482
3227	3228
3227	3243
3227	3483
3228	3229
3228	3244
3228	3484
3229	3230
3229	3245
3229	3485
3230	3231
3230	3246
3230	3486
3231	3232
3231	3247
3231	3487
3232	3248
3232	3488
3233	3234
3233	3249
3233	3489
3234	3235
3234	3250
3234	3490
3235	3236
3235	3251
3235	3491
3236	3237
3236	3252
3236	3492
3237	3238
3237	3253
3237	3493
3238	3239
3238	3254
3238	3494
3239	3240
3239	3255
3239	3495
3240	3241
3240	3256
3240	3496
3241	3242
3241	3257
3241	3497
3242	3243
3242	3258
3242	3498
3243	3244
3243	3259
3243	3499
3244	3245
3244	3260
3244	3500
3245	3246
3245	3261
3245	3501
3246	3247
3246	3262
3246	3502
3247	3248
3247	3263
3247	3503
3248	3264
3248	3504
3249	3250
3249	3265
3249	3505
3250	3251
3250	3266
3250	3506
3251	3252
3251	3267
3251	3507
3252	3253
3252	3268
3252	3508
3253	3254
3253	3269
3253	3509
3254	3255
3254	3270
3254	3510
3255	3256
3255	3271
3255	3511
3256	3257
3256	3272
3256	3512
3257	3258
3257	3273
3257	3513
3258	3259
3258	3274
3258	3514
3259	3260
3259	3275
3259	3515
3260	3261
3260	3276
3260	3516
3261	3262
3261	3277
3261	3517
3262	3263
3262	3278
3262	3518
3263	3264
3263	3279
3263	3519
3264	3280
3264	3520
3265	3266
3265	3281
3265	3521
3266	3267
3266	3282
3266	3522
3267	3268
3267	3283
3267	3523
3268	3269
3268	3284
3268	3524
3269	3270
3269	3285
3269	3525
3270	3271
3270	3286
3270	3526
3271	3272
3271	3287
3271	3527
3272	3273
3272	3288
3272	3528
3273	3274
3273	3289
3273	3529
3274	3275
3274	3290
3274	3530
3275	3276
3275	3291
3275	3531
3276	3277
3276	3292
3276	3532
3277	3278
3277	3293
3277	3533
3278	3279
3278	3294
3278	3534
3279	3280
3279	3295
3279	3535
3280	3296
3280	3536
3281	3282
3281	3297
3281	3537
3282	3283
3282	3298
3282	3538
3283	3284
3283	3299
3283	3539
3284	3285
3284	3300
3284	3540
3285	3286
3285	3301
3285	3541
3286	3287
3286	3302
3286	3542
3287	3288
3287	3303
3287	3543
3288	3289
3288	3304
3288	3544
3289	3290
3289	3305
3289	3545
3290	3291
3290	3306
3290	3546
3291	3292
3291	3307
3291	3547
3292	3293
3292	3308
3292	3548
3293	3294
3293	3309
3293	3549
3294	3295
3294	3310
3294	3550
3295	3296
3295	3311
3295	3551
3296	3312
3296	3552
3297	3298
3297	3313
3297	3553
3298	3299
3298	3314
3298	3554
3299	3300
3299	3315
3299	3555
3300	3301
3300	3316
3300	3556
3301	3302
3301	3317
3301	3557
3302	3303
3302	3318
3302	3558
3303	3304
3303	3319
3303	3559
3304	3305
3304	3320
3304	3560
3305	3306
3305	3321
3305	3561
3306	3307
3306	3322
3306	3562
3307	3308
3307	3323
3307	3563
3308	3309
3308	3324
3308	3564
3309	3310
3309	3325
3309	3565
3310	3311
3310	3326
3310	3566
3311	3312
3311	3327
3311	3567
3312	3328
3312	3568
3313	3314
3313	3569
3314	3315
3314	3570
3315	3316
3315	3571
3316	3317
3316	3572
3317	3318
3317	3573
3318	3319
3318	3574
3319	3320
3319	3575
3320	3321
3320	3576
3321	3322
3321	3577
3322	3323
3322	3578
3323	3324
3323	3579
3324	3325
3324	3580
3325	3326
3325	3581
3326	3327
3326	3582
3327	3328
3327	3583
3328	3584
3329	3330
3329	3345
3329	3585
3330	3331
3330	3346
3330	3586
3331	3332
3331	3347
3331	3587
3332	3333
3332	3348
3332	3588
3333	3334
3333	3349
3333	3589
3334	3335
3334	3350
3334	3590
3335	3336
3335	3351
3335	3591
3336	3337
3336	3352
3336	3592
3337	3338
3337	3353
3337	3593
3338	3339
3338	3354
3338	3594
3339	3340
3339	3355
3339	3595
3340	3341
3340	3356
3340	3596
3341	3342
3341	3357
3341	3597
3342	3343
3342	3358
3342	3598
3343	3344
3343	3359
3343	3599
3344	3360
3344	3600
3345	3346
3345	3361
3345	3601
3346	3347
3346	3362
3346	3602
3347	3348
3347	3363
3347	3603
3348	3349
3348	3364
3348	3604
3349	3350
3349	3365
3349	3605
3350	3351
3350	3366
3350	3606
3351	3352
3351	3367
3351	3607
3352	3353
3352	3368
3352	3608
3353	3354
3353	3369
3353	3609
3354	3355
3354	3370
3354	3610
3355	3356
3355	3371
3355	3611
3356	3357
3356	3372
3356	3612
3357	3358
3357	3373
3357	3613
3358	3359
3358	3374
3358	3614
3359	3360
3359	3375
3359	3615
3360	3376
3360	3616
3361	3362
3361	3377
3361	3617
3362	3363
3362	3378
3362	3618
3363	3364
3363	3379
3363	3619
3364	3365
3364	3380
3364	3620
3365	3366
3365	3381
3365	3621
3366	3367
3366	3382
3366	3622
3367	3368
3367	3383
3367	3623
3368	3369
3368	3384
3368	3624
3369	3370
3369	3385
3369	3625
3370	3371
3370	3386
3370	3626
3371	3372
3371	3387
3371	3627
3372	3373
3372	3388
3372	3628
3373	3374
3373	3389
3373	3629
3374	3375
3374	3390
3374	3630
3375	3376
3375	3391
3375	3631
3376	3392
3376	3632
3377	3378
3377	3393
3377	3633
3378	3379
3378	3394
3378	3634
3379	3380
3379	3395
3379	3635
3380	3381
3380	3396
3380	3636
3381	3382
3381	3397
3381	3637
3382	3383
3382	3398
3382	3638
3383	3384
3383	3399
3383	3639
3384	3385
3384	3400
3384	3640
3385	3386
3385	3401
3385	3641
3386	3387
3386	3402
3386	3642
3387	3388
3387	3403
3387	3643
3388	3389
3388	3404
3388	3644
3389	3390
3389	3405
3389	3645
3390	3391
3390	3406
3390	3646
3391	3392
3391	3407
3391	3647
3392	3408
3392	3648
3393	3394
3393	3409
3393	3649
3394	3395
3394	3410
3394	3650
3395	3396
3395	3411
3395	3651
3396	3397
3396	3412
3396	3652
3397	3398
3397	3413
3397	3653
3398	3399
3398	3414
3398	3654
3399	3400
3399	3415
3399	3655
3400	3401
3400	3416
3400	3656
3401	3402
3401	3417
3401	3657
3402	3403
3402	3418
3402	3658
3403	3404
3403	3419
3403	3659
3404	3405
3404	3420
3404	3660
3405	3406
3405	3421
3405	3661
3406	3407
3406	3422
3406	3662
3407	3408
3407	3423
3407	3663
3408	3424
3408	3664
3409	3410
3409	3425
3409	3665
3410	3411
3410	3426
3410	3666
3411	3412
3411	3427
3411	3667
3412	3413
3412	3428
3412	3668
3413	3414
3413	3429
3413	3669
3414	3415
3414	3430
3414	3670
3415	3416
3415	3431
3415	3671
3416	3417
3416	3432
3416	3672
3417	3418
3417	3433
3417	3673
3418	3419
3418	3434
3418	3674
3419	3420
3419	3435
3419	3675
3420	3421
3420	3436
3420	3676
3421	3422
3421	3437
3421	3677
3422	3423
3422	3438
3422	3678
3423	3424
3423	3439
3423	3679
3424	3440
3424	3680
3425	3426
3425	3441
3425	3681
3426	3427
3426	3442
3426	3682
3427	3428
3427	3443
3427	3683
3428	3429
3428	3444
3428	3684
3429	3430
3429	3445
3429	3685
3430	3431
3430	3446
3430	3686
3431	3432
3431	3447
3431	3687
3432	3433
3432	3448
3432	3688
3433	3434
3433	3449
3433	3689
3434	3435
3434	3450
3434	3690
3435	3436
3435	3451
3435	3691
3436	3437
3436	3452
3436	3692
3437	3438
3437	3453
3437	3693
3438	3439
3438	3454
3438	3694
3439	3440
3439	3455
3439	3695
3440	3456
3440	3696
3441	3442
3441	3457
3441	3697
3442	3443
3442	3458
3442	3698
3443	3444
3443	3459
3443	3699
3444	3445
3444	3460
3444	3700
3445	3446
3445	3461
3445	3701
3446	3447
3446	3462
3446	3702
3447	3448
3447	3463
3447	3703
3448	3449
3448	3464
3448	3704
3449	3450
3449	3465
3449	3705
3450	3451
3450	3466
3450	3706
3451	3452
3451	3467
3451	3707
3452	3453
3452	3468
3452	3708
3453	3454
3453	3469
3453	3709
3454	3455
3454	3470
3454	3710
3455	3456
3455	3471
3455	3711
3456	3472
3456	3712
3457	3458
3457	3473
3457	3713
3458	3459
3458	3474
3458	3714
3459	3460
3459	3475
3459	3715
3460	3461
3460	3476
3460	3716
3461	3462
3461	3477
3461	3717
3462	3463
3462	3478
3462	3718
3463	3464
3463	3479
3463	3719
3464	3465
3464	3480
3464	3720
3465	3466
3465	3481
3465	3721
3466	3467
3466	3482
3466	3722
3467	3468
3467	3483
3467	3723
3468	3469
3468	3484
3468	3724
3469	3470
3469	3485
3469	3725
3470	3471
3470	3486
3470	3726
3471	3472
3471	3487
3471	3727
3472	3488
3472	3728
3473	3474
3473	3489
3473	3729
3474	3475
3474	3490
3474	3730
3475	3476
3475	3491
3475	3731
3476	3477
3476	3492
3476	3732
3477	3478
3477	3493
3477	3733
3478	3479
3478	3494
3478	3734
3479	3480
3479	3495
3479	3735
3480	3481
3480	3496
3480	3736
3481	3482
3481	3497
3481	3737
3482	3483
3482	3498
3482	3738
3483	3484
3483	3499
3483	3739
3484	3485
3484	3500
3484	3740
3485	3486
3485	3501
3485	3741
3486	3487
3486	3502
3486	3742
3487	3488
3487	3503
3487	3743
3488	3504
3488	3744
3489	3490
3489	3505
3489	3745
3490	3491
3490	3506
3490	3746
3491	3492
3491	3507
3491	3747
3492	3493
3492	3508
3492	3748
3493	3494
3493	3509
3493	3749
3494	3495
3494	3510
3494	3750
3495	3496
3495	3511
3495	3751
3496	3497
3496	3512
3496	3752
3497	3498
3497	3513
3497	3753
3498	3499
3498	3514
3498	3754
3499	3500
3499	3515
3499	3755
3500	3501
3500	3516
3500	3756
3501	3502
3501	3517
3501	3757
3502	3503
3502	3518
3502	3758
3503	3504
3503	3519
3503	3759
3504	3520
3504	3760
3505	3506
3505	3521
3505	3761
3506	3507
3506	3522
3506	3762
3507	3508
3507	3523
3507	3763
3508	3509
3508	3524
3508	3764
3509	3510
3509	3525
3509	3765
3510	3511
3510	3526
3510	3766
3511	3512
3511	3527
3511	3767
3512	3513
3512	3528
3512	3768
3513	3514
3513	3529
3513	3769
3514	3515
3514	3530
3514	3770
3515	3516
3515	3531
3515	3771
3516	3517
3516	3532
3516	3772
3517	3518
3517	3533
3517	3773
3518	3519
3518	3534
3518	3774
3519	3520
3519	3535
3519	3775
3520	3536
3520	3776
3521	3522
3521	3537
3521	3777
3522	3523
3522	3538
3522	3778
3523	3524
3523	3539
3523	3779
3524	3525
3524	3540
3524	3780
3525	3526
3525	3541
3525	3781
3526	3527
3526	3542
3526	3782
3527	3528
3527	3543
3527	3783
3528	3529
3528	3544
3528	3784
3529	3530
3529	3545
3529	3785
3530	3531
3530	3546
3530	3786
3531	3532
3531	3547
3531	3787
3532	3533
3532	3548
3532	3788
3533	3534
3533	3549
3533	3789
3534	3535
3534	3550
3534	3790
3535	3536
3535	3551
3535	3791
3536	3552
3536	3792
3537	3538
3537	3553
3537	3793
3538	3539
3538	3554
3538	3794
3539	3540
3539	3555
3539	3795
3540	3541
3540	3556
3540	3796
3541	3542
3541	3557
3541	3797
3542	3543
3542	3558
3542	3798
3543	3544
3543	3559
3543	3799
3544	3545
3544	3560
3544	3800
3545	3546
3545	3561
3545	3801
3546	3547
3546	3562
3546	3802
3547	3548
3547	3563
3547	3803
3548	3549
3548	3564
3548	3804
3549	3550
3549	3565
3549	3805
3550	3551
3550	3566
3550	3806
3551	3552
3551	3567
3551	3807
3552	3568
3552	3808
3553	3554
3553	3569
3553	3809
3554	3555
3554	3570
3554	3810
3555	3556
3555	3571
3555	3811
3556	3557
3556	3572
3556	3812
3557	3558
3557	3573
3557	3813
3558	3559
3558	3574
3558	3814
3559	3560
3559	3575
3559	3815
3560	3561
3560	3576
3560	3816
3561	3562
3561	3577
3561	3817
3562	3563
3562	3578
3562	3818
3563	3564
3563	3579
3563	3819
3564	3565
3564	3580
3564	3820
3565	3566
3565	3581
3565	3821
3566	3567
3566	3582
3566	3822
3567	3568
3567	3583
3567	3823
3568	3584
3568	3824
3569	3570
3569	3825
3570	3571
3570	3826
3571	3572
3571	3827
3572	3573
3572	3828
3573	3574
3573	3829
3574	3575
3574	3830
3575	3576
3575	3831
3576	3577
3576	3832
3577	3578
3577	3833
3578	3579
3578	3834
3579	3580
3579	3835
3580	3581
3580	3836
3581	3582
3581	3837
3582	3583
3582	3838
3583	3584
3583	3839
3584	3840
3585	3586
3585	3601
3585	3841
3586	3587
3586	3602
3586	3842
3587	3588
3587	3603
3587	3843
3588	3589
3588	3604
3588	3844
3589	3590
3589	3605
3589	3845
3590	3591
3590	3606
3590	3846
3591	3592
3591	3607
3591	3847
3592	3593
3592	3608
3592	3848
3593	3594
3593	3609
3593	3849
3594	3595
3594	3610
3594	3850
3595	3596
3595	3611
3595	3851
3596	3597
3596	3612
3596	3852
3597	3598
3597	3613
3597	3853
3598	3599
3598	3614
3598	3854
3599	3600
3599	3615
3599	3855
3600	3616
3600	3856
3601	3602
3601	3617
3601	3857
3602	3603
3602	3618
3602	3858
3603	3604
3603	3619
3603	3859
3604	3605
3604	3620
3604	3860
3605	3606
3605	3621
3605	3861
3606	3607
3606	3622
3606	3862
3607	3608
3607	3623
3607	3863
3608	3609
3608	3624
3608	3864
3609	3610
3609	3625
3609	3865
3610	3611
3610	3626
3610	3866
3611	3612
3611	3627
3611	3867
3612	3613
3612	3628
3612	3868
3613	3614
3613	3629
3613	3869
3614	3615
3614	3630
3614	3870
3615	3616
3615	3631
3615	3871
3616	3632
3616	3872
3617	3618
3617	3633
3617	3873
3618	3619
3618	3634
3618	3874
3619	3620
3619	3635
3619	3875
3620	3621
3620	3636
3620	3876
3621	3622
3621	3637
3621	3877
3622	3623
3622	3638
3622	3878
3623	3624
3623	3639
3623	3879
3624	3625
3624	3640
3624	3880
3625	3626
3625	3641
3625	3881
3626	3627
3626	3642
3626	3882
3627	3628
3627	3643
3627	3883
3628	3629
3628	3644
3628	3884
3629	3630
3629	3645
3629	3885
3630	3631
3630	3646
3630	3886
3631	3632
3631	3647
3631	3887
3632	3648
3632	3888
3633	3634
3633	3649
3633	3889
3634	3635
3634	3650
3634	3890
3635	3636
3635	3651
3635	3891
3636	3637
3636	3652
3636	3892
3637	3638
3637	3653
3637	3893
3638	3639
3638	3654
3638	3894
3639	3640
3639	3655
3639	3895
3640	3641
3640	3656
3640	3896
3641	3642
3641	3657
3641	3897
3642	3643
3642	3658
3642	3898
3643	3644
3643	3659
3643	3899
3644	3645
3644	3660
3644	3900
3645	3646
3645	3661
3645	3901
3646	3647
3646	3662
3646	3902
3647	3648
3647	3663
3647	3903
3648	3664
3648	3904
3649	3650
3649	3665
3649	3905
3650	3651
3650	3666
3650	3906
3651	3652
3651	3667
3651	3907
3652	3653
3652	3668
3652	3908
3653	3654
3653	3669
3653	3909
3654	3655
3654	3670
3654	3910
3655	3656
3655	3671
3655	3911
3656	3657
3656	3672
3656	3912
3657	3658
3657	3673
3657	3913
3658	3659
3658	3674
3658	3914
3659	3660
3659	3675
3659	3915
3660	3661
3660	3676
3660	3916
3661	3662
3661	3677
3661	3917
3662	3663
3662	3678
3662	3918
3663	3664
3663	3679
3663	3919
3664	3680
3664	3920
3665	3666
3665	3681
3665	3921
3666	3667
3666	3682
3666	3922
3667	3668
3667	3683
3667	3923
3668	3669
3668	3684
3668	3924
3669	3670
3669	3685
3669	3925
3670	3671
3670	3686
3670	3926
3671	3672
3671	3687
3671	3927
3672	3673
3672	3688
3672	3928
3673	3674
3673	3689
3673	3929
3674	3675
3674	3690
3674	3930
3675	3676
3675	3691
3675	3931
3676	3677
3676	3692
3676	3932
3677	3678
3677	3693
3677	3933
3678	3679
3678	3694
3678	3934
3679	3680
3679	3695
3679	3935
3680	3696
3680	3936
3681	3682
3681	3697
3681	3937
3682	3683
3682	3698
3682	3938
3683	3684
3683	3699
3683	3939
3684	3685
3684	3700
3684	3940
3685	3686
3685	3701
3685	3941
3686	3687
3686	3702
3686	3942
3687	3688
3687	3703
3687	3943
3688	3689
3688	3704
3688	3944
3689	3690
3689	3705
3689	3945
3690	3691
3690	3706
3690	3946
3691	3692
3691	3707
3691	3947
3692	3693
3692	3708
3692	3948
3693	3694
3693	3709
3693	3949
3694	3695
3694	3710
3694	3950
3695	3696
3695	3711
3695	3951
3696	3712
3696	3952
3697	3698
3697	3713
3697	3953
3698	3699
3698	3714
3698	3954
3699	3700
3699	3715
3699	3955
3700	3701
3700	3716
3700	3956
3701	3702
3701	3717
3701	3957
3702	3703
3702	3718
3702	3958
3703	3704
3703	3719
3703	3959
3704	3705
3704	3720
3704	3960
3705	3706
3705	3721
3705	3961
3706	3707
3706	3722
3706	3962
3707	3708
3707	3723
3707	3963
3708	3709
3708	3724
3708	3964
3709	3710
3709	3725
3709	3965
3710	3711
3710	3726
3710	3966
3711	3712
3711	3727
3711	3967
3712	3728
3712	3968
3713	3714
3713	3729
3713	3969
3714	3715
3714	3730
3714	3970
3715	3716
3715	3731
3715	3971
3716	3717
3716	3732
3716	3972
3717	3718
3717	3733
3717	3973
3718	3719
3718	3734
3718	3974
3719	3720
3719	3735
3719	3975
3720	3721
3720	3736
3720	3976
3721	3722
3721	3737
3721	3977
3722	3723
3722	3738
3722	3978
3723	3724
3723	3739
3723	3979
3724	3725
3724	3740
3724	3980
3725	3726
3725	3741
3725	3981
3726	3727
3726	3742
3726	3982
3727	3728
3727	3743
3727	3983
3728	3744
3728	3984
3729	3730
3729	3745
3729	3985
3730	3731
3730	3746
3730	3986
3731	3732
3731	3747
3731	3987
3732	3733
3732	3748
3732	3988
3733	3734
3733	3749
3733	3989
3734	3735
3734	3750
3734	3990
3735	3736
3735	3751
3735	3991
3736	3737
3736	3752
3736	3992
3737	3738
3737	3753
3737	3993
3738	3739
3738	3754
3738	3994
3739	3740
3739	3755
3739	3995
3740	3741
3740	3756
3740	3996
3741	3742
3741	3757
3741	3997
3742	3743
3742	3758
3742	3998
3743	3744
3743	3759
3743	3999
3744	3760
3744	4000
3745	3746
3745	3761
3745	4001
3746	3747
3746	3762
3746	4002
3747	3748
3747	3763
3747	4003
3748	3749
3748	3764
3748	4004
3749	3750
3749	3765
3749	4005
3750	3751
3750	3766
3750	4006
3751	3752
3751	3767
3751	4007
3752	3753
3752	3768
3752	4008
3753	3754
3753	3769
3753	4009
3754	3755
3754	3770
3754	4010
3755	3756
3755	3771
3755	4011
3756	3757
3756	3772
3756	4012
3757	3758
3757	3773
3757	4013
3758	3759
3758	3774
3758	4014
3759	3760
3759	3775
3759	4015
3760	3776
3760	4016
3761	3762
3761	3777
3761	4017
3762	3763
3762	3778
3762	4018
3763	3764
3763	3779
3763	4019
3764	3765
3764	3780
3764	4020
3765	3766
3765	3781
3765	4021
3766	3767
3766	3782
3766	4022
3767	3768
3767	3783
3767	4023
3768	3769
3768	3784
3768	4024
3769	3770
3769	3785
3769	4025
3770	3771
3770	3786
3770	4026
3771	3772
3771	3787
3771	4027
3772	3773
3772	3788
3772	4028
3773	3774
3773	3789
3773	4029
3774	3775
3774	3790
3774	4030
3775	3776
3775	3791
3775	4031
3776	3792
3776	4032
3777	3778
3777	3793
3777	4033
3778	3779
3778	3794
3778	4034
3779	3780
3779	3795
3779	4035
3780	3781
3780	3796
3780	4036
3781	3782
3781	3797
3781	4037
3782	3783
3782	3798
3782	4038
3783	3784
3783	3799
3783	4039
3784	3785
3784	3800
3784	4040
3785	3786
3785	3801
3785	4041
3786	3787
3786	3802
3786	4042
3787	3788
3787	3803
3787	4043
3788	3789
3788	3804
3788	4044
3789	3790
3789	3805
3789	4045
3790	3791
3790	3806
3790	4046
3791	3792
3791	3807
3791	4047
3792	3808
3792	4048
3793	3794
3793	3809
3793	4049
3794	3795
3794	3810
3794	4050
3795	3796
3795	3811
3795	4051
3796	3797
3796	3812
3796	4052
3797	3798
3797	3813
3797	4053
3798	3799
3798	3814
3798	4054
3799	3800
3799	3815
3799	4055
3800	3801
3800	3816
3800	4056
3801	3802
3801	3817
3801	4057
3802	3803
3802	3818
3802	4058
3803	3804
3803	3819
3803	4059
3804	3805
3804	3820
3804	4060
3805	3806
3805	3821
3805	4061
3806	3807
3806	3822
3806	4062
3807	3808
3807	3823
3807	4063
3808	3824
3808	4064
3809	3810
3809	3825
3809	4065
3810	3811
3810	3826
3810	4066
3811	3812
3811	3827
3811	4067
3812	3813
3812	3828
3812	4068
3813	3814
3813	3829
3813	4069
3814	3815
3814	3830
3814	4070
3815	3816
3815	3831
3815	4071
3816	3817
3816	3832
3816	4072
3817	3818
3817	3833
3817	4073
3818	3819
3818	3834
3818	4074
3819	3820
3819	3835
3819	4075
3820	3821
3820	3836
3820	4076
3821	3822
3821	3837
3821	4077
3822	3823
3822	3838
3822	4078
3823	3824
3823	3839
3823	4079
3824	3840
3824	4080
3825	3826
3825	4081
3826	3827
3826	4082
3827	3828
3827	4083
3828	3829
3828	4084
3829	3830
3829	4085
3830	3831
3830	4086
3831	3832
3831	4087
3832	3833
3832	4088
3833	3834
3833	4089
3834	3835
3834	4090
3835	3836
3835	4091
3836	3837
3836	4092
3837	3838
3837	4093
3838	3839
3838	4094
3839	3840
3839	4095
3840	4096
3841	3842
3841	3857
3842	3843
3842	3858
3843	3844
3843	3859
3844	3845
3844	3860
3845	3846
3845	3861
3846	3847
3846	3862
3847	3848
3847	3863
3848	3849
3848	3864
3849	3850
3849	3865
3850	3851
3850	3866
3851	3852
3851	3867
3852	3853
3852	3868
3853	3854
3853	3869
3854	3855
3854	3870
3855	3856
3855	3871
3856	3872
3857	3858
3857	3873
3858	3859
3858	3874
3859	3860
3859	3875
3860	3861
3860	3876
3861	3862
3861	3877
3862	3863
3862	3878
3863	3864
3863	3879
3864	3865
3864	3880
3865	3866
3865	3881
3866	3867
3866	3882
3867	3868
3867	3883
3868	3869
3868	3884
3869	3870
3869	3885
3870	3871
3870	3886
3871	3872
3871	3887
3872	3888
3873	3874
3873	3889
3874	3875
3874	3890
3875	3876
3875	3891
3876	3877
3876	3892
3877	3878
3877	3893
3878	3879
3878	3894
3879	3880
3879	3895
3880	3881
3880	3896
3881	3882
3881	3897
3882	3883
3882	3898
3883	3884
3883	3899
3884	3885
3884	3900
3885	3886
3885	3901
3886	3887
3886	3902
3887	3888
3887	3903
3888	3904
3889	3890
3889	3905
3890	3891
3890	3906
3891	3892
3891	3907
3892	3893
3892	3908
3893	3894
3893	3909
3894	3895
3894	3910
3895	3896
3895	3911
3896	3897
3896	3912
3897	3898
3897	3913
3898	3899
3898	3914
3899	3900
3899	3915
3900	3901
3900	3916
3901	3902
3901	3917
3902	3903
3902	3918
3903	3904
3903	3919
3904	3920
3905	3906
3905	3921
3906	3907
3906	3922
3907	3908
3907	3923
3908	3909
3908	3924
3909	3910
3909	3925
3910	3911
3910	3926
3911	3912
3911	3927
3912	3913
3912	3928
3913	3914
3913	3929
3914	3915
3914	3930
3915	3916
3915	3931
3916	3917
3916	3932
3917	3918
3917	3933
3918	3919
3918	3934
3919	3920
3919	3935
3920	3936
3921	3922
3921	3937
3922	3923
3922	3938
3923	3924
3923	3939
3924	3925
3924	3940
3925	3926
3925	3941
3926	3927
3926	3942
3927	3928
3927	3943
3928	3929
3928	3944
3929	3930
3929	3945
3930	3931
3930	3946
3931	3932
3931	3947
3932	3933
3932	3948
3933	3934
3933	3949
3934	3935
3934	3950
3935	3936
3935	3951
3936	3952
3937	3938
3937	3953
3938	3939
3938	3954
3939	3940
3939	3955
3940	3941
3940	3956
3941	3942
3941	3957
3942	3943
3942	3958
3943	3944
3943	3959
3944	3945
3944	3960
3945	3946
3945	3961
3946	3947
3946	3962
3947	3948
3947	3963
3948	3949
3948	3964
3949	3950
3949	3965
3950	3951
3950	3966
3951	3952
3951	3967
3952	3968
3953	3954
3953	3969
3954	3955
3954	3970
3955	3956
3955	3971
3956	3957
3956	3972
3957	3958
3957	3973
3958	3959
3958	3974
3959	3960
3959	3975
3960	3961
3960	3976
3961	3962
3961	3977
3962	3963
3962	3978
3963	3964
3963	3979
3964	3965
3964	3980
3965	3966
3965	3981
3966	3967
3966	3982
3967	3968
3967	3983
3968	3984
3969	3970
3969	3985
3970	3971
3970	3986
3971	3972
3971	3987
3972	3973
3972	3988
3973	3974
3973	3989
3974	3975
3974	3990
3975	3976
3975	3991
3976	3977
3976	3992
3977	3978
3977	3993
3978	3979
3978	3994
3979	3980
3979	3995
3980	3981
3980	3996
3981	3982
3981	3997
3982	3983
3982	3998
3983	3984
3983	3999
3984	4000
3985	3986
3985	4001
3986	3987
3986	4002
3987	3988
3987	4003
3988	3989
3988	4004
3989	3990
3989	4005
3990	3991
3990	4006
3991	3992
3991	4007
3992	3993
3992	4008
3993	3994
3993	4009
3994	3995
3994	4010
3995	3996
3995	4011
3996	3997
3996	4012
3997	3998
3997	4013
3998	3999
3998	4014
3999	4000
3999	4015
4000	4016
4001	4002
4001	4017
4002	4003
4002	4018
4003	4004
4003	4019
4004	4005
4004	4020
4005	4006
4005	4021
4006	4007
4006	4022
4007	4008
4007	4023
4008	4009
4008	4024
4009	4010
4009	4025
4010	4011
4010	4026
4011	4012
4011	4027
4012	4013
4012	4028
4013	4014
4013	4029
4014	4015
4014	4030
4015	4016
4015	4031
4016	4032
4017	4018
4017	4033
4018	4019
4018	4034
4019	4020
4019	4035
4020	4021
4020	4036
4021	4022
4021	4037
4022	4023
4022	4038
4023	4024
4023	4039
4024	4025
4024	4040
4025	4026
4025	4041
4026	4027
4026	4042
4027	4028
4027	4043
4028	4029
4028	4044
4029	4030
4029	4045
4030	4031
4030	4046
4031	4032
4031	4047
4032	4048
4033	4034
4033	4049
4034	4035
4034	4050
4035	4036
4035	4051
4036	4037
4036	4052
4037	4038
4037	4053
4038	4039
4038	4054
4039	4040
4039	4055
4040	4041
4040	4056
4041	4042
4041	4057
4042	4043
4042	4058
4043	4044
4043	4059
4044	4045
4044	4060
4045	4046
4045	4061
4046	4047
4046	4062
4047	4048
4047	4063
4048	4064
4049	4050
4049	4065
4050	4051
4050	4066
4051	4052
4051	4067
4052	4053
4052	4068
4053	4054
4053	4069
4054	4055
4054	4070
4055	4056
4055	4071
4056	4057
4056	4072
4057	4058
4057	4073
4058	4059
4058	4074
4059	4060
4059	4075
4060	4061
4060	4076
4061	4062
4061	4077
4062	4063
4062	4078
4063	4064
4063	4079
4064	4080
4065	4066
4065	4081
4066	4067
4066	4082
4067	4068
4067	4083
4068	4069
4068	4084
4069	4070
4069	4085
4070	4071
4070	4086
4071	4072
4071	4087
4072	4073
4072	4088
4073	4074
4073	4089
4074	4075
4074	4090
4075	4076
4075	4091
4076	4077
4076	4092
4077	4078
4077	4093
4078	4079
4078	4094
4079	4080
4079	4095
4080	4096
4081	4082
4082	4083
4083	4084
4084	4085
4085	4086
4086	4087
4087	4088
4088	4089
4089	4090
4090	4091
4091	4092
4092	4093
4093	4094
4094	4095
4095	4096
