1	2
2	3
2	27
2	29
2	339
2	341
2	365
2	367
3	4
4	5
4	29
4	31
4	341
4	343
4	367
4	369
5	6
6	7
6	31
6	33
6	343
6	345
6	369
6	371
7	8
8	9
8	33
8	35
8	345
8	347
8	371
8	373
9	10
10	11
10	35
10	37
10	347
10	349
10	373
10	375
11	12
12	13
12	37
12	39
12	349
12	351
12	375
12	377
13	14
14	15
14	39
14	41
14	351
14	353
14	377
14	379
15	16
16	17
16	41
16	43
16	353
16	355
16	379
16	381
17	18
18	19
18	43
18	45
18	355
18	357
18	381
18	383
19	20
20	21
20	45
20	47
20	357
20	359
20	383
20	385
21	22
22	23
22	47
22	49
22	359
22	361
22	385
22	387
23	24
24	25
24	49
24	51
24	361
24	363
24	387
24	389
25	26
26	51
26	363
26	389
27	28
28	29
28	53
28	55
28	365
28	367
28	391
28	393
29	30
30	31
30	55
30	57
30	367
30	369
30	393
30	395
31	32
32	33
32	57
32	59
32	369
32	371
32	395
32	397
33	34
34	35
34	59
34	61
34	371
34	373
34	397
34	399
35	36
36	37
36	61
36	63
36	373
36	375
36	399
36	401
37	38
38	39
38	63
38	65
38	375
38	377
38	401
38	403
39	40
40	41
40	65
40	67
40	377
40	379
40	403
40	405
41	42
42	43
42	67
42	69
42	379
42	381
42	405
42	407
43	44
44	45
44	69
44	71
44	381
44	383
44	407
44	409
45	46
46	47
46	71
46	73
46	383
46	385
46	409
46	411
47	48
48	49
48	73
48	75
48	385
48	387
48	411
48	413
49	50
50	51
50	75
50	77
50	387
50	389
50	413
50	415
51	52
52	77
52	389
52	415
53	54
54	55
54	79
54	81
54	391
54	393
54	417
54	419
55	56
56	57
56	81
56	83
56	393
56	395
56	419
56	421
57	58
58	59
58	83
58	85
58	395
58	397
58	421
58	423
59	60
60	61
60	85
60	87
60	397
60	399
60	423
60	425
61	62
62	63
62	87
62	89
62	399
62	401
62	425
62	427
63	64
64	65
64	89
64	91
64	401
64	403
64	427
64	429
65	66
66	67
66	91
66	93
66	403
66	405
66	429
66	431
67	68
68	69
68	93
68	95
68	405
68	407
68	431
68	433
69	70
70	71
70	95
70	97
70	407
70	409
70	433
70	435
71	72
72	73
72	97
72	99
72	409
72	411
72	435
72	437
73	74
74	75
74	99
74	101
74	411
74	413
74	437
74	439
75	76
76	77
76	101
76	103
76	413
76	415
76	439
76	441
77	78
78	103
78	415
78	441
79	80
80	81
80	105
80	107
80	417
80	419
80	443
80	445
81	82
82	83
82	107
82	109
82	419
82	421
82	445
82	447
83	84
84	85
84	109
84	111
84	421
84	423
84	447
84	449
85	86
86	87
86	111
86	113
86	423
86	425
86	449
86	451
87	88
88	89
88	113
88	115
88	425
88	427
88	451
88	453
89	90
90	91
90	115
90	117
90	427
90	429
90	453
90	455
91	92
92	93
92	117
92	119
92	429
92	431
92	455
92	457
93	94
94	95
94	119
94	121
94	431
94	433
94	457
94	459
95	96
96	97
96	121
96	123
96	433
96	435
96	459
96	461
97	98
98	99
98	123
98	125
98	435
98	437
98	461
98	463
99	100
100	101
100	125
100	127
100	437
100	439
100	463
100	465
101	102
102	103
102	127
102	129
102	439
102	441
102	465
102	467
103	104
104	129
104	441
104	467
105	106
106	107
106	131
106	133
106	443
106	445
106	469
106	471
107	108
108	109
108	133
108	135
108	445
108	447
108	471
108	473
109	110
110	111
110	135
110	137
110	447
110	449
110	473
110	475
111	112
112	113
112	137
112	139
112	449
112	451
112	475
112	477
113	114
114	115
114	139
114	141
114	451
114	453
114	477
114	479
115	116
116	117
116	141
116	143
116	453
116	455
116	479
116	481
117	118
118	119
118	143
118	145
118	455
118	457
118	481
118	483
119	120
120	121
120	145
120	147
120	457
120	459
120	483
120	485
121	122
122	123
122	147
122	149
122	459
122	461
122	485
122	487
123	124
124	125
124	149
124	151
124	461
124	463
124	487
124	489
125	126
126	127
126	151
126	153
126	463
126	465
126	489
126	491
127	128
128	129
128	153
128	155
128	465
128	467
128	491
128	493
129	130
130	155
130	467
130	493
131	132
132	133
132	157
132	159
132	469
132	471
132	495
132	497
133	134
134	135
134	159
134	161
134	471
134	473
134	497
134	499
135	136
136	137
136	161
136	163
136	473
136	475
136	499
136	501
137	138
138	139
138	163
138	165
138	475
138	477
138	501
138	503
139	140
140	141
140	165
140	167
140	477
140	479
140	503
140	505
141	142
142	143
142	167
142	169
142	479
142	481
142	505
142	507
143	144
144	145
144	169
144	171
144	481
144	483
144	507
144	509
145	146
146	147
146	171
146	173
146	483
146	485
146	509
146	511
147	148
148	149
148	173
148	175
148	485
148	487
148	511
148	513
149	150
150	151
150	175
150	177
150	487
150	489
150	513
150	515
151	152
152	153
152	177
152	179
152	489
152	491
152	515
152	517
153	154
154	155
154	179
154	181
154	491
154	493
154	517
154	519
155	156
156	181
156	493
156	519
157	158
158	159
158	183
158	185
158	495
158	497
158	521
158	523
159	160
160	161
160	185
160	187
160	497
160	499
160	523
160	525
161	162
162	163
162	187
162	189
162	499
162	501
162	525
162	527
163	164
164	165
164	189
164	191
164	501
164	503
164	527
164	529
165	166
166	167
166	191
166	193
166	503
166	505
166	529
166	531
167	168
168	169
168	193
168	195
168	505
168	507
168	531
168	533
169	170
170	171
170	195
170	197
170	507
170	509
170	533
170	535
171	172
172	173
172	197
172	199
172	509
172	511
172	535
172	537
173	174
174	175
174	199
174	201
174	511
174	513
174	537
174	539
175	176
176	177
176	201
176	203
176	513
176	515
176	539
176	541
177	178
178	179
178	203
178	205
178	515
178	517
178	541
178	543
179	180
180	181
180	205
180	207
180	517
180	519
180	543
180	545
181	182
182	207
182	519
182	545
183	184
184	185
184	209
184	211
184	521
184	523
184	547
184	549
185	186
186	187
186	211
186	213
186	523
186	525
186	549
186	551
187	188
188	189
188	213
188	215
188	525
188	527
188	551
188	553
189	190
190	191
190	215
190	217
190	527
190	529
190	553
190	555
191	192
192	193
192	217
192	219
192	529
192	531
192	555
192	557
193	194
194	195
194	219
194	221
194	531
194	533
194	557
194	559
195	196
196	197
196	221
196	223
196	533
196	535
196	559
196	561
197	198
198	199
198	223
198	225
198	535
198	537
198	561
198	563
199	200
200	201
200	225
200	227
200	537
200	539
200	563
200	565
201	202
202	203
202	227
202	229
202	539
202	541
202	565
202	567
203	204
204	205
204	229
204	231
204	541
204	543
204	567
204	569
205	206
206	207
206	231
206	233
206	543
206	545
206	569
206	571
207	208
208	233
208	545
208	571
209	210
210	211
210	235
210	237
210	547
210	549
210	573
210	575
211	212
212	213
212	237
212	239
212	549
212	551
212	575
212	577
213	214
214	215
214	239
214	241
214	551
214	553
214	577
214	579
215	216
216	217
216	241
216	243
216	553
216	555
216	579
216	581
217	218
218	219
218	243
218	245
218	555
218	557
218	581
218	583
219	220
220	221
220	245
220	247
220	557
220	559
220	583
220	585
221	222
222	223
222	247
222	249
222	559
222	561
222	585
222	587
223	224
224	225
224	249
224	251
224	561
224	563
224	587
224	589
225	226
226	227
226	251
226	253
226	563
226	565
226	589
226	591
227	228
228	229
228	253
228	255
228	565
228	567
228	591
228	593
229	230
230	231
230	255
230	257
230	567
230	569
230	593
230	595
231	232
232	233
232	257
232	259
232	569
232	571
232	595
232	597
233	234
234	259
234	571
234	597
235	236
236	237
236	261
236	263
236	573
236	575
236	599
236	601
237	238
238	239
238	263
238	265
238	575
238	577
238	601
238	603
239	240
240	241
240	265
240	267
240	577
240	579
240	603
240	605
241	242
242	243
242	267
242	269
242	579
242	581
242	605
242	607
243	244
244	245
244	269
244	271
244	581
244	583
244	607
244	609
245	246
246	247
246	271
246	273
246	583
246	585
246	609
246	611
247	248
248	249
248	273
248	275
248	585
248	587
248	611
248	613
249	250
250	251
250	275
250	277
250	587
250	589
250	613
250	615
251	252
252	253
252	277
252	279
252	589
252	591
252	615
252	617
253	254
254	255
254	279
254	281
254	591
254	593
254	617
254	619
255	256
256	257
256	281
256	283
256	593
256	595
256	619
256	621
257	258
258	259
258	283
258	285
258	595
258	597
258	621
258	623
259	260
260	285
260	597
260	623
261	262
262	263
262	287
262	289
262	599
262	601
262	625
262	627
263	264
264	265
264	289
264	291
264	601
264	603
264	627
264	629
265	266
266	267
266	291
266	293
266	603
266	605
266	629
266	631
267	268
268	269
268	293
268	295
268	605
268	607
268	631
268	633
269	270
270	271
270	295
270	297
270	607
270	609
270	633
270	635
271	272
272	273
272	297
272	299
272	609
272	611
272	635
272	637
273	274
274	275
274	299
274	301
274	611
274	613
274	637
274	639
275	276
276	277
276	301
276	303
276	613
276	615
276	639
276	641
277	278
278	279
278	303
278	305
278	615
278	617
278	641
278	643
279	280
280	281
280	305
280	307
280	617
280	619
280	643
280	645
281	282
282	283
282	307
282	309
282	619
282	621
282	645
282	647
283	284
284	285
284	309
284	311
284	621
284	623
284	647
284	649
285	286
286	311
286	623
286	649
287	288
288	289
288	313
288	315
288	625
288	627
288	651
288	653
289	290
290	291
290	315
290	317
290	627
290	629
290	653
290	655
291	292
292	293
292	317
292	319
292	629
292	631
292	655
292	657
293	294
294	295
294	319
294	321
294	631
294	633
294	657
294	659
295	296
296	297
296	321
296	323
296	633
296	635
296	659
296	661
297	298
298	299
298	323
298	325
298	635
298	637
298	661
298	663
299	300
300	301
300	325
300	327
300	637
300	639
300	663
300	665
301	302
302	303
302	327
302	329
302	639
302	641
302	665
302	667
303	304
304	305
304	329
304	331
304	641
304	643
304	667
304	669
305	306
306	307
306	331
306	333
306	643
306	645
306	669
306	671
307	308
308	309
308	333
308	335
308	645
308	647
308	671
308	673
309	310
310	311
310	335
310	337
310	647
310	649
310	673
310	675
311	312
312	337
312	649
312	675
313	314
314	315
314	651
314	653
315	316
316	317
316	653
316	655
317	318
318	319
318	655
318	657
319	320
320	321
320	657
320	659
321	322
322	323
322	659
322	661
323	324
324	325
324	661
324	663
325	326
326	327
326	663
326	665
327	328
328	329
328	665
328	667
329	330
330	331
330	667
330	669
331	332
332	333
332	669
332	671
333	334
334	335
334	671
334	673
335	336
336	337
336	673
336	675
337	338
338	675
339	340
340	341
340	365
340	367
340	677
340	679
340	703
340	705
341	342
342	343
342	367
342	369
342	679
342	681
342	705
342	707
343	344
344	345
344	369
344	371
344	681
344	683
344	707
344	709
345	346
346	347
346	371
346	373
346	683
346	685
346	709
346	711
347	348
348	349
348	373
348	375
348	685
348	687
348	711
348	713
349	350
350	351
350	375
350	377
350	687
350	689
350	713
350	715
351	352
352	353
352	377
352	379
352	689
352	691
352	715
352	717
353	354
354	355
354	379
354	381
354	691
354	693
354	717
354	719
355	356
356	357
356	381
356	383
356	693
356	695
356	719
356	721
357	358
358	359
358	383
358	385
358	695
358	697
358	721
358	723
359	360
360	361
360	385
360	387
360	697
360	699
360	723
360	725
361	362
362	363
362	387
362	389
362	699
362	701
362	725
362	727
363	364
364	389
364	701
364	727
365	366
366	367
366	391
366	393
366	703
366	705
366	729
366	731
367	368
368	369
368	393
368	395
368	705
368	707
368	731
368	733
369	370
370	371
370	395
370	397
370	707
370	709
370	733
370	735
371	372
372	373
372	397
372	399
372	709
372	711
372	735
372	737
373	374
374	375
374	399
374	401
374	711
374	713
374	737
374	739
375	376
376	377
376	401
376	403
376	713
376	715
376	739
376	741
377	378
378	379
378	403
378	405
378	715
378	717
378	741
378	743
379	380
380	381
380	405
380	407
380	717
380	719
380	743
380	745
381	382
382	383
382	407
382	409
382	719
382	721
382	745
382	747
383	384
384	385
384	409
384	411
384	721
384	723
384	747
384	749
385	386
386	387
386	411
386	413
386	723
386	725
386	749
386	751
387	388
388	389
388	413
388	415
388	725
388	727
388	751
388	753
389	390
390	415
390	727
390	753
391	392
392	393
392	417
392	419
392	729
392	731
392	755
392	757
393	394
394	395
394	419
394	421
394	731
394	733
394	757
394	759
395	396
396	397
396	421
396	423
396	733
396	735
396	759
396	761
397	398
398	399
398	423
398	425
398	735
398	737
398	761
398	763
399	400
400	401
400	425
400	427
400	737
400	739
400	763
400	765
401	402
402	403
402	427
402	429
402	739
402	741
402	765
402	767
403	404
404	405
404	429
404	431
404	741
404	743
404	767
404	769
405	406
406	407
406	431
406	433
406	743
406	745
406	769
406	771
407	408
408	409
408	433
408	435
408	745
408	747
408	771
408	773
409	410
410	411
410	435
410	437
410	747
410	749
410	773
410	775
411	412
412	413
412	437
412	439
412	749
412	751
412	775
412	777
413	414
414	415
414	439
414	441
414	751
414	753
414	777
414	779
415	416
416	441
416	753
416	779
417	418
418	419
418	443
418	445
418	755
418	757
418	781
418	783
419	420
420	421
420	445
420	447
420	757
420	759
420	783
420	785
421	422
422	423
422	447
422	449
422	759
422	761
422	785
422	787
423	424
424	425
424	449
424	451
424	761
424	763
424	787
424	789
425	426
426	427
426	451
426	453
426	763
426	765
426	789
426	791
427	428
428	429
428	453
428	455
428	765
428	767
428	791
428	793
429	430
430	431
430	455
430	457
430	767
430	769
430	793
430	795
431	432
432	433
432	457
432	459
432	769
432	771
432	795
432	797
433	434
434	435
434	459
434	461
434	771
434	773
434	797
434	799
435	436
436	437
436	461
436	463
436	773
436	775
436	799
436	801
437	438
438	439
438	463
438	465
438	775
438	777
438	801
438	803
439	440
440	441
440	465
440	467
440	777
440	779
440	803
440	805
441	442
442	467
442	779
442	805
443	444
444	445
444	469
444	471
444	781
444	783
444	807
444	809
445	446
446	447
446	471
446	473
446	783
446	785
446	809
446	811
447	448
448	449
448	473
448	475
448	785
448	787
448	811
448	813
449	450
450	451
450	475
450	477
450	787
450	789
450	813
450	815
451	452
452	453
452	477
452	479
452	789
452	791
452	815
452	817
453	454
454	455
454	479
454	481
454	791
454	793
454	817
454	819
455	456
456	457
456	481
456	483
456	793
456	795
456	819
456	821
457	458
458	459
458	483
458	485
458	795
458	797
458	821
458	823
459	460
460	461
460	485
460	487
460	797
460	799
460	823
460	825
461	462
462	463
462	487
462	489
462	799
462	801
462	825
462	827
463	464
464	465
464	489
464	491
464	801
464	803
464	827
464	829
465	466
466	467
466	491
466	493
466	803
466	805
466	829
466	831
467	468
468	493
468	805
468	831
469	470
470	471
470	495
470	497
470	807
470	809
470	833
470	835
471	472
472	473
472	497
472	499
472	809
472	811
472	835
472	837
473	474
474	475
474	499
474	501
474	811
474	813
474	837
474	839
475	476
476	477
476	501
476	503
476	813
476	815
476	839
476	841
477	478
478	479
478	503
478	505
478	815
478	817
478	841
478	843
479	480
480	481
480	505
480	507
480	817
480	819
480	843
480	845
481	482
482	483
482	507
482	509
482	819
482	821
482	845
482	847
483	484
484	485
484	509
484	511
484	821
484	823
484	847
484	849
485	486
486	487
486	511
486	513
486	823
486	825
486	849
486	851
487	488
488	489
488	513
488	515
488	825
488	827
488	851
488	853
489	490
490	491
490	515
490	517
490	827
490	829
490	853
490	855
491	492
492	493
492	517
492	519
492	829
492	831
492	855
492	857
493	494
494	519
494	831
494	857
495	496
496	497
496	521
496	523
496	833
496	835
496	859
496	861
497	498
498	499
498	523
498	525
498	835
498	837
498	861
498	863
499	500
500	501
500	525
500	527
500	837
500	839
500	863
500	865
501	502
502	503
502	527
502	529
502	839
502	841
502	865
502	867
503	504
504	505
504	529
504	531
504	841
504	843
504	867
504	869
505	506
506	507
506	531
506	533
506	843
506	845
506	869
506	871
507	508
508	509
508	533
508	535
508	845
508	847
508	871
508	873
509	510
510	511
510	535
510	537
510	847
510	849
510	873
510	875
511	512
512	513
512	537
512	539
512	849
512	851
512	875
512	877
513	514
514	515
514	539
514	541
514	851
514	853
514	877
514	879
515	516
516	517
516	541
516	543
516	853
516	855
516	879
516	881
517	518
518	519
518	543
518	545
518	855
518	857
518	881
518	883
519	520
520	545
520	857
520	883
521	522
522	523
522	547
522	549
522	859
522	861
522	885
522	887
523	524
524	525
524	549
524	551
524	861
524	863
524	887
524	889
525	526
526	527
526	551
526	553
526	863
526	865
526	889
526	891
527	528
528	529
528	553
528	555
528	865
528	867
528	891
528	893
529	530
530	531
530	555
530	557
530	867
530	869
530	893
530	895
531	532
532	533
532	557
532	559
532	869
532	871
532	895
532	897
533	534
534	535
534	559
534	561
534	871
534	873
534	897
534	899
535	536
536	537
536	561
536	563
536	873
536	875
536	899
536	901
537	538
538	539
538	563
538	565
538	875
538	877
538	901
538	903
539	540
540	541
540	565
540	567
540	877
540	879
540	903
540	905
541	542
542	543
542	567
542	569
542	879
542	881
542	905
542	907
543	544
544	545
544	569
544	571
544	881
544	883
544	907
544	909
545	546
546	571
546	883
546	909
547	548
548	549
548	573
548	575
548	885
548	887
548	911
548	913
549	550
550	551
550	575
550	577
550	887
550	889
550	913
550	915
551	552
552	553
552	577
552	579
552	889
552	891
552	915
552	917
553	554
554	555
554	579
554	581
554	891
554	893
554	917
554	919
555	556
556	557
556	581
556	583
556	893
556	895
556	919
556	921
557	558
558	559
558	583
558	585
558	895
558	897
558	921
558	923
559	560
560	561
560	585
560	587
560	897
560	899
560	923
560	925
561	562
562	563
562	587
562	589
562	899
562	901
562	925
562	927
563	564
564	565
564	589
564	591
564	901
564	903
564	927
564	929
565	566
566	567
566	591
566	593
566	903
566	905
566	929
566	931
567	568
568	569
568	593
568	595
568	905
568	907
568	931
568	933
569	570
570	571
570	595
570	597
570	907
570	909
570	933
570	935
571	572
572	597
572	909
572	935
573	574
574	575
574	599
574	601
574	911
574	913
574	937
574	939
575	576
576	577
576	601
576	603
576	913
576	915
576	939
576	941
577	578
578	579
578	603
578	605
578	915
578	917
578	941
578	943
579	580
580	581
580	605
580	607
580	917
580	919
580	943
580	945
581	582
582	583
582	607
582	609
582	919
582	921
582	945
582	947
583	584
584	585
584	609
584	611
584	921
584	923
584	947
584	949
585	586
586	587
586	611
586	613
586	923
586	925
586	949
586	951
587	588
588	589
588	613
588	615
588	925
588	927
588	951
588	953
589	590
590	591
590	615
590	617
590	927
590	929
590	953
590	955
591	592
592	593
592	617
592	619
592	929
592	931
592	955
592	957
593	594
594	595
594	619
594	621
594	931
594	933
594	957
594	959
595	596
596	597
596	621
596	623
596	933
596	935
596	959
596	961
597	598
598	623
598	935
598	961
599	600
600	601
600	625
600	627
600	937
600	939
600	963
600	965
601	602
602	603
602	627
602	629
602	939
602	941
602	965
602	967
603	604
604	605
604	629
604	631
604	941
604	943
604	967
604	969
605	606
606	607
606	631
606	633
606	943
606	945
606	969
606	971
607	608
608	609
608	633
608	635
608	945
608	947
608	971
608	973
609	610
610	611
610	635
610	637
610	947
610	949
610	973
610	975
611	612
612	613
612	637
612	639
612	949
612	951
612	975
612	977
613	614
614	615
614	639
614	641
614	951
614	953
614	977
614	979
615	616
616	617
616	641
616	643
616	953
616	955
616	979
616	981
617	618
618	619
618	643
618	645
618	955
618	957
618	981
618	983
619	620
620	621
620	645
620	647
620	957
620	959
620	983
620	985
621	622
622	623
622	647
622	649
622	959
622	961
622	985
622	987
623	624
624	649
624	961
624	987
625	626
626	627
626	651
626	653
626	963
626	965
626	989
626	991
627	628
628	629
628	653
628	655
628	965
628	967
628	991
628	993
629	630
630	631
630	655
630	657
630	967
630	969
630	993
630	995
631	632
632	633
632	657
632	659
632	969
632	971
632	995
632	997
633	634
634	635
634	659
634	661
634	971
634	973
634	997
634	999
635	636
636	637
636	661
636	663
636	973
636	975
636	999
636	1001
637	638
638	639
638	663
638	665
638	975
638	977
638	1001
638	1003
639	640
640	641
640	665
640	667
640	977
640	979
640	1003
640	1005
641	642
642	643
642	667
642	669
642	979
642	981
642	1005
642	1007
643	644
644	645
644	669
644	671
644	981
644	983
644	1007
644	1009
645	646
646	647
646	671
646	673
646	983
646	985
646	1009
646	1011
647	648
648	649
648	673
648	675
648	985
648	987
648	1011
648	1013
649	650
650	675
650	987
650	1013
651	652
652	653
652	989
652	991
653	654
654	655
654	991
654	993
655	656
656	657
656	993
656	995
657	658
658	659
658	995
658	997
659	660
660	661
660	997
660	999
661	662
662	663
662	999
662	1001
663	664
664	665
664	1001
664	1003
665	666
666	667
666	1003
666	1005
667	668
668	669
668	1005
668	1007
669	670
670	671
670	1007
670	1009
671	672
672	673
672	1009
672	1011
673	674
674	675
674	1011
674	1013
675	676
676	1013
677	678
678	679
678	703
678	705
678	1015
678	1017
678	1041
678	1043
679	680
680	681
680	705
680	707
680	1017
680	1019
680	1043
680	1045
681	682
682	683
682	707
682	709
682	1019
682	1021
682	1045
682	1047
683	684
684	685
684	709
684	711
684	1021
684	1023
684	1047
684	1049
685	686
686	687
686	711
686	713
686	1023
686	1025
686	1049
686	1051
687	688
688	689
688	713
688	715
688	1025
688	1027
688	1051
688	1053
689	690
690	691
690	715
690	717
690	1027
690	1029
690	1053
690	1055
691	692
692	693
692	717
692	719
692	1029
692	1031
692	1055
692	1057
693	694
694	695
694	719
694	721
694	1031
694	1033
694	1057
694	1059
695	696
696	697
696	721
696	723
696	1033
696	1035
696	1059
696	1061
697	698
698	699
698	723
698	725
698	1035
698	1037
698	1061
698	1063
699	700
700	701
700	725
700	727
700	1037
700	1039
700	1063
700	1065
701	702
702	727
702	1039
702	1065
703	704
704	705
704	729
704	731
704	1041
704	1043
704	1067
704	1069
705	706
706	707
706	731
706	733
706	1043
706	1045
706	1069
706	1071
707	708
708	709
708	733
708	735
708	1045
708	1047
708	1071
708	1073
709	710
710	711
710	735
710	737
710	1047
710	1049
710	1073
710	1075
711	712
712	713
712	737
712	739
712	1049
712	1051
712	1075
712	1077
713	714
714	715
714	739
714	741
714	1051
714	1053
714	1077
714	1079
715	716
716	717
716	741
716	743
716	1053
716	1055
716	1079
716	1081
717	718
718	719
718	743
718	745
718	1055
718	1057
718	1081
718	1083
719	720
720	721
720	745
720	747
720	1057
720	1059
720	1083
720	1085
721	722
722	723
722	747
722	749
722	1059
722	1061
722	1085
722	1087
723	724
724	725
724	749
724	751
724	1061
724	1063
724	1087
724	1089
725	726
726	727
726	751
726	753
726	1063
726	1065
726	1089
726	1091
727	728
728	753
728	1065
728	1091
729	730
730	731
730	755
730	757
730	1067
730	1069
730	1093
730	1095
731	732
732	733
732	757
732	759
732	1069
732	1071
732	1095
732	1097
733	734
734	735
734	759
734	761
734	1071
734	1073
734	1097
734	1099
735	736
736	737
736	761
736	763
736	1073
736	1075
736	1099
736	1101
737	738
738	739
738	763
738	765
738	1075
738	1077
738	1101
738	1103
739	740
740	741
740	765
740	767
740	1077
740	1079
740	1103
740	1105
741	742
742	743
742	767
742	769
742	1079
742	1081
742	1105
742	1107
743	744
744	745
744	769
744	771
744	1081
744	1083
744	1107
744	1109
745	746
746	747
746	771
746	773
746	1083
746	1085
746	1109
746	1111
747	748
748	749
748	773
748	775
748	1085
748	1087
748	1111
748	1113
749	750
750	751
750	775
750	777
750	1087
750	1089
750	1113
750	1115
751	752
752	753
752	777
752	779
752	1089
752	1091
752	1115
752	1117
753	754
754	779
754	1091
754	1117
755	756
756	757
756	781
756	783
756	1093
756	1095
756	1119
756	1121
757	758
758	759
758	783
758	785
758	1095
758	1097
758	1121
758	1123
759	760
760	761
760	785
760	787
760	1097
760	1099
760	1123
760	1125
761	762
762	763
762	787
762	789
762	1099
762	1101
762	1125
762	1127
763	764
764	765
764	789
764	791
764	1101
764	1103
764	1127
764	1129
765	766
766	767
766	791
766	793
766	1103
766	1105
766	1129
766	1131
767	768
768	769
768	793
768	795
768	1105
768	1107
768	1131
768	1133
769	770
770	771
770	795
770	797
770	1107
770	1109
770	1133
770	1135
771	772
772	773
772	797
772	799
772	1109
772	1111
772	1135
772	1137
773	774
774	775
774	799
774	801
774	1111
774	1113
774	1137
774	1139
775	776
776	777
776	801
776	803
776	1113
776	1115
776	1139
776	1141
777	778
778	779
778	803
778	805
778	1115
778	1117
778	1141
778	1143
779	780
780	805
780	1117
780	1143
781	782
782	783
782	807
782	809
782	1119
782	1121
782	1145
782	1147
783	784
784	785
784	809
784	811
784	1121
784	1123
784	1147
784	1149
785	786
786	787
786	811
786	813
786	1123
786	1125
786	1149
786	1151
787	788
788	789
788	813
788	815
788	1125
788	1127
788	1151
788	1153
789	790
790	791
790	815
790	817
790	1127
790	1129
790	1153
790	1155
791	792
792	793
792	817
792	819
792	1129
792	1131
792	1155
792	1157
793	794
794	795
794	819
794	821
794	1131
794	1133
794	1157
794	1159
795	796
796	797
796	821
796	823
796	1133
796	1135
796	1159
796	1161
797	798
798	799
798	823
798	825
798	1135
798	1137
798	1161
798	1163
799	800
800	801
800	825
800	827
800	1137
800	1139
800	1163
800	1165
801	802
802	803
802	827
802	829
802	1139
802	1141
802	1165
802	1167
803	804
804	805
804	829
804	831
804	1141
804	1143
804	1167
804	1169
805	806
806	831
806	1143
806	1169
807	808
808	809
808	833
808	835
808	1145
808	1147
808	1171
808	1173
809	810
810	811
810	835
810	837
810	1147
810	1149
810	1173
810	1175
811	812
812	813
812	837
812	839
812	1149
812	1151
812	1175
812	1177
813	814
814	815
814	839
814	841
814	1151
814	1153
814	1177
814	1179
815	816
816	817
816	841
816	843
816	1153
816	1155
816	1179
816	1181
817	818
818	819
818	843
818	845
818	1155
818	1157
818	1181
818	1183
819	820
820	821
820	845
820	847
820	1157
820	1159
820	1183
820	1185
821	822
822	823
822	847
822	849
822	1159
822	1161
822	1185
822	1187
823	824
824	825
824	849
824	851
824	1161
824	1163
824	1187
824	1189
825	826
826	827
826	851
826	853
826	1163
826	1165
826	1189
826	1191
827	828
828	829
828	853
828	855
828	1165
828	1167
828	1191
828	1193
829	830
830	831
830	855
830	857
830	1167
830	1169
830	1193
830	1195
831	832
832	857
832	1169
832	1195
833	834
834	835
834	859
834	861
834	1171
834	1173
834	1197
834	1199
835	836
836	837
836	861
836	863
836	1173
836	1175
836	1199
836	1201
837	838
838	839
838	863
838	865
838	1175
838	1177
838	1201
838	1203
839	840
840	841
840	865
840	867
840	1177
840	1179
840	1203
840	1205
841	842
842	843
842	867
842	869
842	1179
842	1181
842	1205
842	1207
843	844
844	845
844	869
844	871
844	1181
844	1183
844	1207
844	1209
845	846
846	847
846	871
846	873
846	1183
846	1185
846	1209
846	1211
847	848
848	849
848	873
848	875
848	1185
848	1187
848	1211
848	1213
849	850
850	851
850	875
850	877
850	1187
850	1189
850	1213
850	1215
851	852
852	853
852	877
852	879
852	1189
852	1191
852	1215
852	1217
853	854
854	855
854	879
854	881
854	1191
854	1193
854	1217
854	1219
855	856
856	857
856	881
856	883
856	1193
856	1195
856	1219
856	1221
857	858
858	883
858	1195
858	1221
859	860
860	861
860	885
860	887
860	1197
860	1199
860	1223
860	1225
861	862
862	863
862	887
862	889
862	1199
862	1201
862	1225
862	1227
863	864
864	865
864	889
864	891
864	1201
864	1203
864	1227
864	1229
865	866
866	867
866	891
866	893
866	1203
866	1205
866	1229
866	1231
867	868
868	869
868	893
868	895
868	1205
868	1207
868	1231
868	1233
869	870
870	871
870	895
870	897
870	1207
870	1209
870	1233
870	1235
871	872
872	873
872	897
872	899
872	1209
872	1211
872	1235
872	1237
873	874
874	875
874	899
874	901
874	1211
874	1213
874	1237
874	1239
875	876
876	877
876	901
876	903
876	1213
876	1215
876	1239
876	1241
877	878
878	879
878	903
878	905
878	1215
878	1217
878	1241
878	1243
879	880
880	881
880	905
880	907
880	1217
880	1219
880	1243
880	1245
881	882
882	883
882	907
882	909
882	1219
882	1221
882	1245
882	1247
883	884
884	909
884	1221
884	1247
885	886
886	887
886	911
886	913
886	1223
886	1225
886	1249
886	1251
887	888
888	889
888	913
888	915
888	1225
888	1227
888	1251
888	1253
889	890
890	891
890	915
890	917
890	1227
890	1229
890	1253
890	1255
891	892
892	893
892	917
892	919
892	1229
892	1231
892	1255
892	1257
893	894
894	895
894	919
894	921
894	1231
894	1233
894	1257
894	1259
895	896
896	897
896	921
896	923
896	1233
896	1235
896	1259
896	1261
897	898
898	899
898	923
898	925
898	1235
898	1237
898	1261
898	1263
899	900
900	901
900	925
900	927
900	1237
900	1239
900	1263
900	1265
901	902
902	903
902	927
902	929
902	1239
902	1241
902	1265
902	1267
903	904
904	905
904	929
904	931
904	1241
904	1243
904	1267
904	1269
905	906
906	907
906	931
906	933
906	1243
906	1245
906	1269
906	1271
907	908
908	909
908	933
908	935
908	1245
908	1247
908	1271
908	1273
909	910
910	935
910	1247
910	1273
911	912
912	913
912	937
912	939
912	1249
912	1251
912	1275
912	1277
913	914
914	915
914	939
914	941
914	1251
914	1253
914	1277
914	1279
915	916
916	917
916	941
916	943
916	1253
916	1255
916	1279
916	1281
917	918
918	919
918	943
918	945
918	1255
918	1257
918	1281
918	1283
919	920
920	921
920	945
920	947
920	1257
920	1259
920	1283
920	1285
921	922
922	923
922	947
922	949
922	1259
922	1261
922	1285
922	1287
923	924
924	925
924	949
924	951
924	1261
924	1263
924	1287
924	1289
925	926
926	927
926	951
926	953
926	1263
926	1265
926	1289
926	1291
927	928
928	929
928	953
928	955
928	1265
928	1267
928	1291
928	1293
929	930
930	931
930	955
930	957
930	1267
930	1269
930	1293
930	1295
931	932
932	933
932	957
932	959
932	1269
932	1271
932	1295
932	1297
933	934
934	935
934	959
934	961
934	1271
934	1273
934	1297
934	1299
935	936
936	961
936	1273
936	1299
937	938
938	939
938	963
938	965
938	1275
938	1277
938	1301
938	1303
939	940
940	941
940	965
940	967
940	1277
940	1279
940	1303
940	1305
941	942
942	943
942	967
942	969
942	1279
942	1281
942	1305
942	1307
943	944
944	945
944	969
944	971
944	1281
944	1283
944	1307
944	1309
945	946
946	947
946	971
946	973
946	1283
946	1285
946	1309
946	1311
947	948
948	949
948	973
948	975
948	1285
948	1287
948	1311
948	1313
949	950
950	951
950	975
950	977
950	1287
950	1289
950	1313
950	1315
951	952
952	953
952	977
952	979
952	1289
952	1291
952	1315
952	1317
953	954
954	955
954	979
954	981
954	1291
954	1293
954	1317
954	1319
955	956
956	957
956	981
956	983
956	1293
956	1295
956	1319
956	1321
957	958
958	959
958	983
958	985
958	1295
958	1297
958	1321
958	1323
959	960
960	961
960	985
960	987
960	1297
960	1299
960	1323
960	1325
961	962
962	987
962	1299
962	1325
963	964
964	965
964	989
964	991
964	1301
964	1303
964	1327
964	1329
965	966
966	967
966	991
966	993
966	1303
966	1305
966	1329
966	1331
967	968
968	969
968	993
968	995
968	1305
968	1307
968	1331
968	1333
969	970
970	971
970	995
970	997
970	1307
970	1309
970	1333
970	1335
971	972
972	973
972	997
972	999
972	1309
972	1311
972	1335
972	1337
973	974
974	975
974	999
974	1001
974	1311
974	1313
974	1337
974	1339
975	976
976	977
976	1001
976	1003
976	1313
976	1315
976	1339
976	1341
977	978
978	979
978	1003
978	1005
978	1315
978	1317
978	1341
978	1343
979	980
980	981
980	1005
980	1007
980	1317
980	1319
980	1343
980	1345
981	982
982	983
982	1007
982	1009
982	1319
982	1321
982	1345
982	1347
983	984
984	985
984	1009
984	1011
984	1321
984	1323
984	1347
984	1349
985	986
986	987
986	1011
986	1013
986	1323
986	1325
986	1349
986	1351
987	988
988	1013
988	1325
988	1351
989	990
990	991
990	1327
990	1329
991	992
992	993
992	1329
992	1331
993	994
994	995
994	1331
994	1333
995	996
996	997
996	1333
996	1335
997	998
998	999
998	1335
998	1337
999	1000
1000	1001
1000	1337
1000	1339
1001	1002
1002	1003
1002	1339
1002	1341
1003	1004
1004	1005
1004	1341
1004	1343
1005	1006
1006	1007
1006	1343
1006	1345
1007	1008
1008	1009
1008	1345
1008	1347
1009	1010
1010	1011
1010	1347
1010	1349
1011	1012
1012	1013
1012	1349
1012	1351
1013	1014
1014	1351
1015	1016
1016	1017
1016	1041
1016	1043
1016	1353
1016	1355
1016	1379
1016	1381
1017	1018
1018	1019
1018	1043
1018	1045
1018	1355
1018	1357
1018	1381
1018	1383
1019	1020
1020	1021
1020	1045
1020	1047
1020	1357
1020	1359
1020	1383
1020	1385
1021	1022
1022	1023
1022	1047
1022	1049
1022	1359
1022	1361
1022	1385
1022	1387
1023	1024
1024	1025
1024	1049
1024	1051
1024	1361
1024	1363
1024	1387
1024	1389
1025	1026
1026	1027
1026	1051
1026	1053
1026	1363
1026	1365
1026	1389
1026	1391
1027	1028
1028	1029
1028	1053
1028	1055
1028	1365
1028	1367
1028	1391
1028	1393
1029	1030
1030	1031
1030	1055
1030	1057
1030	1367
1030	1369
1030	1393
1030	1395
1031	1032
1032	1033
1032	1057
1032	1059
1032	1369
1032	1371
1032	1395
1032	1397
1033	1034
1034	1035
1034	1059
1034	1061
1034	1371
1034	1373
1034	1397
1034	1399
1035	1036
1036	1037
1036	1061
1036	1063
1036	1373
1036	1375
1036	1399
1036	1401
1037	1038
1038	1039
1038	1063
1038	1065
1038	1375
1038	1377
1038	1401
1038	1403
1039	1040
1040	1065
1040	1377
1040	1403
1041	1042
1042	1043
1042	1067
1042	1069
1042	1379
1042	1381
1042	1405
1042	1407
1043	1044
1044	1045
1044	1069
1044	1071
1044	1381
1044	1383
1044	1407
1044	1409
1045	1046
1046	1047
1046	1071
1046	1073
1046	1383
1046	1385
1046	1409
1046	1411
1047	1048
1048	1049
1048	1073
1048	1075
1048	1385
1048	1387
1048	1411
1048	1413
1049	1050
1050	1051
1050	1075
1050	1077
1050	1387
1050	1389
1050	1413
1050	1415
1051	1052
1052	1053
1052	1077
1052	1079
1052	1389
1052	1391
1052	1415
1052	1417
1053	1054
1054	1055
1054	1079
1054	1081
1054	1391
1054	1393
1054	1417
1054	1419
1055	1056
1056	1057
1056	1081
1056	1083
1056	1393
1056	1395
1056	1419
1056	1421
1057	1058
1058	1059
1058	1083
1058	1085
1058	1395
1058	1397
1058	1421
1058	1423
1059	1060
1060	1061
1060	1085
1060	1087
1060	1397
1060	1399
1060	1423
1060	1425
1061	1062
1062	1063
1062	1087
1062	1089
1062	1399
1062	1401
1062	1425
1062	1427
1063	1064
1064	1065
1064	1089
1064	1091
1064	1401
1064	1403
1064	1427
1064	1429
1065	1066
1066	1091
1066	1403
1066	1429
1067	1068
1068	1069
1068	1093
1068	1095
1068	1405
1068	1407
1068	1431
1068	1433
1069	1070
1070	1071
1070	1095
1070	1097
1070	1407
1070	1409
1070	1433
1070	1435
1071	1072
1072	1073
1072	1097
1072	1099
1072	1409
1072	1411
1072	1435
1072	1437
1073	1074
1074	1075
1074	1099
1074	1101
1074	1411
1074	1413
1074	1437
1074	1439
1075	1076
1076	1077
1076	1101
1076	1103
1076	1413
1076	1415
1076	1439
1076	1441
1077	1078
1078	1079
1078	1103
1078	1105
1078	1415
1078	1417
1078	1441
1078	1443
1079	1080
1080	1081
1080	1105
1080	1107
1080	1417
1080	1419
1080	1443
1080	1445
1081	1082
1082	1083
1082	1107
1082	1109
1082	1419
1082	1421
1082	1445
1082	1447
1083	1084
1084	1085
1084	1109
1084	1111
1084	1421
1084	1423
1084	1447
1084	1449
1085	1086
1086	1087
1086	1111
1086	1113
1086	1423
1086	1425
1086	1449
1086	1451
1087	1088
1088	1089
1088	1113
1088	1115
1088	1425
1088	1427
1088	1451
1088	1453
1089	1090
1090	1091
1090	1115
1090	1117
1090	1427
1090	1429
1090	1453
1090	1455
1091	1092
1092	1117
1092	1429
1092	1455
1093	1094
1094	1095
1094	1119
1094	1121
1094	1431
1094	1433
1094	1457
1094	1459
1095	1096
1096	1097
1096	1121
1096	1123
1096	1433
1096	1435
1096	1459
1096	1461
1097	1098
1098	1099
1098	1123
1098	1125
1098	1435
1098	1437
1098	1461
1098	1463
1099	1100
1100	1101
1100	1125
1100	1127
1100	1437
1100	1439
1100	1463
1100	1465
1101	1102
1102	1103
1102	1127
1102	1129
1102	1439
1102	1441
1102	1465
1102	1467
1103	1104
1104	1105
1104	1129
1104	1131
1104	1441
1104	1443
1104	1467
1104	1469
1105	1106
1106	1107
1106	1131
1106	1133
1106	1443
1106	1445
1106	1469
1106	1471
1107	1108
1108	1109
1108	1133
1108	1135
1108	1445
1108	1447
1108	1471
1108	1473
1109	1110
1110	1111
1110	1135
1110	1137
1110	1447
1110	1449
1110	1473
1110	1475
1111	1112
1112	1113
1112	1137
1112	1139
1112	1449
1112	1451
1112	1475
1112	1477
1113	1114
1114	1115
1114	1139
1114	1141
1114	1451
1114	1453
1114	1477
1114	1479
1115	1116
1116	1117
1116	1141
1116	1143
1116	1453
1116	1455
1116	1479
1116	1481
1117	1118
1118	1143
1118	1455
1118	1481
1119	1120
1120	1121
1120	1145
1120	1147
1120	1457
1120	1459
1120	1483
1120	1485
1121	1122
1122	1123
1122	1147
1122	1149
1122	1459
1122	1461
1122	1485
1122	1487
1123	1124
1124	1125
1124	1149
1124	1151
1124	1461
1124	1463
1124	1487
1124	1489
1125	1126
1126	1127
1126	1151
1126	1153
1126	1463
1126	1465
1126	1489
1126	1491
1127	1128
1128	1129
1128	1153
1128	1155
1128	1465
1128	1467
1128	1491
1128	1493
1129	1130
1130	1131
1130	1155
1130	1157
1130	1467
1130	1469
1130	1493
1130	1495
1131	1132
1132	1133
1132	1157
1132	1159
1132	1469
1132	1471
1132	1495
1132	1497
1133	1134
1134	1135
1134	1159
1134	1161
1134	1471
1134	1473
1134	1497
1134	1499
1135	1136
1136	1137
1136	1161
1136	1163
1136	1473
1136	1475
1136	1499
1136	1501
1137	1138
1138	1139
1138	1163
1138	1165
1138	1475
1138	1477
1138	1501
1138	1503
1139	1140
1140	1141
1140	1165
1140	1167
1140	1477
1140	1479
1140	1503
1140	1505
1141	1142
1142	1143
1142	1167
1142	1169
1142	1479
1142	1481
1142	1505
1142	1507
1143	1144
1144	1169
1144	1481
1144	1507
1145	1146
1146	1147
1146	1171
1146	1173
1146	1483
1146	1485
1146	1509
1146	1511
1147	1148
1148	1149
1148	1173
1148	1175
1148	1485
1148	1487
1148	1511
1148	1513
1149	1150
1150	1151
1150	1175
1150	1177
1150	1487
1150	1489
1150	1513
1150	1515
1151	1152
1152	1153
1152	1177
1152	1179
1152	1489
1152	1491
1152	1515
1152	1517
1153	1154
1154	1155
1154	1179
1154	1181
1154	1491
1154	1493
1154	1517
1154	1519
1155	1156
1156	1157
1156	1181
1156	1183
1156	1493
1156	1495
1156	1519
1156	1521
1157	1158
1158	1159
1158	1183
1158	1185
1158	1495
1158	1497
1158	1521
1158	1523
1159	1160
1160	1161
1160	1185
1160	1187
1160	1497
1160	1499
1160	1523
1160	1525
1161	1162
1162	1163
1162	1187
1162	1189
1162	1499
1162	1501
1162	1525
1162	1527
1163	1164
1164	1165
1164	1189
1164	1191
1164	1501
1164	1503
1164	1527
1164	1529
1165	1166
1166	1167
1166	1191
1166	1193
1166	1503
1166	1505
1166	1529
1166	1531
1167	1168
1168	1169
1168	1193
1168	1195
1168	1505
1168	1507
1168	1531
1168	1533
1169	1170
1170	1195
1170	1507
1170	1533
1171	1172
1172	1173
1172	1197
1172	1199
1172	1509
1172	1511
1172	1535
1172	1537
1173	1174
1174	1175
1174	1199
1174	1201
1174	1511
1174	1513
1174	1537
1174	1539
1175	1176
1176	1177
1176	1201
1176	1203
1176	1513
1176	1515
1176	1539
1176	1541
1177	1178
1178	1179
1178	1203
1178	1205
1178	1515
1178	1517
1178	1541
1178	1543
1179	1180
1180	1181
1180	1205
1180	1207
1180	1517
1180	1519
1180	1543
1180	1545
1181	1182
1182	1183
1182	1207
1182	1209
1182	1519
1182	1521
1182	1545
1182	1547
1183	1184
1184	1185
1184	1209
1184	1211
1184	1521
1184	1523
1184	1547
1184	1549
1185	1186
1186	1187
1186	1211
1186	1213
1186	1523
1186	1525
1186	1549
1186	1551
1187	1188
1188	1189
1188	1213
1188	1215
1188	1525
1188	1527
1188	1551
1188	1553
1189	1190
1190	1191
1190	1215
1190	1217
1190	1527
1190	1529
1190	1553
1190	1555
1191	1192
1192	1193
1192	1217
1192	1219
1192	1529
1192	1531
1192	1555
1192	1557
1193	1194
1194	1195
1194	1219
1194	1221
1194	1531
1194	1533
1194	1557
1194	1559
1195	1196
1196	1221
1196	1533
1196	1559
1197	1198
1198	1199
1198	1223
1198	1225
1198	1535
1198	1537
1198	1561
1198	1563
1199	1200
1200	1201
1200	1225
1200	1227
1200	1537
1200	1539
1200	1563
1200	1565
1201	1202
1202	1203
1202	1227
1202	1229
1202	1539
1202	1541
1202	1565
1202	1567
1203	1204
1204	1205
1204	1229
1204	1231
1204	1541
1204	1543
1204	1567
1204	1569
1205	1206
1206	1207
1206	1231
1206	1233
1206	1543
1206	1545
1206	1569
1206	1571
1207	1208
1208	1209
1208	1233
1208	1235
1208	1545
1208	1547
1208	1571
1208	1573
1209	1210
1210	1211
1210	1235
1210	1237
1210	1547
1210	1549
1210	1573
1210	1575
1211	1212
1212	1213
1212	1237
1212	1239
1212	1549
1212	1551
1212	1575
1212	1577
1213	1214
1214	1215
1214	1239
1214	1241
1214	1551
1214	1553
1214	1577
1214	1579
1215	1216
1216	1217
1216	1241
1216	1243
1216	1553
1216	1555
1216	1579
1216	1581
1217	1218
1218	1219
1218	1243
1218	1245
1218	1555
1218	1557
1218	1581
1218	1583
1219	1220
1220	1221
1220	1245
1220	1247
1220	1557
1220	1559
1220	1583
1220	1585
1221	1222
1222	1247
1222	1559
1222	1585
1223	1224
1224	1225
1224	1249
1224	1251
1224	1561
1224	1563
1224	1587
1224	1589
1225	1226
1226	1227
1226	1251
1226	1253
1226	1563
1226	1565
1226	1589
1226	1591
1227	1228
1228	1229
1228	1253
1228	1255
1228	1565
1228	1567
1228	1591
1228	1593
1229	1230
1230	1231
1230	1255
1230	1257
1230	1567
1230	1569
1230	1593
1230	1595
1231	1232
1232	1233
1232	1257
1232	1259
1232	1569
1232	1571
1232	1595
1232	1597
1233	1234
1234	1235
1234	1259
1234	1261
1234	1571
1234	1573
1234	1597
1234	1599
1235	1236
1236	1237
1236	1261
1236	1263
1236	1573
1236	1575
1236	1599
1236	1601
1237	1238
1238	1239
1238	1263
1238	1265
1238	1575
1238	1577
1238	1601
1238	1603
1239	1240
1240	1241
1240	1265
1240	1267
1240	1577
1240	1579
1240	1603
1240	1605
1241	1242
1242	1243
1242	1267
1242	1269
1242	1579
1242	1581
1242	1605
1242	1607
1243	1244
1244	1245
1244	1269
1244	1271
1244	1581
1244	1583
1244	1607
1244	1609
1245	1246
1246	1247
1246	1271
1246	1273
1246	1583
1246	1585
1246	1609
1246	1611
1247	1248
1248	1273
1248	1585
1248	1611
1249	1250
1250	1251
1250	1275
1250	1277
1250	1587
1250	1589
1250	1613
1250	1615
1251	1252
1252	1253
1252	1277
1252	1279
1252	1589
1252	1591
1252	1615
1252	1617
1253	1254
1254	1255
1254	1279
1254	1281
1254	1591
1254	1593
1254	1617
1254	1619
1255	1256
1256	1257
1256	1281
1256	1283
1256	1593
1256	1595
1256	1619
1256	1621
1257	1258
1258	1259
1258	1283
1258	1285
1258	1595
1258	1597
1258	1621
1258	1623
1259	1260
1260	1261
1260	1285
1260	1287
1260	1597
1260	1599
1260	1623
1260	1625
1261	1262
1262	1263
1262	1287
1262	1289
1262	1599
1262	1601
1262	1625
1262	1627
1263	1264
1264	1265
1264	1289
1264	1291
1264	1601
1264	1603
1264	1627
1264	1629
1265	1266
1266	1267
1266	1291
1266	1293
1266	1603
1266	1605
1266	1629
1266	1631
1267	1268
1268	1269
1268	1293
1268	1295
1268	1605
1268	1607
1268	1631
1268	1633
1269	1270
1270	1271
1270	1295
1270	1297
1270	1607
1270	1609
1270	1633
1270	1635
1271	1272
1272	1273
1272	1297
1272	1299
1272	1609
1272	1611
1272	1635
1272	1637
1273	1274
1274	1299
1274	1611
1274	1637
1275	1276
1276	1277
1276	1301
1276	1303
1276	1613
1276	1615
1276	1639
1276	1641
1277	1278
1278	1279
1278	1303
1278	1305
1278	1615
1278	1617
1278	1641
1278	1643
1279	1280
1280	1281
1280	1305
1280	1307
1280	1617
1280	1619
1280	1643
1280	1645
1281	1282
1282	1283
1282	1307
1282	1309
1282	1619
1282	1621
1282	1645
1282	1647
1283	1284
1284	1285
1284	1309
1284	1311
1284	1621
1284	1623
1284	1647
1284	1649
1285	1286
1286	1287
1286	1311
1286	1313
1286	1623
1286	1625
1286	1649
1286	1651
1287	1288
1288	1289
1288	1313
1288	1315
1288	1625
1288	1627
1288	1651
1288	1653
1289	1290
1290	1291
1290	1315
1290	1317
1290	1627
1290	1629
1290	1653
1290	1655
1291	1292
1292	1293
1292	1317
1292	1319
1292	1629
1292	1631
1292	1655
1292	1657
1293	1294
1294	1295
1294	1319
1294	1321
1294	1631
1294	1633
1294	1657
1294	1659
1295	1296
1296	1297
1296	1321
1296	1323
1296	1633
1296	1635
1296	1659
1296	1661
1297	1298
1298	1299
1298	1323
1298	1325
1298	1635
1298	1637
1298	1661
1298	1663
1299	1300
1300	1325
1300	1637
1300	1663
1301	1302
1302	1303
1302	1327
1302	1329
1302	1639
1302	1641
1302	1665
1302	1667
1303	1304
1304	1305
1304	1329
1304	1331
1304	1641
1304	1643
1304	1667
1304	1669
1305	1306
1306	1307
1306	1331
1306	1333
1306	1643
1306	1645
1306	1669
1306	1671
1307	1308
1308	1309
1308	1333
1308	1335
1308	1645
1308	1647
1308	1671
1308	1673
1309	1310
1310	1311
1310	1335
1310	1337
1310	1647
1310	1649
1310	1673
1310	1675
1311	1312
1312	1313
1312	1337
1312	1339
1312	1649
1312	1651
1312	1675
1312	1677
1313	1314
1314	1315
1314	1339
1314	1341
1314	1651
1314	1653
1314	1677
1314	1679
1315	1316
1316	1317
1316	1341
1316	1343
1316	1653
1316	1655
1316	1679
1316	1681
1317	1318
1318	1319
1318	1343
1318	1345
1318	1655
1318	1657
1318	1681
1318	1683
1319	1320
1320	1321
1320	1345
1320	1347
1320	1657
1320	1659
1320	1683
1320	1685
1321	1322
1322	1323
1322	1347
1322	1349
1322	1659
1322	1661
1322	1685
1322	1687
1323	1324
1324	1325
1324	1349
1324	1351
1324	1661
1324	1663
1324	1687
1324	1689
1325	1326
1326	1351
1326	1663
1326	1689
1327	1328
1328	1329
1328	1665
1328	1667
1329	1330
1330	1331
1330	1667
1330	1669
1331	1332
1332	1333
1332	1669
1332	1671
1333	1334
1334	1335
1334	1671
1334	1673
1335	1336
1336	1337
1336	1673
1336	1675
1337	1338
1338	1339
1338	1675
1338	1677
1339	1340
1340	1341
1340	1677
1340	1679
1341	1342
1342	1343
1342	1679
1342	1681
1343	1344
1344	1345
1344	1681
1344	1683
1345	1346
1346	1347
1346	1683
1346	1685
1347	1348
1348	1349
1348	1685
1348	1687
1349	1350
1350	1351
1350	1687
1350	1689
1351	1352
1352	1689
1353	1354
1354	1355
1354	1379
1354	1381
1354	1691
1354	1693
1354	1717
1354	1719
1355	1356
1356	1357
1356	1381
1356	1383
1356	1693
1356	1695
1356	1719
1356	1721
1357	1358
1358	1359
1358	1383
1358	1385
1358	1695
1358	1697
1358	1721
1358	1723
1359	1360
1360	1361
1360	1385
1360	1387
1360	1697
1360	1699
1360	1723
1360	1725
1361	1362
1362	1363
1362	1387
1362	1389
1362	1699
1362	1701
1362	1725
1362	1727
1363	1364
1364	1365
1364	1389
1364	1391
1364	1701
1364	1703
1364	1727
1364	1729
1365	1366
1366	1367
1366	1391
1366	1393
1366	1703
1366	1705
1366	1729
1366	1731
1367	1368
1368	1369
1368	1393
1368	1395
1368	1705
1368	1707
1368	1731
1368	1733
1369	1370
1370	1371
1370	1395
1370	1397
1370	1707
1370	1709
1370	1733
1370	1735
1371	1372
1372	1373
1372	1397
1372	1399
1372	1709
1372	1711
1372	1735
1372	1737
1373	1374
1374	1375
1374	1399
1374	1401
1374	1711
1374	1713
1374	1737
1374	1739
1375	1376
1376	1377
1376	1401
1376	1403
1376	1713
1376	1715
1376	1739
1376	1741
1377	1378
1378	1403
1378	1715
1378	1741
1379	1380
1380	1381
1380	1405
1380	1407
1380	1717
1380	1719
1380	1743
1380	1745
1381	1382
1382	1383
1382	1407
1382	1409
1382	1719
1382	1721
1382	1745
1382	1747
1383	1384
1384	1385
1384	1409
1384	1411
1384	1721
1384	1723
1384	1747
1384	1749
1385	1386
1386	1387
1386	1411
1386	1413
1386	1723
1386	1725
1386	1749
1386	1751
1387	1388
1388	1389
1388	1413
1388	1415
1388	1725
1388	1727
1388	1751
1388	1753
1389	1390
1390	1391
1390	1415
1390	1417
1390	1727
1390	1729
1390	1753
1390	1755
1391	1392
1392	1393
1392	1417
1392	1419
1392	1729
1392	1731
1392	1755
1392	1757
1393	1394
1394	1395
1394	1419
1394	1421
1394	1731
1394	1733
1394	1757
1394	1759
1395	1396
1396	1397
1396	1421
1396	1423
1396	1733
1396	1735
1396	1759
1396	1761
1397	1398
1398	1399
1398	1423
1398	1425
1398	1735
1398	1737
1398	1761
1398	1763
1399	1400
1400	1401
1400	1425
1400	1427
1400	1737
1400	1739
1400	1763
1400	1765
1401	1402
1402	1403
1402	1427
1402	1429
1402	1739
1402	1741
1402	1765
1402	1767
1403	1404
1404	1429
1404	1741
1404	1767
1405	1406
1406	1407
1406	1431
1406	1433
1406	1743
1406	1745
1406	1769
1406	1771
1407	1408
1408	1409
1408	1433
1408	1435
1408	1745
1408	1747
1408	1771
1408	1773
1409	1410
1410	1411
1410	1435
1410	1437
1410	1747
1410	1749
1410	1773
1410	1775
1411	1412
1412	1413
1412	1437
1412	1439
1412	1749
1412	1751
1412	1775
1412	1777
1413	1414
1414	1415
1414	1439
1414	1441
1414	1751
1414	1753
1414	1777
1414	1779
1415	1416
1416	1417
1416	1441
1416	1443
1416	1753
1416	1755
1416	1779
1416	1781
1417	1418
1418	1419
1418	1443
1418	1445
1418	1755
1418	1757
1418	1781
1418	1783
1419	1420
1420	1421
1420	1445
1420	1447
1420	1757
1420	1759
1420	1783
1420	1785
1421	1422
1422	1423
1422	1447
1422	1449
1422	1759
1422	1761
1422	1785
1422	1787
1423	1424
1424	1425
1424	1449
1424	1451
1424	1761
1424	1763
1424	1787
1424	1789
1425	1426
1426	1427
1426	1451
1426	1453
1426	1763
1426	1765
1426	1789
1426	1791
1427	1428
1428	1429
1428	1453
1428	1455
1428	1765
1428	1767
1428	1791
1428	1793
1429	1430
1430	1455
1430	1767
1430	1793
1431	1432
1432	1433
1432	1457
1432	1459
1432	1769
1432	1771
1432	1795
1432	1797
1433	1434
1434	1435
1434	1459
1434	1461
1434	1771
1434	1773
1434	1797
1434	1799
1435	1436
1436	1437
1436	1461
1436	1463
1436	1773
1436	1775
1436	1799
1436	1801
1437	1438
1438	1439
1438	1463
1438	1465
1438	1775
1438	1777
1438	1801
1438	1803
1439	1440
1440	1441
1440	1465
1440	1467
1440	1777
1440	1779
1440	1803
1440	1805
1441	1442
1442	1443
1442	1467
1442	1469
1442	1779
1442	1781
1442	1805
1442	1807
1443	1444
1444	1445
1444	1469
1444	1471
1444	1781
1444	1783
1444	1807
1444	1809
1445	1446
1446	1447
1446	1471
1446	1473
1446	1783
1446	1785
1446	1809
1446	1811
1447	1448
1448	1449
1448	1473
1448	1475
1448	1785
1448	1787
1448	1811
1448	1813
1449	1450
1450	1451
1450	1475
1450	1477
1450	1787
1450	1789
1450	1813
1450	1815
1451	1452
1452	1453
1452	1477
1452	1479
1452	1789
1452	1791
1452	1815
1452	1817
1453	1454
1454	1455
1454	1479
1454	1481
1454	1791
1454	1793
1454	1817
1454	1819
1455	1456
1456	1481
1456	1793
1456	1819
1457	1458
1458	1459
1458	1483
1458	1485
1458	1795
1458	1797
1458	1821
1458	1823
1459	1460
1460	1461
1460	1485
1460	1487
1460	1797
1460	1799
1460	1823
1460	1825
1461	1462
1462	1463
1462	1487
1462	1489
1462	1799
1462	1801
1462	1825
1462	1827
1463	1464
1464	1465
1464	1489
1464	1491
1464	1801
1464	1803
1464	1827
1464	1829
1465	1466
1466	1467
1466	1491
1466	1493
1466	1803
1466	1805
1466	1829
1466	1831
1467	1468
1468	1469
1468	1493
1468	1495
1468	1805
1468	1807
1468	1831
1468	1833
1469	1470
1470	1471
1470	1495
1470	1497
1470	1807
1470	1809
1470	1833
1470	1835
1471	1472
1472	1473
1472	1497
1472	1499
1472	1809
1472	1811
1472	1835
1472	1837
1473	1474
1474	1475
1474	1499
1474	1501
1474	1811
1474	1813
1474	1837
1474	1839
1475	1476
1476	1477
1476	1501
1476	1503
1476	1813
1476	1815
1476	1839
1476	1841
1477	1478
1478	1479
1478	1503
1478	1505
1478	1815
1478	1817
1478	1841
1478	1843
1479	1480
1480	1481
1480	1505
1480	1507
1480	1817
1480	1819
1480	1843
1480	1845
1481	1482
1482	1507
1482	1819
1482	1845
1483	1484
1484	1485
1484	1509
1484	1511
1484	1821
1484	1823
1484	1847
1484	1849
1485	1486
1486	1487
1486	1511
1486	1513
1486	1823
1486	1825
1486	1849
1486	1851
1487	1488
1488	1489
1488	1513
1488	1515
1488	1825
1488	1827
1488	1851
1488	1853
1489	1490
1490	1491
1490	1515
1490	1517
1490	1827
1490	1829
1490	1853
1490	1855
1491	1492
1492	1493
1492	1517
1492	1519
1492	1829
1492	1831
1492	1855
1492	1857
1493	1494
1494	1495
1494	1519
1494	1521
1494	1831
1494	1833
1494	1857
1494	1859
1495	1496
1496	1497
1496	1521
1496	1523
1496	1833
1496	1835
1496	1859
1496	1861
1497	1498
1498	1499
1498	1523
1498	1525
1498	1835
1498	1837
1498	1861
1498	1863
1499	1500
1500	1501
1500	1525
1500	1527
1500	1837
1500	1839
1500	1863
1500	1865
1501	1502
1502	1503
1502	1527
1502	1529
1502	1839
1502	1841
1502	1865
1502	1867
1503	1504
1504	1505
1504	1529
1504	1531
1504	1841
1504	1843
1504	1867
1504	1869
1505	1506
1506	1507
1506	1531
1506	1533
1506	1843
1506	1845
1506	1869
1506	1871
1507	1508
1508	1533
1508	1845
1508	1871
1509	1510
1510	1511
1510	1535
1510	1537
1510	1847
1510	1849
1510	1873
1510	1875
1511	1512
1512	1513
1512	1537
1512	1539
1512	1849
1512	1851
1512	1875
1512	1877
1513	1514
1514	1515
1514	1539
1514	1541
1514	1851
1514	1853
1514	1877
1514	1879
1515	1516
1516	1517
1516	1541
1516	1543
1516	1853
1516	1855
1516	1879
1516	1881
1517	1518
1518	1519
1518	1543
1518	1545
1518	1855
1518	1857
1518	1881
1518	1883
1519	1520
1520	1521
1520	1545
1520	1547
1520	1857
1520	1859
1520	1883
1520	1885
1521	1522
1522	1523
1522	1547
1522	1549
1522	1859
1522	1861
1522	1885
1522	1887
1523	1524
1524	1525
1524	1549
1524	1551
1524	1861
1524	1863
1524	1887
1524	1889
1525	1526
1526	1527
1526	1551
1526	1553
1526	1863
1526	1865
1526	1889
1526	1891
1527	1528
1528	1529
1528	1553
1528	1555
1528	1865
1528	1867
1528	1891
1528	1893
1529	1530
1530	1531
1530	1555
1530	1557
1530	1867
1530	1869
1530	1893
1530	1895
1531	1532
1532	1533
1532	1557
1532	1559
1532	1869
1532	1871
1532	1895
1532	1897
1533	1534
1534	1559
1534	1871
1534	1897
1535	1536
1536	1537
1536	1561
1536	1563
1536	1873
1536	1875
1536	1899
1536	1901
1537	1538
1538	1539
1538	1563
1538	1565
1538	1875
1538	1877
1538	1901
1538	1903
1539	1540
1540	1541
1540	1565
1540	1567
1540	1877
1540	1879
1540	1903
1540	1905
1541	1542
1542	1543
1542	1567
1542	1569
1542	1879
1542	1881
1542	1905
1542	1907
1543	1544
1544	1545
1544	1569
1544	1571
1544	1881
1544	1883
1544	1907
1544	1909
1545	1546
1546	1547
1546	1571
1546	1573
1546	1883
1546	1885
1546	1909
1546	1911
1547	1548
1548	1549
1548	1573
1548	1575
1548	1885
1548	1887
1548	1911
1548	1913
1549	1550
1550	1551
1550	1575
1550	1577
1550	1887
1550	1889
1550	1913
1550	1915
1551	1552
1552	1553
1552	1577
1552	1579
1552	1889
1552	1891
1552	1915
1552	1917
1553	1554
1554	1555
1554	1579
1554	1581
1554	1891
1554	1893
1554	1917
1554	1919
1555	1556
1556	1557
1556	1581
1556	1583
1556	1893
1556	1895
1556	1919
1556	1921
1557	1558
1558	1559
1558	1583
1558	1585
1558	1895
1558	1897
1558	1921
1558	1923
1559	1560
1560	1585
1560	1897
1560	1923
1561	1562
1562	1563
1562	1587
1562	1589
1562	1899
1562	1901
1562	1925
1562	1927
1563	1564
1564	1565
1564	1589
1564	1591
1564	1901
1564	1903
1564	1927
1564	1929
1565	1566
1566	1567
1566	1591
1566	1593
1566	1903
1566	1905
1566	1929
1566	1931
1567	1568
1568	1569
1568	1593
1568	1595
1568	1905
1568	1907
1568	1931
1568	1933
1569	1570
1570	1571
1570	1595
1570	1597
1570	1907
1570	1909
1570	1933
1570	1935
1571	1572
1572	1573
1572	1597
1572	1599
1572	1909
1572	1911
1572	1935
1572	1937
1573	1574
1574	1575
1574	1599
1574	1601
1574	1911
1574	1913
1574	1937
1574	1939
1575	1576
1576	1577
1576	1601
1576	1603
1576	1913
1576	1915
1576	1939
1576	1941
1577	1578
1578	1579
1578	1603
1578	1605
1578	1915
1578	1917
1578	1941
1578	1943
1579	1580
1580	1581
1580	1605
1580	1607
1580	1917
1580	1919
1580	1943
1580	1945
1581	1582
1582	1583
1582	1607
1582	1609
1582	1919
1582	1921
1582	1945
1582	1947
1583	1584
1584	1585
1584	1609
1584	1611
1584	1921
1584	1923
1584	1947
1584	1949
1585	1586
1586	1611
1586	1923
1586	1949
1587	1588
1588	1589
1588	1613
1588	1615
1588	1925
1588	1927
1588	1951
1588	1953
1589	1590
1590	1591
1590	1615
1590	1617
1590	1927
1590	1929
1590	1953
1590	1955
1591	1592
1592	1593
1592	1617
1592	1619
1592	1929
1592	1931
1592	1955
1592	1957
1593	1594
1594	1595
1594	1619
1594	1621
1594	1931
1594	1933
1594	1957
1594	1959
1595	1596
1596	1597
1596	1621
1596	1623
1596	1933
1596	1935
1596	1959
1596	1961
1597	1598
1598	1599
1598	1623
1598	1625
1598	1935
1598	1937
1598	1961
1598	1963
1599	1600
1600	1601
1600	1625
1600	1627
1600	1937
1600	1939
1600	1963
1600	1965
1601	1602
1602	1603
1602	1627
1602	1629
1602	1939
1602	1941
1602	1965
1602	1967
1603	1604
1604	1605
1604	1629
1604	1631
1604	1941
1604	1943
1604	1967
1604	1969
1605	1606
1606	1607
1606	1631
1606	1633
1606	1943
1606	1945
1606	1969
1606	1971
1607	1608
1608	1609
1608	1633
1608	1635
1608	1945
1608	1947
1608	1971
1608	1973
1609	1610
1610	1611
1610	1635
1610	1637
1610	1947
1610	1949
1610	1973
1610	1975
1611	1612
1612	1637
1612	1949
1612	1975
1613	1614
1614	1615
1614	1639
1614	1641
1614	1951
1614	1953
1614	1977
1614	1979
1615	1616
1616	1617
1616	1641
1616	1643
1616	1953
1616	1955
1616	1979
1616	1981
1617	1618
1618	1619
1618	1643
1618	1645
1618	1955
1618	1957
1618	1981
1618	1983
1619	1620
1620	1621
1620	1645
1620	1647
1620	1957
1620	1959
1620	1983
1620	1985
1621	1622
1622	1623
1622	1647
1622	1649
1622	1959
1622	1961
1622	1985
1622	1987
1623	1624
1624	1625
1624	1649
1624	1651
1624	1961
1624	1963
1624	1987
1624	1989
1625	1626
1626	1627
1626	1651
1626	1653
1626	1963
1626	1965
1626	1989
1626	1991
1627	1628
1628	1629
1628	1653
1628	1655
1628	1965
1628	1967
1628	1991
1628	1993
1629	1630
1630	1631
1630	1655
1630	1657
1630	1967
1630	1969
1630	1993
1630	1995
1631	1632
1632	1633
1632	1657
1632	1659
1632	1969
1632	1971
1632	1995
1632	1997
1633	1634
1634	1635
1634	1659
1634	1661
1634	1971
1634	1973
1634	1997
1634	1999
1635	1636
1636	1637
1636	1661
1636	1663
1636	1973
1636	1975
1636	1999
1636	2001
1637	1638
1638	1663
1638	1975
1638	2001
1639	1640
1640	1641
1640	1665
1640	1667
1640	1977
1640	1979
1640	2003
1640	2005
1641	1642
1642	1643
1642	1667
1642	1669
1642	1979
1642	1981
1642	2005
1642	2007
1643	1644
1644	1645
1644	1669
1644	1671
1644	1981
1644	1983
1644	2007
1644	2009
1645	1646
1646	1647
1646	1671
1646	1673
1646	1983
1646	1985
1646	2009
1646	2011
1647	1648
1648	1649
1648	1673
1648	1675
1648	1985
1648	1987
1648	2011
1648	2013
1649	1650
1650	1651
1650	1675
1650	1677
1650	1987
1650	1989
1650	2013
1650	2015
1651	1652
1652	1653
1652	1677
1652	1679
1652	1989
1652	1991
1652	2015
1652	2017
1653	1654
1654	1655
1654	1679
1654	1681
1654	1991
1654	1993
1654	2017
1654	2019
1655	1656
1656	1657
1656	1681
1656	1683
1656	1993
1656	1995
1656	2019
1656	2021
1657	1658
1658	1659
1658	1683
1658	1685
1658	1995
1658	1997
1658	2021
1658	2023
1659	1660
1660	1661
1660	1685
1660	1687
1660	1997
1660	1999
1660	2023
1660	2025
1661	1662
1662	1663
1662	1687
1662	1689
1662	1999
1662	2001
1662	2025
1662	2027
1663	1664
1664	1689
1664	2001
1664	2027
1665	1666
1666	1667
1666	2003
1666	2005
1667	1668
1668	1669
1668	2005
1668	2007
1669	1670
1670	1671
1670	2007
1670	2009
1671	1672
1672	1673
1672	2009
1672	2011
1673	1674
1674	1675
1674	2011
1674	2013
1675	1676
1676	1677
1676	2013
1676	2015
1677	1678
1678	1679
1678	2015
1678	2017
1679	1680
1680	1681
1680	2017
1680	2019
1681	1682
1682	1683
1682	2019
1682	2021
1683	1684
1684	1685
1684	2021
1684	2023
1685	1686
1686	1687
1686	2023
1686	2025
1687	1688
1688	1689
1688	2025
1688	2027
1689	1690
1690	2027
1691	1692
1692	1693
1692	1717
1692	1719
1692	2029
1692	2031
1692	2055
1692	2057
1693	1694
1694	1695
1694	1719
1694	1721
1694	2031
1694	2033
1694	2057
1694	2059
1695	1696
1696	1697
1696	1721
1696	1723
1696	2033
1696	2035
1696	2059
1696	2061
1697	1698
1698	1699
1698	1723
1698	1725
1698	2035
1698	2037
1698	2061
1698	2063
1699	1700
1700	1701
1700	1725
1700	1727
1700	2037
1700	2039
1700	2063
1700	2065
1701	1702
1702	1703
1702	1727
1702	1729
1702	2039
1702	2041
1702	2065
1702	2067
1703	1704
1704	1705
1704	1729
1704	1731
1704	2041
1704	2043
1704	2067
1704	2069
1705	1706
1706	1707
1706	1731
1706	1733
1706	2043
1706	2045
1706	2069
1706	2071
1707	1708
1708	1709
1708	1733
1708	1735
1708	2045
1708	2047
1708	2071
1708	2073
1709	1710
1710	1711
1710	1735
1710	1737
1710	2047
1710	2049
1710	2073
1710	2075
1711	1712
1712	1713
1712	1737
1712	1739
1712	2049
1712	2051
1712	2075
1712	2077
1713	1714
1714	1715
1714	1739
1714	1741
1714	2051
1714	2053
1714	2077
1714	2079
1715	1716
1716	1741
1716	2053
1716	2079
1717	1718
1718	1719
1718	1743
1718	1745
1718	2055
1718	2057
1718	2081
1718	2083
1719	1720
1720	1721
1720	1745
1720	1747
1720	2057
1720	2059
1720	2083
1720	2085
1721	1722
1722	1723
1722	1747
1722	1749
1722	2059
1722	2061
1722	2085
1722	2087
1723	1724
1724	1725
1724	1749
1724	1751
1724	2061
1724	2063
1724	2087
1724	2089
1725	1726
1726	1727
1726	1751
1726	1753
1726	2063
1726	2065
1726	2089
1726	2091
1727	1728
1728	1729
1728	1753
1728	1755
1728	2065
1728	2067
1728	2091
1728	2093
1729	1730
1730	1731
1730	1755
1730	1757
1730	2067
1730	2069
1730	2093
1730	2095
1731	1732
1732	1733
1732	1757
1732	1759
1732	2069
1732	2071
1732	2095
1732	2097
1733	1734
1734	1735
1734	1759
1734	1761
1734	2071
1734	2073
1734	2097
1734	2099
1735	1736
1736	1737
1736	1761
1736	1763
1736	2073
1736	2075
1736	2099
1736	2101
1737	1738
1738	1739
1738	1763
1738	1765
1738	2075
1738	2077
1738	2101
1738	2103
1739	1740
1740	1741
1740	1765
1740	1767
1740	2077
1740	2079
1740	2103
1740	2105
1741	1742
1742	1767
1742	2079
1742	2105
1743	1744
1744	1745
1744	1769
1744	1771
1744	2081
1744	2083
1744	2107
1744	2109
1745	1746
1746	1747
1746	1771
1746	1773
1746	2083
1746	2085
1746	2109
1746	2111
1747	1748
1748	1749
1748	1773
1748	1775
1748	2085
1748	2087
1748	2111
1748	2113
1749	1750
1750	1751
1750	1775
1750	1777
1750	2087
1750	2089
1750	2113
1750	2115
1751	1752
1752	1753
1752	1777
1752	1779
1752	2089
1752	2091
1752	2115
1752	2117
1753	1754
1754	1755
1754	1779
1754	1781
1754	2091
1754	2093
1754	2117
1754	2119
1755	1756
1756	1757
1756	1781
1756	1783
1756	2093
1756	2095
1756	2119
1756	2121
1757	1758
1758	1759
1758	1783
1758	1785
1758	2095
1758	2097
1758	2121
1758	2123
1759	1760
1760	1761
1760	1785
1760	1787
1760	2097
1760	2099
1760	2123
1760	2125
1761	1762
1762	1763
1762	1787
1762	1789
1762	2099
1762	2101
1762	2125
1762	2127
1763	1764
1764	1765
1764	1789
1764	1791
1764	2101
1764	2103
1764	2127
1764	2129
1765	1766
1766	1767
1766	1791
1766	1793
1766	2103
1766	2105
1766	2129
1766	2131
1767	1768
1768	1793
1768	2105
1768	2131
1769	1770
1770	1771
1770	1795
1770	1797
1770	2107
1770	2109
1770	2133
1770	2135
1771	1772
1772	1773
1772	1797
1772	1799
1772	2109
1772	2111
1772	2135
1772	2137
1773	1774
1774	1775
1774	1799
1774	1801
1774	2111
1774	2113
1774	2137
1774	2139
1775	1776
1776	1777
1776	1801
1776	1803
1776	2113
1776	2115
1776	2139
1776	2141
1777	1778
1778	1779
1778	1803
1778	1805
1778	2115
1778	2117
1778	2141
1778	2143
1779	1780
1780	1781
1780	1805
1780	1807
1780	2117
1780	2119
1780	2143
1780	2145
1781	1782
1782	1783
1782	1807
1782	1809
1782	2119
1782	2121
1782	2145
1782	2147
1783	1784
1784	1785
1784	1809
1784	1811
1784	2121
1784	2123
1784	2147
1784	2149
1785	1786
1786	1787
1786	1811
1786	1813
1786	2123
1786	2125
1786	2149
1786	2151
1787	1788
1788	1789
1788	1813
1788	1815
1788	2125
1788	2127
1788	2151
1788	2153
1789	1790
1790	1791
1790	1815
1790	1817
1790	2127
1790	2129
1790	2153
1790	2155
1791	1792
1792	1793
1792	1817
1792	1819
1792	2129
1792	2131
1792	2155
1792	2157
1793	1794
1794	1819
1794	2131
1794	2157
1795	1796
1796	1797
1796	1821
1796	1823
1796	2133
1796	2135
1796	2159
1796	2161
1797	1798
1798	1799
1798	1823
1798	1825
1798	2135
1798	2137
1798	2161
1798	2163
1799	1800
1800	1801
1800	1825
1800	1827
1800	2137
1800	2139
1800	2163
1800	2165
1801	1802
1802	1803
1802	1827
1802	1829
1802	2139
1802	2141
1802	2165
1802	2167
1803	1804
1804	1805
1804	1829
1804	1831
1804	2141
1804	2143
1804	2167
1804	2169
1805	1806
1806	1807
1806	1831
1806	1833
1806	2143
1806	2145
1806	2169
1806	2171
1807	1808
1808	1809
1808	1833
1808	1835
1808	2145
1808	2147
1808	2171
1808	2173
1809	1810
1810	1811
1810	1835
1810	1837
1810	2147
1810	2149
1810	2173
1810	2175
1811	1812
1812	1813
1812	1837
1812	1839
1812	2149
1812	2151
1812	2175
1812	2177
1813	1814
1814	1815
1814	1839
1814	1841
1814	2151
1814	2153
1814	2177
1814	2179
1815	1816
1816	1817
1816	1841
1816	1843
1816	2153
1816	2155
1816	2179
1816	2181
1817	1818
1818	1819
1818	1843
1818	1845
1818	2155
1818	2157
1818	2181
1818	2183
1819	1820
1820	1845
1820	2157
1820	2183
1821	1822
1822	1823
1822	1847
1822	1849
1822	2159
1822	2161
1822	2185
1822	2187
1823	1824
1824	1825
1824	1849
1824	1851
1824	2161
1824	2163
1824	2187
1824	2189
1825	1826
1826	1827
1826	1851
1826	1853
1826	2163
1826	2165
1826	2189
1826	2191
1827	1828
1828	1829
1828	1853
1828	1855
1828	2165
1828	2167
1828	2191
1828	2193
1829	1830
1830	1831
1830	1855
1830	1857
1830	2167
1830	2169
1830	2193
1830	2195
1831	1832
1832	1833
1832	1857
1832	1859
1832	2169
1832	2171
1832	2195
1832	2197
1833	1834
1834	1835
1834	1859
1834	1861
1834	2171
1834	2173
1834	2197
1834	2199
1835	1836
1836	1837
1836	1861
1836	1863
1836	2173
1836	2175
1836	2199
1836	2201
1837	1838
1838	1839
1838	1863
1838	1865
1838	2175
1838	2177
1838	2201
1838	2203
1839	1840
1840	1841
1840	1865
1840	1867
1840	2177
1840	2179
1840	2203
1840	2205
1841	1842
1842	1843
1842	1867
1842	1869
1842	2179
1842	2181
1842	2205
1842	2207
1843	1844
1844	1845
1844	1869
1844	1871
1844	2181
1844	2183
1844	2207
1844	2209
1845	1846
1846	1871
1846	2183
1846	2209
1847	1848
1848	1849
1848	1873
1848	1875
1848	2185
1848	2187
1848	2211
1848	2213
1849	1850
1850	1851
1850	1875
1850	1877
1850	2187
1850	2189
1850	2213
1850	2215
1851	1852
1852	1853
1852	1877
1852	1879
1852	2189
1852	2191
1852	2215
1852	2217
1853	1854
1854	1855
1854	1879
1854	1881
1854	2191
1854	2193
1854	2217
1854	2219
1855	1856
1856	1857
1856	1881
1856	1883
1856	2193
1856	2195
1856	2219
1856	2221
1857	1858
1858	1859
1858	1883
1858	1885
1858	2195
1858	2197
1858	2221
1858	2223
1859	1860
1860	1861
1860	1885
1860	1887
1860	2197
1860	2199
1860	2223
1860	2225
1861	1862
1862	1863
1862	1887
1862	1889
1862	2199
1862	2201
1862	2225
1862	2227
1863	1864
1864	1865
1864	1889
1864	1891
1864	2201
1864	2203
1864	2227
1864	2229
1865	1866
1866	1867
1866	1891
1866	1893
1866	2203
1866	2205
1866	2229
1866	2231
1867	1868
1868	1869
1868	1893
1868	1895
1868	2205
1868	2207
1868	2231
1868	2233
1869	1870
1870	1871
1870	1895
1870	1897
1870	2207
1870	2209
1870	2233
1870	2235
1871	1872
1872	1897
1872	2209
1872	2235
1873	1874
1874	1875
1874	1899
1874	1901
1874	2211
1874	2213
1874	2237
1874	2239
1875	1876
1876	1877
1876	1901
1876	1903
1876	2213
1876	2215
1876	2239
1876	2241
1877	1878
1878	1879
1878	1903
1878	1905
1878	2215
1878	2217
1878	2241
1878	2243
1879	1880
1880	1881
1880	1905
1880	1907
1880	2217
1880	2219
1880	2243
1880	2245
1881	1882
1882	1883
1882	1907
1882	1909
1882	2219
1882	2221
1882	2245
1882	2247
1883	1884
1884	1885
1884	1909
1884	1911
1884	2221
1884	2223
1884	2247
1884	2249
1885	1886
1886	1887
1886	1911
1886	1913
1886	2223
1886	2225
1886	2249
1886	2251
1887	1888
1888	1889
1888	1913
1888	1915
1888	2225
1888	2227
1888	2251
1888	2253
1889	1890
1890	1891
1890	1915
1890	1917
1890	2227
1890	2229
1890	2253
1890	2255
1891	1892
1892	1893
1892	1917
1892	1919
1892	2229
1892	2231
1892	2255
1892	2257
1893	1894
1894	1895
1894	1919
1894	1921
1894	2231
1894	2233
1894	2257
1894	2259
1895	1896
1896	1897
1896	1921
1896	1923
1896	2233
1896	2235
1896	2259
1896	2261
1897	1898
1898	1923
1898	2235
1898	2261
1899	1900
1900	1901
1900	1925
1900	1927
1900	2237
1900	2239
1900	2263
1900	2265
1901	1902
1902	1903
1902	1927
1902	1929
1902	2239
1902	2241
1902	2265
1902	2267
1903	1904
1904	1905
1904	1929
1904	1931
1904	2241
1904	2243
1904	2267
1904	2269
1905	1906
1906	1907
1906	1931
1906	1933
1906	2243
1906	2245
1906	2269
1906	2271
1907	1908
1908	1909
1908	1933
1908	1935
1908	2245
1908	2247
1908	2271
1908	2273
1909	1910
1910	1911
1910	1935
1910	1937
1910	2247
1910	2249
1910	2273
1910	2275
1911	1912
1912	1913
1912	1937
1912	1939
1912	2249
1912	2251
1912	2275
1912	2277
1913	1914
1914	1915
1914	1939
1914	1941
1914	2251
1914	2253
1914	2277
1914	2279
1915	1916
1916	1917
1916	1941
1916	1943
1916	2253
1916	2255
1916	2279
1916	2281
1917	1918
1918	1919
1918	1943
1918	1945
1918	2255
1918	2257
1918	2281
1918	2283
1919	1920
1920	1921
1920	1945
1920	1947
1920	2257
1920	2259
1920	2283
1920	2285
1921	1922
1922	1923
1922	1947
1922	1949
1922	2259
1922	2261
1922	2285
1922	2287
1923	1924
1924	1949
1924	2261
1924	2287
1925	1926
1926	1927
1926	1951
1926	1953
1926	2263
1926	2265
1926	2289
1926	2291
1927	1928
1928	1929
1928	1953
1928	1955
1928	2265
1928	2267
1928	2291
1928	2293
1929	1930
1930	1931
1930	1955
1930	1957
1930	2267
1930	2269
1930	2293
1930	2295
1931	1932
1932	1933
1932	1957
1932	1959
1932	2269
1932	2271
1932	2295
1932	2297
1933	1934
1934	1935
1934	1959
1934	1961
1934	2271
1934	2273
1934	2297
1934	2299
1935	1936
1936	1937
1936	1961
1936	1963
1936	2273
1936	2275
1936	2299
1936	2301
1937	1938
1938	1939
1938	1963
1938	1965
1938	2275
1938	2277
1938	2301
1938	2303
1939	1940
1940	1941
1940	1965
1940	1967
1940	2277
1940	2279
1940	2303
1940	2305
1941	1942
1942	1943
1942	1967
1942	1969
1942	2279
1942	2281
1942	2305
1942	2307
1943	1944
1944	1945
1944	1969
1944	1971
1944	2281
1944	2283
1944	2307
1944	2309
1945	1946
1946	1947
1946	1971
1946	1973
1946	2283
1946	2285
1946	2309
1946	2311
1947	1948
1948	1949
1948	1973
1948	1975
1948	2285
1948	2287
1948	2311
1948	2313
1949	1950
1950	1975
1950	2287
1950	2313
1951	1952
1952	1953
1952	1977
1952	1979
1952	2289
1952	2291
1952	2315
1952	2317
1953	1954
1954	1955
1954	1979
1954	1981
1954	2291
1954	2293
1954	2317
1954	2319
1955	1956
1956	1957
1956	1981
1956	1983
1956	2293
1956	2295
1956	2319
1956	2321
1957	1958
1958	1959
1958	1983
1958	1985
1958	2295
1958	2297
1958	2321
1958	2323
1959	1960
1960	1961
1960	1985
1960	1987
1960	2297
1960	2299
1960	2323
1960	2325
1961	1962
1962	1963
1962	1987
1962	1989
1962	2299
1962	2301
1962	2325
1962	2327
1963	1964
1964	1965
1964	1989
1964	1991
1964	2301
1964	2303
1964	2327
1964	2329
1965	1966
1966	1967
1966	1991
1966	1993
1966	2303
1966	2305
1966	2329
1966	2331
1967	1968
1968	1969
1968	1993
1968	1995
1968	2305
1968	2307
1968	2331
1968	2333
1969	1970
1970	1971
1970	1995
1970	1997
1970	2307
1970	2309
1970	2333
1970	2335
1971	1972
1972	1973
1972	1997
1972	1999
1972	2309
1972	2311
1972	2335
1972	2337
1973	1974
1974	1975
1974	1999
1974	2001
1974	2311
1974	2313
1974	2337
1974	2339
1975	1976
1976	2001
1976	2313
1976	2339
1977	1978
1978	1979
1978	2003
1978	2005
1978	2315
1978	2317
1978	2341
1978	2343
1979	1980
1980	1981
1980	2005
1980	2007
1980	2317
1980	2319
1980	2343
1980	2345
1981	1982
1982	1983
1982	2007
1982	2009
1982	2319
1982	2321
1982	2345
1982	2347
1983	1984
1984	1985
1984	2009
1984	2011
1984	2321
1984	2323
1984	2347
1984	2349
1985	1986
1986	1987
1986	2011
1986	2013
1986	2323
1986	2325
1986	2349
1986	2351
1987	1988
1988	1989
1988	2013
1988	2015
1988	2325
1988	2327
1988	2351
1988	2353
1989	1990
1990	1991
1990	2015
1990	2017
1990	2327
1990	2329
1990	2353
1990	2355
1991	1992
1992	1993
1992	2017
1992	2019
1992	2329
1992	2331
1992	2355
1992	2357
1993	1994
1994	1995
1994	2019
1994	2021
1994	2331
1994	2333
1994	2357
1994	2359
1995	1996
1996	1997
1996	2021
1996	2023
1996	2333
1996	2335
1996	2359
1996	2361
1997	1998
1998	1999
1998	2023
1998	2025
1998	2335
1998	2337
1998	2361
1998	2363
1999	2000
2000	2001
2000	2025
2000	2027
2000	2337
2000	2339
2000	2363
2000	2365
2001	2002
2002	2027
2002	2339
2002	2365
2003	2004
2004	2005
2004	2341
2004	2343
2005	2006
2006	2007
2006	2343
2006	2345
2007	2008
2008	2009
2008	2345
2008	2347
2009	2010
2010	2011
2010	2347
2010	2349
2011	2012
2012	2013
2012	2349
2012	2351
2013	2014
2014	2015
2014	2351
2014	2353
2015	2016
2016	2017
2016	2353
2016	2355
2017	2018
2018	2019
2018	2355
2018	2357
2019	2020
2020	2021
2020	2357
2020	2359
2021	2022
2022	2023
2022	2359
2022	2361
2023	2024
2024	2025
2024	2361
2024	2363
2025	2026
2026	2027
2026	2363
2026	2365
2027	2028
2028	2365
2029	2030
2030	2031
2030	2055
2030	2057
2030	2367
2030	2369
2030	2393
2030	2395
2031	2032
2032	2033
2032	2057
2032	2059
2032	2369
2032	2371
2032	2395
2032	2397
2033	2034
2034	2035
2034	2059
2034	2061
2034	2371
2034	2373
2034	2397
2034	2399
2035	2036
2036	2037
2036	2061
2036	2063
2036	2373
2036	2375
2036	2399
2036	2401
2037	2038
2038	2039
2038	2063
2038	2065
2038	2375
2038	2377
2038	2401
2038	2403
2039	2040
2040	2041
2040	2065
2040	2067
2040	2377
2040	2379
2040	2403
2040	2405
2041	2042
2042	2043
2042	2067
2042	2069
2042	2379
2042	2381
2042	2405
2042	2407
2043	2044
2044	2045
2044	2069
2044	2071
2044	2381
2044	2383
2044	2407
2044	2409
2045	2046
2046	2047
2046	2071
2046	2073
2046	2383
2046	2385
2046	2409
2046	2411
2047	2048
2048	2049
2048	2073
2048	2075
2048	2385
2048	2387
2048	2411
2048	2413
2049	2050
2050	2051
2050	2075
2050	2077
2050	2387
2050	2389
2050	2413
2050	2415
2051	2052
2052	2053
2052	2077
2052	2079
2052	2389
2052	2391
2052	2415
2052	2417
2053	2054
2054	2079
2054	2391
2054	2417
2055	2056
2056	2057
2056	2081
2056	2083
2056	2393
2056	2395
2056	2419
2056	2421
2057	2058
2058	2059
2058	2083
2058	2085
2058	2395
2058	2397
2058	2421
2058	2423
2059	2060
2060	2061
2060	2085
2060	2087
2060	2397
2060	2399
2060	2423
2060	2425
2061	2062
2062	2063
2062	2087
2062	2089
2062	2399
2062	2401
2062	2425
2062	2427
2063	2064
2064	2065
2064	2089
2064	2091
2064	2401
2064	2403
2064	2427
2064	2429
2065	2066
2066	2067
2066	2091
2066	2093
2066	2403
2066	2405
2066	2429
2066	2431
2067	2068
2068	2069
2068	2093
2068	2095
2068	2405
2068	2407
2068	2431
2068	2433
2069	2070
2070	2071
2070	2095
2070	2097
2070	2407
2070	2409
2070	2433
2070	2435
2071	2072
2072	2073
2072	2097
2072	2099
2072	2409
2072	2411
2072	2435
2072	2437
2073	2074
2074	2075
2074	2099
2074	2101
2074	2411
2074	2413
2074	2437
2074	2439
2075	2076
2076	2077
2076	2101
2076	2103
2076	2413
2076	2415
2076	2439
2076	2441
2077	2078
2078	2079
2078	2103
2078	2105
2078	2415
2078	2417
2078	2441
2078	2443
2079	2080
2080	2105
2080	2417
2080	2443
2081	2082
2082	2083
2082	2107
2082	2109
2082	2419
2082	2421
2082	2445
2082	2447
2083	2084
2084	2085
2084	2109
2084	2111
2084	2421
2084	2423
2084	2447
2084	2449
2085	2086
2086	2087
2086	2111
2086	2113
2086	2423
2086	2425
2086	2449
2086	2451
2087	2088
2088	2089
2088	2113
2088	2115
2088	2425
2088	2427
2088	2451
2088	2453
2089	2090
2090	2091
2090	2115
2090	2117
2090	2427
2090	2429
2090	2453
2090	2455
2091	2092
2092	2093
2092	2117
2092	2119
2092	2429
2092	2431
2092	2455
2092	2457
2093	2094
2094	2095
2094	2119
2094	2121
2094	2431
2094	2433
2094	2457
2094	2459
2095	2096
2096	2097
2096	2121
2096	2123
2096	2433
2096	2435
2096	2459
2096	2461
2097	2098
2098	2099
2098	2123
2098	2125
2098	2435
2098	2437
2098	2461
2098	2463
2099	2100
2100	2101
2100	2125
2100	2127
2100	2437
2100	2439
2100	2463
2100	2465
2101	2102
2102	2103
2102	2127
2102	2129
2102	2439
2102	2441
2102	2465
2102	2467
2103	2104
2104	2105
2104	2129
2104	2131
2104	2441
2104	2443
2104	2467
2104	2469
2105	2106
2106	2131
2106	2443
2106	2469
2107	2108
2108	2109
2108	2133
2108	2135
2108	2445
2108	2447
2108	2471
2108	2473
2109	2110
2110	2111
2110	2135
2110	2137
2110	2447
2110	2449
2110	2473
2110	2475
2111	2112
2112	2113
2112	2137
2112	2139
2112	2449
2112	2451
2112	2475
2112	2477
2113	2114
2114	2115
2114	2139
2114	2141
2114	2451
2114	2453
2114	2477
2114	2479
2115	2116
2116	2117
2116	2141
2116	2143
2116	2453
2116	2455
2116	2479
2116	2481
2117	2118
2118	2119
2118	2143
2118	2145
2118	2455
2118	2457
2118	2481
2118	2483
2119	2120
2120	2121
2120	2145
2120	2147
2120	2457
2120	2459
2120	2483
2120	2485
2121	2122
2122	2123
2122	2147
2122	2149
2122	2459
2122	2461
2122	2485
2122	2487
2123	2124
2124	2125
2124	2149
2124	2151
2124	2461
2124	2463
2124	2487
2124	2489
2125	2126
2126	2127
2126	2151
2126	2153
2126	2463
2126	2465
2126	2489
2126	2491
2127	2128
2128	2129
2128	2153
2128	2155
2128	2465
2128	2467
2128	2491
2128	2493
2129	2130
2130	2131
2130	2155
2130	2157
2130	2467
2130	2469
2130	2493
2130	2495
2131	2132
2132	2157
2132	2469
2132	2495
2133	2134
2134	2135
2134	2159
2134	2161
2134	2471
2134	2473
2134	2497
2134	2499
2135	2136
2136	2137
2136	2161
2136	2163
2136	2473
2136	2475
2136	2499
2136	2501
2137	2138
2138	2139
2138	2163
2138	2165
2138	2475
2138	2477
2138	2501
2138	2503
2139	2140
2140	2141
2140	2165
2140	2167
2140	2477
2140	2479
2140	2503
2140	2505
2141	2142
2142	2143
2142	2167
2142	2169
2142	2479
2142	2481
2142	2505
2142	2507
2143	2144
2144	2145
2144	2169
2144	2171
2144	2481
2144	2483
2144	2507
2144	2509
2145	2146
2146	2147
2146	2171
2146	2173
2146	2483
2146	2485
2146	2509
2146	2511
2147	2148
2148	2149
2148	2173
2148	2175
2148	2485
2148	2487
2148	2511
2148	2513
2149	2150
2150	2151
2150	2175
2150	2177
2150	2487
2150	2489
2150	2513
2150	2515
2151	2152
2152	2153
2152	2177
2152	2179
2152	2489
2152	2491
2152	2515
2152	2517
2153	2154
2154	2155
2154	2179
2154	2181
2154	2491
2154	2493
2154	2517
2154	2519
2155	2156
2156	2157
2156	2181
2156	2183
2156	2493
2156	2495
2156	2519
2156	2521
2157	2158
2158	2183
2158	2495
2158	2521
2159	2160
2160	2161
2160	2185
2160	2187
2160	2497
2160	2499
2160	2523
2160	2525
2161	2162
2162	2163
2162	2187
2162	2189
2162	2499
2162	2501
2162	2525
2162	2527
2163	2164
2164	2165
2164	2189
2164	2191
2164	2501
2164	2503
2164	2527
2164	2529
2165	2166
2166	2167
2166	2191
2166	2193
2166	2503
2166	2505
2166	2529
2166	2531
2167	2168
2168	2169
2168	2193
2168	2195
2168	2505
2168	2507
2168	2531
2168	2533
2169	2170
2170	2171
2170	2195
2170	2197
2170	2507
2170	2509
2170	2533
2170	2535
2171	2172
2172	2173
2172	2197
2172	2199
2172	2509
2172	2511
2172	2535
2172	2537
2173	2174
2174	2175
2174	2199
2174	2201
2174	2511
2174	2513
2174	2537
2174	2539
2175	2176
2176	2177
2176	2201
2176	2203
2176	2513
2176	2515
2176	2539
2176	2541
2177	2178
2178	2179
2178	2203
2178	2205
2178	2515
2178	2517
2178	2541
2178	2543
2179	2180
2180	2181
2180	2205
2180	2207
2180	2517
2180	2519
2180	2543
2180	2545
2181	2182
2182	2183
2182	2207
2182	2209
2182	2519
2182	2521
2182	2545
2182	2547
2183	2184
2184	2209
2184	2521
2184	2547
2185	2186
2186	2187
2186	2211
2186	2213
2186	2523
2186	2525
2186	2549
2186	2551
2187	2188
2188	2189
2188	2213
2188	2215
2188	2525
2188	2527
2188	2551
2188	2553
2189	2190
2190	2191
2190	2215
2190	2217
2190	2527
2190	2529
2190	2553
2190	2555
2191	2192
2192	2193
2192	2217
2192	2219
2192	2529
2192	2531
2192	2555
2192	2557
2193	2194
2194	2195
2194	2219
2194	2221
2194	2531
2194	2533
2194	2557
2194	2559
2195	2196
2196	2197
2196	2221
2196	2223
2196	2533
2196	2535
2196	2559
2196	2561
2197	2198
2198	2199
2198	2223
2198	2225
2198	2535
2198	2537
2198	2561
2198	2563
2199	2200
2200	2201
2200	2225
2200	2227
2200	2537
2200	2539
2200	2563
2200	2565
2201	2202
2202	2203
2202	2227
2202	2229
2202	2539
2202	2541
2202	2565
2202	2567
2203	2204
2204	2205
2204	2229
2204	2231
2204	2541
2204	2543
2204	2567
2204	2569
2205	2206
2206	2207
2206	2231
2206	2233
2206	2543
2206	2545
2206	2569
2206	2571
2207	2208
2208	2209
2208	2233
2208	2235
2208	2545
2208	2547
2208	2571
2208	2573
2209	2210
2210	2235
2210	2547
2210	2573
2211	2212
2212	2213
2212	2237
2212	2239
2212	2549
2212	2551
2212	2575
2212	2577
2213	2214
2214	2215
2214	2239
2214	2241
2214	2551
2214	2553
2214	2577
2214	2579
2215	2216
2216	2217
2216	2241
2216	2243
2216	2553
2216	2555
2216	2579
2216	2581
2217	2218
2218	2219
2218	2243
2218	2245
2218	2555
2218	2557
2218	2581
2218	2583
2219	2220
2220	2221
2220	2245
2220	2247
2220	2557
2220	2559
2220	2583
2220	2585
2221	2222
2222	2223
2222	2247
2222	2249
2222	2559
2222	2561
2222	2585
2222	2587
2223	2224
2224	2225
2224	2249
2224	2251
2224	2561
2224	2563
2224	2587
2224	2589
2225	2226
2226	2227
2226	2251
2226	2253
2226	2563
2226	2565
2226	2589
2226	2591
2227	2228
2228	2229
2228	2253
2228	2255
2228	2565
2228	2567
2228	2591
2228	2593
2229	2230
2230	2231
2230	2255
2230	2257
2230	2567
2230	2569
2230	2593
2230	2595
2231	2232
2232	2233
2232	2257
2232	2259
2232	2569
2232	2571
2232	2595
2232	2597
2233	2234
2234	2235
2234	2259
2234	2261
2234	2571
2234	2573
2234	2597
2234	2599
2235	2236
2236	2261
2236	2573
2236	2599
2237	2238
2238	2239
2238	2263
2238	2265
2238	2575
2238	2577
2238	2601
2238	2603
2239	2240
2240	2241
2240	2265
2240	2267
2240	2577
2240	2579
2240	2603
2240	2605
2241	2242
2242	2243
2242	2267
2242	2269
2242	2579
2242	2581
2242	2605
2242	2607
2243	2244
2244	2245
2244	2269
2244	2271
2244	2581
2244	2583
2244	2607
2244	2609
2245	2246
2246	2247
2246	2271
2246	2273
2246	2583
2246	2585
2246	2609
2246	2611
2247	2248
2248	2249
2248	2273
2248	2275
2248	2585
2248	2587
2248	2611
2248	2613
2249	2250
2250	2251
2250	2275
2250	2277
2250	2587
2250	2589
2250	2613
2250	2615
2251	2252
2252	2253
2252	2277
2252	2279
2252	2589
2252	2591
2252	2615
2252	2617
2253	2254
2254	2255
2254	2279
2254	2281
2254	2591
2254	2593
2254	2617
2254	2619
2255	2256
2256	2257
2256	2281
2256	2283
2256	2593
2256	2595
2256	2619
2256	2621
2257	2258
2258	2259
2258	2283
2258	2285
2258	2595
2258	2597
2258	2621
2258	2623
2259	2260
2260	2261
2260	2285
2260	2287
2260	2597
2260	2599
2260	2623
2260	2625
2261	2262
2262	2287
2262	2599
2262	2625
2263	2264
2264	2265
2264	2289
2264	2291
2264	2601
2264	2603
2264	2627
2264	2629
2265	2266
2266	2267
2266	2291
2266	2293
2266	2603
2266	2605
2266	2629
2266	2631
2267	2268
2268	2269
2268	2293
2268	2295
2268	2605
2268	2607
2268	2631
2268	2633
2269	2270
2270	2271
2270	2295
2270	2297
2270	2607
2270	2609
2270	2633
2270	2635
2271	2272
2272	2273
2272	2297
2272	2299
2272	2609
2272	2611
2272	2635
2272	2637
2273	2274
2274	2275
2274	2299
2274	2301
2274	2611
2274	2613
2274	2637
2274	2639
2275	2276
2276	2277
2276	2301
2276	2303
2276	2613
2276	2615
2276	2639
2276	2641
2277	2278
2278	2279
2278	2303
2278	2305
2278	2615
2278	2617
2278	2641
2278	2643
2279	2280
2280	2281
2280	2305
2280	2307
2280	2617
2280	2619
2280	2643
2280	2645
2281	2282
2282	2283
2282	2307
2282	2309
2282	2619
2282	2621
2282	2645
2282	2647
2283	2284
2284	2285
2284	2309
2284	2311
2284	2621
2284	2623
2284	2647
2284	2649
2285	2286
2286	2287
2286	2311
2286	2313
2286	2623
2286	2625
2286	2649
2286	2651
2287	2288
2288	2313
2288	2625
2288	2651
2289	2290
2290	2291
2290	2315
2290	2317
2290	2627
2290	2629
2290	2653
2290	2655
2291	2292
2292	2293
2292	2317
2292	2319
2292	2629
2292	2631
2292	2655
2292	2657
2293	2294
2294	2295
2294	2319
2294	2321
2294	2631
2294	2633
2294	2657
2294	2659
2295	2296
2296	2297
2296	2321
2296	2323
2296	2633
2296	2635
2296	2659
2296	2661
2297	2298
2298	2299
2298	2323
2298	2325
2298	2635
2298	2637
2298	2661
2298	2663
2299	2300
2300	2301
2300	2325
2300	2327
2300	2637
2300	2639
2300	2663
2300	2665
2301	2302
2302	2303
2302	2327
2302	2329
2302	2639
2302	2641
2302	2665
2302	2667
2303	2304
2304	2305
2304	2329
2304	2331
2304	2641
2304	2643
2304	2667
2304	2669
2305	2306
2306	2307
2306	2331
2306	2333
2306	2643
2306	2645
2306	2669
2306	2671
2307	2308
2308	2309
2308	2333
2308	2335
2308	2645
2308	2647
2308	2671
2308	2673
2309	2310
2310	2311
2310	2335
2310	2337
2310	2647
2310	2649
2310	2673
2310	2675
2311	2312
2312	2313
2312	2337
2312	2339
2312	2649
2312	2651
2312	2675
2312	2677
2313	2314
2314	2339
2314	2651
2314	2677
2315	2316
2316	2317
2316	2341
2316	2343
2316	2653
2316	2655
2316	2679
2316	2681
2317	2318
2318	2319
2318	2343
2318	2345
2318	2655
2318	2657
2318	2681
2318	2683
2319	2320
2320	2321
2320	2345
2320	2347
2320	2657
2320	2659
2320	2683
2320	2685
2321	2322
2322	2323
2322	2347
2322	2349
2322	2659
2322	2661
2322	2685
2322	2687
2323	2324
2324	2325
2324	2349
2324	2351
2324	2661
2324	2663
2324	2687
2324	2689
2325	2326
2326	2327
2326	2351
2326	2353
2326	2663
2326	2665
2326	2689
2326	2691
2327	2328
2328	2329
2328	2353
2328	2355
2328	2665
2328	2667
2328	2691
2328	2693
2329	2330
2330	2331
2330	2355
2330	2357
2330	2667
2330	2669
2330	2693
2330	2695
2331	2332
2332	2333
2332	2357
2332	2359
2332	2669
2332	2671
2332	2695
2332	2697
2333	2334
2334	2335
2334	2359
2334	2361
2334	2671
2334	2673
2334	2697
2334	2699
2335	2336
2336	2337
2336	2361
2336	2363
2336	2673
2336	2675
2336	2699
2336	2701
2337	2338
2338	2339
2338	2363
2338	2365
2338	2675
2338	2677
2338	2701
2338	2703
2339	2340
2340	2365
2340	2677
2340	2703
2341	2342
2342	2343
2342	2679
2342	2681
2343	2344
2344	2345
2344	2681
2344	2683
2345	2346
2346	2347
2346	2683
2346	2685
2347	2348
2348	2349
2348	2685
2348	2687
2349	2350
2350	2351
2350	2687
2350	2689
2351	2352
2352	2353
2352	2689
2352	2691
2353	2354
2354	2355
2354	2691
2354	2693
2355	2356
2356	2357
2356	2693
2356	2695
2357	2358
2358	2359
2358	2695
2358	2697
2359	2360
2360	2361
2360	2697
2360	2699
2361	2362
2362	2363
2362	2699
2362	2701
2363	2364
2364	2365
2364	2701
2364	2703
2365	2366
2366	2703
2367	2368
2368	2369
2368	2393
2368	2395
2368	2705
2368	2707
2368	2731
2368	2733
2369	2370
2370	2371
2370	2395
2370	2397
2370	2707
2370	2709
2370	2733
2370	2735
2371	2372
2372	2373
2372	2397
2372	2399
2372	2709
2372	2711
2372	2735
2372	2737
2373	2374
2374	2375
2374	2399
2374	2401
2374	2711
2374	2713
2374	2737
2374	2739
2375	2376
2376	2377
2376	2401
2376	2403
2376	2713
2376	2715
2376	2739
2376	2741
2377	2378
2378	2379
2378	2403
2378	2405
2378	2715
2378	2717
2378	2741
2378	2743
2379	2380
2380	2381
2380	2405
2380	2407
2380	2717
2380	2719
2380	2743
2380	2745
2381	2382
2382	2383
2382	2407
2382	2409
2382	2719
2382	2721
2382	2745
2382	2747
2383	2384
2384	2385
2384	2409
2384	2411
2384	2721
2384	2723
2384	2747
2384	2749
2385	2386
2386	2387
2386	2411
2386	2413
2386	2723
2386	2725
2386	2749
2386	2751
2387	2388
2388	2389
2388	2413
2388	2415
2388	2725
2388	2727
2388	2751
2388	2753
2389	2390
2390	2391
2390	2415
2390	2417
2390	2727
2390	2729
2390	2753
2390	2755
2391	2392
2392	2417
2392	2729
2392	2755
2393	2394
2394	2395
2394	2419
2394	2421
2394	2731
2394	2733
2394	2757
2394	2759
2395	2396
2396	2397
2396	2421
2396	2423
2396	2733
2396	2735
2396	2759
2396	2761
2397	2398
2398	2399
2398	2423
2398	2425
2398	2735
2398	2737
2398	2761
2398	2763
2399	2400
2400	2401
2400	2425
2400	2427
2400	2737
2400	2739
2400	2763
2400	2765
2401	2402
2402	2403
2402	2427
2402	2429
2402	2739
2402	2741
2402	2765
2402	2767
2403	2404
2404	2405
2404	2429
2404	2431
2404	2741
2404	2743
2404	2767
2404	2769
2405	2406
2406	2407
2406	2431
2406	2433
2406	2743
2406	2745
2406	2769
2406	2771
2407	2408
2408	2409
2408	2433
2408	2435
2408	2745
2408	2747
2408	2771
2408	2773
2409	2410
2410	2411
2410	2435
2410	2437
2410	2747
2410	2749
2410	2773
2410	2775
2411	2412
2412	2413
2412	2437
2412	2439
2412	2749
2412	2751
2412	2775
2412	2777
2413	2414
2414	2415
2414	2439
2414	2441
2414	2751
2414	2753
2414	2777
2414	2779
2415	2416
2416	2417
2416	2441
2416	2443
2416	2753
2416	2755
2416	2779
2416	2781
2417	2418
2418	2443
2418	2755
2418	2781
2419	2420
2420	2421
2420	2445
2420	2447
2420	2757
2420	2759
2420	2783
2420	2785
2421	2422
2422	2423
2422	2447
2422	2449
2422	2759
2422	2761
2422	2785
2422	2787
2423	2424
2424	2425
2424	2449
2424	2451
2424	2761
2424	2763
2424	2787
2424	2789
2425	2426
2426	2427
2426	2451
2426	2453
2426	2763
2426	2765
2426	2789
2426	2791
2427	2428
2428	2429
2428	2453
2428	2455
2428	2765
2428	2767
2428	2791
2428	2793
2429	2430
2430	2431
2430	2455
2430	2457
2430	2767
2430	2769
2430	2793
2430	2795
2431	2432
2432	2433
2432	2457
2432	2459
2432	2769
2432	2771
2432	2795
2432	2797
2433	2434
2434	2435
2434	2459
2434	2461
2434	2771
2434	2773
2434	2797
2434	2799
2435	2436
2436	2437
2436	2461
2436	2463
2436	2773
2436	2775
2436	2799
2436	2801
2437	2438
2438	2439
2438	2463
2438	2465
2438	2775
2438	2777
2438	2801
2438	2803
2439	2440
2440	2441
2440	2465
2440	2467
2440	2777
2440	2779
2440	2803
2440	2805
2441	2442
2442	2443
2442	2467
2442	2469
2442	2779
2442	2781
2442	2805
2442	2807
2443	2444
2444	2469
2444	2781
2444	2807
2445	2446
2446	2447
2446	2471
2446	2473
2446	2783
2446	2785
2446	2809
2446	2811
2447	2448
2448	2449
2448	2473
2448	2475
2448	2785
2448	2787
2448	2811
2448	2813
2449	2450
2450	2451
2450	2475
2450	2477
2450	2787
2450	2789
2450	2813
2450	2815
2451	2452
2452	2453
2452	2477
2452	2479
2452	2789
2452	2791
2452	2815
2452	2817
2453	2454
2454	2455
2454	2479
2454	2481
2454	2791
2454	2793
2454	2817
2454	2819
2455	2456
2456	2457
2456	2481
2456	2483
2456	2793
2456	2795
2456	2819
2456	2821
2457	2458
2458	2459
2458	2483
2458	2485
2458	2795
2458	2797
2458	2821
2458	2823
2459	2460
2460	2461
2460	2485
2460	2487
2460	2797
2460	2799
2460	2823
2460	2825
2461	2462
2462	2463
2462	2487
2462	2489
2462	2799
2462	2801
2462	2825
2462	2827
2463	2464
2464	2465
2464	2489
2464	2491
2464	2801
2464	2803
2464	2827
2464	2829
2465	2466
2466	2467
2466	2491
2466	2493
2466	2803
2466	2805
2466	2829
2466	2831
2467	2468
2468	2469
2468	2493
2468	2495
2468	2805
2468	2807
2468	2831
2468	2833
2469	2470
2470	2495
2470	2807
2470	2833
2471	2472
2472	2473
2472	2497
2472	2499
2472	2809
2472	2811
2472	2835
2472	2837
2473	2474
2474	2475
2474	2499
2474	2501
2474	2811
2474	2813
2474	2837
2474	2839
2475	2476
2476	2477
2476	2501
2476	2503
2476	2813
2476	2815
2476	2839
2476	2841
2477	2478
2478	2479
2478	2503
2478	2505
2478	2815
2478	2817
2478	2841
2478	2843
2479	2480
2480	2481
2480	2505
2480	2507
2480	2817
2480	2819
2480	2843
2480	2845
2481	2482
2482	2483
2482	2507
2482	2509
2482	2819
2482	2821
2482	2845
2482	2847
2483	2484
2484	2485
2484	2509
2484	2511
2484	2821
2484	2823
2484	2847
2484	2849
2485	2486
2486	2487
2486	2511
2486	2513
2486	2823
2486	2825
2486	2849
2486	2851
2487	2488
2488	2489
2488	2513
2488	2515
2488	2825
2488	2827
2488	2851
2488	2853
2489	2490
2490	2491
2490	2515
2490	2517
2490	2827
2490	2829
2490	2853
2490	2855
2491	2492
2492	2493
2492	2517
2492	2519
2492	2829
2492	2831
2492	2855
2492	2857
2493	2494
2494	2495
2494	2519
2494	2521
2494	2831
2494	2833
2494	2857
2494	2859
2495	2496
2496	2521
2496	2833
2496	2859
2497	2498
2498	2499
2498	2523
2498	2525
2498	2835
2498	2837
2498	2861
2498	2863
2499	2500
2500	2501
2500	2525
2500	2527
2500	2837
2500	2839
2500	2863
2500	2865
2501	2502
2502	2503
2502	2527
2502	2529
2502	2839
2502	2841
2502	2865
2502	2867
2503	2504
2504	2505
2504	2529
2504	2531
2504	2841
2504	2843
2504	2867
2504	2869
2505	2506
2506	2507
2506	2531
2506	2533
2506	2843
2506	2845
2506	2869
2506	2871
2507	2508
2508	2509
2508	2533
2508	2535
2508	2845
2508	2847
2508	2871
2508	2873
2509	2510
2510	2511
2510	2535
2510	2537
2510	2847
2510	2849
2510	2873
2510	2875
2511	2512
2512	2513
2512	2537
2512	2539
2512	2849
2512	2851
2512	2875
2512	2877
2513	2514
2514	2515
2514	2539
2514	2541
2514	2851
2514	2853
2514	2877
2514	2879
2515	2516
2516	2517
2516	2541
2516	2543
2516	2853
2516	2855
2516	2879
2516	2881
2517	2518
2518	2519
2518	2543
2518	2545
2518	2855
2518	2857
2518	2881
2518	2883
2519	2520
2520	2521
2520	2545
2520	2547
2520	2857
2520	2859
2520	2883
2520	2885
2521	2522
2522	2547
2522	2859
2522	2885
2523	2524
2524	2525
2524	2549
2524	2551
2524	2861
2524	2863
2524	2887
2524	2889
2525	2526
2526	2527
2526	2551
2526	2553
2526	2863
2526	2865
2526	2889
2526	2891
2527	2528
2528	2529
2528	2553
2528	2555
2528	2865
2528	2867
2528	2891
2528	2893
2529	2530
2530	2531
2530	2555
2530	2557
2530	2867
2530	2869
2530	2893
2530	2895
2531	2532
2532	2533
2532	2557
2532	2559
2532	2869
2532	2871
2532	2895
2532	2897
2533	2534
2534	2535
2534	2559
2534	2561
2534	2871
2534	2873
2534	2897
2534	2899
2535	2536
2536	2537
2536	2561
2536	2563
2536	2873
2536	2875
2536	2899
2536	2901
2537	2538
2538	2539
2538	2563
2538	2565
2538	2875
2538	2877
2538	2901
2538	2903
2539	2540
2540	2541
2540	2565
2540	2567
2540	2877
2540	2879
2540	2903
2540	2905
2541	2542
2542	2543
2542	2567
2542	2569
2542	2879
2542	2881
2542	2905
2542	2907
2543	2544
2544	2545
2544	2569
2544	2571
2544	2881
2544	2883
2544	2907
2544	2909
2545	2546
2546	2547
2546	2571
2546	2573
2546	2883
2546	2885
2546	2909
2546	2911
2547	2548
2548	2573
2548	2885
2548	2911
2549	2550
2550	2551
2550	2575
2550	2577
2550	2887
2550	2889
2550	2913
2550	2915
2551	2552
2552	2553
2552	2577
2552	2579
2552	2889
2552	2891
2552	2915
2552	2917
2553	2554
2554	2555
2554	2579
2554	2581
2554	2891
2554	2893
2554	2917
2554	2919
2555	2556
2556	2557
2556	2581
2556	2583
2556	2893
2556	2895
2556	2919
2556	2921
2557	2558
2558	2559
2558	2583
2558	2585
2558	2895
2558	2897
2558	2921
2558	2923
2559	2560
2560	2561
2560	2585
2560	2587
2560	2897
2560	2899
2560	2923
2560	2925
2561	2562
2562	2563
2562	2587
2562	2589
2562	2899
2562	2901
2562	2925
2562	2927
2563	2564
2564	2565
2564	2589
2564	2591
2564	2901
2564	2903
2564	2927
2564	2929
2565	2566
2566	2567
2566	2591
2566	2593
2566	2903
2566	2905
2566	2929
2566	2931
2567	2568
2568	2569
2568	2593
2568	2595
2568	2905
2568	2907
2568	2931
2568	2933
2569	2570
2570	2571
2570	2595
2570	2597
2570	2907
2570	2909
2570	2933
2570	2935
2571	2572
2572	2573
2572	2597
2572	2599
2572	2909
2572	2911
2572	2935
2572	2937
2573	2574
2574	2599
2574	2911
2574	2937
2575	2576
2576	2577
2576	2601
2576	2603
2576	2913
2576	2915
2576	2939
2576	2941
2577	2578
2578	2579
2578	2603
2578	2605
2578	2915
2578	2917
2578	2941
2578	2943
2579	2580
2580	2581
2580	2605
2580	2607
2580	2917
2580	2919
2580	2943
2580	2945
2581	2582
2582	2583
2582	2607
2582	2609
2582	2919
2582	2921
2582	2945
2582	2947
2583	2584
2584	2585
2584	2609
2584	2611
2584	2921
2584	2923
2584	2947
2584	2949
2585	2586
2586	2587
2586	2611
2586	2613
2586	2923
2586	2925
2586	2949
2586	2951
2587	2588
2588	2589
2588	2613
2588	2615
2588	2925
2588	2927
2588	2951
2588	2953
2589	2590
2590	2591
2590	2615
2590	2617
2590	2927
2590	2929
2590	2953
2590	2955
2591	2592
2592	2593
2592	2617
2592	2619
2592	2929
2592	2931
2592	2955
2592	2957
2593	2594
2594	2595
2594	2619
2594	2621
2594	2931
2594	2933
2594	2957
2594	2959
2595	2596
2596	2597
2596	2621
2596	2623
2596	2933
2596	2935
2596	2959
2596	2961
2597	2598
2598	2599
2598	2623
2598	2625
2598	2935
2598	2937
2598	2961
2598	2963
2599	2600
2600	2625
2600	2937
2600	2963
2601	2602
2602	2603
2602	2627
2602	2629
2602	2939
2602	2941
2602	2965
2602	2967
2603	2604
2604	2605
2604	2629
2604	2631
2604	2941
2604	2943
2604	2967
2604	2969
2605	2606
2606	2607
2606	2631
2606	2633
2606	2943
2606	2945
2606	2969
2606	2971
2607	2608
2608	2609
2608	2633
2608	2635
2608	2945
2608	2947
2608	2971
2608	2973
2609	2610
2610	2611
2610	2635
2610	2637
2610	2947
2610	2949
2610	2973
2610	2975
2611	2612
2612	2613
2612	2637
2612	2639
2612	2949
2612	2951
2612	2975
2612	2977
2613	2614
2614	2615
2614	2639
2614	2641
2614	2951
2614	2953
2614	2977
2614	2979
2615	2616
2616	2617
2616	2641
2616	2643
2616	2953
2616	2955
2616	2979
2616	2981
2617	2618
2618	2619
2618	2643
2618	2645
2618	2955
2618	2957
2618	2981
2618	2983
2619	2620
2620	2621
2620	2645
2620	2647
2620	2957
2620	2959
2620	2983
2620	2985
2621	2622
2622	2623
2622	2647
2622	2649
2622	2959
2622	2961
2622	2985
2622	2987
2623	2624
2624	2625
2624	2649
2624	2651
2624	2961
2624	2963
2624	2987
2624	2989
2625	2626
2626	2651
2626	2963
2626	2989
2627	2628
2628	2629
2628	2653
2628	2655
2628	2965
2628	2967
2628	2991
2628	2993
2629	2630
2630	2631
2630	2655
2630	2657
2630	2967
2630	2969
2630	2993
2630	2995
2631	2632
2632	2633
2632	2657
2632	2659
2632	2969
2632	2971
2632	2995
2632	2997
2633	2634
2634	2635
2634	2659
2634	2661
2634	2971
2634	2973
2634	2997
2634	2999
2635	2636
2636	2637
2636	2661
2636	2663
2636	2973
2636	2975
2636	2999
2636	3001
2637	2638
2638	2639
2638	2663
2638	2665
2638	2975
2638	2977
2638	3001
2638	3003
2639	2640
2640	2641
2640	2665
2640	2667
2640	2977
2640	2979
2640	3003
2640	3005
2641	2642
2642	2643
2642	2667
2642	2669
2642	2979
2642	2981
2642	3005
2642	3007
2643	2644
2644	2645
2644	2669
2644	2671
2644	2981
2644	2983
2644	3007
2644	3009
2645	2646
2646	2647
2646	2671
2646	2673
2646	2983
2646	2985
2646	3009
2646	3011
2647	2648
2648	2649
2648	2673
2648	2675
2648	2985
2648	2987
2648	3011
2648	3013
2649	2650
2650	2651
2650	2675
2650	2677
2650	2987
2650	2989
2650	3013
2650	3015
2651	2652
2652	2677
2652	2989
2652	3015
2653	2654
2654	2655
2654	2679
2654	2681
2654	2991
2654	2993
2654	3017
2654	3019
2655	2656
2656	2657
2656	2681
2656	2683
2656	2993
2656	2995
2656	3019
2656	3021
2657	2658
2658	2659
2658	2683
2658	2685
2658	2995
2658	2997
2658	3021
2658	3023
2659	2660
2660	2661
2660	2685
2660	2687
2660	2997
2660	2999
2660	3023
2660	3025
2661	2662
2662	2663
2662	2687
2662	2689
2662	2999
2662	3001
2662	3025
2662	3027
2663	2664
2664	2665
2664	2689
2664	2691
2664	3001
2664	3003
2664	3027
2664	3029
2665	2666
2666	2667
2666	2691
2666	2693
2666	3003
2666	3005
2666	3029
2666	3031
2667	2668
2668	2669
2668	2693
2668	2695
2668	3005
2668	3007
2668	3031
2668	3033
2669	2670
2670	2671
2670	2695
2670	2697
2670	3007
2670	3009
2670	3033
2670	3035
2671	2672
2672	2673
2672	2697
2672	2699
2672	3009
2672	3011
2672	3035
2672	3037
2673	2674
2674	2675
2674	2699
2674	2701
2674	3011
2674	3013
2674	3037
2674	3039
2675	2676
2676	2677
2676	2701
2676	2703
2676	3013
2676	3015
2676	3039
2676	3041
2677	2678
2678	2703
2678	3015
2678	3041
2679	2680
2680	2681
2680	3017
2680	3019
2681	2682
2682	2683
2682	3019
2682	3021
2683	2684
2684	2685
2684	3021
2684	3023
2685	2686
2686	2687
2686	3023
2686	3025
2687	2688
2688	2689
2688	3025
2688	3027
2689	2690
2690	2691
2690	3027
2690	3029
2691	2692
2692	2693
2692	3029
2692	3031
2693	2694
2694	2695
2694	3031
2694	3033
2695	2696
2696	2697
2696	3033
2696	3035
2697	2698
2698	2699
2698	3035
2698	3037
2699	2700
2700	2701
2700	3037
2700	3039
2701	2702
2702	2703
2702	3039
2702	3041
2703	2704
2704	3041
2705	2706
2706	2707
2706	2731
2706	2733
2706	3043
2706	3045
2706	3069
2706	3071
2707	2708
2708	2709
2708	2733
2708	2735
2708	3045
2708	3047
2708	3071
2708	3073
2709	2710
2710	2711
2710	2735
2710	2737
2710	3047
2710	3049
2710	3073
2710	3075
2711	2712
2712	2713
2712	2737
2712	2739
2712	3049
2712	3051
2712	3075
2712	3077
2713	2714
2714	2715
2714	2739
2714	2741
2714	3051
2714	3053
2714	3077
2714	3079
2715	2716
2716	2717
2716	2741
2716	2743
2716	3053
2716	3055
2716	3079
2716	3081
2717	2718
2718	2719
2718	2743
2718	2745
2718	3055
2718	3057
2718	3081
2718	3083
2719	2720
2720	2721
2720	2745
2720	2747
2720	3057
2720	3059
2720	3083
2720	3085
2721	2722
2722	2723
2722	2747
2722	2749
2722	3059
2722	3061
2722	3085
2722	3087
2723	2724
2724	2725
2724	2749
2724	2751
2724	3061
2724	3063
2724	3087
2724	3089
2725	2726
2726	2727
2726	2751
2726	2753
2726	3063
2726	3065
2726	3089
2726	3091
2727	2728
2728	2729
2728	2753
2728	2755
2728	3065
2728	3067
2728	3091
2728	3093
2729	2730
2730	2755
2730	3067
2730	3093
2731	2732
2732	2733
2732	2757
2732	2759
2732	3069
2732	3071
2732	3095
2732	3097
2733	2734
2734	2735
2734	2759
2734	2761
2734	3071
2734	3073
2734	3097
2734	3099
2735	2736
2736	2737
2736	2761
2736	2763
2736	3073
2736	3075
2736	3099
2736	3101
2737	2738
2738	2739
2738	2763
2738	2765
2738	3075
2738	3077
2738	3101
2738	3103
2739	2740
2740	2741
2740	2765
2740	2767
2740	3077
2740	3079
2740	3103
2740	3105
2741	2742
2742	2743
2742	2767
2742	2769
2742	3079
2742	3081
2742	3105
2742	3107
2743	2744
2744	2745
2744	2769
2744	2771
2744	3081
2744	3083
2744	3107
2744	3109
2745	2746
2746	2747
2746	2771
2746	2773
2746	3083
2746	3085
2746	3109
2746	3111
2747	2748
2748	2749
2748	2773
2748	2775
2748	3085
2748	3087
2748	3111
2748	3113
2749	2750
2750	2751
2750	2775
2750	2777
2750	3087
2750	3089
2750	3113
2750	3115
2751	2752
2752	2753
2752	2777
2752	2779
2752	3089
2752	3091
2752	3115
2752	3117
2753	2754
2754	2755
2754	2779
2754	2781
2754	3091
2754	3093
2754	3117
2754	3119
2755	2756
2756	2781
2756	3093
2756	3119
2757	2758
2758	2759
2758	2783
2758	2785
2758	3095
2758	3097
2758	3121
2758	3123
2759	2760
2760	2761
2760	2785
2760	2787
2760	3097
2760	3099
2760	3123
2760	3125
2761	2762
2762	2763
2762	2787
2762	2789
2762	3099
2762	3101
2762	3125
2762	3127
2763	2764
2764	2765
2764	2789
2764	2791
2764	3101
2764	3103
2764	3127
2764	3129
2765	2766
2766	2767
2766	2791
2766	2793
2766	3103
2766	3105
2766	3129
2766	3131
2767	2768
2768	2769
2768	2793
2768	2795
2768	3105
2768	3107
2768	3131
2768	3133
2769	2770
2770	2771
2770	2795
2770	2797
2770	3107
2770	3109
2770	3133
2770	3135
2771	2772
2772	2773
2772	2797
2772	2799
2772	3109
2772	3111
2772	3135
2772	3137
2773	2774
2774	2775
2774	2799
2774	2801
2774	3111
2774	3113
2774	3137
2774	3139
2775	2776
2776	2777
2776	2801
2776	2803
2776	3113
2776	3115
2776	3139
2776	3141
2777	2778
2778	2779
2778	2803
2778	2805
2778	3115
2778	3117
2778	3141
2778	3143
2779	2780
2780	2781
2780	2805
2780	2807
2780	3117
2780	3119
2780	3143
2780	3145
2781	2782
2782	2807
2782	3119
2782	3145
2783	2784
2784	2785
2784	2809
2784	2811
2784	3121
2784	3123
2784	3147
2784	3149
2785	2786
2786	2787
2786	2811
2786	2813
2786	3123
2786	3125
2786	3149
2786	3151
2787	2788
2788	2789
2788	2813
2788	2815
2788	3125
2788	3127
2788	3151
2788	3153
2789	2790
2790	2791
2790	2815
2790	2817
2790	3127
2790	3129
2790	3153
2790	3155
2791	2792
2792	2793
2792	2817
2792	2819
2792	3129
2792	3131
2792	3155
2792	3157
2793	2794
2794	2795
2794	2819
2794	2821
2794	3131
2794	3133
2794	3157
2794	3159
2795	2796
2796	2797
2796	2821
2796	2823
2796	3133
2796	3135
2796	3159
2796	3161
2797	2798
2798	2799
2798	2823
2798	2825
2798	3135
2798	3137
2798	3161
2798	3163
2799	2800
2800	2801
2800	2825
2800	2827
2800	3137
2800	3139
2800	3163
2800	3165
2801	2802
2802	2803
2802	2827
2802	2829
2802	3139
2802	3141
2802	3165
2802	3167
2803	2804
2804	2805
2804	2829
2804	2831
2804	3141
2804	3143
2804	3167
2804	3169
2805	2806
2806	2807
2806	2831
2806	2833
2806	3143
2806	3145
2806	3169
2806	3171
2807	2808
2808	2833
2808	3145
2808	3171
2809	2810
2810	2811
2810	2835
2810	2837
2810	3147
2810	3149
2810	3173
2810	3175
2811	2812
2812	2813
2812	2837
2812	2839
2812	3149
2812	3151
2812	3175
2812	3177
2813	2814
2814	2815
2814	2839
2814	2841
2814	3151
2814	3153
2814	3177
2814	3179
2815	2816
2816	2817
2816	2841
2816	2843
2816	3153
2816	3155
2816	3179
2816	3181
2817	2818
2818	2819
2818	2843
2818	2845
2818	3155
2818	3157
2818	3181
2818	3183
2819	2820
2820	2821
2820	2845
2820	2847
2820	3157
2820	3159
2820	3183
2820	3185
2821	2822
2822	2823
2822	2847
2822	2849
2822	3159
2822	3161
2822	3185
2822	3187
2823	2824
2824	2825
2824	2849
2824	2851
2824	3161
2824	3163
2824	3187
2824	3189
2825	2826
2826	2827
2826	2851
2826	2853
2826	3163
2826	3165
2826	3189
2826	3191
2827	2828
2828	2829
2828	2853
2828	2855
2828	3165
2828	3167
2828	3191
2828	3193
2829	2830
2830	2831
2830	2855
2830	2857
2830	3167
2830	3169
2830	3193
2830	3195
2831	2832
2832	2833
2832	2857
2832	2859
2832	3169
2832	3171
2832	3195
2832	3197
2833	2834
2834	2859
2834	3171
2834	3197
2835	2836
2836	2837
2836	2861
2836	2863
2836	3173
2836	3175
2836	3199
2836	3201
2837	2838
2838	2839
2838	2863
2838	2865
2838	3175
2838	3177
2838	3201
2838	3203
2839	2840
2840	2841
2840	2865
2840	2867
2840	3177
2840	3179
2840	3203
2840	3205
2841	2842
2842	2843
2842	2867
2842	2869
2842	3179
2842	3181
2842	3205
2842	3207
2843	2844
2844	2845
2844	2869
2844	2871
2844	3181
2844	3183
2844	3207
2844	3209
2845	2846
2846	2847
2846	2871
2846	2873
2846	3183
2846	3185
2846	3209
2846	3211
2847	2848
2848	2849
2848	2873
2848	2875
2848	3185
2848	3187
2848	3211
2848	3213
2849	2850
2850	2851
2850	2875
2850	2877
2850	3187
2850	3189
2850	3213
2850	3215
2851	2852
2852	2853
2852	2877
2852	2879
2852	3189
2852	3191
2852	3215
2852	3217
2853	2854
2854	2855
2854	2879
2854	2881
2854	3191
2854	3193
2854	3217
2854	3219
2855	2856
2856	2857
2856	2881
2856	2883
2856	3193
2856	3195
2856	3219
2856	3221
2857	2858
2858	2859
2858	2883
2858	2885
2858	3195
2858	3197
2858	3221
2858	3223
2859	2860
2860	2885
2860	3197
2860	3223
2861	2862
2862	2863
2862	2887
2862	2889
2862	3199
2862	3201
2862	3225
2862	3227
2863	2864
2864	2865
2864	2889
2864	2891
2864	3201
2864	3203
2864	3227
2864	3229
2865	2866
2866	2867
2866	2891
2866	2893
2866	3203
2866	3205
2866	3229
2866	3231
2867	2868
2868	2869
2868	2893
2868	2895
2868	3205
2868	3207
2868	3231
2868	3233
2869	2870
2870	2871
2870	2895
2870	2897
2870	3207
2870	3209
2870	3233
2870	3235
2871	2872
2872	2873
2872	2897
2872	2899
2872	3209
2872	3211
2872	3235
2872	3237
2873	2874
2874	2875
2874	2899
2874	2901
2874	3211
2874	3213
2874	3237
2874	3239
2875	2876
2876	2877
2876	2901
2876	2903
2876	3213
2876	3215
2876	3239
2876	3241
2877	2878
2878	2879
2878	2903
2878	2905
2878	3215
2878	3217
2878	3241
2878	3243
2879	2880
2880	2881
2880	2905
2880	2907
2880	3217
2880	3219
2880	3243
2880	3245
2881	2882
2882	2883
2882	2907
2882	2909
2882	3219
2882	3221
2882	3245
2882	3247
2883	2884
2884	2885
2884	2909
2884	2911
2884	3221
2884	3223
2884	3247
2884	3249
2885	2886
2886	2911
2886	3223
2886	3249
2887	2888
2888	2889
2888	2913
2888	2915
2888	3225
2888	3227
2888	3251
2888	3253
2889	2890
2890	2891
2890	2915
2890	2917
2890	3227
2890	3229
2890	3253
2890	3255
2891	2892
2892	2893
2892	2917
2892	2919
2892	3229
2892	3231
2892	3255
2892	3257
2893	2894
2894	2895
2894	2919
2894	2921
2894	3231
2894	3233
2894	3257
2894	3259
2895	2896
2896	2897
2896	2921
2896	2923
2896	3233
2896	3235
2896	3259
2896	3261
2897	2898
2898	2899
2898	2923
2898	2925
2898	3235
2898	3237
2898	3261
2898	3263
2899	2900
2900	2901
2900	2925
2900	2927
2900	3237
2900	3239
2900	3263
2900	3265
2901	2902
2902	2903
2902	2927
2902	2929
2902	3239
2902	3241
2902	3265
2902	3267
2903	2904
2904	2905
2904	2929
2904	2931
2904	3241
2904	3243
2904	3267
2904	3269
2905	2906
2906	2907
2906	2931
2906	2933
2906	3243
2906	3245
2906	3269
2906	3271
2907	2908
2908	2909
2908	2933
2908	2935
2908	3245
2908	3247
2908	3271
2908	3273
2909	2910
2910	2911
2910	2935
2910	2937
2910	3247
2910	3249
2910	3273
2910	3275
2911	2912
2912	2937
2912	3249
2912	3275
2913	2914
2914	2915
2914	2939
2914	2941
2914	3251
2914	3253
2914	3277
2914	3279
2915	2916
2916	2917
2916	2941
2916	2943
2916	3253
2916	3255
2916	3279
2916	3281
2917	2918
2918	2919
2918	2943
2918	2945
2918	3255
2918	3257
2918	3281
2918	3283
2919	2920
2920	2921
2920	2945
2920	2947
2920	3257
2920	3259
2920	3283
2920	3285
2921	2922
2922	2923
2922	2947
2922	2949
2922	3259
2922	3261
2922	3285
2922	3287
2923	2924
2924	2925
2924	2949
2924	2951
2924	3261
2924	3263
2924	3287
2924	3289
2925	2926
2926	2927
2926	2951
2926	2953
2926	3263
2926	3265
2926	3289
2926	3291
2927	2928
2928	2929
2928	2953
2928	2955
2928	3265
2928	3267
2928	3291
2928	3293
2929	2930
2930	2931
2930	2955
2930	2957
2930	3267
2930	3269
2930	3293
2930	3295
2931	2932
2932	2933
2932	2957
2932	2959
2932	3269
2932	3271
2932	3295
2932	3297
2933	2934
2934	2935
2934	2959
2934	2961
2934	3271
2934	3273
2934	3297
2934	3299
2935	2936
2936	2937
2936	2961
2936	2963
2936	3273
2936	3275
2936	3299
2936	3301
2937	2938
2938	2963
2938	3275
2938	3301
2939	2940
2940	2941
2940	2965
2940	2967
2940	3277
2940	3279
2940	3303
2940	3305
2941	2942
2942	2943
2942	2967
2942	2969
2942	3279
2942	3281
2942	3305
2942	3307
2943	2944
2944	2945
2944	2969
2944	2971
2944	3281
2944	3283
2944	3307
2944	3309
2945	2946
2946	2947
2946	2971
2946	2973
2946	3283
2946	3285
2946	3309
2946	3311
2947	2948
2948	2949
2948	2973
2948	2975
2948	3285
2948	3287
2948	3311
2948	3313
2949	2950
2950	2951
2950	2975
2950	2977
2950	3287
2950	3289
2950	3313
2950	3315
2951	2952
2952	2953
2952	2977
2952	2979
2952	3289
2952	3291
2952	3315
2952	3317
2953	2954
2954	2955
2954	2979
2954	2981
2954	3291
2954	3293
2954	3317
2954	3319
2955	2956
2956	2957
2956	2981
2956	2983
2956	3293
2956	3295
2956	3319
2956	3321
2957	2958
2958	2959
2958	2983
2958	2985
2958	3295
2958	3297
2958	3321
2958	3323
2959	2960
2960	2961
2960	2985
2960	2987
2960	3297
2960	3299
2960	3323
2960	3325
2961	2962
2962	2963
2962	2987
2962	2989
2962	3299
2962	3301
2962	3325
2962	3327
2963	2964
2964	2989
2964	3301
2964	3327
2965	2966
2966	2967
2966	2991
2966	2993
2966	3303
2966	3305
2966	3329
2966	3331
2967	2968
2968	2969
2968	2993
2968	2995
2968	3305
2968	3307
2968	3331
2968	3333
2969	2970
2970	2971
2970	2995
2970	2997
2970	3307
2970	3309
2970	3333
2970	3335
2971	2972
2972	2973
2972	2997
2972	2999
2972	3309
2972	3311
2972	3335
2972	3337
2973	2974
2974	2975
2974	2999
2974	3001
2974	3311
2974	3313
2974	3337
2974	3339
2975	2976
2976	2977
2976	3001
2976	3003
2976	3313
2976	3315
2976	3339
2976	3341
2977	2978
2978	2979
2978	3003
2978	3005
2978	3315
2978	3317
2978	3341
2978	3343
2979	2980
2980	2981
2980	3005
2980	3007
2980	3317
2980	3319
2980	3343
2980	3345
2981	2982
2982	2983
2982	3007
2982	3009
2982	3319
2982	3321
2982	3345
2982	3347
2983	2984
2984	2985
2984	3009
2984	3011
2984	3321
2984	3323
2984	3347
2984	3349
2985	2986
2986	2987
2986	3011
2986	3013
2986	3323
2986	3325
2986	3349
2986	3351
2987	2988
2988	2989
2988	3013
2988	3015
2988	3325
2988	3327
2988	3351
2988	3353
2989	2990
2990	3015
2990	3327
2990	3353
2991	2992
2992	2993
2992	3017
2992	3019
2992	3329
2992	3331
2992	3355
2992	3357
2993	2994
2994	2995
2994	3019
2994	3021
2994	3331
2994	3333
2994	3357
2994	3359
2995	2996
2996	2997
2996	3021
2996	3023
2996	3333
2996	3335
2996	3359
2996	3361
2997	2998
2998	2999
2998	3023
2998	3025
2998	3335
2998	3337
2998	3361
2998	3363
2999	3000
3000	3001
3000	3025
3000	3027
3000	3337
3000	3339
3000	3363
3000	3365
3001	3002
3002	3003
3002	3027
3002	3029
3002	3339
3002	3341
3002	3365
3002	3367
3003	3004
3004	3005
3004	3029
3004	3031
3004	3341
3004	3343
3004	3367
3004	3369
3005	3006
3006	3007
3006	3031
3006	3033
3006	3343
3006	3345
3006	3369
3006	3371
3007	3008
3008	3009
3008	3033
3008	3035
3008	3345
3008	3347
3008	3371
3008	3373
3009	3010
3010	3011
3010	3035
3010	3037
3010	3347
3010	3349
3010	3373
3010	3375
3011	3012
3012	3013
3012	3037
3012	3039
3012	3349
3012	3351
3012	3375
3012	3377
3013	3014
3014	3015
3014	3039
3014	3041
3014	3351
3014	3353
3014	3377
3014	3379
3015	3016
3016	3041
3016	3353
3016	3379
3017	3018
3018	3019
3018	3355
3018	3357
3019	3020
3020	3021
3020	3357
3020	3359
3021	3022
3022	3023
3022	3359
3022	3361
3023	3024
3024	3025
3024	3361
3024	3363
3025	3026
3026	3027
3026	3363
3026	3365
3027	3028
3028	3029
3028	3365
3028	3367
3029	3030
3030	3031
3030	3367
3030	3369
3031	3032
3032	3033
3032	3369
3032	3371
3033	3034
3034	3035
3034	3371
3034	3373
3035	3036
3036	3037
3036	3373
3036	3375
3037	3038
3038	3039
3038	3375
3038	3377
3039	3040
3040	3041
3040	3377
3040	3379
3041	3042
3042	3379
3043	3044
3044	3045
3044	3069
3044	3071
3044	3381
3044	3383
3044	3407
3044	3409
3045	3046
3046	3047
3046	3071
3046	3073
3046	3383
3046	3385
3046	3409
3046	3411
3047	3048
3048	3049
3048	3073
3048	3075
3048	3385
3048	3387
3048	3411
3048	3413
3049	3050
3050	3051
3050	3075
3050	3077
3050	3387
3050	3389
3050	3413
3050	3415
3051	3052
3052	3053
3052	3077
3052	3079
3052	3389
3052	3391
3052	3415
3052	3417
3053	3054
3054	3055
3054	3079
3054	3081
3054	3391
3054	3393
3054	3417
3054	3419
3055	3056
3056	3057
3056	3081
3056	3083
3056	3393
3056	3395
3056	3419
3056	3421
3057	3058
3058	3059
3058	3083
3058	3085
3058	3395
3058	3397
3058	3421
3058	3423
3059	3060
3060	3061
3060	3085
3060	3087
3060	3397
3060	3399
3060	3423
3060	3425
3061	3062
3062	3063
3062	3087
3062	3089
3062	3399
3062	3401
3062	3425
3062	3427
3063	3064
3064	3065
3064	3089
3064	3091
3064	3401
3064	3403
3064	3427
3064	3429
3065	3066
3066	3067
3066	3091
3066	3093
3066	3403
3066	3405
3066	3429
3066	3431
3067	3068
3068	3093
3068	3405
3068	3431
3069	3070
3070	3071
3070	3095
3070	3097
3070	3407
3070	3409
3070	3433
3070	3435
3071	3072
3072	3073
3072	3097
3072	3099
3072	3409
3072	3411
3072	3435
3072	3437
3073	3074
3074	3075
3074	3099
3074	3101
3074	3411
3074	3413
3074	3437
3074	3439
3075	3076
3076	3077
3076	3101
3076	3103
3076	3413
3076	3415
3076	3439
3076	3441
3077	3078
3078	3079
3078	3103
3078	3105
3078	3415
3078	3417
3078	3441
3078	3443
3079	3080
3080	3081
3080	3105
3080	3107
3080	3417
3080	3419
3080	3443
3080	3445
3081	3082
3082	3083
3082	3107
3082	3109
3082	3419
3082	3421
3082	3445
3082	3447
3083	3084
3084	3085
3084	3109
3084	3111
3084	3421
3084	3423
3084	3447
3084	3449
3085	3086
3086	3087
3086	3111
3086	3113
3086	3423
3086	3425
3086	3449
3086	3451
3087	3088
3088	3089
3088	3113
3088	3115
3088	3425
3088	3427
3088	3451
3088	3453
3089	3090
3090	3091
3090	3115
3090	3117
3090	3427
3090	3429
3090	3453
3090	3455
3091	3092
3092	3093
3092	3117
3092	3119
3092	3429
3092	3431
3092	3455
3092	3457
3093	3094
3094	3119
3094	3431
3094	3457
3095	3096
3096	3097
3096	3121
3096	3123
3096	3433
3096	3435
3096	3459
3096	3461
3097	3098
3098	3099
3098	3123
3098	3125
3098	3435
3098	3437
3098	3461
3098	3463
3099	3100
3100	3101
3100	3125
3100	3127
3100	3437
3100	3439
3100	3463
3100	3465
3101	3102
3102	3103
3102	3127
3102	3129
3102	3439
3102	3441
3102	3465
3102	3467
3103	3104
3104	3105
3104	3129
3104	3131
3104	3441
3104	3443
3104	3467
3104	3469
3105	3106
3106	3107
3106	3131
3106	3133
3106	3443
3106	3445
3106	3469
3106	3471
3107	3108
3108	3109
3108	3133
3108	3135
3108	3445
3108	3447
3108	3471
3108	3473
3109	3110
3110	3111
3110	3135
3110	3137
3110	3447
3110	3449
3110	3473
3110	3475
3111	3112
3112	3113
3112	3137
3112	3139
3112	3449
3112	3451
3112	3475
3112	3477
3113	3114
3114	3115
3114	3139
3114	3141
3114	3451
3114	3453
3114	3477
3114	3479
3115	3116
3116	3117
3116	3141
3116	3143
3116	3453
3116	3455
3116	3479
3116	3481
3117	3118
3118	3119
3118	3143
3118	3145
3118	3455
3118	3457
3118	3481
3118	3483
3119	3120
3120	3145
3120	3457
3120	3483
3121	3122
3122	3123
3122	3147
3122	3149
3122	3459
3122	3461
3122	3485
3122	3487
3123	3124
3124	3125
3124	3149
3124	3151
3124	3461
3124	3463
3124	3487
3124	3489
3125	3126
3126	3127
3126	3151
3126	3153
3126	3463
3126	3465
3126	3489
3126	3491
3127	3128
3128	3129
3128	3153
3128	3155
3128	3465
3128	3467
3128	3491
3128	3493
3129	3130
3130	3131
3130	3155
3130	3157
3130	3467
3130	3469
3130	3493
3130	3495
3131	3132
3132	3133
3132	3157
3132	3159
3132	3469
3132	3471
3132	3495
3132	3497
3133	3134
3134	3135
3134	3159
3134	3161
3134	3471
3134	3473
3134	3497
3134	3499
3135	3136
3136	3137
3136	3161
3136	3163
3136	3473
3136	3475
3136	3499
3136	3501
3137	3138
3138	3139
3138	3163
3138	3165
3138	3475
3138	3477
3138	3501
3138	3503
3139	3140
3140	3141
3140	3165
3140	3167
3140	3477
3140	3479
3140	3503
3140	3505
3141	3142
3142	3143
3142	3167
3142	3169
3142	3479
3142	3481
3142	3505
3142	3507
3143	3144
3144	3145
3144	3169
3144	3171
3144	3481
3144	3483
3144	3507
3144	3509
3145	3146
3146	3171
3146	3483
3146	3509
3147	3148
3148	3149
3148	3173
3148	3175
3148	3485
3148	3487
3148	3511
3148	3513
3149	3150
3150	3151
3150	3175
3150	3177
3150	3487
3150	3489
3150	3513
3150	3515
3151	3152
3152	3153
3152	3177
3152	3179
3152	3489
3152	3491
3152	3515
3152	3517
3153	3154
3154	3155
3154	3179
3154	3181
3154	3491
3154	3493
3154	3517
3154	3519
3155	3156
3156	3157
3156	3181
3156	3183
3156	3493
3156	3495
3156	3519
3156	3521
3157	3158
3158	3159
3158	3183
3158	3185
3158	3495
3158	3497
3158	3521
3158	3523
3159	3160
3160	3161
3160	3185
3160	3187
3160	3497
3160	3499
3160	3523
3160	3525
3161	3162
3162	3163
3162	3187
3162	3189
3162	3499
3162	3501
3162	3525
3162	3527
3163	3164
3164	3165
3164	3189
3164	3191
3164	3501
3164	3503
3164	3527
3164	3529
3165	3166
3166	3167
3166	3191
3166	3193
3166	3503
3166	3505
3166	3529
3166	3531
3167	3168
3168	3169
3168	3193
3168	3195
3168	3505
3168	3507
3168	3531
3168	3533
3169	3170
3170	3171
3170	3195
3170	3197
3170	3507
3170	3509
3170	3533
3170	3535
3171	3172
3172	3197
3172	3509
3172	3535
3173	3174
3174	3175
3174	3199
3174	3201
3174	3511
3174	3513
3174	3537
3174	3539
3175	3176
3176	3177
3176	3201
3176	3203
3176	3513
3176	3515
3176	3539
3176	3541
3177	3178
3178	3179
3178	3203
3178	3205
3178	3515
3178	3517
3178	3541
3178	3543
3179	3180
3180	3181
3180	3205
3180	3207
3180	3517
3180	3519
3180	3543
3180	3545
3181	3182
3182	3183
3182	3207
3182	3209
3182	3519
3182	3521
3182	3545
3182	3547
3183	3184
3184	3185
3184	3209
3184	3211
3184	3521
3184	3523
3184	3547
3184	3549
3185	3186
3186	3187
3186	3211
3186	3213
3186	3523
3186	3525
3186	3549
3186	3551
3187	3188
3188	3189
3188	3213
3188	3215
3188	3525
3188	3527
3188	3551
3188	3553
3189	3190
3190	3191
3190	3215
3190	3217
3190	3527
3190	3529
3190	3553
3190	3555
3191	3192
3192	3193
3192	3217
3192	3219
3192	3529
3192	3531
3192	3555
3192	3557
3193	3194
3194	3195
3194	3219
3194	3221
3194	3531
3194	3533
3194	3557
3194	3559
3195	3196
3196	3197
3196	3221
3196	3223
3196	3533
3196	3535
3196	3559
3196	3561
3197	3198
3198	3223
3198	3535
3198	3561
3199	3200
3200	3201
3200	3225
3200	3227
3200	3537
3200	3539
3200	3563
3200	3565
3201	3202
3202	3203
3202	3227
3202	3229
3202	3539
3202	3541
3202	3565
3202	3567
3203	3204
3204	3205
3204	3229
3204	3231
3204	3541
3204	3543
3204	3567
3204	3569
3205	3206
3206	3207
3206	3231
3206	3233
3206	3543
3206	3545
3206	3569
3206	3571
3207	3208
3208	3209
3208	3233
3208	3235
3208	3545
3208	3547
3208	3571
3208	3573
3209	3210
3210	3211
3210	3235
3210	3237
3210	3547
3210	3549
3210	3573
3210	3575
3211	3212
3212	3213
3212	3237
3212	3239
3212	3549
3212	3551
3212	3575
3212	3577
3213	3214
3214	3215
3214	3239
3214	3241
3214	3551
3214	3553
3214	3577
3214	3579
3215	3216
3216	3217
3216	3241
3216	3243
3216	3553
3216	3555
3216	3579
3216	3581
3217	3218
3218	3219
3218	3243
3218	3245
3218	3555
3218	3557
3218	3581
3218	3583
3219	3220
3220	3221
3220	3245
3220	3247
3220	3557
3220	3559
3220	3583
3220	3585
3221	3222
3222	3223
3222	3247
3222	3249
3222	3559
3222	3561
3222	3585
3222	3587
3223	3224
3224	3249
3224	3561
3224	3587
3225	3226
3226	3227
3226	3251
3226	3253
3226	3563
3226	3565
3226	3589
3226	3591
3227	3228
3228	3229
3228	3253
3228	3255
3228	3565
3228	3567
3228	3591
3228	3593
3229	3230
3230	3231
3230	3255
3230	3257
3230	3567
3230	3569
3230	3593
3230	3595
3231	3232
3232	3233
3232	3257
3232	3259
3232	3569
3232	3571
3232	3595
3232	3597
3233	3234
3234	3235
3234	3259
3234	3261
3234	3571
3234	3573
3234	3597
3234	3599
3235	3236
3236	3237
3236	3261
3236	3263
3236	3573
3236	3575
3236	3599
3236	3601
3237	3238
3238	3239
3238	3263
3238	3265
3238	3575
3238	3577
3238	3601
3238	3603
3239	3240
3240	3241
3240	3265
3240	3267
3240	3577
3240	3579
3240	3603
3240	3605
3241	3242
3242	3243
3242	3267
3242	3269
3242	3579
3242	3581
3242	3605
3242	3607
3243	3244
3244	3245
3244	3269
3244	3271
3244	3581
3244	3583
3244	3607
3244	3609
3245	3246
3246	3247
3246	3271
3246	3273
3246	3583
3246	3585
3246	3609
3246	3611
3247	3248
3248	3249
3248	3273
3248	3275
3248	3585
3248	3587
3248	3611
3248	3613
3249	3250
3250	3275
3250	3587
3250	3613
3251	3252
3252	3253
3252	3277
3252	3279
3252	3589
3252	3591
3252	3615
3252	3617
3253	3254
3254	3255
3254	3279
3254	3281
3254	3591
3254	3593
3254	3617
3254	3619
3255	3256
3256	3257
3256	3281
3256	3283
3256	3593
3256	3595
3256	3619
3256	3621
3257	3258
3258	3259
3258	3283
3258	3285
3258	3595
3258	3597
3258	3621
3258	3623
3259	3260
3260	3261
3260	3285
3260	3287
3260	3597
3260	3599
3260	3623
3260	3625
3261	3262
3262	3263
3262	3287
3262	3289
3262	3599
3262	3601
3262	3625
3262	3627
3263	3264
3264	3265
3264	3289
3264	3291
3264	3601
3264	3603
3264	3627
3264	3629
3265	3266
3266	3267
3266	3291
3266	3293
3266	3603
3266	3605
3266	3629
3266	3631
3267	3268
3268	3269
3268	3293
3268	3295
3268	3605
3268	3607
3268	3631
3268	3633
3269	3270
3270	3271
3270	3295
3270	3297
3270	3607
3270	3609
3270	3633
3270	3635
3271	3272
3272	3273
3272	3297
3272	3299
3272	3609
3272	3611
3272	3635
3272	3637
3273	3274
3274	3275
3274	3299
3274	3301
3274	3611
3274	3613
3274	3637
3274	3639
3275	3276
3276	3301
3276	3613
3276	3639
3277	3278
3278	3279
3278	3303
3278	3305
3278	3615
3278	3617
3278	3641
3278	3643
3279	3280
3280	3281
3280	3305
3280	3307
3280	3617
3280	3619
3280	3643
3280	3645
3281	3282
3282	3283
3282	3307
3282	3309
3282	3619
3282	3621
3282	3645
3282	3647
3283	3284
3284	3285
3284	3309
3284	3311
3284	3621
3284	3623
3284	3647
3284	3649
3285	3286
3286	3287
3286	3311
3286	3313
3286	3623
3286	3625
3286	3649
3286	3651
3287	3288
3288	3289
3288	3313
3288	3315
3288	3625
3288	3627
3288	3651
3288	3653
3289	3290
3290	3291
3290	3315
3290	3317
3290	3627
3290	3629
3290	3653
3290	3655
3291	3292
3292	3293
3292	3317
3292	3319
3292	3629
3292	3631
3292	3655
3292	3657
3293	3294
3294	3295
3294	3319
3294	3321
3294	3631
3294	3633
3294	3657
3294	3659
3295	3296
3296	3297
3296	3321
3296	3323
3296	3633
3296	3635
3296	3659
3296	3661
3297	3298
3298	3299
3298	3323
3298	3325
3298	3635
3298	3637
3298	3661
3298	3663
3299	3300
3300	3301
3300	3325
3300	3327
3300	3637
3300	3639
3300	3663
3300	3665
3301	3302
3302	3327
3302	3639
3302	3665
3303	3304
3304	3305
3304	3329
3304	3331
3304	3641
3304	3643
3304	3667
3304	3669
3305	3306
3306	3307
3306	3331
3306	3333
3306	3643
3306	3645
3306	3669
3306	3671
3307	3308
3308	3309
3308	3333
3308	3335
3308	3645
3308	3647
3308	3671
3308	3673
3309	3310
3310	3311
3310	3335
3310	3337
3310	3647
3310	3649
3310	3673
3310	3675
3311	3312
3312	3313
3312	3337
3312	3339
3312	3649
3312	3651
3312	3675
3312	3677
3313	3314
3314	3315
3314	3339
3314	3341
3314	3651
3314	3653
3314	3677
3314	3679
3315	3316
3316	3317
3316	3341
3316	3343
3316	3653
3316	3655
3316	3679
3316	3681
3317	3318
3318	3319
3318	3343
3318	3345
3318	3655
3318	3657
3318	3681
3318	3683
3319	3320
3320	3321
3320	3345
3320	3347
3320	3657
3320	3659
3320	3683
3320	3685
3321	3322
3322	3323
3322	3347
3322	3349
3322	3659
3322	3661
3322	3685
3322	3687
3323	3324
3324	3325
3324	3349
3324	3351
3324	3661
3324	3663
3324	3687
3324	3689
3325	3326
3326	3327
3326	3351
3326	3353
3326	3663
3326	3665
3326	3689
3326	3691
3327	3328
3328	3353
3328	3665
3328	3691
3329	3330
3330	3331
3330	3355
3330	3357
3330	3667
3330	3669
3330	3693
3330	3695
3331	3332
3332	3333
3332	3357
3332	3359
3332	3669
3332	3671
3332	3695
3332	3697
3333	3334
3334	3335
3334	3359
3334	3361
3334	3671
3334	3673
3334	3697
3334	3699
3335	3336
3336	3337
3336	3361
3336	3363
3336	3673
3336	3675
3336	3699
3336	3701
3337	3338
3338	3339
3338	3363
3338	3365
3338	3675
3338	3677
3338	3701
3338	3703
3339	3340
3340	3341
3340	3365
3340	3367
3340	3677
3340	3679
3340	3703
3340	3705
3341	3342
3342	3343
3342	3367
3342	3369
3342	3679
3342	3681
3342	3705
3342	3707
3343	3344
3344	3345
3344	3369
3344	3371
3344	3681
3344	3683
3344	3707
3344	3709
3345	3346
3346	3347
3346	3371
3346	3373
3346	3683
3346	3685
3346	3709
3346	3711
3347	3348
3348	3349
3348	3373
3348	3375
3348	3685
3348	3687
3348	3711
3348	3713
3349	3350
3350	3351
3350	3375
3350	3377
3350	3687
3350	3689
3350	3713
3350	3715
3351	3352
3352	3353
3352	3377
3352	3379
3352	3689
3352	3691
3352	3715
3352	3717
3353	3354
3354	3379
3354	3691
3354	3717
3355	3356
3356	3357
3356	3693
3356	3695
3357	3358
3358	3359
3358	3695
3358	3697
3359	3360
3360	3361
3360	3697
3360	3699
3361	3362
3362	3363
3362	3699
3362	3701
3363	3364
3364	3365
3364	3701
3364	3703
3365	3366
3366	3367
3366	3703
3366	3705
3367	3368
3368	3369
3368	3705
3368	3707
3369	3370
3370	3371
3370	3707
3370	3709
3371	3372
3372	3373
3372	3709
3372	3711
3373	3374
3374	3375
3374	3711
3374	3713
3375	3376
3376	3377
3376	3713
3376	3715
3377	3378
3378	3379
3378	3715
3378	3717
3379	3380
3380	3717
3381	3382
3382	3383
3382	3407
3382	3409
3382	3719
3382	3721
3382	3745
3382	3747
3383	3384
3384	3385
3384	3409
3384	3411
3384	3721
3384	3723
3384	3747
3384	3749
3385	3386
3386	3387
3386	3411
3386	3413
3386	3723
3386	3725
3386	3749
3386	3751
3387	3388
3388	3389
3388	3413
3388	3415
3388	3725
3388	3727
3388	3751
3388	3753
3389	3390
3390	3391
3390	3415
3390	3417
3390	3727
3390	3729
3390	3753
3390	3755
3391	3392
3392	3393
3392	3417
3392	3419
3392	3729
3392	3731
3392	3755
3392	3757
3393	3394
3394	3395
3394	3419
3394	3421
3394	3731
3394	3733
3394	3757
3394	3759
3395	3396
3396	3397
3396	3421
3396	3423
3396	3733
3396	3735
3396	3759
3396	3761
3397	3398
3398	3399
3398	3423
3398	3425
3398	3735
3398	3737
3398	3761
3398	3763
3399	3400
3400	3401
3400	3425
3400	3427
3400	3737
3400	3739
3400	3763
3400	3765
3401	3402
3402	3403
3402	3427
3402	3429
3402	3739
3402	3741
3402	3765
3402	3767
3403	3404
3404	3405
3404	3429
3404	3431
3404	3741
3404	3743
3404	3767
3404	3769
3405	3406
3406	3431
3406	3743
3406	3769
3407	3408
3408	3409
3408	3433
3408	3435
3408	3745
3408	3747
3408	3771
3408	3773
3409	3410
3410	3411
3410	3435
3410	3437
3410	3747
3410	3749
3410	3773
3410	3775
3411	3412
3412	3413
3412	3437
3412	3439
3412	3749
3412	3751
3412	3775
3412	3777
3413	3414
3414	3415
3414	3439
3414	3441
3414	3751
3414	3753
3414	3777
3414	3779
3415	3416
3416	3417
3416	3441
3416	3443
3416	3753
3416	3755
3416	3779
3416	3781
3417	3418
3418	3419
3418	3443
3418	3445
3418	3755
3418	3757
3418	3781
3418	3783
3419	3420
3420	3421
3420	3445
3420	3447
3420	3757
3420	3759
3420	3783
3420	3785
3421	3422
3422	3423
3422	3447
3422	3449
3422	3759
3422	3761
3422	3785
3422	3787
3423	3424
3424	3425
3424	3449
3424	3451
3424	3761
3424	3763
3424	3787
3424	3789
3425	3426
3426	3427
3426	3451
3426	3453
3426	3763
3426	3765
3426	3789
3426	3791
3427	3428
3428	3429
3428	3453
3428	3455
3428	3765
3428	3767
3428	3791
3428	3793
3429	3430
3430	3431
3430	3455
3430	3457
3430	3767
3430	3769
3430	3793
3430	3795
3431	3432
3432	3457
3432	3769
3432	3795
3433	3434
3434	3435
3434	3459
3434	3461
3434	3771
3434	3773
3434	3797
3434	3799
3435	3436
3436	3437
3436	3461
3436	3463
3436	3773
3436	3775
3436	3799
3436	3801
3437	3438
3438	3439
3438	3463
3438	3465
3438	3775
3438	3777
3438	3801
3438	3803
3439	3440
3440	3441
3440	3465
3440	3467
3440	3777
3440	3779
3440	3803
3440	3805
3441	3442
3442	3443
3442	3467
3442	3469
3442	3779
3442	3781
3442	3805
3442	3807
3443	3444
3444	3445
3444	3469
3444	3471
3444	3781
3444	3783
3444	3807
3444	3809
3445	3446
3446	3447
3446	3471
3446	3473
3446	3783
3446	3785
3446	3809
3446	3811
3447	3448
3448	3449
3448	3473
3448	3475
3448	3785
3448	3787
3448	3811
3448	3813
3449	3450
3450	3451
3450	3475
3450	3477
3450	3787
3450	3789
3450	3813
3450	3815
3451	3452
3452	3453
3452	3477
3452	3479
3452	3789
3452	3791
3452	3815
3452	3817
3453	3454
3454	3455
3454	3479
3454	3481
3454	3791
3454	3793
3454	3817
3454	3819
3455	3456
3456	3457
3456	3481
3456	3483
3456	3793
3456	3795
3456	3819
3456	3821
3457	3458
3458	3483
3458	3795
3458	3821
3459	3460
3460	3461
3460	3485
3460	3487
3460	3797
3460	3799
3460	3823
3460	3825
3461	3462
3462	3463
3462	3487
3462	3489
3462	3799
3462	3801
3462	3825
3462	3827
3463	3464
3464	3465
3464	3489
3464	3491
3464	3801
3464	3803
3464	3827
3464	3829
3465	3466
3466	3467
3466	3491
3466	3493
3466	3803
3466	3805
3466	3829
3466	3831
3467	3468
3468	3469
3468	3493
3468	3495
3468	3805
3468	3807
3468	3831
3468	3833
3469	3470
3470	3471
3470	3495
3470	3497
3470	3807
3470	3809
3470	3833
3470	3835
3471	3472
3472	3473
3472	3497
3472	3499
3472	3809
3472	3811
3472	3835
3472	3837
3473	3474
3474	3475
3474	3499
3474	3501
3474	3811
3474	3813
3474	3837
3474	3839
3475	3476
3476	3477
3476	3501
3476	3503
3476	3813
3476	3815
3476	3839
3476	3841
3477	3478
3478	3479
3478	3503
3478	3505
3478	3815
3478	3817
3478	3841
3478	3843
3479	3480
3480	3481
3480	3505
3480	3507
3480	3817
3480	3819
3480	3843
3480	3845
3481	3482
3482	3483
3482	3507
3482	3509
3482	3819
3482	3821
3482	3845
3482	3847
3483	3484
3484	3509
3484	3821
3484	3847
3485	3486
3486	3487
3486	3511
3486	3513
3486	3823
3486	3825
3486	3849
3486	3851
3487	3488
3488	3489
3488	3513
3488	3515
3488	3825
3488	3827
3488	3851
3488	3853
3489	3490
3490	3491
3490	3515
3490	3517
3490	3827
3490	3829
3490	3853
3490	3855
3491	3492
3492	3493
3492	3517
3492	3519
3492	3829
3492	3831
3492	3855
3492	3857
3493	3494
3494	3495
3494	3519
3494	3521
3494	3831
3494	3833
3494	3857
3494	3859
3495	3496
3496	3497
3496	3521
3496	3523
3496	3833
3496	3835
3496	3859
3496	3861
3497	3498
3498	3499
3498	3523
3498	3525
3498	3835
3498	3837
3498	3861
3498	3863
3499	3500
3500	3501
3500	3525
3500	3527
3500	3837
3500	3839
3500	3863
3500	3865
3501	3502
3502	3503
3502	3527
3502	3529
3502	3839
3502	3841
3502	3865
3502	3867
3503	3504
3504	3505
3504	3529
3504	3531
3504	3841
3504	3843
3504	3867
3504	3869
3505	3506
3506	3507
3506	3531
3506	3533
3506	3843
3506	3845
3506	3869
3506	3871
3507	3508
3508	3509
3508	3533
3508	3535
3508	3845
3508	3847
3508	3871
3508	3873
3509	3510
3510	3535
3510	3847
3510	3873
3511	3512
3512	3513
3512	3537
3512	3539
3512	3849
3512	3851
3512	3875
3512	3877
3513	3514
3514	3515
3514	3539
3514	3541
3514	3851
3514	3853
3514	3877
3514	3879
3515	3516
3516	3517
3516	3541
3516	3543
3516	3853
3516	3855
3516	3879
3516	3881
3517	3518
3518	3519
3518	3543
3518	3545
3518	3855
3518	3857
3518	3881
3518	3883
3519	3520
3520	3521
3520	3545
3520	3547
3520	3857
3520	3859
3520	3883
3520	3885
3521	3522
3522	3523
3522	3547
3522	3549
3522	3859
3522	3861
3522	3885
3522	3887
3523	3524
3524	3525
3524	3549
3524	3551
3524	3861
3524	3863
3524	3887
3524	3889
3525	3526
3526	3527
3526	3551
3526	3553
3526	3863
3526	3865
3526	3889
3526	3891
3527	3528
3528	3529
3528	3553
3528	3555
3528	3865
3528	3867
3528	3891
3528	3893
3529	3530
3530	3531
3530	3555
3530	3557
3530	3867
3530	3869
3530	3893
3530	3895
3531	3532
3532	3533
3532	3557
3532	3559
3532	3869
3532	3871
3532	3895
3532	3897
3533	3534
3534	3535
3534	3559
3534	3561
3534	3871
3534	3873
3534	3897
3534	3899
3535	3536
3536	3561
3536	3873
3536	3899
3537	3538
3538	3539
3538	3563
3538	3565
3538	3875
3538	3877
3538	3901
3538	3903
3539	3540
3540	3541
3540	3565
3540	3567
3540	3877
3540	3879
3540	3903
3540	3905
3541	3542
3542	3543
3542	3567
3542	3569
3542	3879
3542	3881
3542	3905
3542	3907
3543	3544
3544	3545
3544	3569
3544	3571
3544	3881
3544	3883
3544	3907
3544	3909
3545	3546
3546	3547
3546	3571
3546	3573
3546	3883
3546	3885
3546	3909
3546	3911
3547	3548
3548	3549
3548	3573
3548	3575
3548	3885
3548	3887
3548	3911
3548	3913
3549	3550
3550	3551
3550	3575
3550	3577
3550	3887
3550	3889
3550	3913
3550	3915
3551	3552
3552	3553
3552	3577
3552	3579
3552	3889
3552	3891
3552	3915
3552	3917
3553	3554
3554	3555
3554	3579
3554	3581
3554	3891
3554	3893
3554	3917
3554	3919
3555	3556
3556	3557
3556	3581
3556	3583
3556	3893
3556	3895
3556	3919
3556	3921
3557	3558
3558	3559
3558	3583
3558	3585
3558	3895
3558	3897
3558	3921
3558	3923
3559	3560
3560	3561
3560	3585
3560	3587
3560	3897
3560	3899
3560	3923
3560	3925
3561	3562
3562	3587
3562	3899
3562	3925
3563	3564
3564	3565
3564	3589
3564	3591
3564	3901
3564	3903
3564	3927
3564	3929
3565	3566
3566	3567
3566	3591
3566	3593
3566	3903
3566	3905
3566	3929
3566	3931
3567	3568
3568	3569
3568	3593
3568	3595
3568	3905
3568	3907
3568	3931
3568	3933
3569	3570
3570	3571
3570	3595
3570	3597
3570	3907
3570	3909
3570	3933
3570	3935
3571	3572
3572	3573
3572	3597
3572	3599
3572	3909
3572	3911
3572	3935
3572	3937
3573	3574
3574	3575
3574	3599
3574	3601
3574	3911
3574	3913
3574	3937
3574	3939
3575	3576
3576	3577
3576	3601
3576	3603
3576	3913
3576	3915
3576	3939
3576	3941
3577	3578
3578	3579
3578	3603
3578	3605
3578	3915
3578	3917
3578	3941
3578	3943
3579	3580
3580	3581
3580	3605
3580	3607
3580	3917
3580	3919
3580	3943
3580	3945
3581	3582
3582	3583
3582	3607
3582	3609
3582	3919
3582	3921
3582	3945
3582	3947
3583	3584
3584	3585
3584	3609
3584	3611
3584	3921
3584	3923
3584	3947
3584	3949
3585	3586
3586	3587
3586	3611
3586	3613
3586	3923
3586	3925
3586	3949
3586	3951
3587	3588
3588	3613
3588	3925
3588	3951
3589	3590
3590	3591
3590	3615
3590	3617
3590	3927
3590	3929
3590	3953
3590	3955
3591	3592
3592	3593
3592	3617
3592	3619
3592	3929
3592	3931
3592	3955
3592	3957
3593	3594
3594	3595
3594	3619
3594	3621
3594	3931
3594	3933
3594	3957
3594	3959
3595	3596
3596	3597
3596	3621
3596	3623
3596	3933
3596	3935
3596	3959
3596	3961
3597	3598
3598	3599
3598	3623
3598	3625
3598	3935
3598	3937
3598	3961
3598	3963
3599	3600
3600	3601
3600	3625
3600	3627
3600	3937
3600	3939
3600	3963
3600	3965
3601	3602
3602	3603
3602	3627
3602	3629
3602	3939
3602	3941
3602	3965
3602	3967
3603	3604
3604	3605
3604	3629
3604	3631
3604	3941
3604	3943
3604	3967
3604	3969
3605	3606
3606	3607
3606	3631
3606	3633
3606	3943
3606	3945
3606	3969
3606	3971
3607	3608
3608	3609
3608	3633
3608	3635
3608	3945
3608	3947
3608	3971
3608	3973
3609	3610
3610	3611
3610	3635
3610	3637
3610	3947
3610	3949
3610	3973
3610	3975
3611	3612
3612	3613
3612	3637
3612	3639
3612	3949
3612	3951
3612	3975
3612	3977
3613	3614
3614	3639
3614	3951
3614	3977
3615	3616
3616	3617
3616	3641
3616	3643
3616	3953
3616	3955
3616	3979
3616	3981
3617	3618
3618	3619
3618	3643
3618	3645
3618	3955
3618	3957
3618	3981
3618	3983
3619	3620
3620	3621
3620	3645
3620	3647
3620	3957
3620	3959
3620	3983
3620	3985
3621	3622
3622	3623
3622	3647
3622	3649
3622	3959
3622	3961
3622	3985
3622	3987
3623	3624
3624	3625
3624	3649
3624	3651
3624	3961
3624	3963
3624	3987
3624	3989
3625	3626
3626	3627
3626	3651
3626	3653
3626	3963
3626	3965
3626	3989
3626	3991
3627	3628
3628	3629
3628	3653
3628	3655
3628	3965
3628	3967
3628	3991
3628	3993
3629	3630
3630	3631
3630	3655
3630	3657
3630	3967
3630	3969
3630	3993
3630	3995
3631	3632
3632	3633
3632	3657
3632	3659
3632	3969
3632	3971
3632	3995
3632	3997
3633	3634
3634	3635
3634	3659
3634	3661
3634	3971
3634	3973
3634	3997
3634	3999
3635	3636
3636	3637
3636	3661
3636	3663
3636	3973
3636	3975
3636	3999
3636	4001
3637	3638
3638	3639
3638	3663
3638	3665
3638	3975
3638	3977
3638	4001
3638	4003
3639	3640
3640	3665
3640	3977
3640	4003
3641	3642
3642	3643
3642	3667
3642	3669
3642	3979
3642	3981
3642	4005
3642	4007
3643	3644
3644	3645
3644	3669
3644	3671
3644	3981
3644	3983
3644	4007
3644	4009
3645	3646
3646	3647
3646	3671
3646	3673
3646	3983
3646	3985
3646	4009
3646	4011
3647	3648
3648	3649
3648	3673
3648	3675
3648	3985
3648	3987
3648	4011
3648	4013
3649	3650
3650	3651
3650	3675
3650	3677
3650	3987
3650	3989
3650	4013
3650	4015
3651	3652
3652	3653
3652	3677
3652	3679
3652	3989
3652	3991
3652	4015
3652	4017
3653	3654
3654	3655
3654	3679
3654	3681
3654	3991
3654	3993
3654	4017
3654	4019
3655	3656
3656	3657
3656	3681
3656	3683
3656	3993
3656	3995
3656	4019
3656	4021
3657	3658
3658	3659
3658	3683
3658	3685
3658	3995
3658	3997
3658	4021
3658	4023
3659	3660
3660	3661
3660	3685
3660	3687
3660	3997
3660	3999
3660	4023
3660	4025
3661	3662
3662	3663
3662	3687
3662	3689
3662	3999
3662	4001
3662	4025
3662	4027
3663	3664
3664	3665
3664	3689
3664	3691
3664	4001
3664	4003
3664	4027
3664	4029
3665	3666
3666	3691
3666	4003
3666	4029
3667	3668
3668	3669
3668	3693
3668	3695
3668	4005
3668	4007
3668	4031
3668	4033
3669	3670
3670	3671
3670	3695
3670	3697
3670	4007
3670	4009
3670	4033
3670	4035
3671	3672
3672	3673
3672	3697
3672	3699
3672	4009
3672	4011
3672	4035
3672	4037
3673	3674
3674	3675
3674	3699
3674	3701
3674	4011
3674	4013
3674	4037
3674	4039
3675	3676
3676	3677
3676	3701
3676	3703
3676	4013
3676	4015
3676	4039
3676	4041
3677	3678
3678	3679
3678	3703
3678	3705
3678	4015
3678	4017
3678	4041
3678	4043
3679	3680
3680	3681
3680	3705
3680	3707
3680	4017
3680	4019
3680	4043
3680	4045
3681	3682
3682	3683
3682	3707
3682	3709
3682	4019
3682	4021
3682	4045
3682	4047
3683	3684
3684	3685
3684	3709
3684	3711
3684	4021
3684	4023
3684	4047
3684	4049
3685	3686
3686	3687
3686	3711
3686	3713
3686	4023
3686	4025
3686	4049
3686	4051
3687	3688
3688	3689
3688	3713
3688	3715
3688	4025
3688	4027
3688	4051
3688	4053
3689	3690
3690	3691
3690	3715
3690	3717
3690	4027
3690	4029
3690	4053
3690	4055
3691	3692
3692	3717
3692	4029
3692	4055
3693	3694
3694	3695
3694	4031
3694	4033
3695	3696
3696	3697
3696	4033
3696	4035
3697	3698
3698	3699
3698	4035
3698	4037
3699	3700
3700	3701
3700	4037
3700	4039
3701	3702
3702	3703
3702	4039
3702	4041
3703	3704
3704	3705
3704	4041
3704	4043
3705	3706
3706	3707
3706	4043
3706	4045
3707	3708
3708	3709
3708	4045
3708	4047
3709	3710
3710	3711
3710	4047
3710	4049
3711	3712
3712	3713
3712	4049
3712	4051
3713	3714
3714	3715
3714	4051
3714	4053
3715	3716
3716	3717
3716	4053
3716	4055
3717	3718
3718	4055
3719	3720
3720	3721
3720	3745
3720	3747
3720	4057
3720	4059
3720	4083
3720	4085
3721	3722
3722	3723
3722	3747
3722	3749
3722	4059
3722	4061
3722	4085
3722	4087
3723	3724
3724	3725
3724	3749
3724	3751
3724	4061
3724	4063
3724	4087
3724	4089
3725	3726
3726	3727
3726	3751
3726	3753
3726	4063
3726	4065
3726	4089
3726	4091
3727	3728
3728	3729
3728	3753
3728	3755
3728	4065
3728	4067
3728	4091
3728	4093
3729	3730
3730	3731
3730	3755
3730	3757
3730	4067
3730	4069
3730	4093
3730	4095
3731	3732
3732	3733
3732	3757
3732	3759
3732	4069
3732	4071
3732	4095
3732	4097
3733	3734
3734	3735
3734	3759
3734	3761
3734	4071
3734	4073
3734	4097
3734	4099
3735	3736
3736	3737
3736	3761
3736	3763
3736	4073
3736	4075
3736	4099
3736	4101
3737	3738
3738	3739
3738	3763
3738	3765
3738	4075
3738	4077
3738	4101
3738	4103
3739	3740
3740	3741
3740	3765
3740	3767
3740	4077
3740	4079
3740	4103
3740	4105
3741	3742
3742	3743
3742	3767
3742	3769
3742	4079
3742	4081
3742	4105
3742	4107
3743	3744
3744	3769
3744	4081
3744	4107
3745	3746
3746	3747
3746	3771
3746	3773
3746	4083
3746	4085
3746	4109
3746	4111
3747	3748
3748	3749
3748	3773
3748	3775
3748	4085
3748	4087
3748	4111
3748	4113
3749	3750
3750	3751
3750	3775
3750	3777
3750	4087
3750	4089
3750	4113
3750	4115
3751	3752
3752	3753
3752	3777
3752	3779
3752	4089
3752	4091
3752	4115
3752	4117
3753	3754
3754	3755
3754	3779
3754	3781
3754	4091
3754	4093
3754	4117
3754	4119
3755	3756
3756	3757
3756	3781
3756	3783
3756	4093
3756	4095
3756	4119
3756	4121
3757	3758
3758	3759
3758	3783
3758	3785
3758	4095
3758	4097
3758	4121
3758	4123
3759	3760
3760	3761
3760	3785
3760	3787
3760	4097
3760	4099
3760	4123
3760	4125
3761	3762
3762	3763
3762	3787
3762	3789
3762	4099
3762	4101
3762	4125
3762	4127
3763	3764
3764	3765
3764	3789
3764	3791
3764	4101
3764	4103
3764	4127
3764	4129
3765	3766
3766	3767
3766	3791
3766	3793
3766	4103
3766	4105
3766	4129
3766	4131
3767	3768
3768	3769
3768	3793
3768	3795
3768	4105
3768	4107
3768	4131
3768	4133
3769	3770
3770	3795
3770	4107
3770	4133
3771	3772
3772	3773
3772	3797
3772	3799
3772	4109
3772	4111
3772	4135
3772	4137
3773	3774
3774	3775
3774	3799
3774	3801
3774	4111
3774	4113
3774	4137
3774	4139
3775	3776
3776	3777
3776	3801
3776	3803
3776	4113
3776	4115
3776	4139
3776	4141
3777	3778
3778	3779
3778	3803
3778	3805
3778	4115
3778	4117
3778	4141
3778	4143
3779	3780
3780	3781
3780	3805
3780	3807
3780	4117
3780	4119
3780	4143
3780	4145
3781	3782
3782	3783
3782	3807
3782	3809
3782	4119
3782	4121
3782	4145
3782	4147
3783	3784
3784	3785
3784	3809
3784	3811
3784	4121
3784	4123
3784	4147
3784	4149
3785	3786
3786	3787
3786	3811
3786	3813
3786	4123
3786	4125
3786	4149
3786	4151
3787	3788
3788	3789
3788	3813
3788	3815
3788	4125
3788	4127
3788	4151
3788	4153
3789	3790
3790	3791
3790	3815
3790	3817
3790	4127
3790	4129
3790	4153
3790	4155
3791	3792
3792	3793
3792	3817
3792	3819
3792	4129
3792	4131
3792	4155
3792	4157
3793	3794
3794	3795
3794	3819
3794	3821
3794	4131
3794	4133
3794	4157
3794	4159
3795	3796
3796	3821
3796	4133
3796	4159
3797	3798
3798	3799
3798	3823
3798	3825
3798	4135
3798	4137
3798	4161
3798	4163
3799	3800
3800	3801
3800	3825
3800	3827
3800	4137
3800	4139
3800	4163
3800	4165
3801	3802
3802	3803
3802	3827
3802	3829
3802	4139
3802	4141
3802	4165
3802	4167
3803	3804
3804	3805
3804	3829
3804	3831
3804	4141
3804	4143
3804	4167
3804	4169
3805	3806
3806	3807
3806	3831
3806	3833
3806	4143
3806	4145
3806	4169
3806	4171
3807	3808
3808	3809
3808	3833
3808	3835
3808	4145
3808	4147
3808	4171
3808	4173
3809	3810
3810	3811
3810	3835
3810	3837
3810	4147
3810	4149
3810	4173
3810	4175
3811	3812
3812	3813
3812	3837
3812	3839
3812	4149
3812	4151
3812	4175
3812	4177
3813	3814
3814	3815
3814	3839
3814	3841
3814	4151
3814	4153
3814	4177
3814	4179
3815	3816
3816	3817
3816	3841
3816	3843
3816	4153
3816	4155
3816	4179
3816	4181
3817	3818
3818	3819
3818	3843
3818	3845
3818	4155
3818	4157
3818	4181
3818	4183
3819	3820
3820	3821
3820	3845
3820	3847
3820	4157
3820	4159
3820	4183
3820	4185
3821	3822
3822	3847
3822	4159
3822	4185
3823	3824
3824	3825
3824	3849
3824	3851
3824	4161
3824	4163
3824	4187
3824	4189
3825	3826
3826	3827
3826	3851
3826	3853
3826	4163
3826	4165
3826	4189
3826	4191
3827	3828
3828	3829
3828	3853
3828	3855
3828	4165
3828	4167
3828	4191
3828	4193
3829	3830
3830	3831
3830	3855
3830	3857
3830	4167
3830	4169
3830	4193
3830	4195
3831	3832
3832	3833
3832	3857
3832	3859
3832	4169
3832	4171
3832	4195
3832	4197
3833	3834
3834	3835
3834	3859
3834	3861
3834	4171
3834	4173
3834	4197
3834	4199
3835	3836
3836	3837
3836	3861
3836	3863
3836	4173
3836	4175
3836	4199
3836	4201
3837	3838
3838	3839
3838	3863
3838	3865
3838	4175
3838	4177
3838	4201
3838	4203
3839	3840
3840	3841
3840	3865
3840	3867
3840	4177
3840	4179
3840	4203
3840	4205
3841	3842
3842	3843
3842	3867
3842	3869
3842	4179
3842	4181
3842	4205
3842	4207
3843	3844
3844	3845
3844	3869
3844	3871
3844	4181
3844	4183
3844	4207
3844	4209
3845	3846
3846	3847
3846	3871
3846	3873
3846	4183
3846	4185
3846	4209
3846	4211
3847	3848
3848	3873
3848	4185
3848	4211
3849	3850
3850	3851
3850	3875
3850	3877
3850	4187
3850	4189
3850	4213
3850	4215
3851	3852
3852	3853
3852	3877
3852	3879
3852	4189
3852	4191
3852	4215
3852	4217
3853	3854
3854	3855
3854	3879
3854	3881
3854	4191
3854	4193
3854	4217
3854	4219
3855	3856
3856	3857
3856	3881
3856	3883
3856	4193
3856	4195
3856	4219
3856	4221
3857	3858
3858	3859
3858	3883
3858	3885
3858	4195
3858	4197
3858	4221
3858	4223
3859	3860
3860	3861
3860	3885
3860	3887
3860	4197
3860	4199
3860	4223
3860	4225
3861	3862
3862	3863
3862	3887
3862	3889
3862	4199
3862	4201
3862	4225
3862	4227
3863	3864
3864	3865
3864	3889
3864	3891
3864	4201
3864	4203
3864	4227
3864	4229
3865	3866
3866	3867
3866	3891
3866	3893
3866	4203
3866	4205
3866	4229
3866	4231
3867	3868
3868	3869
3868	3893
3868	3895
3868	4205
3868	4207
3868	4231
3868	4233
3869	3870
3870	3871
3870	3895
3870	3897
3870	4207
3870	4209
3870	4233
3870	4235
3871	3872
3872	3873
3872	3897
3872	3899
3872	4209
3872	4211
3872	4235
3872	4237
3873	3874
3874	3899
3874	4211
3874	4237
3875	3876
3876	3877
3876	3901
3876	3903
3876	4213
3876	4215
3876	4239
3876	4241
3877	3878
3878	3879
3878	3903
3878	3905
3878	4215
3878	4217
3878	4241
3878	4243
3879	3880
3880	3881
3880	3905
3880	3907
3880	4217
3880	4219
3880	4243
3880	4245
3881	3882
3882	3883
3882	3907
3882	3909
3882	4219
3882	4221
3882	4245
3882	4247
3883	3884
3884	3885
3884	3909
3884	3911
3884	4221
3884	4223
3884	4247
3884	4249
3885	3886
3886	3887
3886	3911
3886	3913
3886	4223
3886	4225
3886	4249
3886	4251
3887	3888
3888	3889
3888	3913
3888	3915
3888	4225
3888	4227
3888	4251
3888	4253
3889	3890
3890	3891
3890	3915
3890	3917
3890	4227
3890	4229
3890	4253
3890	4255
3891	3892
3892	3893
3892	3917
3892	3919
3892	4229
3892	4231
3892	4255
3892	4257
3893	3894
3894	3895
3894	3919
3894	3921
3894	4231
3894	4233
3894	4257
3894	4259
3895	3896
3896	3897
3896	3921
3896	3923
3896	4233
3896	4235
3896	4259
3896	4261
3897	3898
3898	3899
3898	3923
3898	3925
3898	4235
3898	4237
3898	4261
3898	4263
3899	3900
3900	3925
3900	4237
3900	4263
3901	3902
3902	3903
3902	3927
3902	3929
3902	4239
3902	4241
3902	4265
3902	4267
3903	3904
3904	3905
3904	3929
3904	3931
3904	4241
3904	4243
3904	4267
3904	4269
3905	3906
3906	3907
3906	3931
3906	3933
3906	4243
3906	4245
3906	4269
3906	4271
3907	3908
3908	3909
3908	3933
3908	3935
3908	4245
3908	4247
3908	4271
3908	4273
3909	3910
3910	3911
3910	3935
3910	3937
3910	4247
3910	4249
3910	4273
3910	4275
3911	3912
3912	3913
3912	3937
3912	3939
3912	4249
3912	4251
3912	4275
3912	4277
3913	3914
3914	3915
3914	3939
3914	3941
3914	4251
3914	4253
3914	4277
3914	4279
3915	3916
3916	3917
3916	3941
3916	3943
3916	4253
3916	4255
3916	4279
3916	4281
3917	3918
3918	3919
3918	3943
3918	3945
3918	4255
3918	4257
3918	4281
3918	4283
3919	3920
3920	3921
3920	3945
3920	3947
3920	4257
3920	4259
3920	4283
3920	4285
3921	3922
3922	3923
3922	3947
3922	3949
3922	4259
3922	4261
3922	4285
3922	4287
3923	3924
3924	3925
3924	3949
3924	3951
3924	4261
3924	4263
3924	4287
3924	4289
3925	3926
3926	3951
3926	4263
3926	4289
3927	3928
3928	3929
3928	3953
3928	3955
3928	4265
3928	4267
3928	4291
3928	4293
3929	3930
3930	3931
3930	3955
3930	3957
3930	4267
3930	4269
3930	4293
3930	4295
3931	3932
3932	3933
3932	3957
3932	3959
3932	4269
3932	4271
3932	4295
3932	4297
3933	3934
3934	3935
3934	3959
3934	3961
3934	4271
3934	4273
3934	4297
3934	4299
3935	3936
3936	3937
3936	3961
3936	3963
3936	4273
3936	4275
3936	4299
3936	4301
3937	3938
3938	3939
3938	3963
3938	3965
3938	4275
3938	4277
3938	4301
3938	4303
3939	3940
3940	3941
3940	3965
3940	3967
3940	4277
3940	4279
3940	4303
3940	4305
3941	3942
3942	3943
3942	3967
3942	3969
3942	4279
3942	4281
3942	4305
3942	4307
3943	3944
3944	3945
3944	3969
3944	3971
3944	4281
3944	4283
3944	4307
3944	4309
3945	3946
3946	3947
3946	3971
3946	3973
3946	4283
3946	4285
3946	4309
3946	4311
3947	3948
3948	3949
3948	3973
3948	3975
3948	4285
3948	4287
3948	4311
3948	4313
3949	3950
3950	3951
3950	3975
3950	3977
3950	4287
3950	4289
3950	4313
3950	4315
3951	3952
3952	3977
3952	4289
3952	4315
3953	3954
3954	3955
3954	3979
3954	3981
3954	4291
3954	4293
3954	4317
3954	4319
3955	3956
3956	3957
3956	3981
3956	3983
3956	4293
3956	4295
3956	4319
3956	4321
3957	3958
3958	3959
3958	3983
3958	3985
3958	4295
3958	4297
3958	4321
3958	4323
3959	3960
3960	3961
3960	3985
3960	3987
3960	4297
3960	4299
3960	4323
3960	4325
3961	3962
3962	3963
3962	3987
3962	3989
3962	4299
3962	4301
3962	4325
3962	4327
3963	3964
3964	3965
3964	3989
3964	3991
3964	4301
3964	4303
3964	4327
3964	4329
3965	3966
3966	3967
3966	3991
3966	3993
3966	4303
3966	4305
3966	4329
3966	4331
3967	3968
3968	3969
3968	3993
3968	3995
3968	4305
3968	4307
3968	4331
3968	4333
3969	3970
3970	3971
3970	3995
3970	3997
3970	4307
3970	4309
3970	4333
3970	4335
3971	3972
3972	3973
3972	3997
3972	3999
3972	4309
3972	4311
3972	4335
3972	4337
3973	3974
3974	3975
3974	3999
3974	4001
3974	4311
3974	4313
3974	4337
3974	4339
3975	3976
3976	3977
3976	4001
3976	4003
3976	4313
3976	4315
3976	4339
3976	4341
3977	3978
3978	4003
3978	4315
3978	4341
3979	3980
3980	3981
3980	4005
3980	4007
3980	4317
3980	4319
3980	4343
3980	4345
3981	3982
3982	3983
3982	4007
3982	4009
3982	4319
3982	4321
3982	4345
3982	4347
3983	3984
3984	3985
3984	4009
3984	4011
3984	4321
3984	4323
3984	4347
3984	4349
3985	3986
3986	3987
3986	4011
3986	4013
3986	4323
3986	4325
3986	4349
3986	4351
3987	3988
3988	3989
3988	4013
3988	4015
3988	4325
3988	4327
3988	4351
3988	4353
3989	3990
3990	3991
3990	4015
3990	4017
3990	4327
3990	4329
3990	4353
3990	4355
3991	3992
3992	3993
3992	4017
3992	4019
3992	4329
3992	4331
3992	4355
3992	4357
3993	3994
3994	3995
3994	4019
3994	4021
3994	4331
3994	4333
3994	4357
3994	4359
3995	3996
3996	3997
3996	4021
3996	4023
3996	4333
3996	4335
3996	4359
3996	4361
3997	3998
3998	3999
3998	4023
3998	4025
3998	4335
3998	4337
3998	4361
3998	4363
3999	4000
4000	4001
4000	4025
4000	4027
4000	4337
4000	4339
4000	4363
4000	4365
4001	4002
4002	4003
4002	4027
4002	4029
4002	4339
4002	4341
4002	4365
4002	4367
4003	4004
4004	4029
4004	4341
4004	4367
4005	4006
4006	4007
4006	4031
4006	4033
4006	4343
4006	4345
4006	4369
4006	4371
4007	4008
4008	4009
4008	4033
4008	4035
4008	4345
4008	4347
4008	4371
4008	4373
4009	4010
4010	4011
4010	4035
4010	4037
4010	4347
4010	4349
4010	4373
4010	4375
4011	4012
4012	4013
4012	4037
4012	4039
4012	4349
4012	4351
4012	4375
4012	4377
4013	4014
4014	4015
4014	4039
4014	4041
4014	4351
4014	4353
4014	4377
4014	4379
4015	4016
4016	4017
4016	4041
4016	4043
4016	4353
4016	4355
4016	4379
4016	4381
4017	4018
4018	4019
4018	4043
4018	4045
4018	4355
4018	4357
4018	4381
4018	4383
4019	4020
4020	4021
4020	4045
4020	4047
4020	4357
4020	4359
4020	4383
4020	4385
4021	4022
4022	4023
4022	4047
4022	4049
4022	4359
4022	4361
4022	4385
4022	4387
4023	4024
4024	4025
4024	4049
4024	4051
4024	4361
4024	4363
4024	4387
4024	4389
4025	4026
4026	4027
4026	4051
4026	4053
4026	4363
4026	4365
4026	4389
4026	4391
4027	4028
4028	4029
4028	4053
4028	4055
4028	4365
4028	4367
4028	4391
4028	4393
4029	4030
4030	4055
4030	4367
4030	4393
4031	4032
4032	4033
4032	4369
4032	4371
4033	4034
4034	4035
4034	4371
4034	4373
4035	4036
4036	4037
4036	4373
4036	4375
4037	4038
4038	4039
4038	4375
4038	4377
4039	4040
4040	4041
4040	4377
4040	4379
4041	4042
4042	4043
4042	4379
4042	4381
4043	4044
4044	4045
4044	4381
4044	4383
4045	4046
4046	4047
4046	4383
4046	4385
4047	4048
4048	4049
4048	4385
4048	4387
4049	4050
4050	4051
4050	4387
4050	4389
4051	4052
4052	4053
4052	4389
4052	4391
4053	4054
4054	4055
4054	4391
4054	4393
4055	4056
4056	4393
4057	4058
4058	4059
4058	4083
4058	4085
4059	4060
4060	4061
4060	4085
4060	4087
4061	4062
4062	4063
4062	4087
4062	4089
4063	4064
4064	4065
4064	4089
4064	4091
4065	4066
4066	4067
4066	4091
4066	4093
4067	4068
4068	4069
4068	4093
4068	4095
4069	4070
4070	4071
4070	4095
4070	4097
4071	4072
4072	4073
4072	4097
4072	4099
4073	4074
4074	4075
4074	4099
4074	4101
4075	4076
4076	4077
4076	4101
4076	4103
4077	4078
4078	4079
4078	4103
4078	4105
4079	4080
4080	4081
4080	4105
4080	4107
4081	4082
4082	4107
4083	4084
4084	4085
4084	4109
4084	4111
4085	4086
4086	4087
4086	4111
4086	4113
4087	4088
4088	4089
4088	4113
4088	4115
4089	4090
4090	4091
4090	4115
4090	4117
4091	4092
4092	4093
4092	4117
4092	4119
4093	4094
4094	4095
4094	4119
4094	4121
4095	4096
4096	4097
4096	4121
4096	4123
4097	4098
4098	4099
4098	4123
4098	4125
4099	4100
4100	4101
4100	4125
4100	4127
4101	4102
4102	4103
4102	4127
4102	4129
4103	4104
4104	4105
4104	4129
4104	4131
4105	4106
4106	4107
4106	4131
4106	4133
4107	4108
4108	4133
4109	4110
4110	4111
4110	4135
4110	4137
4111	4112
4112	4113
4112	4137
4112	4139
4113	4114
4114	4115
4114	4139
4114	4141
4115	4116
4116	4117
4116	4141
4116	4143
4117	4118
4118	4119
4118	4143
4118	4145
4119	4120
4120	4121
4120	4145
4120	4147
4121	4122
4122	4123
4122	4147
4122	4149
4123	4124
4124	4125
4124	4149
4124	4151
4125	4126
4126	4127
4126	4151
4126	4153
4127	4128
4128	4129
4128	4153
4128	4155
4129	4130
4130	4131
4130	4155
4130	4157
4131	4132
4132	4133
4132	4157
4132	4159
4133	4134
4134	4159
4135	4136
4136	4137
4136	4161
4136	4163
4137	4138
4138	4139
4138	4163
4138	4165
4139	4140
4140	4141
4140	4165
4140	4167
4141	4142
4142	4143
4142	4167
4142	4169
4143	4144
4144	4145
4144	4169
4144	4171
4145	4146
4146	4147
4146	4171
4146	4173
4147	4148
4148	4149
4148	4173
4148	4175
4149	4150
4150	4151
4150	4175
4150	4177
4151	4152
4152	4153
4152	4177
4152	4179
4153	4154
4154	4155
4154	4179
4154	4181
4155	4156
4156	4157
4156	4181
4156	4183
4157	4158
4158	4159
4158	4183
4158	4185
4159	4160
4160	4185
4161	4162
4162	4163
4162	4187
4162	4189
4163	4164
4164	4165
4164	4189
4164	4191
4165	4166
4166	4167
4166	4191
4166	4193
4167	4168
4168	4169
4168	4193
4168	4195
4169	4170
4170	4171
4170	4195
4170	4197
4171	4172
4172	4173
4172	4197
4172	4199
4173	4174
4174	4175
4174	4199
4174	4201
4175	4176
4176	4177
4176	4201
4176	4203
4177	4178
4178	4179
4178	4203
4178	4205
4179	4180
4180	4181
4180	4205
4180	4207
4181	4182
4182	4183
4182	4207
4182	4209
4183	4184
4184	4185
4184	4209
4184	4211
4185	4186
4186	4211
4187	4188
4188	4189
4188	4213
4188	4215
4189	4190
4190	4191
4190	4215
4190	4217
4191	4192
4192	4193
4192	4217
4192	4219
4193	4194
4194	4195
4194	4219
4194	4221
4195	4196
4196	4197
4196	4221
4196	4223
4197	4198
4198	4199
4198	4223
4198	4225
4199	4200
4200	4201
4200	4225
4200	4227
4201	4202
4202	4203
4202	4227
4202	4229
4203	4204
4204	4205
4204	4229
4204	4231
4205	4206
4206	4207
4206	4231
4206	4233
4207	4208
4208	4209
4208	4233
4208	4235
4209	4210
4210	4211
4210	4235
4210	4237
4211	4212
4212	4237
4213	4214
4214	4215
4214	4239
4214	4241
4215	4216
4216	4217
4216	4241
4216	4243
4217	4218
4218	4219
4218	4243
4218	4245
4219	4220
4220	4221
4220	4245
4220	4247
4221	4222
4222	4223
4222	4247
4222	4249
4223	4224
4224	4225
4224	4249
4224	4251
4225	4226
4226	4227
4226	4251
4226	4253
4227	4228
4228	4229
4228	4253
4228	4255
4229	4230
4230	4231
4230	4255
4230	4257
4231	4232
4232	4233
4232	4257
4232	4259
4233	4234
4234	4235
4234	4259
4234	4261
4235	4236
4236	4237
4236	4261
4236	4263
4237	4238
4238	4263
4239	4240
4240	4241
4240	4265
4240	4267
4241	4242
4242	4243
4242	4267
4242	4269
4243	4244
4244	4245
4244	4269
4244	4271
4245	4246
4246	4247
4246	4271
4246	4273
4247	4248
4248	4249
4248	4273
4248	4275
4249	4250
4250	4251
4250	4275
4250	4277
4251	4252
4252	4253
4252	4277
4252	4279
4253	4254
4254	4255
4254	4279
4254	4281
4255	4256
4256	4257
4256	4281
4256	4283
4257	4258
4258	4259
4258	4283
4258	4285
4259	4260
4260	4261
4260	4285
4260	4287
4261	4262
4262	4263
4262	4287
4262	4289
4263	4264
4264	4289
4265	4266
4266	4267
4266	4291
4266	4293
4267	4268
4268	4269
4268	4293
4268	4295
4269	4270
4270	4271
4270	4295
4270	4297
4271	4272
4272	4273
4272	4297
4272	4299
4273	4274
4274	4275
4274	4299
4274	4301
4275	4276
4276	4277
4276	4301
4276	4303
4277	4278
4278	4279
4278	4303
4278	4305
4279	4280
4280	4281
4280	4305
4280	4307
4281	4282
4282	4283
4282	4307
4282	4309
4283	4284
4284	4285
4284	4309
4284	4311
4285	4286
4286	4287
4286	4311
4286	4313
4287	4288
4288	4289
4288	4313
4288	4315
4289	4290
4290	4315
4291	4292
4292	4293
4292	4317
4292	4319
4293	4294
4294	4295
4294	4319
4294	4321
4295	4296
4296	4297
4296	4321
4296	4323
4297	4298
4298	4299
4298	4323
4298	4325
4299	4300
4300	4301
4300	4325
4300	4327
4301	4302
4302	4303
4302	4327
4302	4329
4303	4304
4304	4305
4304	4329
4304	4331
4305	4306
4306	4307
4306	4331
4306	4333
4307	4308
4308	4309
4308	4333
4308	4335
4309	4310
4310	4311
4310	4335
4310	4337
4311	4312
4312	4313
4312	4337
4312	4339
4313	4314
4314	4315
4314	4339
4314	4341
4315	4316
4316	4341
4317	4318
4318	4319
4318	4343
4318	4345
4319	4320
4320	4321
4320	4345
4320	4347
4321	4322
4322	4323
4322	4347
4322	4349
4323	4324
4324	4325
4324	4349
4324	4351
4325	4326
4326	4327
4326	4351
4326	4353
4327	4328
4328	4329
4328	4353
4328	4355
4329	4330
4330	4331
4330	4355
4330	4357
4331	4332
4332	4333
4332	4357
4332	4359
4333	4334
4334	4335
4334	4359
4334	4361
4335	4336
4336	4337
4336	4361
4336	4363
4337	4338
4338	4339
4338	4363
4338	4365
4339	4340
4340	4341
4340	4365
4340	4367
4341	4342
4342	4367
4343	4344
4344	4345
4344	4369
4344	4371
4345	4346
4346	4347
4346	4371
4346	4373
4347	4348
4348	4349
4348	4373
4348	4375
4349	4350
4350	4351
4350	4375
4350	4377
4351	4352
4352	4353
4352	4377
4352	4379
4353	4354
4354	4355
4354	4379
4354	4381
4355	4356
4356	4357
4356	4381
4356	4383
4357	4358
4358	4359
4358	4383
4358	4385
4359	4360
4360	4361
4360	4385
4360	4387
4361	4362
4362	4363
4362	4387
4362	4389
4363	4364
4364	4365
4364	4389
4364	4391
4365	4366
4366	4367
4366	4391
4366	4393
4367	4368
4368	4393
4369	4370
4370	4371
4371	4372
4372	4373
4373	4374
4374	4375
4375	4376
4376	4377
4377	4378
4378	4379
4379	4380
4380	4381
4381	4382
4382	4383
4383	4384
4384	4385
4385	4386
4386	4387
4387	4388
4388	4389
4389	4390
4390	4391
4391	4392
4392	4393
4393	4394
